customer_id,total_orders,total_spent,avg_order_value,late_deliveries_faced,stockouts_faced,last_order_date,first_order_date,cancelled_orders
CUST0903,22,10557.25,479.88,14,4,2026-05-31,2025-06-07,7
CUST1681,34,11219.78,329.99,25,7,2026-06-03,2025-06-04,5
CUST3284,33,17105.61,518.35,22,8,2026-05-21,2025-06-07,1
CUST2409,33,17992.35,545.22,20,7,2026-05-21,2025-06-06,4
CUST2542,28,24580.68,877.88,19,4,2026-04-16,2025-06-11,5
CUST1887,29,16275.57,561.23,11,7,2026-05-24,2025-07-04,2
CUST3575,35,15326.63,437.9,23,7,2026-06-01,2025-06-25,1
CUST1758,27,8807.71,326.21,13,6,2026-05-04,2025-06-08,5
CUST4266,25,12160.96,486.44,18,6,2026-06-03,2025-06-09,3
CUST0079,29,12843.75,442.89,18,9,2026-05-19,2025-06-06,3
CUST2428,28,15648.78,558.89,17,5,2026-05-13,2025-06-13,4
CUST2592,34,16340.98,480.62,19,6,2026-05-03,2025-06-15,3
CUST4432,38,20014.51,526.7,24,8,2026-05-29,2025-06-10,3
CUST3962,30,17964.33,598.81,20,9,2026-05-18,2025-06-04,3
CUST2778,26,12930.49,497.33,15,3,2026-06-01,2025-06-07,2
CUST1518,35,19955.1,570.15,19,7,2026-05-29,2025-07-05,5
CUST4594,25,11457.0,458.28,17,2,2026-06-01,2025-07-06,2
CUST1809,31,14989.03,483.52,20,6,2026-05-28,2025-06-03,6
CUST0672,26,10038.97,386.11,11,6,2026-05-25,2025-06-05,4
CUST4301,38,17589.89,462.89,26,9,2026-05-25,2025-06-11,4
CUST1227,32,18026.72,563.33,22,12,2026-05-03,2025-06-05,5
CUST4314,24,9574.0,398.92,17,6,2026-05-25,2025-06-21,1
CUST4476,31,18449.32,595.14,22,8,2026-05-25,2025-06-13,3
CUST1312,25,11852.19,474.09,18,4,2026-05-25,2025-07-05,1
CUST2685,35,15954.77,455.85,24,6,2026-06-02,2025-06-24,4
CUST1965,36,21906.35,608.51,23,8,2026-06-03,2025-06-16,2
CUST3201,22,11168.95,507.68,10,3,2026-05-17,2025-06-16,2
CUST2516,36,15601.72,433.38,23,6,2026-05-20,2025-06-19,4
CUST1427,22,7723.01,351.05,17,3,2026-05-17,2025-06-03,3
CUST4243,21,15098.14,718.96,11,7,2026-03-27,2025-06-06,4
CUST4149,34,18922.48,556.54,20,6,2026-05-27,2025-06-06,1
CUST4736,23,12313.99,535.39,13,6,2026-05-31,2025-06-17,3
CUST4205,35,18833.43,538.1,25,10,2026-05-31,2025-06-09,5
CUST4539,34,17733.72,521.58,17,9,2026-05-31,2025-06-10,8
CUST0262,23,7865.79,341.99,15,6,2026-05-24,2025-06-14,1
CUST0659,35,17393.89,496.97,21,7,2026-06-01,2025-06-11,3
CUST4430,26,11281.34,433.9,8,5,2026-04-20,2025-06-14,3
CUST1665,36,18856.86,523.8,26,5,2026-05-21,2025-06-25,4
CUST0068,31,18946.8,611.19,20,10,2026-05-11,2025-06-12,3
CUST3439,38,19616.38,516.22,24,8,2026-06-03,2025-06-26,4
CUST0927,34,19067.42,560.81,22,7,2026-05-26,2025-06-08,2
CUST4596,27,14340.33,531.12,20,5,2026-05-17,2025-06-21,4
CUST4209,27,10935.21,405.01,16,5,2026-05-30,2025-06-05,2
CUST0761,30,20258.55,675.29,16,5,2026-05-28,2025-06-09,5
CUST2450,35,17998.97,514.26,18,7,2026-05-15,2025-06-20,1
CUST2795,23,11912.78,517.95,13,9,2026-05-10,2025-06-13,4
CUST3586,31,20157.79,650.25,17,4,2026-05-30,2025-07-04,5
CUST3549,33,15841.9,480.06,21,6,2026-05-11,2025-06-04,3
CUST3794,27,10679.33,395.53,15,9,2026-05-24,2025-07-17,1
CUST1852,37,24649.49,666.2,27,7,2026-05-20,2025-06-19,3
CUST1400,13,10004.97,769.61,6,3,2026-04-18,2025-06-03,1
CUST2206,22,13437.51,610.8,11,5,2026-05-19,2025-06-11,0
CUST2914,20,13142.94,657.15,15,4,2026-05-04,2025-06-21,2
CUST1125,26,21070.99,810.42,18,9,2026-06-02,2025-06-11,2
CUST0864,41,22565.92,550.39,24,9,2026-06-02,2025-06-04,2
CUST4189,32,17789.03,555.91,20,4,2026-05-30,2025-07-11,3
CUST3767,33,13358.34,404.8,25,12,2026-05-29,2025-06-18,4
CUST1846,22,8778.66,399.03,12,5,2026-06-01,2025-06-07,3
CUST0328,39,24399.17,625.62,23,9,2026-05-19,2025-06-09,4
CUST1619,26,11240.65,432.33,18,6,2026-05-30,2025-06-16,2
CUST4281,31,12817.41,413.46,24,7,2026-05-25,2025-06-22,5
CUST2068,44,21321.89,484.59,24,7,2026-06-01,2025-06-04,2
CUST4743,28,14127.92,504.57,18,4,2026-05-05,2025-06-22,3
CUST2396,38,22346.79,588.07,18,10,2026-06-01,2025-06-05,2
CUST2440,21,9934.47,473.07,18,1,2026-04-12,2025-06-23,1
CUST3503,27,14812.2,548.6,16,9,2026-05-31,2025-06-16,5
CUST4046,38,14229.16,374.45,21,11,2026-06-03,2025-06-22,2
CUST3096,32,14746.95,460.84,21,6,2026-06-01,2025-06-05,1
CUST3206,38,20266.47,533.33,20,11,2026-05-31,2025-06-07,3
CUST0462,26,11101.25,426.97,16,4,2026-06-03,2025-06-16,4
CUST1338,29,14335.29,494.32,18,6,2026-05-29,2025-06-03,2
CUST4692,37,24264.39,655.79,20,6,2026-06-02,2025-06-26,3
CUST3639,25,9903.33,396.13,15,5,2026-05-13,2025-06-07,1
CUST0449,32,16975.13,530.47,19,9,2026-05-15,2025-06-07,5
CUST0510,37,18384.15,496.87,17,8,2026-06-02,2025-06-18,3
CUST2590,21,9762.98,464.9,11,4,2026-05-31,2025-06-23,1
CUST2193,28,11433.0,408.32,25,5,2026-05-14,2025-06-07,1
CUST2957,25,13440.15,537.61,16,4,2026-06-01,2025-06-03,1
CUST1307,38,22207.81,584.42,18,6,2026-06-03,2025-06-05,5
CUST4632,38,22835.28,600.93,22,7,2026-05-31,2025-06-27,2
CUST3394,35,20837.89,595.37,22,8,2026-06-01,2025-06-03,2
CUST2671,27,18191.57,673.76,18,7,2026-06-02,2025-06-09,8
CUST4622,39,18484.04,473.95,26,8,2026-06-02,2025-06-06,5
CUST0544,36,19136.3,531.56,17,6,2026-06-01,2025-06-08,5
CUST2384,21,9285.62,442.17,10,6,2026-06-02,2025-07-10,2
CUST4128,28,12740.6,455.02,18,6,2026-05-21,2025-06-10,2
CUST0312,30,16636.26,554.54,21,6,2026-05-08,2025-06-17,4
CUST2142,33,18248.75,552.99,24,6,2026-06-02,2025-06-16,2
CUST0628,43,19876.56,462.25,28,16,2026-05-22,2025-06-18,6
CUST2321,28,17289.71,617.49,20,8,2026-03-25,2025-06-07,0
CUST2072,38,18862.19,496.37,24,6,2026-06-03,2025-06-09,5
CUST3079,25,12834.81,513.39,12,5,2026-04-15,2025-06-04,3
CUST1910,28,12881.91,460.07,19,9,2026-05-29,2025-06-07,1
CUST2352,40,27943.98,698.6,26,7,2026-06-03,2025-06-05,3
CUST1328,24,12412.89,517.2,14,7,2026-06-02,2025-06-26,2
CUST0704,30,12978.02,432.6,21,6,2026-04-28,2025-06-13,3
CUST2938,44,26775.68,608.54,26,7,2026-06-02,2025-06-16,2
CUST4375,36,17453.23,484.81,25,8,2026-06-02,2025-07-07,3
CUST2978,31,13143.81,423.99,19,5,2026-05-30,2025-06-03,2
CUST0232,35,19674.3,562.12,20,6,2026-05-26,2025-06-08,2
CUST2599,23,12182.99,529.7,13,3,2026-05-11,2025-06-05,2
CUST4290,33,15990.86,484.57,25,9,2026-06-03,2025-06-18,6
CUST1563,25,13518.19,540.73,21,6,2026-05-09,2025-06-20,1
CUST3091,25,11793.67,471.75,18,3,2026-06-03,2025-06-30,3
CUST0071,33,17654.92,535.0,18,7,2026-05-30,2025-06-04,0
CUST1120,31,19615.42,632.76,17,5,2026-05-28,2025-06-11,3
CUST4138,30,20612.97,687.1,16,3,2026-05-08,2025-06-13,3
CUST3564,31,15144.06,488.52,18,2,2026-05-24,2025-06-06,1
CUST0121,31,16394.14,528.84,19,7,2026-05-29,2025-06-17,1
CUST0875,40,23874.54,596.86,21,6,2026-05-30,2025-06-10,7
CUST4440,26,18071.27,695.05,14,4,2026-05-23,2025-06-05,1
CUST1123,27,14501.7,537.1,16,6,2026-05-21,2025-06-23,7
CUST4347,30,14712.57,490.42,21,6,2026-05-25,2025-06-21,6
CUST0392,32,17272.29,539.76,23,8,2026-05-18,2025-06-12,5
CUST1617,36,13065.52,362.93,24,8,2026-05-26,2025-06-06,5
CUST4057,33,11466.49,347.47,19,9,2026-05-24,2025-06-05,4
CUST1003,20,9496.22,474.81,11,6,2026-05-08,2025-06-06,4
CUST2854,38,19072.34,501.9,21,11,2026-06-03,2025-06-04,3
CUST1777,29,12321.24,424.87,16,3,2026-06-02,2025-06-14,2
CUST3251,30,19124.6,637.49,18,11,2026-06-03,2025-06-27,1
CUST1269,33,16841.28,510.34,19,5,2026-05-27,2025-07-05,3
CUST1676,41,20645.18,503.54,26,9,2026-05-29,2025-06-12,4
CUST3159,31,16565.33,534.37,18,7,2026-05-28,2025-06-06,3
CUST4979,31,18175.02,586.29,19,8,2026-04-20,2025-06-12,3
CUST2483,27,11726.97,434.33,17,5,2026-05-24,2025-06-25,4
CUST3445,32,18054.93,564.22,18,3,2026-05-15,2025-06-04,2
CUST4890,20,8133.52,406.68,15,4,2026-06-01,2025-06-19,4
CUST4601,19,6474.33,340.75,14,5,2026-04-23,2025-06-04,3
CUST1903,31,18381.46,592.95,14,10,2026-05-27,2025-06-05,3
CUST4316,26,20202.76,777.03,17,4,2026-05-18,2025-06-05,3
CUST3521,21,8562.58,407.74,14,5,2026-06-02,2025-07-12,1
CUST4640,29,21850.89,753.48,15,10,2026-05-03,2025-06-25,4
CUST2434,25,14394.76,575.79,11,3,2026-05-24,2025-06-08,2
CUST2716,39,20458.93,524.59,20,11,2026-06-02,2025-07-02,5
CUST1928,19,11620.88,611.63,9,2,2026-04-29,2025-06-26,1
CUST4912,27,17250.99,638.93,14,3,2026-05-31,2025-06-06,5
CUST2098,23,9425.93,409.82,18,4,2026-05-28,2025-06-08,3
CUST0804,33,14512.01,439.76,21,2,2026-05-14,2025-06-06,1
CUST0015,27,8895.14,329.45,15,6,2026-06-01,2025-06-30,2
CUST1538,28,11519.55,411.41,18,7,2026-05-29,2025-06-03,1
CUST1289,25,17973.84,718.95,13,6,2026-05-11,2025-06-11,4
CUST1603,28,16285.62,581.63,15,6,2026-05-27,2025-06-04,3
CUST2288,27,15468.85,572.92,13,9,2026-05-29,2025-06-11,3
CUST2638,30,13527.61,450.92,21,7,2026-06-03,2025-06-10,2
CUST1689,27,11174.14,413.86,17,4,2026-06-03,2025-06-13,2
CUST0836,30,18305.61,610.19,22,13,2026-06-02,2025-06-09,2
CUST1249,23,15038.7,653.86,16,7,2026-05-24,2025-06-04,3
CUST0097,30,16487.27,549.58,20,6,2026-06-02,2025-06-17,1
CUST4073,40,20080.74,502.02,22,5,2026-05-29,2025-06-07,3
CUST0369,32,10097.73,315.55,18,6,2026-05-30,2025-06-06,5
CUST0130,32,14963.79,467.62,22,8,2026-05-27,2025-06-03,6
CUST3352,21,11567.4,550.83,13,4,2026-05-20,2025-06-25,2
CUST2959,34,14791.37,435.04,21,5,2026-05-28,2025-06-05,4
CUST3830,26,11852.97,455.88,18,1,2026-05-02,2025-06-04,4
CUST4489,30,19575.69,652.52,17,5,2026-05-07,2025-06-09,1
CUST4248,29,13607.44,469.22,20,6,2026-05-29,2025-06-10,3
CUST2796,36,18103.92,502.89,17,6,2026-05-15,2025-06-16,6
CUST2412,23,9763.62,424.51,10,2,2026-05-07,2025-06-07,2
CUST4321,32,14613.19,456.66,17,8,2026-06-02,2025-06-05,5
CUST1372,27,11540.28,427.42,13,2,2026-06-03,2025-06-08,6
CUST2314,30,13818.19,460.61,24,4,2026-05-18,2025-06-05,6
CUST0437,40,14781.81,369.55,26,7,2026-05-28,2025-06-04,3
CUST0388,25,14809.86,592.39,14,5,2026-04-29,2025-06-21,2
CUST1057,34,23302.96,685.38,21,8,2026-05-26,2025-06-22,2
CUST2880,30,18397.39,613.25,17,10,2026-05-25,2025-06-11,1
CUST2151,34,16265.51,478.4,27,4,2026-05-27,2025-06-22,3
CUST1620,18,5709.74,317.21,14,4,2026-05-25,2025-06-08,2
CUST2215,24,14619.21,609.13,13,4,2026-05-22,2025-06-08,4
CUST3232,29,16311.17,562.45,21,2,2026-06-03,2025-06-06,1
CUST4396,25,15642.88,625.72,10,4,2026-05-27,2025-07-05,5
CUST1197,27,13043.67,483.1,19,4,2026-06-02,2025-06-07,7
CUST0718,36,19843.84,551.22,19,3,2026-06-01,2025-06-22,5
CUST2448,37,21878.44,591.31,25,8,2026-05-30,2025-06-25,4
CUST1436,23,8945.65,388.94,15,4,2026-05-22,2025-06-12,1
CUST2199,26,16513.53,635.14,15,7,2026-05-13,2025-06-22,1
CUST0712,28,12271.62,438.27,16,7,2026-05-17,2025-06-11,2
CUST0391,29,14270.67,492.09,19,6,2026-05-30,2025-06-16,1
CUST0669,35,19301.51,551.47,26,8,2026-05-23,2025-06-06,4
CUST3388,24,12657.52,527.4,15,10,2026-05-27,2025-06-17,3
CUST0174,33,15549.67,471.2,26,8,2026-05-28,2025-06-03,6
CUST1347,35,17542.41,501.21,28,5,2026-05-21,2025-06-07,2
CUST4933,30,19187.71,639.59,17,8,2026-06-01,2025-06-05,7
CUST4950,23,11983.26,521.01,16,5,2026-05-28,2025-06-25,3
CUST1254,25,10149.8,405.99,18,8,2026-05-25,2025-06-19,2
CUST2845,28,14693.86,524.78,20,4,2026-05-26,2025-06-07,1
CUST2292,30,13640.5,454.68,19,6,2026-04-23,2025-06-16,2
CUST2779,31,18031.73,581.67,21,8,2026-05-07,2025-06-03,3
CUST4220,28,21541.43,769.34,16,6,2026-05-05,2025-06-11,5
CUST1230,31,16979.79,547.74,16,6,2026-05-21,2025-06-20,4
CUST2915,36,22583.63,627.32,20,3,2026-05-23,2025-06-03,3
CUST0149,32,22635.05,707.35,14,4,2026-06-01,2025-06-13,3
CUST3101,31,17404.23,561.43,18,6,2026-05-27,2025-07-20,2
CUST4893,37,24109.75,651.61,22,7,2026-05-29,2025-06-07,6
CUST3728,35,19712.21,563.21,24,3,2026-05-28,2025-06-18,6
CUST3596,27,17723.86,656.44,15,6,2026-05-05,2025-06-03,0
CUST1424,22,8971.66,407.8,11,4,2026-04-28,2025-06-11,1
CUST0609,29,14123.11,487.0,16,5,2026-06-02,2025-06-09,2
CUST3166,26,11282.56,433.94,10,5,2026-05-29,2025-06-13,4
CUST1460,32,15450.65,482.83,16,6,2026-05-23,2025-06-21,5
CUST1723,32,13174.93,411.72,17,7,2026-05-14,2025-06-10,7
CUST2359,29,15993.34,551.49,19,2,2026-06-03,2025-06-16,3
CUST4379,27,14222.16,526.75,18,5,2026-06-02,2025-06-20,5
CUST0004,23,16123.52,701.02,15,2,2026-05-25,2025-06-05,1
CUST1707,29,15375.34,530.18,20,7,2026-05-14,2025-06-09,2
CUST0992,36,17894.97,497.08,25,7,2026-05-27,2025-06-05,5
CUST4783,33,18569.08,562.7,22,4,2026-05-26,2025-06-13,4
CUST0050,31,13814.58,445.63,16,6,2026-05-24,2025-06-12,3
CUST0157,21,10989.22,523.3,15,3,2026-04-22,2025-06-03,5
CUST3750,40,20588.77,514.72,24,4,2026-05-28,2025-06-09,5
CUST1782,23,11503.5,500.15,15,6,2026-06-03,2025-06-06,2
CUST2508,36,22622.12,628.39,22,10,2026-05-15,2025-06-28,4
CUST1997,34,18412.19,541.54,21,9,2026-05-29,2025-06-03,3
CUST3601,26,10374.55,399.02,16,4,2026-05-29,2025-06-15,1
CUST0940,29,17578.09,606.14,21,6,2026-05-19,2025-06-04,5
CUST2813,31,21294.56,686.92,20,5,2026-05-26,2025-06-18,5
CUST4650,26,12791.29,491.97,15,5,2026-05-30,2025-06-06,3
CUST2644,27,12617.53,467.32,23,8,2026-05-23,2025-06-19,3
CUST4020,35,21628.98,617.97,25,5,2026-06-03,2025-06-05,5
CUST3040,24,12382.17,515.92,14,6,2026-05-31,2025-07-28,2
CUST1861,25,12854.55,514.18,15,3,2026-05-11,2025-07-13,2
CUST1639,32,18319.39,572.48,19,5,2026-04-28,2025-06-25,4
CUST3172,34,13774.51,405.13,20,12,2026-05-26,2025-06-04,1
CUST3300,28,17682.88,631.53,16,6,2026-05-14,2025-06-03,2
CUST2682,30,23635.05,787.83,15,7,2026-05-30,2025-06-12,3
CUST4195,23,10404.54,452.37,13,7,2026-04-11,2025-06-05,1
CUST4887,32,13987.05,437.1,26,12,2026-05-22,2025-06-04,6
CUST1214,26,13726.82,527.95,13,6,2026-05-23,2025-06-20,2
CUST1706,23,10706.73,465.51,16,8,2026-05-22,2025-06-13,3
CUST1037,28,14466.54,516.66,21,5,2026-06-02,2025-06-25,5
CUST0936,29,18093.64,623.92,19,7,2026-06-02,2025-06-03,2
CUST0200,27,15292.2,566.38,19,9,2026-05-30,2025-06-23,2
CUST1410,34,17205.2,506.04,24,4,2026-04-23,2025-06-15,1
CUST4471,34,20649.33,607.33,27,9,2026-05-17,2025-06-03,3
CUST3791,31,18643.66,601.41,22,5,2026-05-27,2025-06-10,6
CUST2001,32,12290.75,384.09,18,7,2026-05-28,2025-06-11,1
CUST0454,35,22210.7,634.59,24,6,2026-05-27,2025-06-04,4
CUST4310,30,21154.78,705.16,18,8,2026-06-03,2025-06-04,1
CUST4550,29,23911.39,824.53,19,6,2026-05-14,2025-06-16,3
CUST1919,29,12908.36,445.12,20,4,2026-05-14,2025-06-10,3
CUST0192,24,10496.23,437.34,16,4,2026-06-03,2025-06-22,1
CUST3659,27,11551.42,427.83,16,6,2026-05-13,2025-06-30,0
CUST0721,28,12081.31,431.48,18,6,2026-05-21,2025-06-08,5
CUST4258,34,19581.52,575.93,18,8,2026-05-10,2025-06-14,2
CUST3061,29,17255.54,595.02,22,6,2026-04-19,2025-06-20,5
CUST2223,27,12673.56,469.39,16,3,2026-05-31,2025-06-08,3
CUST1045,31,16845.07,543.39,23,6,2026-05-12,2025-06-04,4
CUST2467,27,15456.13,572.45,13,4,2026-05-27,2025-07-09,2
CUST2169,39,22041.53,565.17,23,7,2026-06-02,2025-06-18,6
CUST2588,37,20290.63,548.4,25,9,2026-05-19,2025-06-05,5
CUST3235,33,19284.12,584.37,22,8,2026-05-24,2025-06-15,5
CUST0451,32,14222.2,444.44,21,8,2026-05-30,2025-07-07,4
CUST1980,27,11137.66,412.51,15,7,2026-04-26,2025-06-26,3
CUST0434,28,13733.56,490.48,16,7,2026-05-20,2025-06-14,4
CUST0177,26,16964.42,652.48,19,6,2026-05-21,2025-06-03,2
CUST0190,30,11899.44,396.65,17,4,2026-05-14,2025-06-09,3
CUST3286,32,18201.93,568.81,20,5,2026-05-27,2025-06-13,2
CUST1174,29,11829.41,407.91,15,4,2026-05-31,2025-06-09,2
CUST1577,23,11126.56,483.76,13,4,2026-05-29,2025-06-11,0
CUST2255,27,15613.91,578.29,14,4,2026-05-24,2025-06-10,3
CUST0481,28,15951.15,569.68,17,7,2026-05-26,2025-06-05,2
CUST0313,29,15417.86,531.65,20,7,2026-05-19,2025-06-11,1
CUST0275,30,15910.58,530.35,19,5,2026-05-30,2025-06-09,1
CUST2196,27,16384.88,606.85,21,4,2026-05-02,2025-06-09,1
CUST2135,30,16926.97,564.23,15,5,2026-05-15,2025-06-11,3
CUST2949,27,17529.64,649.25,22,2,2026-03-22,2025-06-11,2
CUST4232,25,13610.24,544.41,15,2,2026-06-01,2025-06-04,4
CUST4636,29,12683.67,437.37,16,7,2026-06-01,2025-06-09,4
CUST1281,26,12679.44,487.67,18,6,2026-05-27,2025-06-15,2
CUST4593,24,10788.46,449.52,13,4,2026-04-06,2025-06-08,3
CUST0403,32,15827.37,494.61,23,8,2026-05-27,2025-06-08,2
CUST3347,26,10947.39,421.05,13,2,2026-05-23,2025-06-04,5
CUST2755,33,16588.54,502.68,21,9,2026-05-08,2025-06-19,6
CUST4824,28,11753.61,419.77,20,4,2026-06-01,2025-06-25,6
CUST3268,29,19311.08,665.9,18,6,2026-05-24,2025-06-22,0
CUST3847,25,18323.47,732.94,20,5,2026-05-24,2025-06-04,1
CUST2912,26,13922.78,535.49,18,5,2026-05-25,2025-06-16,5
CUST1517,26,10802.89,415.5,15,7,2026-05-22,2025-08-14,4
CUST4958,17,8946.76,526.28,6,1,2026-05-25,2025-06-04,2
CUST2693,32,12105.87,378.31,22,4,2026-06-02,2025-06-20,2
CUST4811,34,18178.04,534.65,19,6,2026-05-28,2025-06-15,2
CUST0652,36,17969.13,499.14,18,5,2026-05-29,2025-06-04,5
CUST2965,27,9410.28,348.53,19,10,2026-05-27,2025-06-25,3
CUST1592,25,12913.45,516.54,13,8,2026-06-02,2025-06-28,3
CUST3582,31,18788.01,606.06,25,6,2026-05-20,2025-06-03,6
CUST3949,31,12762.53,411.69,23,9,2026-05-23,2025-06-13,3
CUST0638,23,9302.96,404.48,16,5,2026-05-30,2025-06-16,2
CUST3892,35,14939.61,426.85,20,10,2026-05-16,2025-06-10,2
CUST2349,26,14347.46,551.83,15,6,2026-06-01,2025-07-15,1
CUST0666,30,15921.92,530.73,22,7,2026-05-24,2025-06-11,4
CUST4634,21,10885.64,518.36,14,3,2026-05-17,2025-06-09,3
CUST2048,19,8306.68,437.19,10,4,2026-05-04,2025-06-06,2
CUST4155,31,18396.05,593.42,19,10,2026-06-02,2025-06-16,5
CUST2277,27,13412.49,496.76,17,7,2026-05-16,2025-07-07,2
CUST0239,33,13045.14,395.31,24,4,2026-06-03,2025-07-06,4
CUST1215,21,9369.59,446.17,12,7,2026-05-25,2025-06-04,1
CUST0967,28,20208.63,721.74,17,8,2026-05-21,2025-06-07,5
CUST2524,22,9666.63,439.39,15,6,2026-05-31,2025-06-03,1
CUST3382,31,13856.95,447.0,14,7,2026-05-31,2025-06-12,1
CUST3811,23,9430.3,410.01,15,6,2026-06-01,2025-07-07,1
CUST0249,25,10195.64,407.83,14,8,2026-05-07,2025-06-14,2
CUST1959,18,8590.84,477.27,16,2,2026-05-10,2025-06-04,2
CUST0443,30,11016.7,367.22,17,5,2026-05-19,2025-06-12,1
CUST4541,19,7705.91,405.57,12,2,2026-06-03,2025-06-04,1
CUST2791,31,15343.49,494.95,22,7,2026-05-10,2025-06-07,4
CUST2487,23,12857.54,559.02,12,5,2026-04-25,2025-06-20,1
CUST4717,34,13836.83,406.97,20,4,2026-06-02,2025-06-06,4
CUST0212,33,19314.64,585.29,18,8,2026-06-03,2025-06-19,2
CUST4402,30,15832.54,527.75,18,5,2026-05-21,2025-06-04,6
CUST2932,28,20171.7,720.42,19,4,2026-05-27,2025-06-16,1
CUST2877,29,15150.85,522.44,20,7,2026-05-14,2025-06-14,3
CUST0354,33,18862.54,571.59,22,7,2026-06-02,2025-06-03,5
CUST0787,26,15105.37,580.98,17,6,2026-05-27,2025-06-06,2
CUST0773,31,17873.45,576.56,17,8,2026-05-30,2025-06-04,3
CUST4874,45,20072.6,446.06,30,12,2026-05-17,2025-06-06,5
CUST4085,32,13037.9,407.43,18,7,2026-05-30,2025-06-10,5
CUST0682,34,17146.44,504.31,21,10,2026-05-15,2025-06-09,4
CUST4032,36,17296.63,480.46,22,5,2026-05-23,2025-06-04,4
CUST4447,27,13817.69,511.77,12,7,2026-04-21,2025-06-04,2
CUST3212,26,15798.79,607.65,16,5,2026-05-29,2025-06-16,2
CUST3346,31,16597.57,535.41,18,7,2026-05-27,2025-06-11,3
CUST3236,31,12020.34,387.75,17,7,2026-06-01,2025-06-26,2
CUST3661,23,8935.33,388.49,14,3,2026-05-23,2025-06-03,2
CUST4718,34,20890.13,614.42,22,9,2026-05-29,2025-06-03,3
CUST0060,35,17453.44,498.67,20,13,2026-06-02,2025-06-25,6
CUST1773,35,17139.01,489.69,20,4,2026-05-27,2025-06-24,4
CUST2625,27,14436.95,534.7,18,8,2026-04-17,2025-07-08,3
CUST4148,27,12960.94,480.03,13,5,2026-05-31,2025-06-27,3
CUST2643,31,14114.13,455.29,18,9,2026-05-31,2025-06-05,2
CUST0460,29,15551.8,536.27,20,4,2026-05-24,2025-07-07,5
CUST2284,30,17152.41,571.75,15,3,2026-06-01,2025-07-12,4
CUST2610,35,16606.16,474.46,19,2,2026-05-28,2025-06-07,3
CUST3039,33,17883.64,541.93,21,9,2026-05-28,2025-06-15,3
CUST2909,25,10170.45,406.82,17,5,2026-06-03,2025-06-13,4
CUST3261,29,13918.95,479.96,22,8,2026-04-24,2025-06-10,4
CUST3103,32,14184.62,443.27,18,5,2026-05-25,2025-06-09,2
CUST1377,30,13370.99,445.7,19,8,2026-05-18,2025-06-10,6
CUST4732,29,14794.73,510.16,13,9,2026-05-30,2025-06-07,4
CUST3401,28,17791.19,635.4,15,3,2026-06-03,2025-06-08,2
CUST0713,15,5152.74,343.52,8,1,2026-04-27,2025-06-05,2
CUST3033,34,14827.08,436.09,18,6,2026-05-24,2025-06-05,3
CUST4161,17,9356.37,550.37,10,5,2026-04-13,2025-07-19,3
CUST1711,33,14228.62,431.17,20,8,2026-05-11,2025-06-03,4
CUST3928,28,12639.89,451.42,19,5,2026-06-03,2025-07-15,2
CUST1893,27,15249.83,564.81,18,2,2026-05-03,2025-06-08,4
CUST4264,16,6211.32,388.21,9,4,2026-05-04,2025-06-05,6
CUST2852,29,8949.71,308.61,19,8,2026-05-30,2025-06-23,1
CUST1083,29,13841.53,477.29,21,6,2026-05-28,2025-06-16,2
CUST0691,32,11708.98,365.91,21,9,2026-05-25,2025-06-07,3
CUST2574,39,21745.12,557.57,20,4,2026-05-18,2025-06-14,2
CUST2175,37,19775.9,534.48,21,8,2026-06-01,2025-06-20,6
CUST3013,31,18802.49,606.53,20,11,2026-05-17,2025-06-13,2
CUST3005,30,14963.18,498.77,20,7,2026-06-01,2025-06-22,5
CUST2768,23,9462.23,411.4,17,7,2026-05-26,2025-06-11,2
CUST3722,40,30121.47,753.04,20,9,2026-05-30,2025-06-07,3
CUST4905,27,15652.68,579.73,19,8,2026-05-17,2025-06-12,4
CUST3854,32,17525.09,547.66,22,5,2026-05-05,2025-06-30,2
CUST1867,34,16080.44,472.95,23,4,2026-05-30,2025-06-11,2
CUST4653,23,12890.59,560.46,11,4,2026-06-02,2025-06-03,4
CUST0488,29,17180.8,592.44,20,5,2026-05-27,2025-06-10,6
CUST0732,21,10313.63,491.13,14,7,2026-03-14,2025-06-03,4
CUST1522,32,15539.83,485.62,17,9,2026-05-01,2025-06-13,5
CUST4945,32,17877.39,558.67,23,11,2026-05-17,2025-06-03,1
CUST1411,23,17752.31,771.84,16,6,2026-05-21,2025-07-06,1
CUST4782,38,17775.9,467.79,23,6,2026-05-30,2025-06-05,4
CUST0685,22,9941.87,451.9,18,2,2026-06-01,2025-06-05,2
CUST1537,26,14456.82,556.03,20,5,2026-05-20,2025-07-06,3
CUST2946,28,16705.53,596.63,20,9,2026-06-02,2025-06-10,2
CUST2899,31,14723.2,474.94,21,7,2026-05-22,2025-06-16,2
CUST3657,28,15116.44,539.87,18,5,2026-05-29,2025-06-23,2
CUST0825,30,11535.17,384.51,18,7,2026-06-01,2025-06-16,1
CUST2452,35,17672.81,504.94,27,5,2026-05-18,2025-06-14,4
CUST0898,26,14877.29,572.2,16,3,2026-05-12,2025-06-04,0
CUST1491,24,17603.61,733.48,17,3,2026-05-25,2025-06-06,0
CUST4493,41,19056.12,464.78,24,7,2026-05-29,2025-06-26,5
CUST0536,28,15154.5,541.23,19,7,2026-05-16,2025-07-19,3
CUST0187,32,21458.28,670.57,22,8,2026-05-14,2025-06-10,2
CUST0736,28,13935.36,497.69,18,9,2026-05-30,2025-06-03,1
CUST0056,37,16274.7,439.86,23,8,2026-05-29,2025-06-04,4
CUST1942,26,7620.16,293.08,18,4,2026-05-28,2025-06-06,3
CUST4548,26,13417.05,516.04,20,6,2026-06-03,2025-06-27,3
CUST2732,31,16251.68,524.25,21,6,2026-05-31,2025-06-04,2
CUST1714,25,12182.39,487.3,17,9,2026-05-10,2025-06-29,1
CUST1136,29,20064.73,691.89,16,7,2026-04-28,2025-06-07,2
CUST3118,29,14194.37,489.46,17,10,2026-05-27,2025-06-03,3
CUST4483,26,13357.7,513.76,14,5,2026-04-29,2025-06-13,2
CUST3608,23,14604.22,634.97,14,9,2026-05-05,2025-06-17,1
CUST4759,32,15675.3,489.85,21,3,2026-05-29,2025-07-14,1
CUST2531,17,9293.5,546.68,11,3,2026-05-07,2025-06-04,0
CUST4744,37,18000.95,486.51,25,8,2026-04-22,2025-06-04,7
CUST2243,30,12618.46,420.62,20,4,2026-06-01,2025-06-03,3
CUST0520,31,19393.87,625.61,21,7,2026-05-28,2025-06-14,3
CUST1390,28,11903.54,425.13,18,5,2026-06-02,2025-06-13,0
CUST4326,22,9877.67,448.99,13,3,2026-05-23,2025-06-03,2
CUST0913,31,12675.6,408.89,22,6,2026-05-21,2025-07-01,1
CUST0622,33,18371.15,556.7,19,10,2026-06-02,2025-06-19,3
CUST0422,25,16101.12,644.04,18,2,2026-05-17,2025-06-09,2
CUST1498,36,22308.66,619.69,24,4,2026-05-01,2025-06-08,1
CUST1029,31,18858.22,608.33,14,8,2026-06-01,2025-06-16,1
CUST3151,24,15150.41,631.27,16,4,2026-06-02,2025-06-13,2
CUST1375,28,12862.31,459.37,16,6,2026-05-11,2025-06-23,2
CUST4467,26,12920.91,496.96,16,3,2026-05-02,2025-06-10,5
CUST3314,28,13283.4,474.41,17,4,2026-05-17,2025-06-06,4
CUST4448,32,13692.72,427.9,21,8,2026-06-02,2025-06-18,5
CUST1776,27,13665.51,506.13,18,6,2026-05-09,2025-06-12,2
CUST4030,31,15410.18,497.1,22,8,2026-05-28,2025-06-06,4
CUST4830,16,5659.37,353.71,9,0,2026-06-03,2025-06-06,4
CUST1508,31,11133.71,359.15,23,5,2026-05-28,2025-06-19,2
CUST0396,23,13311.29,578.75,10,3,2026-05-14,2025-06-08,2
CUST2860,25,8371.44,334.86,13,7,2026-06-03,2025-07-19,4
CUST0641,32,18120.63,566.27,19,3,2026-05-18,2025-07-11,2
CUST1947,22,11430.79,519.58,10,5,2026-05-07,2025-06-12,2
CUST1658,38,24726.17,650.69,26,5,2026-05-29,2025-06-04,3
CUST1941,33,17661.22,535.19,25,5,2026-05-13,2025-06-16,5
CUST2000,39,19740.49,506.17,23,9,2026-06-03,2025-06-17,3
CUST2125,33,20003.35,606.16,16,7,2026-05-23,2025-06-07,3
CUST4735,29,21014.26,724.63,18,5,2026-05-24,2025-06-06,0
CUST3318,36,17462.35,485.07,21,7,2026-05-23,2025-06-03,4
CUST2049,34,16435.83,483.41,20,12,2026-05-22,2025-06-20,3
CUST1471,36,16419.26,456.09,23,6,2026-05-30,2025-06-15,1
CUST0506,31,14363.1,463.33,18,8,2026-05-27,2025-06-09,3
CUST0095,25,16943.36,677.73,19,6,2026-05-07,2025-06-17,2
CUST4060,34,18077.86,531.7,20,5,2026-06-03,2025-06-04,8
CUST1598,23,11976.06,520.7,15,5,2026-05-03,2025-07-11,2
CUST1984,33,18408.24,557.83,23,8,2026-06-01,2025-06-05,3
CUST3718,37,21185.12,572.57,30,7,2026-06-01,2025-06-20,2
CUST1570,29,14493.14,499.76,13,6,2026-05-30,2025-06-15,3
CUST3391,29,18037.31,621.98,16,6,2026-05-27,2025-06-13,4
CUST1569,27,13703.79,507.55,18,9,2026-05-18,2025-06-20,3
CUST1268,28,15749.72,562.49,17,3,2026-05-10,2025-06-11,2
CUST3016,29,18251.02,629.35,16,5,2026-05-06,2025-06-10,3
CUST4129,25,12779.52,511.18,14,5,2026-05-25,2025-06-14,3
CUST0656,32,14298.43,446.83,14,6,2026-05-01,2025-06-09,3
CUST4035,32,12532.65,391.65,24,9,2026-05-17,2025-06-20,4
CUST0436,35,19109.88,546.0,19,8,2026-05-30,2025-06-16,8
CUST0114,25,9903.99,396.16,16,6,2026-06-03,2025-07-25,1
CUST1147,33,13373.88,405.27,18,8,2026-06-02,2025-06-07,3
CUST0323,27,17989.41,666.27,20,9,2026-06-01,2025-06-24,1
CUST2953,34,15092.28,443.89,22,10,2026-06-02,2025-06-09,2
CUST4545,33,16494.19,499.82,15,6,2026-05-21,2025-06-23,6
CUST0227,27,18663.91,691.26,19,6,2026-05-28,2025-06-21,2
CUST3446,30,11956.74,398.56,16,5,2026-06-01,2025-07-05,2
CUST2140,22,12504.47,568.38,10,2,2026-05-22,2025-06-18,5
CUST2481,24,12635.94,526.5,16,5,2026-06-02,2025-08-01,2
CUST3316,24,14346.55,597.77,12,1,2026-05-30,2025-06-07,0
CUST2543,27,14538.39,538.46,13,3,2026-06-03,2025-06-11,2
CUST2980,22,8643.14,392.87,14,4,2026-06-01,2025-06-10,1
CUST1628,25,10096.34,403.85,20,5,2026-03-26,2025-06-03,2
CUST1209,25,10120.73,404.83,15,2,2026-05-05,2025-06-08,1
CUST4075,30,15617.26,520.58,22,2,2026-05-12,2025-06-17,4
CUST2184,30,14005.24,466.84,19,7,2026-04-27,2025-06-11,4
CUST0306,36,19678.94,546.64,23,6,2026-05-16,2025-06-12,4
CUST4459,33,14595.9,442.3,16,9,2026-05-24,2025-06-03,5
CUST2781,40,22420.61,560.52,26,11,2026-05-26,2025-06-09,4
CUST2312,37,16744.46,452.55,20,5,2026-06-01,2025-06-10,3
CUST4374,31,17179.04,554.16,19,4,2026-04-08,2025-06-16,3
CUST4993,30,15871.18,529.04,19,6,2026-05-27,2025-06-18,4
CUST3907,20,8681.58,434.08,13,6,2026-05-10,2025-06-05,4
CUST0757,28,14868.46,531.02,16,6,2026-06-01,2025-06-03,1
CUST0487,26,15011.35,577.36,12,4,2026-06-03,2025-06-12,3
CUST4452,31,19558.78,630.93,11,8,2026-05-31,2025-06-07,3
CUST2876,37,18615.85,503.13,28,6,2026-05-28,2025-06-14,3
CUST1816,30,12928.53,430.95,20,12,2026-05-25,2025-07-10,3
CUST4059,25,14864.97,594.6,17,3,2026-05-20,2025-06-30,1
CUST2991,19,8778.47,462.02,12,1,2026-05-26,2025-06-26,4
CUST3787,30,17826.86,594.23,20,5,2026-05-24,2025-06-07,6
CUST4833,30,12168.29,405.61,21,7,2026-05-25,2025-06-14,0
CUST2780,32,12072.48,377.27,20,6,2026-05-18,2025-07-15,2
CUST3122,25,12833.26,513.33,15,5,2026-05-27,2025-06-10,2
CUST4729,34,21635.67,636.34,20,8,2026-06-02,2025-06-27,3
CUST0806,39,17506.0,448.87,18,9,2026-06-02,2025-06-06,2
CUST4053,33,18183.57,551.02,17,5,2026-05-30,2025-06-09,2
CUST0376,18,13119.3,728.85,10,2,2026-05-26,2025-06-04,1
CUST3548,31,17307.45,558.3,22,3,2026-05-29,2025-06-05,3
CUST0908,37,19058.59,515.1,21,7,2026-05-30,2025-06-03,2
CUST3820,21,9718.39,462.78,15,3,2026-05-29,2025-06-14,3
CUST1792,27,17944.0,664.59,19,8,2026-05-18,2025-06-08,3
CUST0049,36,21142.49,587.29,25,12,2026-05-22,2025-06-04,2
CUST0485,15,5605.83,373.72,10,3,2026-05-30,2025-08-04,1
CUST0235,30,15983.3,532.78,18,5,2026-05-28,2025-06-06,2
CUST0679,36,14812.83,411.47,23,6,2026-05-28,2025-06-03,2
CUST3302,29,13632.11,470.07,18,7,2026-05-23,2025-06-04,8
CUST2664,38,16485.32,433.82,21,8,2026-06-03,2025-06-07,4
CUST4365,34,17727.91,521.41,19,6,2026-05-30,2025-06-03,2
CUST4624,30,16961.67,565.39,17,8,2026-05-31,2025-06-04,2
CUST1154,30,20392.26,679.74,18,12,2026-06-03,2025-06-18,3
CUST3839,31,12585.37,405.98,18,4,2026-05-08,2025-06-14,4
CUST3780,31,15219.91,490.96,23,11,2026-05-29,2025-06-24,3
CUST1743,23,9697.97,421.65,14,6,2026-05-27,2025-06-19,3
CUST1019,31,14269.1,460.29,17,8,2026-05-13,2025-06-07,5
CUST0688,35,26662.42,761.78,17,8,2026-05-26,2025-06-06,4
CUST0292,43,26108.0,607.16,25,10,2026-05-09,2025-06-11,7
CUST1353,24,12656.38,527.35,13,6,2026-04-28,2025-07-14,2
CUST4598,26,17904.54,688.64,13,8,2026-05-31,2025-07-08,1
CUST0521,29,17132.36,590.77,19,7,2026-06-02,2025-06-06,5
CUST1483,34,12115.81,356.35,23,4,2026-05-29,2025-06-03,6
CUST1759,32,19599.11,612.47,18,10,2026-05-31,2025-06-10,3
CUST3465,22,10255.82,466.17,19,7,2026-05-11,2025-06-03,5
CUST1553,28,14593.94,521.21,20,7,2026-05-20,2025-06-05,3
CUST0874,26,8399.49,323.06,17,5,2026-05-06,2025-07-06,1
CUST2171,26,10984.01,422.46,13,5,2026-05-23,2025-07-11,2
CUST4013,34,21118.67,621.14,22,4,2026-06-01,2025-06-10,3
CUST3454,28,15442.07,551.5,16,10,2026-06-02,2025-06-06,3
CUST1351,29,16080.07,554.49,20,7,2026-05-16,2025-06-06,5
CUST4210,28,14876.83,531.32,17,3,2026-05-12,2025-07-03,3
CUST2509,29,13444.33,463.6,17,7,2026-05-31,2025-06-05,3
CUST1509,22,16553.12,752.41,17,6,2026-05-17,2025-06-16,3
CUST0234,25,15545.49,621.82,14,6,2026-05-22,2025-06-05,1
CUST0446,33,21171.53,641.56,26,8,2026-05-19,2025-06-05,4
CUST0633,26,15190.17,584.24,16,5,2026-05-28,2025-06-06,4
CUST1429,25,12937.93,517.52,18,3,2026-05-30,2025-06-15,1
CUST1695,26,14208.15,546.47,16,4,2026-04-29,2025-06-09,1
CUST1819,22,11031.78,501.44,14,2,2026-05-30,2025-06-03,4
CUST3856,26,13594.71,522.87,17,4,2026-05-28,2025-06-14,4
CUST0072,33,16230.73,491.84,25,6,2026-05-23,2025-06-11,4
CUST3092,29,14942.97,515.27,21,4,2026-05-18,2025-06-25,6
CUST2104,32,17437.84,544.93,18,2,2026-05-10,2025-06-03,4
CUST2475,28,13618.72,486.38,18,2,2026-05-28,2025-06-08,3
CUST1585,38,19521.86,513.73,19,12,2026-05-17,2025-06-14,5
CUST3095,31,16761.15,540.68,19,7,2026-05-28,2025-07-03,4
CUST0161,25,8684.09,347.36,16,7,2026-05-14,2025-06-03,2
CUST4499,36,21741.48,603.93,24,4,2026-05-28,2025-06-10,5
CUST4419,33,13948.73,422.69,18,9,2026-05-28,2025-06-11,3
CUST3599,35,17304.75,494.42,18,4,2026-05-19,2025-06-08,7
CUST3696,30,13290.77,443.03,20,6,2026-05-26,2025-06-16,3
CUST0845,31,23007.98,742.19,22,3,2026-05-22,2025-06-06,3
CUST2513,24,13035.47,543.14,16,6,2026-05-30,2025-06-08,1
CUST2705,37,15748.25,425.63,21,5,2026-06-02,2025-06-19,6
CUST4620,31,19388.15,625.42,22,5,2026-05-21,2025-06-10,3
CUST2181,24,11554.17,481.42,16,4,2026-05-02,2025-06-10,3
CUST1499,34,20019.53,588.81,22,8,2026-05-11,2025-06-21,3
CUST2802,29,15559.17,536.52,15,2,2026-05-02,2025-06-25,3
CUST1262,25,11327.57,453.1,14,4,2026-05-22,2025-07-28,1
CUST4916,32,15723.89,491.37,21,6,2026-05-28,2025-06-08,4
CUST0894,25,14048.04,561.92,16,4,2026-06-01,2025-06-17,4
CUST2244,29,14622.49,504.22,14,4,2026-05-26,2025-07-14,3
CUST2013,27,12993.81,481.25,20,2,2026-05-30,2025-06-18,1
CUST3198,22,10934.12,497.01,14,5,2026-05-10,2025-06-12,0
CUST3326,32,20810.55,650.33,21,6,2026-05-30,2025-06-06,5
CUST4016,26,11428.58,439.56,15,4,2026-05-29,2025-06-12,3
CUST3026,21,13222.31,629.63,12,7,2026-05-26,2025-07-17,1
CUST2556,37,20191.2,545.71,22,8,2026-05-23,2025-06-10,4
CUST2380,36,18309.57,508.6,18,7,2026-05-27,2025-06-04,5
CUST0317,24,9802.03,408.42,16,5,2026-06-03,2025-06-26,1
CUST4841,28,15686.88,560.25,19,5,2026-05-31,2025-06-09,4
CUST1890,28,14262.35,509.37,18,5,2026-06-02,2025-07-18,6
CUST3947,36,20330.79,564.74,22,7,2026-05-22,2025-06-10,3
CUST1119,25,10591.76,423.67,16,2,2026-05-28,2025-06-06,4
CUST0956,34,16536.56,486.37,24,6,2026-05-18,2025-06-11,5
CUST4121,31,14765.35,476.3,24,4,2026-05-18,2025-06-17,3
CUST3072,24,10552.56,439.69,12,7,2026-05-08,2025-06-03,4
CUST3788,31,17967.56,579.6,19,7,2026-06-03,2025-06-13,4
CUST4873,37,18433.68,498.21,26,9,2026-06-03,2025-06-03,5
CUST0128,28,14073.71,502.63,20,5,2026-05-28,2025-06-17,4
CUST1502,33,12239.21,370.89,18,8,2026-06-02,2025-06-12,2
CUST1608,27,12156.27,450.23,19,4,2026-05-07,2025-06-15,2
CUST1700,29,11695.11,403.28,23,5,2026-05-29,2025-06-08,3
CUST3462,28,12918.15,461.36,17,6,2026-04-14,2025-07-11,6
CUST2937,25,8816.17,352.65,15,6,2026-05-09,2025-06-13,2
CUST1882,33,20876.23,632.61,15,6,2026-05-14,2025-06-13,0
CUST1176,30,11735.83,391.19,18,3,2026-06-02,2025-07-01,2
CUST2737,27,18078.71,669.58,20,4,2026-05-13,2025-06-07,3
CUST2997,29,14903.04,513.9,19,8,2026-05-17,2025-06-22,4
CUST2084,28,16799.75,599.99,18,6,2026-05-29,2025-06-12,2
CUST3257,28,14762.4,527.23,14,3,2026-06-03,2025-06-25,3
CUST0474,21,10313.21,491.11,11,3,2026-05-12,2025-06-20,1
CUST1915,26,10933.2,420.51,13,8,2026-05-11,2025-06-07,5
CUST1702,33,14622.22,443.1,21,9,2026-05-30,2025-06-06,5
CUST2257,22,9644.32,438.38,13,2,2026-05-04,2025-06-28,3
CUST0831,19,9055.71,476.62,13,3,2026-05-10,2025-08-16,2
CUST1678,22,10344.63,470.21,9,4,2026-05-29,2025-06-05,2
CUST4797,30,10724.69,357.49,20,8,2026-05-26,2025-07-01,0
CUST1054,43,21436.72,498.53,32,8,2026-05-30,2025-06-03,5
CUST4157,29,17830.17,614.83,19,7,2026-05-12,2025-06-20,2
CUST3501,31,14089.05,454.49,20,4,2026-05-30,2025-06-25,6
CUST0643,33,17229.85,522.12,19,6,2026-06-02,2025-06-10,6
CUST2492,28,11288.53,403.16,17,8,2026-05-28,2025-06-17,1
CUST1512,24,16257.72,677.41,18,8,2026-05-15,2025-07-01,3
CUST0764,35,20546.51,587.04,25,10,2026-05-19,2025-06-05,3
CUST2587,24,13327.36,555.31,13,4,2026-05-29,2025-06-15,4
CUST4907,26,18383.19,707.05,18,7,2026-05-13,2025-06-03,3
CUST2723,33,15255.76,462.3,20,3,2026-05-29,2025-06-03,3
CUST4980,28,13357.45,477.05,18,4,2026-06-03,2025-06-06,2
CUST2983,29,11214.26,386.7,18,8,2026-05-22,2025-06-06,3
CUST3135,25,12348.98,493.96,16,2,2026-06-03,2025-06-04,0
CUST4908,31,24069.47,776.43,19,9,2026-05-29,2025-06-06,3
CUST1589,33,17369.04,526.33,20,5,2026-05-22,2025-06-22,5
CUST1069,30,16169.35,538.98,16,7,2026-05-22,2025-06-10,2
CUST3366,40,17210.7,430.27,25,7,2026-06-01,2025-06-17,2
CUST0723,28,14257.94,509.21,15,6,2026-06-02,2025-06-19,6
CUST1368,22,16050.88,729.59,11,4,2026-05-28,2025-06-22,1
CUST1891,24,9853.02,410.54,13,4,2026-06-01,2025-06-22,1
CUST3272,33,17591.84,533.09,19,7,2026-05-25,2025-06-05,7
CUST1118,30,12636.8,421.23,23,8,2026-06-03,2025-06-04,4
CUST1089,27,17550.95,650.04,20,3,2026-05-23,2025-08-21,3
CUST3158,33,17784.44,538.92,18,6,2026-04-17,2025-06-19,2
CUST2463,35,21734.45,620.98,20,9,2026-06-01,2025-07-04,2
CUST3403,26,16560.19,636.93,17,5,2026-05-22,2025-06-27,1
CUST1150,36,19094.95,530.42,25,6,2026-05-19,2025-06-12,9
CUST2179,27,13918.81,515.51,13,4,2026-06-02,2025-06-14,2
CUST0025,45,20495.97,455.47,32,19,2026-05-24,2025-06-03,3
CUST4987,17,7389.12,434.65,13,4,2026-05-11,2025-06-08,4
CUST4143,17,9341.15,549.48,12,4,2026-04-21,2025-06-13,2
CUST0883,30,17680.45,589.35,19,7,2026-05-22,2025-06-15,2
CUST1253,32,20048.29,626.51,17,8,2026-06-02,2025-07-02,3
CUST2917,31,21597.21,696.68,20,10,2026-05-18,2025-07-08,6
CUST3832,20,9726.94,486.35,9,8,2026-04-03,2025-06-11,1
CUST2493,25,11726.31,469.05,18,6,2026-05-11,2025-06-24,2
CUST1898,30,16117.39,537.25,22,12,2026-05-25,2025-06-10,4
CUST1979,31,14420.61,465.18,20,6,2026-05-10,2025-06-19,2
CUST1488,29,13837.2,477.14,19,4,2026-06-01,2025-06-10,2
CUST2103,36,20232.88,562.02,21,6,2026-05-26,2025-06-03,4
CUST4001,33,24839.62,752.72,17,5,2026-05-27,2025-07-13,4
CUST1485,25,16722.71,668.91,13,8,2026-05-16,2025-06-13,4
CUST1349,30,15432.69,514.42,15,4,2026-05-14,2025-06-05,0
CUST2882,26,13550.81,521.19,16,5,2026-05-30,2025-06-12,4
CUST1902,30,16904.02,563.47,17,2,2026-06-02,2025-06-08,4
CUST3055,33,16441.17,498.22,20,8,2026-05-26,2025-06-06,5
CUST1524,27,18872.12,698.97,16,7,2026-06-01,2025-06-09,0
CUST4618,28,14765.8,527.35,22,7,2026-05-23,2025-06-06,1
CUST2971,32,15158.29,473.7,21,10,2026-05-30,2025-06-25,0
CUST0524,26,11041.87,424.69,16,8,2026-05-25,2025-06-05,2
CUST0318,26,11476.6,441.41,17,6,2026-05-31,2025-06-09,0
CUST3275,22,9661.15,439.14,13,2,2026-05-14,2025-06-06,3
CUST4513,27,10901.07,403.74,16,5,2026-05-29,2025-07-19,2
CUST0333,31,21909.07,706.74,14,9,2026-06-03,2025-06-14,4
CUST1953,36,11754.81,326.52,23,5,2026-05-17,2025-06-03,6
CUST0180,28,13785.09,492.32,19,6,2026-05-28,2025-06-10,4
CUST1897,31,16224.24,523.36,18,5,2026-05-24,2025-06-16,3
CUST0204,33,18393.17,557.37,24,8,2026-04-29,2025-06-08,1
CUST3529,34,21746.22,639.59,18,2,2026-05-13,2025-06-30,2
CUST4437,38,19218.74,505.76,26,7,2026-05-30,2025-06-09,6
CUST3163,40,19980.59,499.51,22,7,2026-05-31,2025-06-03,4
CUST2281,24,17059.4,710.81,11,5,2026-06-02,2025-07-21,3
CUST2337,32,16563.89,517.62,22,9,2026-05-26,2025-06-06,6
CUST2092,36,20446.39,567.96,19,10,2026-05-28,2025-06-12,4
CUST0586,45,25850.04,574.45,25,12,2026-06-01,2025-06-14,6
CUST0702,23,10418.82,452.99,17,4,2026-05-20,2025-06-05,1
CUST4218,35,17296.73,494.19,19,11,2026-06-01,2025-06-12,1
CUST1493,31,18325.04,591.13,19,2,2026-05-24,2025-06-09,4
CUST3761,44,19148.17,435.19,32,9,2026-06-02,2025-06-14,4
CUST2033,36,15566.0,432.39,24,12,2026-05-23,2025-06-08,1
CUST1877,29,11280.77,388.99,22,2,2026-04-16,2025-06-29,5
CUST3134,31,17256.69,556.67,19,7,2026-06-02,2025-06-23,3
CUST3917,16,8850.66,553.17,7,6,2026-05-19,2025-07-04,0
CUST3360,35,14706.21,420.18,22,10,2026-05-21,2025-06-04,5
CUST0500,27,13578.42,502.9,17,5,2026-06-03,2025-06-04,6
CUST4978,21,8480.46,403.83,13,3,2026-06-03,2025-07-12,2
CUST1954,35,15717.89,449.08,21,6,2026-05-31,2025-06-16,5
CUST4517,30,15319.38,510.65,20,7,2026-06-02,2025-06-22,4
CUST2869,29,14558.99,502.03,21,8,2026-04-26,2025-06-15,3
CUST4819,31,13253.98,427.55,15,11,2026-05-26,2025-06-09,4
CUST2387,26,14042.89,540.11,17,4,2026-05-25,2025-06-27,6
CUST2051,27,11986.63,443.95,15,4,2026-05-12,2025-06-04,1
CUST0768,31,15206.48,490.53,16,6,2026-05-08,2025-07-19,1
CUST4329,31,16585.91,535.03,17,6,2026-06-02,2025-06-19,4
CUST0337,29,9258.39,319.25,21,10,2026-05-24,2025-06-19,3
CUST3210,22,7578.77,344.49,12,5,2026-05-13,2025-06-03,1
CUST2158,35,16358.3,467.38,23,9,2026-06-02,2025-06-19,4
CUST0129,29,12775.73,440.54,18,5,2026-05-29,2025-06-07,3
CUST0803,24,6934.15,288.92,18,10,2026-05-31,2025-06-11,2
CUST1531,38,17808.08,468.63,22,9,2026-05-31,2025-07-05,2
CUST4756,34,19584.35,576.01,24,6,2026-05-19,2025-07-04,6
CUST0494,33,17284.98,523.79,19,5,2026-06-02,2025-06-24,2
CUST0383,33,17234.36,522.25,23,7,2026-05-18,2025-06-03,3
CUST0827,30,18443.85,614.8,16,8,2026-05-31,2025-06-08,3
CUST3231,30,11437.93,381.26,17,12,2026-04-11,2025-06-05,2
CUST4842,30,17374.43,579.15,21,6,2026-05-20,2025-06-13,4
CUST0233,27,12998.0,481.41,17,4,2026-05-21,2025-06-08,1
CUST3906,31,18254.93,588.87,15,8,2026-05-30,2025-06-12,1
CUST2863,28,12235.63,436.99,17,2,2026-05-29,2025-06-08,4
CUST1451,21,11698.18,557.06,13,7,2026-05-14,2025-06-06,3
CUST2566,38,24235.06,637.76,26,11,2026-04-28,2025-06-16,4
CUST0765,21,7588.56,361.36,15,6,2026-05-23,2025-07-01,2
CUST0061,31,18179.24,586.43,15,7,2026-05-23,2025-06-03,1
CUST3874,26,12878.53,495.33,13,5,2026-06-01,2025-06-05,2
CUST1225,28,10342.08,369.36,18,6,2026-05-23,2025-06-25,3
CUST4423,30,15618.22,520.61,18,7,2026-05-27,2025-06-08,3
CUST2019,22,15558.87,707.22,12,6,2026-05-29,2025-06-07,1
CUST0800,22,10125.95,460.27,13,7,2026-06-03,2025-06-20,2
CUST1668,32,16945.99,529.56,16,6,2026-06-02,2025-06-08,3
CUST4518,18,6698.66,372.15,7,3,2026-05-19,2025-06-03,2
CUST1438,33,18206.9,551.72,19,6,2026-05-26,2025-06-11,2
CUST1092,33,17797.6,539.32,19,7,2026-05-06,2025-06-29,2
CUST3076,24,9580.24,399.18,13,3,2026-05-29,2025-06-15,2
CUST1892,29,10183.58,351.16,21,2,2026-05-12,2025-07-22,4
CUST3007,34,16677.51,490.52,26,12,2026-05-23,2025-07-06,4
CUST2637,27,21329.24,789.97,19,1,2026-05-27,2025-06-20,3
CUST4606,36,16378.42,454.96,26,7,2026-05-25,2025-06-12,1
CUST0406,27,15324.51,567.57,18,6,2026-05-26,2025-06-04,4
CUST1875,27,14124.26,523.12,20,5,2026-04-30,2025-06-06,1
CUST2496,36,18038.71,501.08,18,4,2026-06-01,2025-06-04,2
CUST4564,26,11730.29,451.17,22,6,2026-05-09,2025-06-07,2
CUST1962,27,15442.53,571.95,15,6,2026-04-30,2025-06-04,5
CUST2501,28,13502.0,482.21,22,7,2026-05-19,2025-06-06,4
CUST4948,30,15649.76,521.66,19,6,2026-05-29,2025-06-10,4
CUST4682,35,22851.16,652.89,20,6,2026-05-24,2025-06-14,3
CUST0717,39,21649.77,555.12,28,6,2026-05-29,2025-06-04,3
CUST0424,37,19486.1,526.65,21,14,2026-06-03,2025-06-04,2
CUST2727,35,15894.13,454.12,21,5,2026-05-29,2025-07-02,5
CUST4257,25,12270.74,490.83,17,7,2026-05-21,2025-08-14,1
CUST0286,16,10816.11,676.01,9,2,2026-05-23,2025-07-06,0
CUST4934,30,20588.91,686.3,17,5,2026-04-19,2025-06-07,5
CUST3211,35,18928.71,540.82,22,5,2026-06-03,2025-06-07,5
CUST0127,30,13406.65,446.89,21,6,2026-05-26,2025-06-29,2
CUST2873,33,14334.77,434.39,18,2,2026-05-27,2025-06-11,2
CUST2540,21,13110.47,624.31,9,7,2026-05-25,2025-06-17,1
CUST4840,25,10444.15,417.77,13,7,2026-06-01,2025-06-13,1
CUST4315,37,28314.76,765.26,22,11,2026-05-11,2025-06-04,2
CUST1397,28,16194.45,578.37,14,7,2026-05-26,2025-06-10,2
CUST2085,28,11775.44,420.55,20,2,2026-06-03,2025-06-30,6
CUST4273,18,7440.39,413.36,16,1,2026-05-22,2025-06-08,2
CUST3094,26,12440.87,478.49,15,4,2026-05-31,2025-06-11,2
CUST3835,27,19526.15,723.19,15,6,2026-05-20,2025-06-07,4
CUST0498,25,12956.91,518.28,16,8,2026-06-03,2025-06-11,3
CUST4758,33,14262.36,432.19,22,7,2026-05-28,2025-06-08,0
CUST3138,31,26736.08,862.45,18,8,2026-05-17,2025-07-03,3
CUST3311,26,14001.71,538.53,18,1,2026-05-20,2025-07-21,1
CUST4813,39,25843.38,662.65,29,6,2026-05-24,2025-06-10,6
CUST0365,31,16677.47,537.98,20,6,2026-05-30,2025-06-09,3
CUST0596,27,13220.83,489.66,18,6,2026-05-19,2025-06-17,3
CUST3002,27,14685.67,543.91,18,6,2026-05-07,2025-06-08,4
CUST3208,28,11851.26,423.26,17,3,2026-06-03,2025-06-19,5
CUST2379,24,10775.61,448.98,15,7,2026-05-30,2025-06-16,3
CUST0426,29,14189.9,489.31,18,5,2026-06-02,2025-06-25,1
CUST2129,22,4940.15,224.55,14,6,2026-05-22,2025-06-08,4
CUST4244,32,14377.38,449.29,21,4,2026-05-28,2025-06-12,4
CUST4779,27,11957.53,442.87,19,7,2026-05-26,2025-07-30,2
CUST1807,36,17446.14,484.61,27,7,2026-06-02,2025-06-04,7
CUST0603,20,11671.92,583.6,7,1,2026-06-03,2025-06-03,1
CUST3408,29,17541.61,604.88,18,9,2026-06-02,2025-06-07,1
CUST0045,31,22096.05,712.78,17,3,2026-05-12,2025-06-08,1
CUST2088,29,14434.61,497.75,18,3,2026-06-03,2025-06-07,2
CUST2905,26,10157.57,390.68,15,5,2026-06-03,2025-06-10,3
CUST2152,29,12172.17,419.73,16,9,2026-05-21,2025-06-05,2
CUST0547,36,19801.42,550.04,16,7,2026-05-13,2025-06-08,1
CUST2310,32,19746.43,617.08,19,10,2026-05-23,2025-06-11,3
CUST0450,26,16592.09,638.16,7,4,2026-06-02,2025-06-11,3
CUST2538,27,13442.04,497.85,12,3,2026-05-14,2025-06-09,4
CUST2735,33,13431.26,407.01,15,8,2026-05-30,2025-06-03,5
CUST1088,40,20561.91,514.05,29,11,2026-05-26,2025-06-08,6
CUST4261,33,16463.37,498.89,24,6,2026-05-12,2025-06-04,2
CUST4930,27,14914.11,552.37,14,5,2026-05-29,2025-06-08,5
CUST1881,25,10711.56,428.46,17,6,2026-05-12,2025-06-26,3
CUST4342,32,17073.74,533.55,21,8,2026-05-31,2025-06-13,4
CUST0112,37,17594.04,475.51,21,8,2026-06-02,2025-06-04,7
CUST2891,33,12400.92,375.79,18,7,2026-06-01,2025-06-03,3
CUST4117,29,15847.54,546.47,14,5,2026-05-18,2025-06-04,2
CUST3576,31,15272.35,492.66,16,8,2026-06-01,2025-06-09,4
CUST2460,21,12084.41,575.45,11,4,2026-05-19,2025-07-26,2
CUST4021,31,15228.48,491.24,21,8,2026-05-23,2025-06-14,3
CUST2931,26,10617.75,408.38,21,8,2026-06-03,2025-06-03,1
CUST0619,33,17167.36,520.22,24,11,2026-05-26,2025-06-06,2
CUST1703,40,21059.78,526.49,32,5,2026-06-01,2025-07-09,5
CUST4704,27,14483.81,536.44,18,6,2026-04-11,2025-06-07,1
CUST4087,22,13847.93,629.45,10,4,2026-05-29,2025-06-21,2
CUST1303,28,10302.9,367.96,17,6,2026-05-19,2025-06-25,3
CUST2910,21,17818.52,848.5,14,5,2026-05-12,2025-06-16,1
CUST2305,28,14494.63,517.67,12,7,2026-05-19,2025-06-03,2
CUST4968,35,16372.05,467.77,28,6,2026-06-03,2025-06-29,2
CUST2552,34,19185.99,564.29,19,3,2026-05-26,2025-06-03,2
CUST2584,42,21681.94,516.24,27,7,2026-05-10,2025-06-03,4
CUST3458,35,20607.87,588.8,16,1,2026-06-03,2025-06-10,6
CUST4254,28,12267.8,438.14,20,6,2026-05-11,2025-06-10,5
CUST4772,32,10171.47,317.86,21,5,2026-05-14,2025-06-15,1
CUST2750,32,15768.88,492.78,17,5,2026-05-29,2025-06-12,4
CUST2922,32,11776.97,368.03,18,8,2026-05-22,2025-06-07,5
CUST2026,31,20301.57,654.89,19,6,2026-06-03,2025-06-03,6
CUST4628,22,14487.69,658.53,11,7,2026-05-21,2025-06-19,3
CUST1430,36,14782.44,410.62,22,5,2026-05-20,2025-07-01,3
CUST1860,30,15633.96,521.13,17,4,2026-05-28,2025-06-26,3
CUST1297,27,13482.13,499.34,17,7,2026-06-03,2025-06-07,3
CUST0762,28,14997.29,535.62,22,6,2026-05-21,2025-06-03,5
CUST2843,33,15707.6,475.99,18,1,2026-05-28,2025-06-05,0
CUST2351,29,10995.77,379.16,19,6,2026-05-18,2025-07-01,3
CUST0525,34,18678.02,549.35,26,7,2026-05-31,2025-06-05,3
CUST1409,28,14036.25,501.29,19,4,2026-05-05,2025-06-19,3
CUST0919,31,16458.49,530.92,19,8,2026-06-02,2025-06-11,3
CUST4291,26,13852.51,532.79,11,2,2026-05-28,2025-06-13,2
CUST4774,36,21151.44,587.54,18,6,2026-05-25,2025-06-06,1
CUST2504,41,21511.97,524.68,26,8,2026-05-29,2025-06-12,6
CUST4863,22,12517.98,569.0,12,6,2026-05-15,2025-06-21,2
CUST2457,33,17323.62,524.96,18,6,2026-05-28,2025-07-01,4
CUST1305,26,15070.84,579.65,12,10,2026-05-25,2025-06-25,1
CUST2341,33,14678.57,444.81,25,4,2026-05-17,2025-06-04,4
CUST3412,24,12016.35,500.68,15,5,2026-04-24,2025-06-06,2
CUST4699,24,14538.05,605.75,16,5,2026-04-24,2025-06-13,3
CUST2461,26,14396.98,553.73,15,7,2026-05-24,2025-06-30,3
CUST3941,33,18604.09,563.76,18,7,2026-05-09,2025-06-11,2
CUST2363,26,15457.3,594.51,19,4,2026-05-24,2025-06-15,2
CUST4651,33,16632.51,504.02,19,9,2026-05-28,2025-06-04,2
CUST2767,35,17106.67,488.76,17,6,2026-05-21,2025-06-13,2
CUST2278,31,14467.69,466.7,20,6,2026-05-20,2025-06-18,0
CUST0653,30,11428.68,380.96,16,2,2026-05-14,2025-06-09,0
CUST1404,37,20318.87,549.16,27,11,2026-05-31,2025-06-05,4
CUST4962,31,14049.18,453.2,21,6,2026-05-24,2025-06-24,2
CUST1780,27,12995.0,481.3,12,4,2026-05-03,2025-06-03,1
CUST2736,31,12842.95,414.29,24,10,2026-06-03,2025-06-14,2
CUST0108,29,14020.46,483.46,16,6,2026-05-26,2025-06-07,3
CUST1432,32,19921.81,622.56,23,8,2026-05-30,2025-06-23,2
CUST4104,27,12661.05,468.93,19,4,2026-04-29,2025-06-20,2
CUST0409,25,17850.65,714.03,14,4,2026-05-22,2025-06-28,1
CUST4176,25,12898.07,515.92,15,3,2026-05-27,2025-06-14,0
CUST0314,31,17983.75,580.12,24,8,2026-05-04,2025-06-07,2
CUST0541,28,15242.29,544.37,17,6,2026-06-02,2025-06-16,4
CUST4279,27,16612.73,615.29,15,5,2026-05-29,2025-08-07,0
CUST4488,28,13180.89,470.75,17,7,2026-05-22,2025-06-16,1
CUST2005,26,17165.52,660.21,20,4,2026-05-21,2025-06-21,1
CUST4108,36,16501.09,458.36,20,9,2026-05-26,2025-06-14,5
CUST2631,25,11997.49,479.9,18,3,2026-05-20,2025-07-13,0
CUST4613,30,21822.84,727.43,20,7,2026-05-21,2025-06-05,2
CUST3482,26,9844.46,378.63,19,6,2026-05-02,2025-06-19,3
CUST4251,26,18614.01,715.92,17,6,2026-03-09,2025-06-07,2
CUST0243,25,11649.78,465.99,14,6,2026-05-25,2025-06-10,4
CUST3348,28,11101.2,396.47,17,4,2026-05-31,2025-06-20,6
CUST2445,25,12264.27,490.57,17,7,2026-05-16,2025-06-05,3
CUST3786,40,20562.08,514.05,31,9,2026-05-10,2025-06-20,2
CUST3903,26,14663.25,563.97,20,6,2026-05-08,2025-06-06,0
CUST4313,28,13438.58,479.95,18,3,2026-06-03,2025-06-07,4
CUST3652,35,21382.03,610.92,23,9,2026-06-02,2025-06-03,4
CUST2659,34,14134.02,415.71,17,10,2026-05-18,2025-07-08,5
CUST1179,21,12299.75,585.7,12,3,2026-05-18,2025-07-07,0
CUST3344,26,15158.98,583.04,17,6,2026-05-14,2025-06-04,3
CUST4373,27,10168.87,376.62,17,3,2026-06-01,2025-06-14,5
CUST0503,27,18278.79,676.99,15,5,2026-04-30,2025-07-12,1
CUST1638,20,11639.35,581.97,13,5,2026-05-26,2025-06-14,2
CUST0432,32,19971.15,624.1,23,7,2026-06-03,2025-06-09,1
CUST3849,32,14084.17,440.13,24,7,2026-06-01,2025-06-10,4
CUST2600,26,13902.06,534.69,19,9,2026-06-02,2025-07-18,3
CUST4884,34,15063.78,443.05,22,5,2026-05-25,2025-06-05,5
CUST1331,27,12885.32,477.23,12,9,2026-05-20,2025-06-07,2
CUST4004,38,20371.1,536.08,21,9,2026-05-22,2025-06-11,4
CUST4642,28,16146.44,576.66,17,5,2026-05-27,2025-06-03,1
CUST3164,31,17197.66,554.76,16,9,2026-05-08,2025-06-26,3
CUST0698,18,9355.66,519.76,11,8,2026-05-30,2025-06-27,3
CUST3309,26,15272.03,587.39,15,2,2026-05-19,2025-06-26,0
CUST1555,34,16852.23,495.65,23,6,2026-05-31,2025-06-15,5
CUST4288,27,13004.0,481.63,16,5,2026-06-01,2025-06-04,6
CUST2453,35,17003.5,485.81,22,8,2026-06-03,2025-06-09,3
CUST3985,28,13189.85,471.07,18,9,2026-05-26,2025-06-22,4
CUST2662,31,13579.86,438.06,22,5,2026-04-13,2025-06-06,3
CUST1932,22,10852.69,493.3,16,6,2026-06-01,2025-06-28,3
CUST1388,22,16553.07,752.41,16,4,2026-06-01,2025-06-04,3
CUST0848,23,10596.27,460.71,14,1,2026-05-15,2025-06-06,1
CUST1420,27,16726.32,619.49,14,4,2026-05-24,2025-06-06,0
CUST3402,25,11984.96,479.4,16,6,2026-04-23,2025-06-28,2
CUST1940,37,25149.21,679.71,21,10,2026-04-14,2025-06-13,6
CUST1341,22,11665.44,530.25,17,4,2026-05-28,2025-08-17,1
CUST1219,27,14308.19,529.93,18,5,2026-05-27,2025-06-27,2
CUST0224,22,11001.73,500.08,12,4,2026-05-06,2025-06-28,3
CUST1969,27,12793.67,473.84,20,5,2026-05-25,2025-06-25,3
CUST1768,36,20106.08,558.5,22,8,2026-05-29,2025-06-05,1
CUST2226,29,22227.19,766.45,19,5,2026-05-12,2025-06-05,4
CUST0881,27,13234.48,490.17,19,10,2026-05-07,2025-06-15,4
CUST2848,24,14384.65,599.36,17,7,2026-05-25,2025-07-28,3
CUST4726,28,11814.29,421.94,22,5,2026-05-02,2025-06-26,3
CUST3758,31,14920.55,481.31,21,9,2026-06-01,2025-06-05,2
CUST0866,33,13999.34,424.22,20,8,2026-05-24,2025-06-12,2
CUST0340,32,15763.98,492.62,19,7,2026-05-13,2025-06-06,3
CUST4528,38,14422.21,379.53,18,7,2026-06-03,2025-06-14,5
CUST0115,20,6186.59,309.33,12,5,2026-05-26,2025-06-11,3
CUST0435,21,11744.42,559.26,14,5,2026-05-25,2025-06-06,2
CUST1028,27,11841.4,438.57,17,6,2026-05-30,2025-06-04,5
CUST2357,30,11265.69,375.52,18,2,2026-05-29,2025-06-05,3
CUST2847,30,13365.72,445.52,16,8,2026-06-02,2025-06-09,2
CUST0972,29,16332.43,563.19,18,1,2026-05-21,2025-06-17,5
CUST1091,24,14269.84,594.58,14,4,2026-06-03,2025-06-15,3
CUST4193,34,17019.07,500.56,22,7,2026-05-17,2025-06-05,3
CUST2836,25,16686.44,667.46,17,7,2026-05-17,2025-06-07,7
CUST0445,25,8337.74,333.51,16,5,2026-05-29,2025-06-14,3
CUST2331,22,14710.67,668.67,9,2,2026-05-26,2025-06-29,4
CUST0581,29,17035.72,587.44,22,8,2026-05-27,2025-06-20,3
CUST3285,28,15421.02,550.75,25,1,2026-05-24,2025-06-06,2
CUST4015,26,14995.76,576.76,18,4,2026-05-12,2025-06-05,1
CUST4904,23,12184.56,529.76,17,2,2026-05-25,2025-06-20,2
CUST4420,33,15561.86,471.57,17,4,2026-05-26,2025-07-09,4
CUST3152,30,17617.12,587.24,16,7,2026-05-28,2025-06-05,6
CUST2041,30,12304.1,410.14,20,10,2026-05-23,2025-06-15,5
CUST3218,29,16922.88,583.55,21,6,2026-06-02,2025-07-31,6
CUST0414,36,21390.93,594.19,21,3,2026-05-27,2025-06-07,1
CUST3297,22,12486.3,567.56,12,3,2026-05-25,2025-06-04,1
CUST2076,28,9947.94,355.28,20,3,2026-05-25,2025-06-21,3
CUST1710,26,14609.17,561.89,17,5,2026-05-23,2025-06-10,3
CUST3986,39,18378.13,471.23,26,9,2026-05-28,2025-06-15,4
CUST3428,21,13325.59,634.55,11,6,2026-04-20,2025-07-01,1
CUST1543,27,13434.84,497.59,18,3,2026-05-05,2025-06-06,2
CUST2591,33,16319.98,494.54,18,5,2026-05-16,2025-06-10,3
CUST3464,28,16012.72,571.88,16,6,2026-05-20,2025-06-09,4
CUST2266,31,15083.61,486.57,17,4,2026-05-12,2025-07-01,4
CUST1035,21,7383.03,351.57,14,7,2026-05-31,2025-06-07,5
CUST3080,25,18209.87,728.39,14,9,2026-04-29,2025-06-06,3
CUST4714,21,7765.54,369.79,13,4,2026-06-01,2025-07-29,1
CUST1342,24,8589.84,357.91,14,4,2026-05-27,2025-06-13,1
CUST2621,21,12518.1,596.1,14,3,2026-05-07,2025-06-14,2
CUST2619,30,16679.38,555.98,18,9,2026-06-01,2025-06-26,4
CUST1698,22,12567.77,571.26,18,4,2026-05-31,2025-06-13,5
CUST4971,22,8923.57,405.62,13,5,2026-05-06,2025-07-01,5
CUST4487,26,15102.87,580.88,14,3,2026-05-25,2025-06-03,1
CUST4051,21,11168.89,531.85,10,4,2026-04-05,2025-07-14,0
CUST1791,36,19000.8,527.8,21,13,2026-06-02,2025-06-03,3
CUST1049,24,9868.37,411.18,11,3,2026-06-02,2025-07-02,2
CUST2113,22,15284.33,694.74,11,4,2026-06-02,2025-06-04,0
CUST0194,31,22515.08,726.29,15,11,2026-05-29,2025-06-10,3
CUST4414,30,16546.1,551.54,20,6,2026-05-31,2025-07-10,3
CUST1023,25,8912.0,356.48,16,2,2026-04-25,2025-06-15,1
CUST0904,23,13810.52,600.46,15,0,2026-04-28,2025-06-11,1
CUST4147,26,14936.41,574.48,15,6,2026-06-03,2025-06-06,5
CUST3100,27,18473.46,684.2,17,7,2026-06-02,2025-06-22,5
CUST4829,31,18958.12,611.55,18,4,2026-04-21,2025-06-13,0
CUST4063,26,11984.33,460.94,14,7,2026-05-19,2025-06-28,5
CUST0407,28,10425.36,372.33,18,8,2026-06-03,2025-06-10,4
CUST0007,35,16846.68,481.33,23,5,2026-06-03,2025-06-20,3
CUST1306,32,16346.67,510.83,16,4,2026-06-03,2025-06-14,3
CUST3361,36,13959.77,387.77,21,10,2026-06-03,2025-06-04,3
CUST0279,37,21275.25,575.01,26,8,2026-06-03,2025-06-10,3
CUST4553,26,11643.29,447.82,12,3,2026-05-15,2025-06-04,3
CUST4939,30,19962.46,665.42,18,5,2026-05-20,2025-06-05,1
CUST3946,27,16456.49,609.5,16,8,2026-05-29,2025-06-18,5
CUST4446,24,15600.68,650.03,14,4,2026-05-27,2025-06-15,0
CUST4158,35,20192.77,576.94,22,12,2026-05-27,2025-06-07,3
CUST3995,30,20737.18,691.24,18,4,2026-05-23,2025-06-03,6
CUST0646,20,11151.92,557.6,14,4,2026-06-01,2025-06-20,3
CUST3049,22,12502.23,568.28,9,6,2026-05-18,2025-06-04,3
CUST1955,26,12202.42,469.32,13,3,2026-05-29,2025-06-08,4
CUST3364,27,12495.23,462.79,16,13,2026-05-30,2025-06-06,2
CUST2506,28,17795.82,635.56,16,4,2026-05-30,2025-06-04,5
CUST1115,29,19492.21,672.15,16,8,2026-05-22,2025-06-13,3
CUST3774,28,16230.21,579.65,20,5,2026-05-31,2025-06-03,2
CUST1886,22,8292.3,376.92,13,5,2026-05-18,2025-06-04,0
CUST2868,33,18517.95,561.15,21,7,2026-06-02,2025-06-03,1
CUST0458,26,19232.28,739.7,15,7,2026-05-29,2025-06-04,3
CUST1683,18,10337.72,574.32,11,3,2026-05-01,2025-07-06,2
CUST4076,23,12870.01,559.57,12,7,2026-03-25,2025-06-18,2
CUST0918,18,8926.87,495.94,10,5,2026-05-18,2025-06-27,1
CUST4353,23,10437.96,453.82,15,2,2026-03-13,2025-06-09,3
CUST2408,24,9431.22,392.97,11,5,2026-06-02,2025-06-19,2
CUST3490,21,8051.53,383.41,14,2,2026-05-19,2025-06-26,2
CUST2826,23,10588.63,460.38,16,5,2026-04-25,2025-06-27,1
CUST3379,21,7738.99,368.52,15,3,2026-04-26,2025-06-09,1
CUST0143,21,11895.53,566.45,12,4,2026-05-18,2025-06-15,3
CUST3808,31,18624.57,600.79,12,6,2026-05-29,2025-06-07,3
CUST1594,21,9618.37,458.02,13,3,2026-05-27,2025-06-21,0
CUST1817,29,18625.01,642.24,20,7,2026-06-03,2025-06-03,3
CUST3422,27,17614.35,652.38,18,7,2026-05-21,2025-06-04,3
CUST1165,29,13237.15,456.45,19,4,2026-06-01,2025-06-12,6
CUST0629,25,13400.15,536.01,18,6,2026-05-29,2025-06-19,6
CUST3044,18,10353.8,575.21,12,3,2026-05-22,2025-06-22,2
CUST1027,35,12357.71,353.08,21,4,2026-06-03,2025-06-10,6
CUST1649,21,9393.43,447.31,14,4,2026-05-26,2025-07-23,0
CUST0185,37,25714.32,694.98,28,8,2026-05-30,2025-06-03,3
CUST1204,21,9816.73,467.46,12,6,2026-05-20,2025-06-26,0
CUST2849,26,12510.26,481.16,21,4,2026-05-17,2025-06-14,1
CUST2272,21,12430.51,591.93,13,2,2026-05-09,2025-06-13,1
CUST1232,27,9445.06,349.82,16,4,2026-03-12,2025-06-03,2
CUST0209,21,11728.55,558.5,14,2,2026-05-12,2025-07-08,4
CUST1613,38,19615.63,516.2,21,7,2026-05-30,2025-06-26,9
CUST0222,30,17192.21,573.07,18,5,2026-06-02,2025-06-06,2
CUST3562,29,16693.04,575.62,17,6,2026-04-30,2025-06-08,4
CUST3436,30,15228.08,507.6,23,7,2026-05-27,2025-06-04,2
CUST1728,22,10240.15,465.46,12,3,2026-04-12,2025-06-14,3
CUST1827,27,12424.15,460.15,10,4,2026-05-16,2025-06-16,6
CUST0576,19,10231.81,538.52,12,1,2026-05-14,2025-06-07,1
CUST3635,29,17904.01,617.38,16,6,2026-05-12,2025-06-03,3
CUST2045,30,12582.0,419.4,18,4,2026-06-02,2025-06-28,6
CUST1751,27,12746.4,472.09,20,4,2026-05-30,2025-06-06,1
CUST4422,31,15944.53,514.34,23,6,2026-05-28,2025-06-23,3
CUST2082,36,14322.25,397.84,22,5,2026-05-29,2025-06-03,4
CUST4431,24,15832.41,659.68,15,4,2026-05-14,2025-07-08,3
CUST1031,24,10508.22,437.84,12,5,2026-04-25,2025-06-12,4
CUST2459,28,12216.76,436.31,17,5,2026-05-29,2025-07-01,3
CUST3838,30,16275.8,542.53,15,4,2026-06-01,2025-06-16,2
CUST0366,37,15625.54,422.31,25,6,2026-05-14,2025-06-10,6
CUST1539,31,18295.19,590.17,21,6,2026-05-28,2025-06-08,2
CUST2761,29,10021.8,345.58,16,9,2026-05-29,2025-06-03,1
CUST2392,27,12319.37,456.27,16,4,2026-05-29,2025-06-12,3
CUST4705,27,17584.82,651.29,15,8,2026-05-30,2025-06-11,2
CUST4308,27,11641.98,431.18,13,2,2026-05-21,2025-06-16,4
CUST0063,23,12144.33,528.01,14,1,2026-06-03,2025-06-07,5
CUST3716,20,8628.49,431.42,14,4,2026-05-28,2025-06-11,0
CUST1595,29,19807.47,683.02,14,5,2026-06-03,2025-07-21,1
CUST0838,41,19203.55,468.38,26,6,2026-05-12,2025-06-04,5
CUST3776,33,19944.82,604.39,19,6,2026-06-02,2025-07-01,3
CUST1032,33,13344.37,404.37,15,4,2026-06-01,2025-06-16,5
CUST3666,20,10602.82,530.14,13,4,2026-05-28,2025-06-03,1
CUST3240,37,19132.65,517.1,22,5,2026-05-30,2025-06-15,2
CUST2124,38,21638.29,569.43,24,9,2026-06-02,2025-06-03,3
CUST2549,29,14866.25,512.63,15,5,2026-05-26,2025-06-14,1
CUST1909,35,14196.69,405.62,21,7,2026-06-01,2025-06-16,7
CUST0092,33,15710.91,476.09,25,6,2026-05-11,2025-06-20,8
CUST1221,27,12178.13,451.04,16,5,2026-06-03,2025-06-14,4
CUST2347,25,12637.2,505.49,19,6,2026-06-02,2025-06-07,0
CUST3799,23,13278.26,577.32,17,3,2026-05-17,2025-06-04,2
CUST2464,31,19594.92,632.09,21,6,2026-05-16,2025-06-07,3
CUST4775,38,23454.11,617.21,22,6,2026-05-16,2025-06-11,2
CUST1339,25,14960.83,598.43,11,4,2026-05-27,2025-06-04,2
CUST1418,32,19102.13,596.94,20,10,2026-05-17,2025-07-01,4
CUST4115,34,15369.13,452.03,19,3,2026-06-02,2025-06-09,8
CUST0828,35,19171.61,547.76,18,8,2026-04-27,2025-07-21,4
CUST1189,27,11787.8,436.59,19,6,2026-05-31,2025-08-08,3
CUST1317,35,19994.32,571.27,20,10,2026-05-16,2025-06-15,4
CUST0777,30,11781.81,392.73,15,7,2026-05-21,2025-06-05,1
CUST1912,25,9109.5,364.38,13,3,2026-05-27,2025-06-21,2
CUST4991,29,11936.04,411.59,17,10,2026-05-22,2025-06-14,2
CUST1141,34,19552.28,575.07,19,8,2026-06-03,2025-07-23,1
CUST1938,31,12657.24,408.3,20,6,2026-06-02,2025-06-04,2
CUST4357,29,10934.0,377.03,12,6,2026-06-03,2025-06-11,3
CUST4795,37,15111.77,408.43,24,6,2026-05-29,2025-06-09,3
CUST2263,32,15714.43,491.08,24,9,2026-05-15,2025-06-25,4
CUST0326,23,12417.85,539.91,14,7,2026-05-20,2025-06-06,0
CUST2874,28,17612.98,629.04,22,4,2026-06-01,2025-06-18,4
CUST2820,31,15718.96,507.06,23,3,2026-06-01,2025-06-10,3
CUST3065,28,14377.68,513.49,18,9,2026-06-02,2025-06-20,1
CUST2136,23,13970.61,607.42,11,6,2026-05-26,2025-06-04,5
CUST2883,26,11799.43,453.82,20,3,2026-05-14,2025-06-06,4
CUST4698,29,10960.03,377.93,14,4,2026-05-20,2025-06-18,4
CUST2757,12,6493.31,541.11,6,3,2026-06-02,2025-06-08,4
CUST1856,32,19477.19,608.66,19,8,2026-05-20,2025-06-13,6
CUST1869,25,10711.04,428.44,16,7,2026-05-23,2025-06-05,1
CUST1966,36,24104.05,669.56,28,8,2026-06-01,2025-06-10,3
CUST0689,25,15739.44,629.58,18,6,2026-05-17,2025-08-15,3
CUST0399,25,8663.73,346.55,14,5,2026-05-09,2025-06-03,2
CUST1651,18,7047.22,391.51,10,4,2026-04-05,2025-06-05,2
CUST3258,35,13761.72,393.19,22,5,2026-05-28,2025-06-08,5
CUST2316,26,14452.29,555.86,10,5,2026-04-28,2025-07-04,4
CUST1583,20,6672.63,333.63,12,6,2026-04-18,2025-07-05,1
CUST4549,35,20725.96,592.17,23,6,2026-05-26,2025-06-05,2
CUST3142,27,15972.37,591.57,20,5,2026-06-03,2025-06-25,1
CUST1102,36,19585.52,544.04,28,6,2026-06-02,2025-06-09,4
CUST0448,32,16436.43,513.64,22,8,2026-04-20,2025-06-06,2
CUST2954,31,18794.14,606.26,14,5,2026-05-10,2025-07-02,4
CUST1999,27,10259.04,379.96,12,3,2026-05-13,2025-06-03,1
CUST1396,26,14356.28,552.16,15,5,2026-05-26,2025-06-26,3
CUST3881,31,16063.46,518.18,19,8,2026-05-26,2025-07-20,7
CUST4028,40,23807.52,595.19,30,13,2026-05-20,2025-06-07,0
CUST3587,33,20620.62,624.87,20,9,2026-06-03,2025-06-25,0
CUST1173,26,18648.14,717.24,16,4,2026-05-24,2025-06-30,1
CUST1184,23,8754.03,380.61,18,5,2026-05-27,2025-07-03,1
CUST1629,32,21663.96,677.0,15,7,2026-05-20,2025-06-26,6
CUST0860,32,16210.94,506.59,23,4,2026-06-03,2025-06-08,3
CUST1082,31,18759.54,605.15,21,5,2026-04-26,2025-06-03,2
CUST3294,24,15906.14,662.76,16,3,2026-05-18,2025-06-06,2
CUST4222,30,14692.35,489.75,17,4,2026-06-03,2025-06-05,2
CUST2919,35,14114.12,403.26,17,8,2026-05-30,2025-06-19,2
CUST0795,35,22775.49,650.73,23,9,2026-05-28,2025-06-03,6
CUST2422,33,18397.04,557.49,24,9,2026-05-27,2025-06-05,1
CUST4877,18,8732.8,485.16,12,4,2026-04-23,2025-06-03,1
CUST1380,27,11099.38,411.09,14,4,2026-05-19,2025-06-08,6
CUST2510,29,16674.25,574.97,15,2,2026-05-16,2025-06-07,3
CUST4785,29,25906.19,893.32,15,6,2026-05-19,2025-06-07,5
CUST0346,20,8709.51,435.48,11,3,2026-05-10,2025-06-14,4
CUST0188,21,9177.13,437.01,10,5,2026-05-28,2025-06-24,1
CUST4391,30,15093.83,503.13,16,5,2026-05-27,2025-07-02,1
CUST2438,28,13323.75,475.85,12,7,2026-05-26,2025-06-08,1
CUST1659,33,15361.56,465.5,23,5,2026-05-31,2025-06-16,3
CUST0332,31,11756.73,379.25,17,9,2026-05-10,2025-06-13,2
CUST0548,29,13489.89,465.17,20,3,2026-04-25,2025-06-06,2
CUST3930,26,8651.05,332.73,17,6,2026-05-30,2025-06-07,3
CUST2947,35,19339.55,552.56,21,9,2026-06-03,2025-06-13,9
CUST4536,27,10125.59,375.02,15,6,2026-06-01,2025-06-08,6
CUST0550,25,9346.38,373.86,14,3,2026-05-12,2025-06-25,1
CUST1131,29,13168.74,454.09,20,7,2026-05-29,2025-06-04,2
CUST2554,28,15179.75,542.13,19,7,2026-05-30,2025-06-30,2
CUST1752,38,18598.45,489.43,20,12,2026-05-28,2025-06-08,6
CUST3752,36,13791.74,383.1,20,6,2026-06-02,2025-07-06,7
CUST2823,30,11137.48,371.25,16,6,2026-05-30,2025-06-08,3
CUST1121,28,16783.57,599.41,17,5,2026-06-02,2025-06-21,3
CUST4801,26,8149.52,313.44,12,6,2026-05-09,2025-06-04,3
CUST3792,20,13470.96,673.55,13,4,2026-05-29,2025-06-29,4
CUST3897,36,15735.58,437.1,22,9,2026-06-01,2025-07-02,4
CUST2773,23,10417.39,452.93,16,7,2026-05-25,2025-06-22,3
CUST1924,28,15611.41,557.55,20,7,2026-06-01,2025-06-24,2
CUST3921,25,11593.66,463.75,11,8,2026-05-28,2025-08-02,3
CUST2907,31,14840.57,478.73,24,6,2026-05-06,2025-06-07,2
CUST3009,31,18053.19,582.36,19,5,2026-05-29,2025-06-08,1
CUST3362,36,17672.22,490.9,26,6,2026-06-03,2025-06-06,4
CUST0636,31,18546.24,598.27,13,9,2026-05-26,2025-06-17,7
CUST1070,34,14514.32,426.89,26,5,2026-05-10,2025-06-19,2
CUST2081,28,13195.6,471.27,18,4,2026-04-24,2025-06-21,2
CUST3093,25,9362.5,374.5,13,5,2026-06-01,2025-06-04,0
CUST4272,33,13784.1,417.7,19,5,2026-06-01,2025-06-06,1
CUST1030,20,13033.4,651.67,14,6,2026-05-26,2025-06-14,3
CUST4531,31,14976.92,483.13,18,7,2026-05-12,2025-06-03,5
CUST4383,25,10384.99,415.4,15,8,2026-05-31,2025-06-10,3
CUST0575,32,17182.25,536.95,21,5,2026-04-20,2025-06-29,2
CUST1756,27,14857.89,550.29,13,7,2026-06-03,2025-06-04,5
CUST1810,24,12380.31,515.85,16,4,2026-06-03,2025-06-29,1
CUST3230,35,20411.94,583.2,19,6,2026-05-12,2025-06-05,2
CUST2512,28,15705.64,560.92,19,2,2026-05-30,2025-06-30,5
CUST2064,33,17863.86,541.33,22,9,2026-05-21,2025-06-03,3
CUST2696,22,13528.63,614.94,17,5,2026-06-02,2025-06-16,1
CUST4240,35,16376.81,467.91,24,9,2026-05-25,2025-06-15,3
CUST3948,26,14324.46,550.94,16,5,2026-05-29,2025-06-12,5
CUST1983,41,20508.67,500.21,25,6,2026-05-31,2025-06-04,5
CUST1074,33,16796.58,508.99,22,6,2026-05-25,2025-06-08,4
CUST3509,32,15814.95,494.22,23,12,2026-06-02,2025-07-22,4
CUST3640,28,12900.35,460.73,18,3,2026-05-31,2025-06-06,6
CUST4370,34,16982.55,499.49,25,4,2026-05-29,2025-06-03,1
CUST1622,34,14002.36,411.83,21,8,2026-05-26,2025-06-03,6
CUST0937,22,13691.12,622.32,16,5,2026-03-20,2025-06-06,2
CUST0291,32,12646.49,395.2,15,7,2026-05-24,2025-06-05,3
CUST0382,31,12337.57,397.99,18,9,2026-05-13,2025-06-06,5
CUST0950,30,13195.39,439.85,23,5,2026-06-03,2025-06-14,4
CUST4595,31,17140.68,552.93,20,9,2026-06-01,2025-06-04,8
CUST0075,29,19547.47,674.05,22,6,2026-05-20,2025-07-14,2
CUST0267,37,22408.39,605.63,23,7,2026-06-02,2025-06-04,8
CUST0013,24,10253.96,427.25,15,4,2026-05-16,2025-06-08,0
CUST2748,34,18696.64,549.9,23,10,2026-06-01,2025-06-07,3
CUST4494,19,10699.1,563.11,12,4,2026-05-27,2025-06-13,3
CUST4700,22,13572.65,616.94,15,6,2026-05-16,2025-07-01,1
CUST0703,32,13893.59,434.17,21,10,2026-05-21,2025-06-13,3
CUST1072,28,17973.69,641.92,19,8,2026-05-29,2025-06-29,3
CUST3215,26,10238.43,393.79,13,3,2026-05-29,2025-06-03,3
CUST0785,25,15453.96,618.16,12,9,2026-05-25,2025-08-16,3
CUST3764,33,15973.92,484.06,21,8,2026-05-20,2025-06-06,9
CUST3714,34,15618.19,459.36,21,6,2026-05-31,2025-06-07,3
CUST0047,31,14296.8,461.19,22,8,2026-05-26,2025-06-03,3
CUST2632,27,14944.33,553.49,15,6,2026-05-10,2025-06-12,2
CUST3967,33,20157.93,610.85,20,6,2026-05-28,2025-06-06,6
CUST4382,22,6422.24,291.92,13,5,2026-06-01,2025-06-28,1
CUST2195,26,17444.78,670.95,18,4,2026-06-02,2025-06-17,4
CUST4760,28,7917.84,282.78,15,6,2026-05-25,2025-06-07,1
CUST2015,25,16582.63,663.31,18,7,2026-05-22,2025-06-19,2
CUST1653,28,12909.53,461.05,16,8,2026-05-31,2025-07-04,3
CUST3888,29,15346.57,529.19,17,2,2026-05-27,2025-06-30,0
CUST3518,33,17899.2,542.4,19,4,2026-05-16,2025-06-03,4
CUST0687,28,14661.84,523.64,20,6,2026-06-01,2025-06-04,3
CUST3942,32,12114.43,378.58,23,13,2026-05-23,2025-06-04,4
CUST3730,34,18942.62,557.14,24,9,2026-05-14,2025-06-14,4
CUST4010,22,9267.9,421.27,17,7,2026-04-24,2025-06-12,3
CUST1276,31,12140.56,391.63,23,8,2026-05-23,2025-06-03,2
CUST4512,33,19362.24,586.73,16,9,2026-05-28,2025-06-25,4
CUST3793,34,21021.48,618.28,17,10,2026-05-29,2025-06-23,6
CUST0155,32,18405.05,575.16,23,6,2026-05-23,2025-06-28,5
CUST1697,24,13859.86,577.49,14,8,2026-05-27,2025-06-15,2
CUST1507,33,19283.04,584.33,21,9,2026-05-22,2025-06-07,4
CUST2093,36,22006.88,611.3,24,7,2026-05-15,2025-06-04,1
CUST3993,29,15861.35,546.94,15,6,2026-05-24,2025-06-07,4
CUST3602,25,13370.22,534.81,18,5,2026-06-03,2025-06-09,3
CUST0036,36,15910.24,441.95,21,5,2026-05-13,2025-06-29,4
CUST2037,32,14917.68,466.18,17,3,2026-05-19,2025-06-26,1
CUST4462,27,9429.85,349.25,15,6,2026-05-27,2025-06-20,3
CUST4975,29,16719.17,576.52,20,2,2026-05-31,2025-06-13,4
CUST0348,21,10759.07,512.34,10,5,2026-04-07,2025-06-18,3
CUST0545,28,9139.0,326.39,17,5,2026-05-30,2025-06-06,1
CUST1575,27,12131.99,449.33,18,8,2026-06-01,2025-06-05,3
CUST2096,29,12694.07,437.73,16,6,2026-05-05,2025-06-04,2
CUST0613,24,18531.43,772.14,8,6,2026-06-02,2025-06-10,2
CUST1647,30,14273.59,475.79,20,9,2026-06-02,2025-06-07,2
CUST4068,32,18720.1,585.0,19,7,2026-05-29,2025-06-12,5
CUST4283,35,17243.43,492.67,18,10,2026-05-29,2025-08-03,6
CUST3216,23,10796.75,469.42,14,3,2026-05-29,2025-06-03,0
CUST1501,19,16324.04,859.16,13,5,2026-05-16,2025-06-30,2
CUST4503,36,15376.66,427.13,24,6,2026-05-21,2025-06-11,3
CUST1833,35,16536.79,472.48,22,3,2026-05-28,2025-06-03,8
CUST2963,34,15105.09,444.27,22,10,2026-06-02,2025-06-09,3
CUST2576,30,24207.66,806.92,16,4,2026-05-05,2025-06-07,2
CUST1995,31,9585.27,309.2,18,6,2026-06-03,2025-06-13,1
CUST2669,33,20289.48,614.83,24,5,2026-06-01,2025-06-04,3
CUST0910,31,16035.57,517.28,22,6,2026-06-01,2025-06-20,3
CUST4588,25,8705.51,348.22,11,6,2026-05-29,2025-06-13,2
CUST4838,26,11279.31,433.82,16,10,2026-06-01,2025-06-17,1
CUST2325,27,15907.52,589.17,18,7,2026-05-21,2025-06-15,4
CUST3120,24,18848.73,785.36,18,3,2026-05-29,2025-06-17,3
CUST0282,33,18046.72,546.87,19,5,2026-05-15,2025-06-03,5
CUST1140,28,15342.98,547.96,23,8,2026-05-19,2025-06-07,0
CUST1769,19,9853.22,518.59,11,4,2026-04-10,2025-06-06,4
CUST0300,24,10344.49,431.02,16,2,2026-05-22,2025-06-05,4
CUST4684,30,11883.94,396.13,19,6,2026-05-31,2025-08-21,2
CUST1986,30,13533.63,451.12,15,4,2026-05-23,2025-06-08,4
CUST0651,40,19708.61,492.72,24,7,2026-04-03,2025-06-05,3
CUST1484,27,15853.54,587.17,18,4,2026-04-17,2025-06-16,2
CUST1363,36,18974.15,527.06,20,6,2026-06-02,2025-06-04,5
CUST0542,30,17431.31,581.04,16,8,2026-04-20,2025-06-05,2
CUST3332,34,16081.01,472.97,21,8,2026-05-26,2025-06-05,5
CUST2274,23,8262.03,359.22,13,6,2026-05-01,2025-06-15,2
CUST1152,20,6855.63,342.78,12,3,2026-05-22,2025-06-19,3
CUST1901,40,18159.09,453.98,25,9,2026-04-29,2025-07-19,4
CUST3293,24,11799.13,491.63,14,6,2026-06-03,2025-06-09,8
CUST4363,26,11071.12,425.81,15,9,2026-05-30,2025-06-04,1
CUST4963,35,22972.82,656.37,19,7,2026-05-23,2025-06-03,4
CUST2057,25,10366.77,414.67,13,4,2026-05-30,2025-06-30,3
CUST0417,26,13774.18,529.78,17,7,2026-06-02,2025-06-03,0
CUST0650,33,16882.43,511.59,18,6,2026-05-29,2025-06-03,6
CUST4441,19,7634.88,401.84,13,5,2026-05-27,2025-06-08,2
CUST3283,39,25317.43,649.16,23,8,2026-05-08,2025-06-17,2
CUST2018,30,14950.91,498.36,16,7,2026-05-31,2025-06-30,4
CUST2225,30,11655.26,388.51,20,4,2026-05-29,2025-06-27,5
CUST4039,32,13123.1,410.1,20,9,2026-05-06,2025-06-16,4
CUST1939,37,18013.41,486.85,19,5,2026-05-09,2025-06-06,1
CUST4112,26,12522.24,481.62,18,10,2026-05-23,2025-06-03,2
CUST0008,28,13188.09,471.0,13,7,2026-05-25,2025-07-11,2
CUST0431,24,11162.51,465.1,13,7,2026-05-30,2025-07-02,2
CUST4827,36,18916.86,525.47,20,13,2026-05-26,2025-06-23,4
CUST2790,35,19358.07,553.09,24,9,2026-05-12,2025-06-10,5
CUST2275,28,16719.25,597.12,18,3,2026-05-23,2025-06-04,6
CUST3740,33,15667.98,474.79,19,6,2026-05-28,2025-06-10,3
CUST2535,23,16286.51,708.11,17,3,2026-05-13,2025-06-24,2
CUST4790,23,16132.72,701.42,12,4,2026-05-25,2025-06-20,1
CUST0756,24,11846.6,493.61,16,6,2026-05-14,2025-07-01,3
CUST4350,37,17351.88,468.97,22,10,2026-06-02,2025-06-03,2
CUST4469,31,15370.88,495.83,19,7,2026-06-01,2025-06-24,6
CUST3102,31,13999.41,451.59,21,10,2026-06-02,2025-06-14,1
CUST4529,26,14437.44,555.29,17,5,2026-06-03,2025-06-10,3
CUST3221,27,10587.44,392.13,22,3,2026-05-21,2025-06-07,5
CUST2879,26,17401.36,669.28,15,7,2026-05-13,2025-06-10,2
CUST0447,23,10447.4,454.23,16,4,2026-05-07,2025-06-03,2
CUST1142,35,14519.81,414.85,20,7,2026-03-13,2025-06-06,3
CUST4435,31,21690.52,699.69,18,8,2026-06-03,2025-06-19,5
CUST1337,34,18811.13,553.27,23,9,2026-05-16,2025-06-13,2
CUST4715,19,12409.51,653.13,10,7,2026-04-07,2025-06-13,0
CUST4847,22,13677.6,621.71,17,5,2026-05-27,2025-06-22,5
CUST1144,28,10219.96,365.0,20,8,2026-06-02,2025-06-06,3
CUST2539,26,11086.06,426.39,19,3,2026-05-22,2025-07-17,7
CUST4429,24,18366.28,765.26,13,4,2026-06-03,2025-06-07,4
CUST1389,29,16465.35,567.77,15,4,2026-06-03,2025-06-16,4
CUST1604,35,16918.21,483.38,19,8,2026-05-30,2025-07-05,2
CUST3109,25,12575.93,503.04,14,6,2026-06-02,2025-06-08,0
CUST0501,35,18748.75,535.68,27,5,2026-06-02,2025-06-18,3
CUST3288,34,15758.38,463.48,23,5,2026-05-28,2025-06-09,1
CUST3703,21,11336.34,539.83,14,4,2026-05-13,2025-06-13,1
CUST2259,26,12998.72,499.95,13,9,2026-05-30,2025-06-19,3
CUST3988,24,10746.91,447.79,16,7,2026-05-31,2025-06-05,2
CUST0158,22,12887.9,585.81,13,5,2026-05-27,2025-06-05,3
CUST3338,25,10939.87,437.59,16,4,2026-05-31,2025-06-03,1
CUST3650,26,11188.59,430.33,18,10,2026-05-14,2025-06-12,5
CUST1541,19,14538.05,765.16,11,3,2026-05-17,2025-06-25,2
CUST1175,26,12998.05,499.93,9,5,2026-05-20,2025-06-05,0
CUST1981,26,18067.08,694.89,16,6,2026-05-11,2025-07-05,3
CUST1687,28,11314.73,404.1,19,9,2026-05-22,2025-06-08,2
CUST4547,34,14114.25,415.13,20,7,2026-05-05,2025-06-05,2
CUST0027,26,16110.38,619.63,15,12,2026-05-15,2025-06-05,4
CUST3867,28,14373.5,513.34,20,6,2026-05-28,2025-06-25,3
CUST2322,16,7108.45,444.28,11,3,2026-05-07,2025-06-13,1
CUST3496,32,12907.48,403.36,19,3,2026-05-23,2025-07-30,5
CUST0420,36,20678.4,574.4,18,7,2026-05-23,2025-06-09,6
CUST3961,35,22617.62,646.22,23,4,2026-06-02,2025-06-05,6
CUST4074,33,18312.66,554.93,24,6,2026-05-17,2025-06-11,4
CUST0839,30,17305.23,576.84,19,3,2026-05-20,2025-07-04,4
CUST4407,29,16069.05,554.11,17,3,2026-05-27,2025-06-24,2
CUST2053,25,8790.1,351.6,17,3,2026-05-16,2025-06-21,2
CUST3629,21,10196.63,485.55,14,5,2026-06-03,2025-06-04,1
CUST3153,32,17602.5,550.08,21,8,2026-05-24,2025-06-05,5
CUST0343,21,13696.7,652.22,13,6,2026-05-31,2025-06-08,2
CUST4296,29,18422.22,635.25,15,8,2026-05-26,2025-07-10,5
CUST3720,23,9664.41,420.19,11,6,2026-05-29,2025-06-22,5
CUST2222,13,7963.15,612.55,7,3,2026-05-23,2025-06-19,1
CUST1850,28,10036.27,358.44,17,7,2026-05-17,2025-07-16,3
CUST3694,26,14000.13,538.47,17,10,2026-04-17,2025-06-15,1
CUST4255,28,15718.54,561.38,11,7,2026-05-15,2025-06-18,3
CUST2498,20,10284.97,514.25,14,7,2026-05-18,2025-06-09,4
CUST0419,26,16359.51,629.21,17,8,2026-05-21,2025-06-09,2
CUST3693,24,13523.3,563.47,15,5,2026-05-28,2025-06-30,0
CUST4225,20,9308.56,465.43,11,5,2026-05-24,2025-06-18,1
CUST4207,37,21032.7,568.45,23,4,2026-05-22,2025-06-07,4
CUST3775,26,14736.71,566.8,16,4,2026-06-03,2025-06-05,1
CUST2526,34,15045.61,442.52,25,6,2026-05-08,2025-06-21,1
CUST3695,33,16162.91,489.79,19,5,2026-05-27,2025-07-27,1
CUST4234,30,13943.97,464.8,14,5,2026-05-30,2025-06-26,2
CUST0320,19,13824.3,727.59,13,6,2026-05-23,2025-07-12,1
CUST3781,30,14071.64,469.05,16,7,2026-05-20,2025-06-07,2
CUST3770,23,9330.9,405.69,18,2,2026-05-24,2025-06-05,2
CUST1006,29,20898.55,720.64,17,7,2026-05-26,2025-06-07,2
CUST0584,22,11515.13,523.42,13,6,2026-05-30,2025-06-30,3
CUST4334,23,15586.91,677.69,14,6,2026-05-20,2025-06-03,3
CUST2557,42,19942.07,474.81,23,9,2026-05-30,2025-06-22,5
CUST2210,15,8343.46,556.23,10,1,2026-05-24,2025-08-05,1
CUST3276,28,13159.27,469.97,15,8,2026-05-24,2025-06-04,3
CUST4615,28,13629.75,486.78,17,6,2026-06-02,2025-06-12,1
CUST1500,20,11319.18,565.96,15,1,2026-04-26,2025-06-21,2
CUST4868,29,13480.93,464.86,19,4,2026-06-01,2025-06-15,3
CUST3262,32,19746.73,617.09,21,3,2026-06-01,2025-06-18,2
CUST1034,35,21194.16,605.55,24,7,2026-05-21,2025-06-09,6
CUST3424,34,16512.69,485.67,21,11,2026-05-23,2025-06-06,6
CUST4527,30,20708.86,690.3,16,7,2026-05-20,2025-06-10,7
CUST1292,28,17680.14,631.43,15,4,2026-05-16,2025-06-30,2
CUST2523,38,17799.5,468.41,24,4,2026-05-27,2025-06-10,0
CUST3182,31,16582.16,534.91,20,6,2026-06-02,2025-06-15,1
CUST4067,35,18491.02,528.31,16,8,2026-05-26,2025-06-15,1
CUST1419,37,14915.2,403.11,23,12,2026-04-27,2025-06-16,3
CUST0408,34,19250.23,566.18,19,6,2026-05-28,2025-06-07,4
CUST3737,24,12988.95,541.21,10,4,2026-05-26,2025-06-07,1
CUST4417,32,17833.1,557.28,21,6,2026-06-01,2025-06-11,0
CUST2702,27,22198.32,822.16,16,2,2026-04-14,2025-06-06,1
CUST1568,26,11086.03,426.39,14,8,2026-05-29,2025-06-14,4
CUST2148,23,11101.35,482.67,12,4,2026-05-08,2025-06-03,3
CUST3219,34,21060.8,619.44,19,9,2026-05-08,2025-06-03,4
CUST4303,18,7040.85,391.16,11,3,2026-06-03,2025-06-27,3
CUST3533,27,16069.5,595.17,19,6,2026-06-01,2025-06-29,3
CUST3970,41,20415.58,497.94,24,10,2026-06-03,2025-06-12,4
CUST0684,25,11719.33,468.77,16,4,2026-06-01,2025-07-16,2
CUST2420,27,13600.82,503.73,17,4,2026-06-03,2025-06-06,0
CUST1316,22,16230.37,737.74,13,6,2026-05-09,2025-06-03,4
CUST0532,30,18433.55,614.45,17,6,2026-05-27,2025-06-04,4
CUST0527,35,15218.69,434.82,25,11,2026-06-01,2025-06-11,3
CUST2270,29,14644.8,504.99,20,5,2026-05-28,2025-07-05,2
CUST3901,36,22802.27,633.4,25,4,2026-05-30,2025-06-03,9
CUST4118,32,15101.73,471.93,18,12,2026-05-16,2025-06-04,2
CUST2837,31,13799.52,445.15,26,7,2026-05-18,2025-06-04,3
CUST0955,34,26731.74,786.23,16,11,2026-05-25,2025-06-10,2
CUST0228,27,16775.02,621.3,17,7,2026-05-24,2025-06-03,7
CUST2144,23,13475.89,585.91,11,5,2026-04-27,2025-06-05,2
CUST2061,22,11878.05,539.91,13,6,2026-05-29,2025-06-05,1
CUST2205,29,17656.61,608.85,15,5,2026-06-01,2025-06-06,3
CUST3404,37,23352.9,631.16,26,11,2026-06-01,2025-06-13,4
CUST2835,28,13400.61,478.59,16,5,2026-05-19,2025-07-01,3
CUST0896,19,11651.94,613.26,12,5,2026-05-29,2025-06-22,1
CUST2602,27,15371.7,569.32,20,2,2026-06-01,2025-06-17,3
CUST0473,30,15594.51,519.82,13,6,2026-05-27,2025-06-15,5
CUST3071,28,15033.03,536.89,18,6,2026-05-12,2025-06-03,0
CUST1730,43,24039.13,559.05,25,11,2026-06-01,2025-06-03,6
CUST3226,23,14467.62,629.03,12,7,2026-05-28,2025-06-11,1
CUST0206,32,18268.57,570.89,17,8,2026-05-26,2025-06-12,4
CUST1360,29,14783.87,509.79,15,8,2026-06-02,2025-06-07,0
CUST1172,32,16754.25,523.57,21,7,2026-06-02,2025-06-07,2
CUST1133,28,14210.14,507.51,16,2,2026-06-01,2025-06-03,2
CUST4806,32,21258.44,664.33,21,9,2026-05-24,2025-06-09,2
CUST2774,34,19888.73,584.96,21,6,2026-05-27,2025-06-09,1
CUST4110,37,17676.45,477.74,22,5,2026-05-16,2025-06-03,5
CUST0877,35,20620.74,589.16,22,7,2026-04-29,2025-06-07,4
CUST3845,31,9959.35,321.27,23,6,2026-05-24,2025-06-08,5
CUST3741,26,13328.2,512.62,15,5,2026-05-30,2025-06-03,1
CUST4323,25,17463.49,698.54,18,3,2026-05-15,2025-06-04,2
CUST1361,34,17575.88,516.94,22,10,2026-05-27,2025-06-09,8
CUST4280,27,14453.44,535.31,21,3,2026-05-13,2025-06-26,3
CUST0662,29,14922.11,514.56,19,5,2026-05-23,2025-06-12,2
CUST4865,33,20488.62,620.87,14,6,2026-06-02,2025-06-16,3
CUST4589,26,14659.88,563.84,16,7,2026-06-01,2025-06-15,3
CUST1128,34,18185.84,534.88,25,12,2026-05-28,2025-06-14,2
CUST3973,31,11858.98,382.55,21,9,2026-05-11,2025-06-11,0
CUST0471,28,13732.99,490.46,16,5,2026-05-22,2025-06-08,3
CUST0902,28,14810.24,528.94,13,5,2026-05-31,2025-06-29,3
CUST1933,17,7838.71,461.1,11,4,2026-05-30,2025-06-16,3
CUST0843,25,11623.43,464.94,12,5,2026-06-02,2025-07-02,3
CUST0261,33,16488.51,499.65,20,8,2026-05-31,2025-06-07,5
CUST2209,28,10390.22,371.08,15,8,2026-06-02,2025-06-20,3
CUST2598,25,15221.35,608.85,17,5,2026-06-01,2025-06-09,2
CUST4355,22,9613.12,436.96,16,4,2026-05-18,2025-06-04,3
CUST0529,35,18332.0,523.77,23,4,2026-05-13,2025-06-07,7
CUST1632,23,10790.96,469.17,16,8,2026-06-01,2025-06-03,1
CUST4196,39,15741.31,403.62,25,16,2026-05-26,2025-06-09,2
CUST0693,28,16879.56,602.84,21,9,2026-05-26,2025-06-24,3
CUST1087,30,18177.91,605.93,18,8,2026-05-31,2025-06-09,5
CUST1387,34,22156.4,651.66,23,9,2026-06-01,2025-06-29,8
CUST4100,34,19850.59,583.84,21,7,2026-05-25,2025-06-18,2
CUST0861,29,13598.87,468.93,21,7,2026-05-26,2025-06-09,1
CUST1717,29,10893.44,375.64,18,11,2026-05-29,2025-06-19,10
CUST4368,26,12924.07,497.08,20,9,2026-05-13,2025-06-16,1
CUST2258,28,17399.44,621.41,16,5,2026-05-07,2025-06-09,3
CUST2586,31,17783.49,573.66,19,7,2026-05-25,2025-06-05,7
CUST1872,33,17810.45,539.71,20,2,2026-06-02,2025-07-10,1
CUST3086,31,19364.89,624.67,22,6,2026-05-19,2025-06-08,1
CUST4687,33,17519.45,530.89,27,8,2026-05-29,2025-06-03,2
CUST4092,33,14562.67,441.29,18,6,2026-05-07,2025-06-08,5
CUST3140,30,15020.59,500.69,22,6,2026-05-19,2025-06-04,2
CUST1526,30,20436.9,681.23,20,8,2026-05-29,2025-06-03,3
CUST4773,30,16209.94,540.33,20,9,2026-05-07,2025-06-21,1
CUST4557,21,12141.02,578.14,13,5,2026-05-24,2025-06-10,1
CUST0093,41,18048.79,440.21,26,11,2026-06-02,2025-06-07,8
CUST4127,31,19667.92,634.45,15,3,2026-05-20,2025-07-19,3
CUST3030,33,19965.55,605.02,18,10,2026-06-01,2025-06-05,1
CUST2928,32,17959.45,561.23,22,8,2026-06-03,2025-06-06,4
CUST2253,31,13819.78,445.8,16,7,2026-05-28,2025-06-04,2
CUST1416,33,10995.87,333.21,18,7,2026-05-21,2025-06-07,3
CUST0492,38,21189.26,557.61,21,9,2026-05-19,2025-06-16,2
CUST2921,30,12285.86,409.53,18,12,2026-04-29,2025-06-24,4
CUST3588,31,15926.79,513.77,20,6,2026-04-24,2025-06-12,2
CUST4356,35,22693.68,648.39,22,10,2026-05-30,2025-07-10,6
CUST1177,35,13845.16,395.58,23,8,2026-05-23,2025-06-08,3
CUST3450,35,21522.19,614.92,24,4,2026-05-28,2025-06-20,5
CUST2690,38,17697.96,465.74,25,11,2026-05-27,2025-06-07,2
CUST3853,34,16552.67,486.84,23,6,2026-05-29,2025-06-03,5
CUST0769,32,13842.26,432.57,20,8,2026-05-02,2025-06-07,8
CUST0632,31,21543.31,694.95,17,5,2026-06-01,2025-06-05,5
CUST0325,43,22520.06,523.72,29,6,2026-06-02,2025-06-14,3
CUST4224,30,13469.37,448.98,18,4,2026-06-01,2025-06-06,5
CUST1261,25,11835.54,473.42,18,4,2026-05-24,2025-06-12,2
CUST0302,31,20356.76,656.67,24,4,2026-05-30,2025-06-12,4
CUST0106,35,14522.61,414.93,18,7,2026-05-29,2025-06-19,4
CUST4789,22,8823.23,401.06,17,0,2026-05-24,2025-06-17,4
CUST1787,26,8813.79,338.99,17,4,2026-06-01,2025-07-09,3
CUST4709,28,12723.31,454.4,13,4,2026-06-02,2025-06-04,6
CUST4271,33,23326.92,706.88,27,4,2026-06-02,2025-06-05,2
CUST2944,31,16537.61,533.47,16,6,2026-05-30,2025-06-10,5
CUST1472,29,14427.94,497.52,17,4,2026-05-30,2025-06-03,2
CUST0725,29,15760.42,543.46,18,6,2026-05-06,2025-06-17,1
CUST1704,31,10769.95,347.42,17,8,2026-05-15,2025-06-03,1
CUST2333,34,11469.88,337.35,21,9,2026-06-02,2025-06-03,4
CUST1873,23,14857.26,645.97,9,8,2026-05-28,2025-06-17,2
CUST0519,41,25002.92,609.83,26,9,2026-06-03,2025-06-28,4
CUST0048,30,18021.05,600.7,17,4,2026-05-11,2025-06-04,4
CUST0846,36,14991.32,416.43,25,5,2026-05-18,2025-06-09,4
CUST0968,29,13035.49,449.5,17,8,2026-05-22,2025-06-04,1
CUST4902,24,13715.44,571.48,12,5,2026-05-28,2025-06-15,1
CUST2254,36,16815.67,467.1,20,12,2026-05-28,2025-06-07,5
CUST1599,36,16604.78,461.24,24,11,2026-05-19,2025-06-16,5
CUST2527,35,16005.48,457.3,23,7,2026-06-02,2025-06-26,9
CUST1212,33,14098.64,427.23,17,8,2026-05-26,2025-06-05,2
CUST4486,25,8150.91,326.04,13,8,2026-05-27,2025-06-04,3
CUST1922,31,19164.18,618.2,23,6,2026-05-18,2025-06-17,5
CUST2548,32,22361.5,698.8,24,10,2026-06-02,2025-06-23,1
CUST1750,28,18382.02,656.5,17,3,2026-05-01,2025-07-04,2
CUST4088,34,16404.21,482.48,24,6,2026-05-03,2025-06-07,6
CUST2935,37,18480.27,499.47,28,8,2026-05-22,2025-06-10,5
CUST2192,30,22187.56,739.59,21,8,2026-05-27,2025-06-05,4
CUST2233,31,15701.74,506.51,21,4,2026-05-01,2025-06-17,2
CUST4571,32,14296.74,446.77,23,12,2026-05-27,2025-06-14,1
CUST1806,47,19916.15,423.75,31,9,2026-05-21,2025-06-03,5
CUST3470,27,10916.29,404.31,14,7,2026-06-03,2025-06-24,4
CUST3797,23,10773.3,468.4,16,5,2026-05-03,2025-06-15,2
CUST2106,17,9075.56,533.86,12,5,2026-05-23,2025-08-19,0
CUST4082,28,13161.07,470.04,16,4,2026-06-02,2025-06-11,4
CUST0066,30,13494.87,449.83,22,7,2026-05-27,2025-07-02,4
CUST1705,26,19629.12,754.97,13,5,2026-05-25,2025-06-05,1
CUST4957,30,16054.86,535.16,19,11,2026-04-26,2025-06-09,5
CUST4327,26,13415.59,515.98,15,8,2026-05-21,2025-07-05,6
CUST1239,30,15048.21,501.61,20,8,2026-05-15,2025-06-22,5
CUST3760,24,11276.91,469.87,16,3,2026-06-03,2025-06-10,3
CUST1839,32,13198.07,412.44,22,9,2026-05-24,2025-06-03,3
CUST4145,30,11971.72,399.06,14,10,2026-05-26,2025-06-18,3
CUST3679,31,16110.78,519.7,20,6,2026-05-31,2025-06-05,3
CUST1437,28,11809.12,421.75,17,6,2026-05-31,2025-06-21,4
CUST0030,24,17973.72,748.91,14,8,2026-06-02,2025-06-12,2
CUST2711,25,10875.25,435.01,17,7,2026-05-15,2025-06-30,4
CUST0043,34,15434.78,453.96,23,14,2026-05-30,2025-06-03,2
CUST3895,28,16846.77,601.67,16,5,2026-06-03,2025-07-19,3
CUST0207,35,17136.44,489.61,26,5,2026-05-25,2025-06-14,4
CUST3505,31,13899.88,448.38,15,6,2026-05-27,2025-06-09,5
CUST4776,23,11695.84,508.51,15,5,2026-04-06,2025-06-04,2
CUST1868,29,14288.99,492.72,18,4,2026-05-30,2025-06-05,1
CUST1727,26,13060.85,502.34,17,1,2026-05-19,2025-06-04,3
CUST2958,32,21097.91,659.31,20,7,2026-05-26,2025-06-20,1
CUST1247,30,14387.33,479.58,21,3,2026-05-28,2025-06-25,3
CUST3028,29,16487.79,568.54,17,5,2026-05-24,2025-06-19,3
CUST3090,32,14852.3,464.13,20,8,2026-05-24,2025-06-30,4
CUST3350,28,15564.37,555.87,11,8,2026-05-27,2025-06-07,4
CUST3453,28,11336.7,404.88,18,5,2026-05-29,2025-08-01,2
CUST4400,23,9131.37,397.02,9,4,2026-04-28,2025-07-03,5
CUST2647,25,12902.91,516.12,15,5,2026-05-11,2025-06-15,4
CUST3836,32,10402.85,325.09,19,6,2026-05-23,2025-06-16,7
CUST0213,26,10358.89,398.42,13,6,2026-06-01,2025-06-09,1
CUST1364,27,12725.44,471.31,18,6,2026-06-03,2025-06-10,3
CUST3392,25,10620.43,424.82,21,5,2026-05-29,2025-06-24,3
CUST3098,30,13869.34,462.31,15,1,2026-05-20,2025-06-24,5
CUST3157,30,18745.61,624.85,22,8,2026-06-01,2025-06-08,3
CUST0996,36,16086.51,446.85,13,6,2026-05-27,2025-06-08,5
CUST0775,29,9604.22,331.18,23,4,2026-05-18,2025-06-15,4
CUST2469,29,13405.43,462.26,20,6,2026-05-30,2025-06-03,2
CUST1558,25,13646.13,545.85,17,6,2026-04-25,2025-06-22,0
CUST0411,31,12809.83,413.22,17,6,2026-05-01,2025-06-06,3
CUST4848,43,21423.99,498.23,26,8,2026-05-19,2025-06-16,2
CUST0772,26,20356.54,782.94,18,3,2026-05-25,2025-07-14,3
CUST4367,29,13581.95,468.34,21,10,2026-05-31,2025-06-11,2
CUST1243,32,10413.84,325.43,18,7,2026-05-21,2025-06-05,3
CUST1745,26,16298.31,626.86,18,2,2026-05-20,2025-06-19,1
CUST1465,30,17645.46,588.18,16,8,2026-05-31,2025-06-05,2
CUST0379,35,14669.66,419.13,23,7,2026-05-04,2025-06-06,3
CUST3335,26,11937.95,459.15,14,5,2026-05-30,2025-06-11,1
CUST1584,36,16019.56,444.99,30,8,2026-05-25,2025-06-05,7
CUST2374,27,18336.06,679.11,16,4,2026-05-18,2025-06-21,1
CUST4943,28,17749.34,633.91,18,5,2026-05-22,2025-06-29,3
CUST1182,31,22126.46,713.76,17,7,2026-05-23,2025-06-10,4
CUST3546,30,19145.08,638.17,21,6,2026-06-02,2025-06-17,5
CUST4696,33,21544.43,652.86,20,7,2026-06-02,2025-06-05,3
CUST2251,22,19792.41,899.66,13,2,2026-06-02,2025-06-07,3
CUST3345,28,16668.55,595.31,17,5,2026-05-26,2025-06-10,2
CUST1663,23,7940.95,345.26,14,4,2026-05-21,2025-06-11,3
CUST4056,29,17730.72,611.4,21,7,2026-05-18,2025-06-07,2
CUST2651,25,12969.88,518.8,17,3,2026-05-21,2025-06-06,4
CUST4185,23,14487.48,629.89,10,6,2026-05-28,2025-07-11,1
CUST0265,18,7962.78,442.38,13,8,2026-05-30,2025-06-30,5
CUST3769,24,12617.38,525.72,15,5,2026-06-01,2025-06-05,2
CUST4424,23,9293.46,404.06,12,5,2026-05-31,2025-08-25,2
CUST2237,27,12603.66,466.8,17,4,2026-05-20,2025-06-08,3
CUST0577,31,12913.23,416.56,19,8,2026-06-02,2025-06-03,4
CUST1960,28,12434.05,444.07,21,7,2026-05-29,2025-06-09,3
CUST3189,43,26505.66,616.41,29,7,2026-06-01,2025-06-03,3
CUST3313,31,18757.83,605.09,22,6,2026-05-18,2025-06-04,3
CUST0342,27,18441.85,683.03,15,9,2026-04-18,2025-06-10,0
CUST4648,33,10269.34,311.19,19,10,2026-05-17,2025-06-06,5
CUST1009,21,9194.22,437.82,12,4,2026-05-08,2025-06-03,1
CUST2032,32,15484.16,483.88,21,11,2026-04-29,2025-06-04,2
CUST4282,33,18602.61,563.72,21,7,2026-05-21,2025-07-16,4
CUST3597,32,21252.33,664.14,22,4,2026-06-03,2025-06-05,2
CUST3680,29,12705.14,438.11,16,7,2026-05-31,2025-06-07,5
CUST0073,27,15801.72,585.25,19,7,2026-06-02,2025-06-12,0
CUST3850,34,20769.48,610.87,19,7,2026-05-29,2025-07-01,2
CUST1064,20,13123.2,656.16,10,5,2026-05-20,2025-06-04,2
CUST1168,29,18840.45,649.67,15,10,2026-05-25,2025-06-05,3
CUST3459,28,13451.53,480.41,19,8,2026-06-02,2025-06-18,2
CUST3475,39,22297.02,571.72,22,9,2026-05-30,2025-06-09,3
CUST3617,35,18697.68,534.22,21,11,2026-05-30,2025-06-06,4
CUST2713,23,14788.05,642.96,15,6,2026-05-23,2025-07-02,2
CUST2961,29,12250.72,422.44,17,4,2026-05-11,2025-06-22,4
CUST3919,23,12633.64,549.29,12,0,2026-06-03,2025-06-12,0
CUST2618,28,18767.84,670.28,19,7,2026-06-01,2025-06-29,0
CUST4807,36,15294.63,424.85,24,2,2026-05-21,2025-06-04,2
CUST1987,31,14671.38,473.27,21,8,2026-05-16,2025-06-09,5
CUST2290,20,12859.84,642.99,10,4,2026-04-15,2025-06-03,3
CUST1774,31,18054.36,582.4,21,8,2026-06-01,2025-06-05,3
CUST0640,25,9057.49,362.3,17,3,2026-06-01,2025-06-12,1
CUST2039,26,10693.58,411.29,20,4,2026-05-02,2025-06-30,3
CUST1231,24,12456.17,519.01,15,3,2026-06-02,2025-07-07,0
CUST4136,31,13499.28,435.46,20,2,2026-05-27,2025-06-12,3
CUST2800,26,15947.94,613.38,17,7,2026-05-28,2025-06-12,2
CUST1403,39,23388.22,599.7,22,10,2026-05-29,2025-06-09,5
CUST4263,37,23569.81,637.02,21,7,2026-06-01,2025-06-05,4
CUST1760,24,16883.64,703.49,13,5,2026-04-13,2025-06-03,3
CUST1726,29,13983.66,482.2,17,7,2026-05-16,2025-06-11,0
CUST0201,30,14717.74,490.59,21,5,2026-05-29,2025-06-22,4
CUST4964,30,17691.03,589.7,21,7,2026-05-27,2025-06-09,2
CUST1736,27,10650.24,394.45,13,5,2026-05-11,2025-06-09,4
CUST4152,26,14519.71,558.45,19,3,2026-05-29,2025-06-11,3
CUST4364,31,18662.32,602.01,19,5,2026-05-26,2025-06-10,0
CUST0459,28,12702.19,453.65,11,7,2026-06-03,2025-06-15,4
CUST3870,30,17896.0,596.53,23,5,2026-05-29,2025-06-11,4
CUST0855,29,14933.84,514.96,23,7,2026-05-23,2025-06-04,2
CUST4050,28,17858.89,637.82,17,4,2026-05-26,2025-06-04,5
CUST2194,32,15339.7,479.37,19,6,2026-05-26,2025-06-12,3
CUST1682,30,15253.74,508.46,17,4,2026-06-01,2025-06-06,3
CUST3607,20,9695.55,484.78,14,3,2026-05-19,2025-06-06,2
CUST3418,30,14503.38,483.45,24,3,2026-06-02,2025-06-11,5
CUST3609,34,12028.14,353.77,21,8,2026-06-03,2025-06-08,5
CUST0512,33,16579.3,502.4,25,7,2026-05-20,2025-06-17,4
CUST4442,29,18787.79,647.85,20,13,2026-04-29,2025-06-13,2
CUST4839,23,9643.92,419.3,9,3,2026-05-31,2025-06-11,2
CUST0681,31,14372.78,463.64,25,2,2026-05-28,2025-06-17,1
CUST4850,26,14681.21,564.66,15,4,2026-05-18,2025-07-11,1
CUST4662,32,15473.05,483.53,18,6,2026-05-23,2025-06-03,4
CUST2908,30,21416.76,713.89,16,5,2026-06-02,2025-06-05,1
CUST4496,20,7933.24,396.66,15,4,2026-06-01,2025-06-08,2
CUST4307,23,9075.96,394.61,13,5,2026-05-17,2025-06-15,3
CUST0186,21,11382.32,542.02,19,4,2026-06-02,2025-06-10,2
CUST0616,32,18741.27,585.66,17,11,2026-05-27,2025-06-08,4
CUST3214,21,8654.82,412.13,7,2,2026-06-03,2025-07-02,1
CUST3510,34,17275.83,508.11,17,12,2026-05-20,2025-06-08,4
CUST0599,39,22407.29,574.55,26,8,2026-05-31,2025-06-16,3
CUST0593,20,10130.81,506.54,14,3,2026-04-04,2025-06-07,3
CUST3415,35,16971.08,484.89,19,6,2026-05-29,2025-06-20,3
CUST2300,19,6643.72,349.67,12,3,2026-05-22,2025-07-25,3
CUST3745,25,10032.73,401.31,19,9,2026-05-10,2025-06-04,6
CUST0293,33,12789.87,387.57,21,5,2026-05-20,2025-06-05,5
CUST0223,25,12547.85,501.91,15,5,2026-05-23,2025-07-01,1
CUST1210,28,12078.59,431.38,19,4,2026-06-01,2025-07-07,2
CUST0142,22,14791.58,672.34,11,5,2026-06-01,2025-06-20,4
CUST4689,24,16257.16,677.38,12,4,2026-05-31,2025-06-04,2
CUST0760,23,10936.51,475.5,22,6,2026-05-16,2025-07-17,5
CUST0225,21,12439.24,592.34,13,8,2026-05-03,2025-09-09,0
CUST2830,31,15663.1,505.26,20,4,2026-05-30,2025-06-05,4
CUST2884,25,16568.41,662.74,11,3,2026-06-03,2025-06-16,1
CUST4981,21,9713.51,462.55,12,7,2026-04-25,2025-06-17,3
CUST4733,27,14701.75,544.51,19,7,2026-05-30,2025-06-03,0
CUST4436,26,11971.93,460.46,18,3,2026-05-28,2025-06-17,3
CUST0514,20,7422.46,371.12,10,2,2026-05-27,2025-06-18,1
CUST3727,32,13458.47,420.58,18,8,2026-05-31,2025-06-09,4
CUST1621,23,8492.7,369.25,15,2,2026-05-21,2025-06-07,1
CUST3528,41,16632.61,405.67,24,7,2026-06-03,2025-06-10,4
CUST4603,35,14625.27,417.86,21,10,2026-05-22,2025-06-17,6
CUST3468,20,14161.59,708.08,14,3,2026-05-27,2025-06-11,0
CUST0237,27,14298.98,529.59,17,4,2026-05-31,2025-07-10,0
CUST0033,27,9152.14,338.97,19,6,2026-05-20,2025-06-13,7
CUST2080,34,21470.2,631.48,17,8,2026-05-08,2025-06-04,2
CUST1721,35,21167.06,604.77,18,7,2026-04-24,2025-06-03,5
CUST2401,24,11485.04,478.54,10,5,2026-06-03,2025-06-03,1
CUST4169,27,10969.56,406.28,19,6,2026-05-16,2025-06-07,7
CUST4937,28,15660.72,559.31,14,6,2026-06-02,2025-06-12,3
CUST0438,38,21402.45,563.22,20,5,2026-06-02,2025-06-09,4
CUST0958,20,10330.72,516.54,15,2,2026-05-08,2025-06-09,2
CUST1456,29,13612.22,469.39,18,8,2026-05-29,2025-06-06,1
CUST0634,29,10519.73,362.75,23,6,2026-05-31,2025-06-06,2
CUST4478,30,12996.11,433.2,22,5,2026-05-12,2025-06-03,3
CUST1854,36,18347.72,509.66,20,6,2026-05-17,2025-06-27,1
CUST3933,22,11788.95,535.86,19,4,2026-05-07,2025-06-27,2
CUST1930,28,13877.82,495.64,17,6,2026-06-03,2025-06-14,4
CUST1454,22,10808.23,491.28,17,4,2026-05-24,2025-06-03,2
CUST1385,16,5226.58,326.66,7,3,2026-05-06,2025-06-20,2
CUST3936,33,19862.22,601.89,20,5,2026-05-19,2025-06-07,6
CUST0242,26,14763.25,567.82,11,4,2026-06-03,2025-07-05,4
CUST1298,30,17758.79,591.96,18,8,2026-05-06,2025-07-04,3
CUST1005,28,11278.09,402.79,16,4,2026-05-23,2025-06-25,3
CUST4311,28,19837.01,708.46,15,7,2026-05-27,2025-06-13,6
CUST3852,31,12578.56,405.76,17,6,2026-05-17,2025-07-12,1
CUST1972,39,22998.05,589.69,26,11,2026-05-30,2025-06-12,4
CUST4438,34,20061.21,590.04,22,9,2026-06-02,2025-07-03,3
CUST0247,32,16187.36,505.85,24,6,2026-06-02,2025-06-16,4
CUST1859,24,12854.37,535.6,18,5,2026-06-01,2025-06-04,1
CUST4066,36,17667.09,490.75,21,5,2026-05-26,2025-06-03,5
CUST3181,25,13702.64,548.11,15,5,2026-06-03,2025-06-09,4
CUST0397,33,17310.11,524.55,18,7,2026-05-18,2025-06-15,4
CUST4116,30,20591.87,686.4,21,4,2026-06-02,2025-06-15,4
CUST3247,35,19583.41,559.53,24,7,2026-05-10,2025-06-04,6
CUST1557,32,16365.32,511.42,19,4,2026-05-24,2025-06-06,2
CUST1459,33,18951.71,574.29,24,3,2026-06-03,2025-07-04,7
CUST1795,27,14946.74,553.58,21,6,2026-05-30,2025-07-04,1
CUST0871,26,14804.18,569.39,15,4,2026-06-03,2025-06-06,2
CUST1132,41,25630.78,625.14,28,6,2026-05-26,2025-06-13,6
CUST3662,24,11019.37,459.14,14,6,2026-05-03,2025-06-29,2
CUST4625,36,17758.91,493.3,25,7,2026-05-26,2025-06-05,3
CUST4771,39,22654.54,580.89,20,5,2026-05-23,2025-06-08,6
CUST0562,25,12565.23,502.61,12,7,2026-04-10,2025-07-14,6
CUST3580,30,17539.0,584.63,15,2,2026-05-14,2025-06-16,1
CUST2819,26,15274.48,587.48,12,3,2026-05-13,2025-07-11,7
CUST0574,23,9818.6,426.9,14,4,2026-05-24,2025-06-03,1
CUST0705,30,13922.87,464.1,16,5,2026-05-27,2025-06-08,1
CUST3638,31,15771.67,508.76,25,2,2026-06-03,2025-06-09,6
CUST2424,30,16206.75,540.23,18,7,2026-06-03,2025-06-08,3
CUST4746,25,8481.58,339.26,18,4,2026-06-03,2025-06-08,3
CUST2221,18,6296.09,349.78,14,5,2026-06-03,2025-06-25,3
CUST4091,18,8627.64,479.31,11,4,2026-05-22,2025-06-17,1
CUST2547,28,16010.69,571.81,17,9,2026-05-21,2025-06-30,1
CUST3807,30,16538.82,551.29,18,4,2026-05-27,2025-06-19,4
CUST0504,33,12813.54,388.29,18,5,2026-05-31,2025-06-15,3
CUST4804,33,17941.15,543.67,19,6,2026-05-11,2025-06-04,3
CUST4923,24,11995.78,499.82,14,2,2026-06-02,2025-06-12,1
CUST3682,45,21526.85,478.37,26,11,2026-05-10,2025-06-07,2
CUST4473,32,15332.97,479.16,20,8,2026-05-31,2025-06-09,1
CUST4335,33,19845.26,601.37,23,10,2026-05-31,2025-06-08,4
CUST2153,31,18691.05,602.94,20,7,2026-05-29,2025-06-04,7
CUST3883,18,12264.78,681.38,12,4,2026-06-03,2025-07-20,0
CUST3940,24,12273.7,511.4,14,2,2026-05-05,2025-07-17,0
CUST0268,26,13519.58,519.98,16,3,2026-05-30,2025-06-05,1
CUST2809,39,23512.46,602.88,28,6,2026-05-28,2025-06-13,4
CUST4885,28,13954.19,498.36,15,4,2026-05-22,2025-06-06,7
CUST1716,37,21586.79,583.43,24,7,2026-05-29,2025-06-06,3
CUST4579,31,16058.06,518.0,18,3,2026-06-02,2025-06-17,5
CUST1946,20,11843.54,592.18,16,2,2026-05-20,2025-07-10,4
CUST1925,32,18716.78,584.9,21,4,2026-06-01,2025-07-21,3
CUST2059,31,17869.76,576.44,14,5,2026-05-31,2025-06-04,2
CUST0116,30,23418.92,780.63,18,6,2026-05-31,2025-06-23,2
CUST4610,42,20637.43,491.37,27,12,2026-05-10,2025-06-09,3
CUST3305,34,15623.83,459.52,21,10,2026-05-29,2025-06-05,3
CUST4166,33,18128.13,549.34,22,12,2026-05-30,2025-07-04,4
CUST2573,31,13703.8,442.06,22,7,2026-05-04,2025-06-03,3
CUST4044,23,11206.26,487.23,15,3,2026-05-23,2025-06-24,3
CUST0870,24,13072.35,544.68,18,7,2026-05-26,2025-06-24,0
CUST3409,20,10286.91,514.35,12,2,2026-05-29,2025-06-04,2
CUST2844,27,11822.66,437.88,19,3,2026-05-16,2025-07-18,3
CUST0788,25,9754.17,390.17,13,7,2026-05-04,2025-06-10,5
CUST3223,36,14989.54,416.38,24,9,2026-05-15,2025-06-12,2
CUST2411,26,13113.55,504.37,18,4,2026-05-31,2025-06-08,2
CUST0523,27,9747.94,361.03,17,4,2026-05-25,2025-06-26,3
CUST4706,29,16291.16,561.76,17,6,2026-06-01,2025-06-19,4
CUST2375,32,15986.29,499.57,19,4,2026-04-08,2025-06-07,1
CUST0338,24,9525.91,396.91,16,2,2026-05-30,2025-06-15,2
CUST4977,33,12847.44,389.32,17,7,2026-06-03,2025-06-11,3
CUST3736,35,16392.69,468.36,25,8,2026-05-13,2025-06-04,4
CUST3469,25,9795.4,391.82,13,7,2026-05-27,2025-06-09,1
CUST4586,25,17381.82,695.27,14,3,2026-05-19,2025-06-08,2
CUST1506,21,11463.87,545.9,13,4,2026-05-26,2025-06-11,1
CUST3866,26,15418.4,593.02,14,5,2026-05-08,2025-06-11,2
CUST3646,32,14353.23,448.54,23,4,2026-06-03,2025-06-13,3
CUST1510,27,14860.55,550.39,16,6,2026-05-28,2025-06-23,1
CUST4970,29,13706.46,472.64,20,10,2026-05-19,2025-06-11,3
CUST0310,34,17777.13,522.86,24,10,2026-05-22,2025-06-04,6
CUST0926,29,15332.89,528.72,17,5,2026-06-03,2025-06-09,4
CUST3825,26,19657.33,756.05,14,9,2026-05-19,2025-06-11,2
CUST0150,25,13872.21,554.89,12,3,2026-06-03,2025-06-22,1
CUST1657,30,17176.78,572.56,17,6,2026-06-01,2025-06-28,6
CUST2901,37,22233.28,600.9,20,9,2026-05-29,2025-06-09,4
CUST0381,25,10148.42,405.94,15,5,2026-05-23,2025-06-04,1
CUST2178,20,8655.67,432.78,11,2,2026-05-15,2025-06-10,0
CUST2571,35,19454.37,555.84,25,6,2026-06-01,2025-07-21,3
CUST3606,27,10921.16,404.49,18,8,2026-06-01,2025-06-03,3
CUST3242,38,17231.14,453.45,27,9,2026-05-01,2025-06-14,1
CUST1992,35,15596.11,445.6,23,10,2026-05-25,2025-06-06,1
CUST3592,16,7936.29,496.02,11,5,2026-04-01,2025-06-17,1
CUST0373,25,16600.93,664.04,10,5,2026-04-05,2025-06-10,4
CUST4858,29,15330.15,528.63,18,7,2026-05-27,2025-06-06,3
CUST1943,18,9925.49,551.42,9,4,2026-05-23,2025-06-05,2
CUST1725,24,14844.51,618.52,17,5,2026-05-25,2025-06-13,3
CUST3615,26,12883.41,495.52,18,3,2026-05-26,2025-06-15,3
CUST2814,32,14293.63,446.68,22,4,2026-05-13,2025-06-14,6
CUST1467,27,7605.51,281.69,17,3,2026-06-03,2025-07-11,6
CUST4633,19,11034.56,580.77,12,3,2026-05-31,2025-06-03,2
CUST2951,28,13974.08,499.07,20,3,2026-06-03,2025-06-06,4
CUST1441,22,13125.95,596.63,12,3,2026-06-01,2025-06-07,3
CUST4297,29,8207.41,283.01,18,5,2026-05-17,2025-06-05,2
CUST0263,32,19009.19,594.04,18,7,2026-05-24,2025-06-09,7
CUST4635,24,15064.09,627.67,15,8,2026-03-19,2025-07-01,4
CUST0707,35,19545.52,558.44,22,4,2026-06-03,2025-07-20,1
CUST1931,31,15286.85,493.12,19,8,2026-05-04,2025-06-06,0
CUST1446,35,16715.37,477.58,21,9,2026-04-30,2025-06-03,4
CUST3315,31,13139.45,423.85,20,5,2026-05-25,2025-08-04,3
CUST4994,27,14437.21,534.71,18,10,2026-06-01,2025-06-16,3
CUST3589,31,13040.59,420.66,15,5,2026-06-01,2025-06-03,3
CUST0886,33,16081.24,487.31,19,9,2026-05-20,2025-06-22,2
CUST3508,23,13946.43,606.37,16,6,2026-05-22,2025-06-25,3
CUST2022,35,16591.68,474.05,18,8,2026-05-31,2025-06-22,2
CUST1026,28,20055.63,716.27,15,6,2026-05-27,2025-06-26,4
CUST4012,31,16093.46,519.14,19,8,2026-05-14,2025-06-09,2
CUST3220,27,12579.09,465.89,17,6,2026-05-11,2025-07-08,2
CUST4658,36,14143.75,392.88,20,9,2026-05-08,2025-06-03,1
CUST1116,29,14628.1,504.42,14,4,2026-05-30,2025-06-10,2
CUST2712,31,18984.81,612.41,21,9,2026-05-21,2025-06-04,5
CUST2639,34,17481.1,514.15,22,8,2026-05-22,2025-06-09,6
CUST1469,32,18018.46,563.08,25,4,2026-05-26,2025-06-03,2
CUST1840,33,12365.98,374.73,19,10,2026-05-28,2025-06-24,8
CUST4580,34,20138.37,592.31,19,6,2026-05-12,2025-06-04,6
CUST0909,18,10780.42,598.91,11,1,2026-05-11,2025-06-03,1
CUST2622,29,12369.53,426.54,21,5,2026-05-18,2025-06-11,3
CUST0032,26,15483.93,595.54,20,5,2026-06-03,2025-06-16,3
CUST0370,28,13611.55,486.13,17,10,2026-05-24,2025-06-03,4
CUST2364,25,11234.32,449.37,12,7,2026-05-21,2025-06-04,4
CUST1194,26,11119.29,427.67,19,4,2026-05-24,2025-07-10,0
CUST2763,27,9241.25,342.27,15,4,2026-05-26,2025-07-04,4
CUST3676,32,18620.69,581.9,16,7,2026-05-05,2025-06-03,3
CUST0971,32,20037.23,626.16,22,6,2026-05-29,2025-06-03,5
CUST2666,31,17018.14,548.97,19,7,2026-05-16,2025-06-14,1
CUST2546,27,11244.96,416.48,16,8,2026-05-09,2025-06-20,5
CUST1895,32,14690.65,459.08,22,6,2026-06-01,2025-06-05,1
CUST1447,32,17783.95,555.75,20,5,2026-06-02,2025-06-14,4
CUST2399,31,17382.86,560.74,21,10,2026-05-20,2025-06-13,4
CUST2010,29,14901.11,513.83,18,4,2026-06-03,2025-06-11,2
CUST0922,32,15958.22,498.69,22,6,2026-05-28,2025-06-09,5
CUST0067,31,16822.86,542.67,21,4,2026-05-28,2025-06-06,6
CUST4751,26,15522.92,597.04,15,7,2026-05-01,2025-07-03,2
CUST4660,26,13743.82,528.61,17,8,2026-05-24,2025-06-03,2
CUST0897,27,13805.6,511.32,17,6,2026-05-28,2025-06-17,1
CUST2182,30,15354.66,511.82,16,9,2026-05-24,2025-06-08,2
CUST0924,26,12376.77,476.03,16,7,2026-06-01,2025-06-08,3
CUST1627,32,12611.16,394.1,21,6,2026-06-02,2025-06-13,3
CUST3036,28,19501.16,696.47,16,4,2026-05-13,2025-06-20,1
CUST3444,35,13380.26,382.29,23,10,2026-05-24,2025-06-23,2
CUST0583,37,20167.24,545.06,20,5,2026-06-02,2025-06-12,3
CUST1885,30,15346.88,511.56,22,6,2026-05-24,2025-06-12,1
CUST4390,37,17497.39,472.9,27,7,2026-05-04,2025-06-12,6
CUST1870,27,14455.12,535.37,16,1,2026-05-17,2025-06-26,3
CUST4892,27,10038.45,371.79,18,6,2026-05-15,2025-06-30,3
CUST1822,26,13869.64,533.45,21,4,2026-06-03,2025-06-14,2
CUST2892,25,13580.38,543.22,20,6,2026-05-21,2025-06-23,6
CUST3915,28,17885.38,638.76,15,4,2026-06-01,2025-07-01,5
CUST3554,24,18197.28,758.22,11,6,2026-06-01,2025-06-27,2
CUST1370,28,18321.05,654.32,14,9,2026-05-02,2025-06-13,3
CUST0372,27,12779.83,473.33,14,8,2026-05-24,2025-06-16,3
CUST1614,23,9888.22,429.92,14,3,2026-05-25,2025-06-06,4
CUST2810,25,15888.78,635.55,13,7,2026-05-06,2025-06-05,5
CUST3358,38,19615.23,516.19,26,9,2026-05-29,2025-06-04,4
CUST0276,30,18287.03,609.57,17,9,2026-05-18,2025-07-02,2
CUST3798,32,19420.98,606.91,21,12,2026-06-03,2025-06-09,4
CUST1559,31,21750.19,701.62,19,4,2026-05-26,2025-06-03,7
CUST3225,30,13868.2,462.27,18,13,2026-05-28,2025-07-21,5
CUST1105,28,12263.37,437.98,12,6,2026-05-24,2025-06-24,3
CUST1180,32,23302.92,728.22,21,9,2026-05-31,2025-07-01,5
CUST1104,32,21494.31,671.7,20,5,2026-05-26,2025-06-05,3
CUST4454,30,15420.26,514.01,20,11,2026-05-20,2025-06-03,3
CUST3815,35,24121.89,689.2,25,8,2026-05-30,2025-06-07,5
CUST3292,28,19089.03,681.75,17,4,2026-05-30,2025-07-21,1
CUST4843,34,13262.46,390.07,22,5,2026-05-27,2025-06-05,1
CUST1699,25,9179.28,367.17,14,2,2026-04-10,2025-06-06,2
CUST2200,24,11783.3,490.97,17,7,2026-05-14,2025-06-21,2
CUST1100,29,16571.09,571.42,16,6,2026-05-22,2025-06-15,1
CUST0934,30,18533.58,617.79,21,10,2026-06-02,2025-06-23,3
CUST1001,31,15998.87,516.09,17,3,2026-05-25,2025-06-28,6
CUST4498,35,18082.65,516.65,21,7,2026-05-21,2025-06-10,5
CUST3687,24,12868.51,536.19,17,9,2026-04-28,2025-06-10,3
CUST3572,23,8166.09,355.05,15,2,2026-05-31,2025-06-07,2
CUST1766,31,15316.36,494.08,19,5,2026-05-31,2025-06-04,7
CUST0895,33,16876.5,511.41,22,12,2026-05-21,2025-06-14,1
CUST1295,30,11540.24,384.67,16,3,2026-05-11,2025-06-04,3
CUST4343,31,12681.54,409.08,18,8,2026-05-22,2025-06-03,1
CUST4000,33,15557.57,471.44,24,7,2026-05-30,2025-06-10,2
CUST1650,24,16782.47,699.27,17,7,2026-06-01,2025-07-20,2
CUST4170,27,14390.14,532.97,17,3,2026-05-16,2025-06-18,3
CUST3476,30,17246.91,574.9,21,7,2026-05-22,2025-06-10,4
CUST1744,20,10501.17,525.06,17,6,2026-05-17,2025-06-05,0
CUST1167,31,15249.39,491.92,16,6,2026-05-30,2025-06-11,3
CUST1199,36,16321.03,453.36,24,9,2026-05-27,2025-06-16,3
CUST3743,19,11221.67,590.61,13,8,2026-05-29,2025-06-07,1
CUST3411,32,20568.67,642.77,21,4,2026-06-02,2025-06-24,3
CUST4655,35,19934.61,569.56,22,8,2026-05-16,2025-06-04,3
CUST1183,24,9098.22,379.09,13,3,2026-06-03,2025-06-15,0
CUST1534,37,22433.97,606.32,24,5,2026-05-22,2025-06-06,6
CUST0274,33,16616.74,503.54,20,4,2026-05-29,2025-06-08,4
CUST1904,31,16514.37,532.72,16,5,2026-05-28,2025-06-05,3
CUST0011,21,11950.81,569.09,12,7,2026-05-26,2025-06-11,1
CUST2336,26,12708.93,488.81,15,2,2026-05-19,2025-06-17,3
CUST3864,26,13232.26,508.93,12,8,2026-06-01,2025-06-18,1
CUST0311,26,17825.0,685.58,16,2,2026-06-03,2025-06-19,3
CUST0719,28,13671.82,488.28,17,7,2026-05-28,2025-06-11,4
CUST2248,34,14234.71,418.67,23,6,2026-05-09,2025-06-06,5
CUST3954,28,11351.43,405.41,16,2,2026-05-26,2025-06-15,4
CUST4901,27,12599.58,466.65,17,9,2026-05-26,2025-06-28,4
CUST1300,19,8978.64,472.56,13,4,2026-04-17,2025-06-15,1
CUST4856,37,17100.07,462.16,25,8,2026-06-01,2025-06-13,3
CUST3992,25,18509.01,740.36,18,4,2026-05-31,2025-06-07,1
CUST2699,28,11206.68,400.24,19,4,2026-05-24,2025-06-10,1
CUST2646,30,11143.9,371.46,16,7,2026-06-01,2025-06-06,3
CUST2482,30,14734.75,491.16,21,4,2026-05-25,2025-06-05,3
CUST1739,38,18273.45,480.88,22,7,2026-05-21,2025-06-20,7
CUST3494,30,15362.2,512.07,24,5,2026-05-26,2025-06-10,2
CUST2269,23,12158.47,528.63,14,5,2026-06-01,2025-06-07,0
CUST2054,24,19501.71,812.57,17,6,2026-05-20,2025-06-06,3
CUST0259,28,14044.11,501.58,17,8,2026-05-28,2025-06-22,1
CUST4741,39,15285.36,391.93,24,7,2026-05-19,2025-06-14,3
CUST1640,32,14002.32,437.57,20,3,2026-05-25,2025-06-16,3
CUST0181,41,18154.66,442.8,27,11,2026-05-30,2025-06-05,2
CUST3871,28,16145.98,576.64,15,3,2026-05-26,2025-06-08,2
CUST0380,25,13104.77,524.19,16,4,2026-05-01,2025-06-10,2
CUST1556,34,13420.96,394.73,24,5,2026-05-31,2025-06-14,5
CUST4237,33,19950.69,604.57,20,8,2026-05-28,2025-06-07,3
CUST3861,29,13738.23,473.73,14,4,2026-05-30,2025-06-05,3
CUST0962,27,12797.9,474.0,19,8,2026-05-27,2025-06-20,2
CUST0537,24,13142.55,547.61,13,5,2026-05-31,2025-06-26,3
CUST1238,27,11618.03,430.3,21,6,2026-05-04,2025-06-07,4
CUST2700,36,18553.9,515.39,23,9,2026-05-26,2025-06-06,5
CUST0597,29,19783.39,682.19,15,3,2026-06-02,2025-06-09,3
CUST0869,35,20199.6,577.13,25,8,2026-06-03,2025-06-28,4
CUST0644,34,17621.73,518.29,21,7,2026-06-01,2025-06-30,2
CUST4506,28,14727.37,525.98,12,7,2026-05-29,2025-06-19,4
CUST4575,23,11738.25,510.36,14,4,2026-05-31,2025-06-11,3
CUST2537,33,16056.66,486.57,25,4,2026-06-02,2025-07-03,2
CUST0844,25,12690.53,507.62,15,3,2026-05-31,2025-06-13,5
CUST0170,37,17584.74,475.26,24,4,2026-05-21,2025-06-08,7
CUST0035,26,15780.72,606.95,16,5,2026-05-14,2025-06-06,4
CUST1883,31,20350.22,656.46,20,5,2026-05-07,2025-06-06,3
CUST4140,25,14883.6,595.34,17,5,2026-05-05,2025-06-04,2
CUST2681,35,15844.05,452.69,22,7,2026-05-26,2025-06-14,2
CUST2754,31,15304.88,493.71,18,7,2026-05-08,2025-06-06,5
CUST3998,27,11728.5,434.39,17,4,2026-05-24,2025-06-16,3
CUST3267,32,16624.12,519.5,21,7,2026-05-22,2025-06-24,2
CUST0339,35,21989.92,628.28,21,8,2026-05-27,2025-06-09,5
CUST0778,24,11570.76,482.12,9,4,2026-06-03,2025-06-16,0
CUST1287,29,15288.9,527.2,19,5,2026-05-22,2025-06-11,2
CUST0477,35,18937.74,541.08,19,5,2026-05-15,2025-06-11,5
CUST0017,28,10001.85,357.21,20,4,2026-05-23,2025-06-28,3
CUST1545,24,12811.46,533.81,15,2,2026-06-03,2025-06-09,2
CUST3397,25,13553.34,542.13,17,5,2026-04-20,2025-06-18,3
CUST2731,28,13245.67,473.06,17,8,2026-05-29,2025-06-03,4
CUST0103,35,23208.51,663.1,18,8,2026-06-03,2025-06-27,1
CUST4909,31,13774.12,444.33,23,4,2026-05-19,2025-06-07,2
CUST2561,26,13926.57,535.64,18,5,2026-04-12,2025-06-06,2
CUST4998,24,9295.23,387.3,19,2,2026-05-30,2025-06-13,2
CUST0779,32,15493.47,484.17,19,5,2026-05-14,2025-06-12,3
CUST2345,26,17564.31,675.55,15,4,2026-06-01,2025-08-19,2
CUST1478,27,15121.79,560.07,18,10,2026-06-03,2025-06-10,3
CUST2691,31,16962.61,547.18,22,10,2026-06-03,2025-06-08,4
CUST4867,26,13225.52,508.67,11,6,2026-05-14,2025-06-29,3
CUST3384,34,15427.33,453.75,18,7,2026-04-21,2025-06-14,6
CUST4197,35,19966.8,570.48,25,5,2026-05-28,2025-06-08,2
CUST0147,29,14022.87,483.55,20,2,2026-05-19,2025-06-03,3
CUST4800,25,14434.99,577.4,16,7,2026-05-28,2025-06-23,2
CUST4165,24,7489.04,312.04,14,6,2026-05-25,2025-07-12,0
CUST0469,29,10727.73,369.92,19,9,2026-04-16,2025-06-19,4
CUST0057,27,10191.8,377.47,19,5,2026-05-28,2025-06-08,3
CUST3372,37,23218.04,627.51,26,8,2026-06-03,2025-06-04,4
CUST4481,29,15235.57,525.36,24,2,2026-05-11,2025-06-18,2
CUST2979,30,17822.52,594.08,17,5,2026-05-26,2025-06-13,4
CUST1101,34,19574.92,575.73,19,8,2026-05-14,2025-06-04,3
CUST1998,33,14047.01,425.67,21,6,2026-05-19,2025-06-13,4
CUST2360,27,12470.47,461.87,19,5,2026-05-28,2025-06-23,2
CUST1171,39,18382.91,471.36,17,6,2026-05-26,2025-06-04,7
CUST0729,31,13998.5,451.56,20,6,2026-05-19,2025-06-05,2
CUST3913,23,12137.31,527.71,13,5,2026-05-31,2025-06-18,0
CUST0976,34,14727.76,433.17,26,7,2026-05-27,2025-06-07,7
CUST3378,21,9175.71,436.94,10,6,2026-05-12,2025-06-12,3
CUST1112,33,15368.06,465.7,22,9,2026-05-28,2025-06-15,5
CUST3515,27,17629.64,652.95,16,9,2026-05-28,2025-06-19,4
CUST4820,34,15649.7,460.29,22,4,2026-06-02,2025-07-14,0
CUST4685,21,10135.62,482.65,14,6,2026-05-24,2025-06-09,0
CUST0782,25,15140.53,605.62,16,7,2026-05-19,2025-06-22,0
CUST0975,32,16394.56,512.33,22,6,2026-05-17,2025-06-04,1
CUST0696,28,17752.19,634.01,16,6,2026-04-24,2025-06-10,5
CUST3622,31,19867.64,640.89,19,8,2026-06-01,2025-06-18,1
CUST1789,17,7354.76,432.63,10,3,2026-05-05,2025-06-12,3
CUST0353,24,13078.28,544.93,17,6,2026-05-27,2025-06-05,2
CUST0509,31,13956.15,450.2,18,6,2026-05-25,2025-06-10,4
CUST0961,28,9514.99,339.82,11,5,2026-06-01,2025-06-06,4
CUST0654,27,13808.08,511.41,16,1,2026-05-07,2025-06-04,3
CUST2777,24,9155.62,381.48,16,6,2026-05-27,2025-06-16,2
CUST3367,32,14148.65,442.15,20,9,2026-05-30,2025-06-10,4
CUST0086,22,19839.6,901.8,14,5,2026-05-31,2025-06-17,1
CUST3127,24,14290.77,595.45,16,5,2026-05-29,2025-07-03,0
CUST1708,16,7793.8,487.11,11,2,2026-05-02,2025-07-08,0
CUST3999,29,17270.41,595.53,20,9,2026-04-30,2025-06-04,5
CUST1010,26,9286.7,357.18,15,4,2026-04-29,2025-07-04,2
CUST0554,32,19501.1,609.41,25,7,2026-06-01,2025-06-14,5
CUST1274,37,20844.71,563.37,21,11,2026-05-20,2025-06-19,3
CUST0109,32,17464.59,545.77,20,3,2026-05-31,2025-06-08,2
CUST1285,40,23921.96,598.05,28,7,2026-06-03,2025-06-04,7
CUST2740,23,12776.09,555.48,13,3,2026-06-01,2025-06-06,1
CUST3542,33,20653.69,625.87,22,12,2026-05-21,2025-06-14,4
CUST2611,25,11383.01,455.32,16,4,2026-05-28,2025-06-06,0
CUST1192,19,13026.53,685.61,12,0,2026-03-29,2025-06-08,1
CUST0873,34,13374.06,393.35,24,7,2026-05-23,2025-07-11,2
CUST0946,30,9254.83,308.49,18,6,2026-05-31,2025-06-10,0
CUST2825,27,13381.91,495.63,18,5,2026-04-09,2025-06-07,3
CUST4932,23,13273.51,577.11,16,3,2026-06-02,2025-06-12,0
CUST0184,34,15342.13,451.24,23,4,2026-06-03,2025-06-13,1
CUST4910,18,8163.45,453.52,15,1,2026-05-28,2025-08-05,2
CUST0153,18,8726.06,484.78,11,2,2026-05-25,2025-06-09,3
CUST3645,21,12716.14,605.53,10,8,2026-05-17,2025-06-03,3
CUST3567,34,24951.83,733.88,16,8,2026-06-01,2025-06-07,4
CUST2614,29,12569.45,433.43,20,4,2026-05-27,2025-06-26,4
CUST4058,27,17095.01,633.15,16,7,2026-06-01,2025-06-09,2
CUST0305,25,10234.47,409.38,15,5,2026-05-20,2025-06-06,2
CUST2948,26,15587.7,599.53,17,5,2026-05-07,2025-06-09,3
CUST2014,23,17367.42,755.11,18,5,2026-03-30,2025-07-28,2
CUST2846,39,25736.25,659.9,27,8,2026-06-03,2025-06-06,5
CUST4387,36,17430.14,484.17,18,7,2026-05-28,2025-06-09,4
CUST4389,28,9485.46,338.77,20,8,2026-05-30,2025-06-06,4
CUST2241,34,15141.46,445.34,21,10,2026-05-11,2025-06-06,6
CUST0125,35,19900.97,568.6,22,8,2026-06-01,2025-06-07,6
CUST2582,26,13421.42,516.21,14,7,2026-05-28,2025-06-14,4
CUST3724,25,11026.48,441.06,18,6,2026-05-29,2025-06-03,1
CUST0588,31,15732.72,507.51,19,4,2026-05-24,2025-06-17,2
CUST3498,23,9242.05,401.83,17,2,2026-05-23,2025-07-13,3
CUST1440,29,12589.93,434.14,19,6,2026-06-01,2025-06-06,2
CUST3738,30,9707.16,323.57,18,5,2026-06-02,2025-06-16,5
CUST1742,26,16648.8,640.34,20,4,2026-05-18,2025-06-28,1
CUST3525,29,12667.84,436.82,14,6,2026-05-21,2025-06-16,2
CUST3200,18,6720.68,373.37,7,6,2026-05-24,2025-06-15,1
CUST3202,23,11164.13,485.4,13,1,2026-05-22,2025-06-15,3
CUST3795,29,9913.38,341.84,16,5,2026-05-10,2025-06-20,5
CUST4808,33,15086.34,457.16,22,11,2026-05-11,2025-06-18,8
CUST3319,44,17385.28,395.12,28,10,2026-05-18,2025-06-06,7
CUST1934,36,17689.05,491.36,18,9,2026-05-18,2025-06-07,5
CUST3295,27,11287.04,418.04,18,1,2026-05-26,2025-06-05,3
CUST3329,24,10638.52,443.27,18,4,2026-05-30,2025-06-16,1
CUST0257,28,14136.71,504.88,18,10,2026-04-24,2025-06-10,3
CUST2577,32,16720.35,522.51,20,6,2026-05-21,2025-06-12,6
CUST0916,27,12870.95,476.7,17,8,2026-06-03,2025-06-22,4
CUST0394,24,13261.98,552.58,16,7,2026-04-02,2025-06-11,1
CUST1548,30,14785.86,492.86,17,7,2026-05-23,2025-06-08,5
CUST3843,26,18068.32,694.94,15,6,2026-05-28,2025-07-04,1
CUST0852,27,13750.6,509.28,21,6,2026-05-31,2025-06-03,2
CUST2119,31,17862.32,576.2,18,6,2026-06-03,2025-06-11,3
CUST4951,32,18790.42,587.2,19,4,2026-05-17,2025-06-06,1
CUST4236,32,14948.22,467.13,23,7,2026-05-27,2025-06-11,4
CUST4322,46,21511.8,467.65,31,11,2026-05-26,2025-06-09,6
CUST4011,25,15734.95,629.4,17,6,2026-06-03,2025-06-11,3
CUST4832,24,10737.45,447.39,20,4,2026-05-22,2025-06-16,2
CUST0557,24,9343.83,389.33,12,4,2026-06-01,2025-06-11,3
CUST3927,28,15230.3,543.94,22,3,2026-05-11,2025-06-18,1
CUST3390,38,22702.29,597.43,26,9,2026-06-02,2025-06-08,3
CUST1836,25,15809.12,632.36,17,7,2026-05-31,2025-06-08,2
CUST0368,23,7758.73,337.34,12,3,2026-05-30,2025-06-14,3
CUST3443,31,14610.12,471.29,16,8,2026-05-30,2025-06-03,3
CUST2219,20,8782.61,439.13,16,3,2026-05-21,2025-06-15,2
CUST0167,37,22067.63,596.42,20,7,2026-06-02,2025-06-25,9
CUST2851,30,19546.1,651.54,20,6,2026-05-10,2025-06-16,2
CUST2344,24,10310.76,429.62,15,4,2026-06-02,2025-06-30,2
CUST4371,16,6560.25,410.02,12,5,2026-06-01,2025-06-06,2
CUST2214,35,25177.6,719.36,21,8,2026-05-27,2025-06-15,4
CUST4065,23,13311.29,578.75,14,6,2026-05-02,2025-06-05,2
CUST1161,26,16968.0,652.62,19,6,2026-05-25,2025-06-11,3
CUST0331,32,18464.86,577.03,24,7,2026-06-02,2025-06-21,2
CUST2929,30,12643.18,421.44,21,13,2026-05-22,2025-06-03,3
CUST4969,34,15978.72,469.96,22,8,2026-05-17,2025-06-03,5
CUST0678,46,22373.71,486.38,29,8,2026-05-23,2025-06-08,8
CUST3279,31,14613.9,471.42,11,8,2026-05-25,2025-06-06,5
CUST3591,25,13596.29,543.85,15,5,2026-04-30,2025-06-28,3
CUST3243,29,13117.5,452.33,20,7,2026-05-21,2025-06-06,2
CUST1740,30,18675.15,622.5,21,1,2026-05-11,2025-07-03,1
CUST4123,32,10844.34,338.89,15,6,2026-05-30,2025-06-10,3
CUST0270,18,8746.23,485.9,11,4,2026-05-27,2025-06-22,0
CUST4101,28,16134.81,576.24,17,4,2026-05-23,2025-06-05,2
CUST3106,31,14134.25,455.94,16,6,2026-05-28,2025-06-15,1
CUST2560,27,13121.95,486.0,13,3,2026-05-30,2025-06-26,1
CUST3374,21,11205.28,533.58,15,0,2026-04-09,2025-06-03,2
CUST1540,26,16012.55,615.87,16,6,2026-05-22,2025-06-03,1
CUST2407,31,10859.33,350.3,20,7,2026-05-31,2025-06-03,2
CUST4938,29,19820.93,683.48,18,8,2026-06-02,2025-06-05,4
CUST2816,19,9616.53,506.13,11,2,2026-05-29,2025-07-13,0
CUST3051,26,15241.45,586.21,19,7,2026-05-18,2025-06-10,2
CUST1076,27,17437.44,645.83,18,7,2026-05-17,2025-06-27,2
CUST4777,31,23315.41,752.11,17,4,2026-05-28,2025-06-03,3
CUST4450,36,18969.26,526.92,23,6,2026-05-30,2025-06-24,0
CUST3826,20,11358.31,567.92,14,7,2026-05-22,2025-06-27,4
CUST3273,28,17306.26,618.08,19,3,2026-05-17,2025-06-05,4
CUST2616,35,16490.01,471.14,20,5,2026-05-31,2025-06-07,5
CUST3472,27,18224.27,674.97,18,5,2026-06-03,2025-06-05,2
CUST4929,43,25492.42,592.85,24,5,2026-06-02,2025-06-10,3
CUST3557,27,20058.37,742.9,10,4,2026-05-19,2025-06-04,2
CUST1878,29,13645.13,470.52,20,4,2026-06-02,2025-06-23,4
CUST4187,29,12998.04,448.21,20,4,2026-05-17,2025-07-17,5
CUST0767,25,11476.17,459.05,12,6,2026-06-01,2025-06-27,4
CUST0865,25,17581.24,703.25,12,7,2026-06-03,2025-06-05,3
CUST2569,21,14727.87,701.33,13,6,2026-05-29,2025-06-15,2
CUST3779,33,11804.01,357.7,21,8,2026-05-09,2025-06-05,1
CUST2185,24,12768.21,532.01,7,2,2026-05-23,2025-06-06,3
CUST2028,32,14701.49,459.42,20,6,2026-05-30,2025-06-05,3
CUST1680,30,15915.69,530.52,24,7,2026-05-29,2025-06-05,2
CUST4519,26,11872.63,456.64,15,8,2026-04-24,2025-06-30,1
CUST3060,34,16073.23,472.74,21,6,2026-05-18,2025-06-04,2
CUST2245,28,14515.02,518.39,14,6,2026-06-01,2025-06-13,2
CUST3249,22,12346.26,561.19,12,4,2026-05-07,2025-06-07,3
CUST4989,35,15267.9,436.23,19,4,2026-05-29,2025-06-10,4
CUST1562,31,15808.01,509.94,19,4,2026-05-21,2025-06-06,2
CUST0710,21,12904.61,614.51,15,4,2026-05-25,2025-07-03,2
CUST3674,26,9476.91,364.5,16,3,2026-05-28,2025-06-05,0
CUST1929,29,14099.28,486.18,14,7,2026-05-24,2025-06-21,2
CUST1065,29,18730.11,645.87,13,9,2026-05-26,2025-06-13,4
CUST3772,25,15215.22,608.61,13,4,2026-06-03,2025-06-06,1
CUST0549,30,16571.37,552.38,17,8,2026-06-02,2025-06-16,3
CUST4134,35,17418.0,497.66,22,4,2026-06-01,2025-06-03,2
CUST0002,19,7785.98,409.79,12,3,2026-05-04,2025-06-29,2
CUST4014,21,10484.4,499.26,12,5,2026-05-26,2025-06-15,3
CUST1612,26,16249.67,624.99,11,5,2026-05-31,2025-06-05,2
CUST2525,33,19292.72,584.63,24,7,2026-06-01,2025-06-08,4
CUST1720,22,13583.02,617.41,17,3,2026-06-02,2025-06-07,3
CUST4723,27,17474.31,647.2,20,5,2026-05-29,2025-06-08,4
CUST4319,30,15694.76,523.16,19,7,2026-05-21,2025-06-04,7
CUST2150,19,10795.79,568.2,16,4,2026-06-03,2025-07-20,1
CUST0236,27,13186.8,488.4,18,8,2026-05-28,2025-06-30,2
CUST1348,38,26695.51,702.51,25,8,2026-06-03,2025-06-03,3
CUST0096,33,23890.45,723.95,16,7,2026-06-03,2025-07-30,3
CUST1918,22,8245.88,374.81,13,6,2026-05-30,2025-06-18,2
CUST4645,23,11576.24,503.31,16,3,2026-06-01,2025-06-07,3
CUST4935,23,12652.99,550.13,12,5,2026-04-13,2025-06-05,1
CUST0951,35,19628.35,560.81,21,6,2026-05-30,2025-06-03,3
CUST0847,40,18864.58,471.61,18,10,2026-05-29,2025-06-08,7
CUST1486,31,15046.86,485.38,20,5,2026-06-02,2025-06-13,3
CUST0948,33,26235.04,795.0,22,7,2026-05-30,2025-06-08,5
CUST1329,28,14366.46,513.09,18,6,2026-04-15,2025-06-06,3
CUST3842,27,19704.5,729.8,17,5,2026-05-21,2025-07-07,3
CUST1233,34,21631.6,636.22,20,5,2026-05-31,2025-06-04,2
CUST0692,26,12000.25,461.55,19,4,2026-05-29,2025-06-09,3
CUST1735,16,13166.13,822.88,9,2,2026-05-12,2025-06-03,3
CUST3477,33,17844.92,540.76,23,3,2026-06-01,2025-06-10,3
CUST0993,25,14548.29,581.93,17,9,2026-05-26,2025-06-18,2
CUST2661,32,16906.75,528.34,25,8,2026-05-20,2025-06-08,5
CUST1412,27,11663.17,431.97,18,8,2026-05-20,2025-06-15,5
CUST2776,26,12273.2,472.05,17,5,2026-05-04,2025-06-03,3
CUST1208,33,16804.88,509.24,16,6,2026-04-20,2025-06-05,2
CUST3070,32,17536.85,548.03,20,4,2026-05-02,2025-06-03,2
CUST2471,33,16355.39,495.62,23,10,2026-05-30,2025-06-04,4
CUST0781,34,21979.4,646.45,19,6,2026-05-28,2025-06-17,1
CUST4944,18,9431.55,523.98,9,3,2026-05-26,2025-06-06,2
CUST3425,31,14534.72,468.86,24,8,2026-06-03,2025-07-07,3
CUST3565,29,16805.4,579.5,13,4,2026-05-23,2025-06-09,2
CUST4972,34,18186.96,534.91,17,4,2026-05-29,2025-06-03,4
CUST3264,33,19201.34,581.86,21,8,2026-06-03,2025-06-21,3
CUST0567,32,14785.38,462.04,21,6,2026-06-03,2025-06-08,1
CUST4029,35,20345.38,581.3,20,9,2026-05-26,2025-06-11,5
CUST4780,24,9609.13,400.38,15,4,2026-05-11,2025-06-05,1
CUST0405,36,17744.86,492.91,28,5,2026-05-24,2025-06-08,1
CUST1250,17,7825.65,460.33,10,2,2026-05-06,2025-06-14,1
CUST1821,20,9271.07,463.55,13,2,2026-05-30,2025-07-04,4
CUST3670,25,13411.94,536.48,11,5,2026-05-30,2025-06-05,2
CUST4381,27,12900.43,477.79,14,5,2026-05-22,2025-06-20,1
CUST2995,32,15535.9,485.5,23,5,2026-05-30,2025-06-24,7
CUST0533,40,20027.56,500.69,27,12,2026-05-24,2025-06-16,5
CUST0197,31,21503.56,693.66,19,10,2026-05-30,2025-06-06,4
CUST1226,33,15497.04,469.61,16,7,2026-04-20,2025-06-30,4
CUST0826,33,16781.84,508.54,23,6,2026-05-29,2025-06-04,2
CUST1086,26,12654.39,486.71,16,7,2026-05-23,2025-07-01,2
CUST2663,29,17627.63,607.85,19,3,2026-06-01,2025-06-05,2
CUST3195,32,13429.31,419.67,15,2,2026-06-03,2025-06-20,3
CUST0024,34,23501.38,691.22,18,11,2026-06-01,2025-06-03,0
CUST0974,29,16269.55,561.02,20,5,2026-06-03,2025-06-07,2
CUST4688,41,22022.07,537.12,23,5,2026-05-02,2025-06-03,5
CUST1944,42,24014.15,571.77,30,7,2026-05-26,2025-06-15,6
CUST3228,22,9224.23,419.28,12,6,2026-05-31,2025-06-03,1
CUST2133,29,16667.35,574.74,13,7,2026-04-18,2025-07-10,1
CUST3381,22,10494.39,477.02,10,7,2026-05-28,2025-06-21,0
CUST4786,24,11382.67,474.28,11,4,2026-05-29,2025-06-25,2
CUST3324,24,13000.51,541.69,13,4,2026-05-13,2025-06-24,5
CUST4394,37,16382.47,442.77,15,6,2026-05-27,2025-06-04,7
CUST4096,29,11718.34,404.08,19,6,2026-04-22,2025-06-10,4
CUST3084,28,11708.94,418.18,20,4,2026-04-29,2025-06-07,1
CUST1256,28,13331.53,476.13,19,7,2026-05-16,2025-07-14,2
CUST3610,30,17238.51,574.62,14,5,2026-05-30,2025-06-08,1
CUST0034,33,12031.55,364.59,19,4,2026-05-28,2025-06-24,5
CUST4135,26,16202.65,623.18,15,6,2026-05-23,2025-06-10,3
CUST4269,32,15936.82,498.03,19,6,2026-05-19,2025-06-20,3
CUST3419,27,14689.53,544.06,17,5,2026-05-25,2025-06-07,3
CUST3124,31,16975.85,547.61,22,6,2026-06-01,2025-06-21,3
CUST3194,37,23097.93,624.27,25,10,2026-06-03,2025-06-03,3
CUST0660,36,24091.38,669.2,25,9,2026-06-02,2025-06-15,3
CUST2432,33,13475.8,408.36,21,7,2026-05-29,2025-06-12,4
CUST1490,27,13715.87,508.0,18,5,2026-05-10,2025-07-07,4
CUST4911,37,21504.64,581.21,21,8,2026-05-25,2025-06-07,3
CUST1664,33,22880.73,693.36,20,4,2026-05-27,2025-06-16,4
CUST3626,22,8854.83,402.49,15,3,2026-05-31,2025-07-14,1
CUST4146,24,11785.65,491.07,11,5,2026-05-27,2025-06-24,2
CUST1667,30,21144.72,704.82,13,2,2026-05-05,2025-06-07,2
CUST4860,32,21564.29,673.88,21,4,2026-06-02,2025-06-05,6
CUST0929,33,23180.28,702.43,21,7,2026-06-03,2025-06-14,2
CUST3473,27,9236.94,342.11,11,4,2026-05-30,2025-06-06,3
CUST0920,32,19855.48,620.48,19,6,2026-05-31,2025-06-04,6
CUST3698,32,16345.49,510.8,17,8,2026-05-27,2025-06-03,4
CUST1937,29,12987.79,447.85,14,8,2026-04-24,2025-06-20,0
CUST2520,26,12268.61,471.87,13,6,2026-06-01,2025-06-13,3
CUST3341,32,19251.11,601.6,22,5,2026-05-24,2025-06-16,4
CUST3664,39,19271.71,494.15,24,7,2026-05-31,2025-06-23,5
CUST0589,26,16411.99,631.23,16,7,2026-05-26,2025-06-23,5
CUST2227,28,16884.25,603.01,18,4,2026-05-05,2025-06-12,5
CUST4464,28,15885.86,567.35,17,5,2026-05-16,2025-06-14,5
CUST3000,24,13530.01,563.75,16,3,2026-05-11,2025-06-18,2
CUST0998,29,17358.94,598.58,20,3,2026-06-03,2025-06-03,3
CUST0625,28,12234.12,436.93,14,6,2026-05-04,2025-06-07,2
CUST0939,32,18046.22,563.94,15,7,2026-05-08,2025-06-10,1
CUST3203,22,9852.88,447.86,18,6,2026-05-23,2025-06-13,2
CUST1365,26,16273.47,625.9,17,4,2026-05-22,2025-06-06,0
CUST1803,37,22402.13,605.46,22,8,2026-06-03,2025-06-12,4
CUST3706,29,17549.22,605.15,20,6,2026-05-13,2025-06-07,4
CUST4857,26,14719.28,566.13,17,4,2026-05-30,2025-06-06,4
CUST0352,31,14630.45,471.95,20,7,2026-05-14,2025-06-04,3
CUST4669,26,13915.86,535.23,19,8,2026-05-30,2025-06-06,3
CUST2355,35,18052.88,515.8,21,8,2026-06-01,2025-06-09,5
CUST3373,22,11613.94,527.91,14,5,2026-05-17,2025-06-17,5
CUST1561,37,23958.93,647.54,22,7,2026-05-26,2025-06-21,3
CUST2786,34,20442.38,601.25,16,7,2026-05-31,2025-06-09,3
CUST1648,22,13334.26,606.1,15,3,2026-05-30,2025-06-08,3
CUST2674,37,19267.95,520.76,21,5,2026-06-01,2025-06-11,3
CUST2162,29,12388.82,427.2,17,6,2026-05-29,2025-06-03,4
CUST4728,21,10316.99,491.29,12,4,2026-05-18,2025-06-30,3
CUST3457,30,13819.99,460.67,12,6,2026-06-02,2025-06-17,3
CUST0573,28,14382.43,513.66,13,5,2026-05-23,2025-06-11,5
CUST3860,25,11081.23,443.25,16,4,2026-05-14,2025-06-24,3
CUST1188,24,14178.02,590.75,15,4,2026-04-14,2025-07-01,0
CUST0386,29,13666.16,471.25,24,5,2026-06-02,2025-06-15,1
CUST3887,30,16198.92,539.96,15,11,2026-05-21,2025-06-17,4
CUST4693,35,16034.44,458.13,25,7,2026-05-23,2025-06-22,3
CUST4070,32,18546.97,579.59,22,10,2026-06-01,2025-06-13,6
CUST0753,33,15302.0,463.7,20,7,2026-05-26,2025-06-19,5
CUST3217,24,17539.13,730.8,15,4,2026-04-30,2025-08-05,2
CUST1229,34,18068.39,531.42,23,5,2026-05-12,2025-06-29,4
CUST1674,41,20834.0,508.15,25,11,2026-05-27,2025-06-04,4
CUST1572,33,14778.37,447.83,20,7,2026-05-21,2025-06-07,1
CUST3663,35,13843.76,395.54,21,6,2026-06-03,2025-06-10,5
CUST2425,36,17526.55,486.85,24,9,2026-05-29,2025-06-05,1
CUST1783,37,18684.91,505.0,22,10,2026-05-24,2025-06-04,3
CUST1781,32,11446.85,357.71,21,6,2026-05-01,2025-06-09,3
CUST3583,22,10958.95,498.13,15,4,2026-05-25,2025-06-06,2
CUST3269,31,16143.33,520.75,20,9,2026-05-31,2025-06-17,5
CUST0551,32,24203.06,756.35,24,5,2026-05-21,2025-06-05,4
CUST3848,28,17126.01,611.64,11,5,2026-05-25,2025-06-27,2
CUST3105,35,16355.36,467.3,23,7,2026-05-11,2025-06-11,2
CUST3289,30,13542.6,451.42,18,8,2026-05-21,2025-06-23,2
CUST2410,25,9278.49,371.14,15,6,2026-06-03,2025-06-08,1
CUST4179,29,15639.57,539.3,15,10,2026-04-30,2025-06-10,2
CUST3088,21,10601.86,504.85,15,1,2026-05-19,2025-06-20,3
CUST0254,28,17350.68,619.67,19,4,2026-05-25,2025-06-20,2
CUST1923,23,16078.02,699.04,9,4,2026-05-10,2025-06-06,5
CUST2673,27,17397.38,644.35,16,6,2026-06-01,2025-06-05,2
CUST4219,34,19482.29,573.01,17,10,2026-05-19,2025-06-05,1
CUST2437,22,13157.82,598.08,13,3,2026-06-03,2025-06-18,4
CUST3623,24,12396.6,516.53,14,4,2026-06-02,2025-07-01,1
CUST2003,35,17346.22,495.61,20,8,2026-05-30,2025-06-08,7
CUST4678,30,11733.28,391.11,17,6,2026-05-30,2025-06-22,4
CUST1978,26,12498.1,480.7,15,3,2026-06-01,2025-06-28,6
CUST0400,22,10620.87,482.77,12,4,2026-05-26,2025-06-13,3
CUST1093,18,11488.07,638.23,10,3,2026-05-18,2025-06-24,1
CUST0930,37,22381.53,604.91,20,9,2026-05-13,2025-06-03,3
CUST3971,28,14834.39,529.8,20,7,2026-06-03,2025-06-10,1
CUST2615,21,14114.62,672.12,15,1,2026-05-01,2025-06-03,4
CUST2166,23,8209.69,356.94,13,8,2026-05-05,2025-06-10,2
CUST3960,29,13226.26,456.08,14,5,2026-05-27,2025-06-19,3
CUST4167,33,17983.89,544.97,19,6,2026-05-26,2025-06-17,7
CUST4543,27,12287.36,455.09,19,6,2026-05-27,2025-06-09,2
CUST2366,28,11720.65,418.59,19,5,2026-04-29,2025-06-10,3
CUST4591,26,14841.58,570.83,18,3,2026-05-16,2025-06-07,4
CUST2787,29,11519.94,397.24,18,8,2026-05-29,2025-06-09,3
CUST2793,28,12319.75,439.99,20,8,2026-05-28,2025-06-19,6
CUST2102,20,11889.42,594.47,11,4,2026-06-01,2025-06-24,2
CUST3711,23,11621.91,505.3,17,5,2026-04-07,2025-06-06,1
CUST1052,38,18411.47,484.51,22,5,2026-05-27,2025-06-04,5
CUST4525,27,14039.45,519.98,15,4,2026-05-21,2025-06-18,1
CUST2753,21,7634.94,363.57,16,4,2026-05-09,2025-06-14,3
CUST3683,45,35964.82,799.22,26,7,2026-05-17,2025-06-09,5
CUST3630,34,19304.51,567.78,21,10,2026-05-27,2025-06-11,4
CUST0430,29,15674.26,540.49,17,4,2026-06-02,2025-06-12,5
CUST0484,28,16305.12,582.33,23,8,2026-05-29,2025-06-18,2
CUST3460,17,7297.29,429.25,9,5,2026-05-26,2025-06-03,2
CUST4623,27,11580.9,428.92,18,6,2026-05-08,2025-06-08,0
CUST1686,36,18078.51,502.18,21,8,2026-05-12,2025-06-09,3
CUST0217,23,10715.02,465.87,16,4,2026-05-22,2025-06-23,8
CUST2559,26,14948.31,574.94,14,4,2026-06-01,2025-06-07,1
CUST2065,23,9742.93,423.61,15,7,2026-04-29,2025-06-08,1
CUST3237,33,18798.0,569.64,22,6,2026-06-01,2025-06-05,2
CUST4711,23,13480.73,586.12,14,7,2026-05-20,2025-06-13,7
CUST0623,22,12735.96,578.91,11,3,2026-04-17,2025-06-20,3
CUST1917,27,12192.86,451.59,16,4,2026-05-27,2025-06-06,2
CUST0811,20,11306.69,565.33,10,5,2026-05-15,2025-06-28,2
CUST2654,23,9874.83,429.34,17,8,2026-05-31,2025-06-16,2
CUST4041,32,17567.89,549.0,20,8,2026-05-31,2025-06-06,3
CUST0786,35,14928.26,426.52,19,5,2026-05-04,2025-06-03,7
CUST2313,29,22915.35,790.18,17,5,2026-06-03,2025-06-07,1
CUST3649,20,9821.32,491.07,13,2,2026-04-01,2025-06-09,0
CUST4864,24,13245.41,551.89,14,4,2026-05-25,2025-07-14,1
CUST0475,33,16041.2,486.1,16,7,2026-05-20,2025-06-07,4
CUST0954,30,25403.3,846.78,19,9,2026-05-16,2025-06-08,3
CUST1421,33,15323.4,464.35,19,5,2026-06-02,2025-06-04,2
CUST2996,27,14787.59,547.69,17,3,2026-04-14,2025-06-26,3
CUST2086,31,12242.5,394.92,19,9,2026-05-14,2025-06-23,0
CUST0080,27,16261.58,602.28,12,2,2026-05-14,2025-06-09,3
CUST4445,27,11928.22,441.79,15,7,2026-05-11,2025-06-17,2
CUST4106,22,12900.1,586.37,17,2,2026-05-30,2025-06-03,6
CUST2623,28,14286.02,510.22,14,8,2026-05-14,2025-06-10,3
CUST4113,31,21626.69,697.64,14,7,2026-05-09,2025-07-06,5
CUST1908,30,17535.01,584.5,24,4,2026-05-21,2025-06-16,5
CUST0456,27,14831.56,549.32,20,4,2026-05-31,2025-06-05,2
CUST1236,35,20448.87,584.25,25,7,2026-05-31,2025-06-09,5
CUST4286,32,15854.54,495.45,23,8,2026-05-26,2025-06-05,3
CUST1240,23,10656.11,463.31,11,4,2026-05-22,2025-06-05,2
CUST3833,20,14577.35,728.87,14,2,2026-05-20,2025-06-19,1
CUST2069,37,19413.88,524.7,25,11,2026-05-03,2025-06-06,0
CUST0813,24,12460.72,519.2,17,6,2026-05-21,2025-06-03,5
CUST0255,28,14047.54,501.7,19,4,2026-06-01,2025-07-04,5
CUST0303,28,11839.15,422.83,17,7,2026-05-26,2025-06-19,3
CUST2213,22,11421.11,519.14,13,5,2026-05-26,2025-06-04,1
CUST1754,28,20171.12,720.4,18,7,2026-06-03,2025-06-09,1
CUST3136,33,15316.77,464.14,22,9,2026-05-27,2025-06-11,5
CUST2307,28,18123.38,647.26,18,3,2026-06-02,2025-06-07,1
CUST3474,26,18507.78,711.84,15,6,2026-05-07,2025-06-09,2
CUST0675,32,18034.14,563.57,21,7,2026-05-18,2025-06-11,6
CUST0006,26,10198.12,392.24,20,8,2026-05-09,2025-06-17,2
CUST1844,24,14492.94,603.87,16,3,2026-06-02,2025-07-03,3
CUST1793,32,17735.19,554.22,16,9,2026-05-22,2025-06-08,1
CUST1654,30,12480.84,416.03,14,8,2026-06-02,2025-06-11,0
CUST1605,31,13298.46,428.98,20,6,2026-05-21,2025-06-03,4
CUST0624,22,10608.37,482.2,17,3,2026-06-01,2025-06-19,2
CUST4182,22,9923.63,451.07,13,10,2026-05-25,2025-06-14,3
CUST0560,30,15534.8,517.83,19,5,2026-06-01,2025-06-16,4
CUST2967,28,14933.37,533.33,18,6,2026-06-01,2025-06-15,3
CUST2604,20,7083.73,354.19,11,6,2026-05-24,2025-06-21,1
CUST1945,29,19549.15,674.11,16,7,2026-05-28,2025-06-22,3
CUST0005,33,16676.73,505.36,16,9,2026-05-31,2025-06-13,8
CUST1018,31,11022.57,355.57,23,5,2026-05-29,2025-06-15,5
CUST0539,22,15614.88,709.77,10,3,2026-05-29,2025-06-10,3
CUST1560,24,13985.29,582.72,13,7,2026-05-13,2025-06-19,1
CUST3957,39,22194.77,569.1,22,6,2026-06-02,2025-06-03,1
CUST3067,32,23259.0,726.84,22,9,2026-05-26,2025-06-19,4
CUST3751,30,15496.82,516.56,19,3,2026-05-26,2025-06-23,3
CUST1567,30,12616.43,420.55,21,7,2026-05-21,2025-06-18,4
CUST0821,31,13974.56,450.79,21,6,2026-05-28,2025-06-07,2
CUST0284,28,14232.93,508.32,18,7,2026-06-03,2025-06-15,5
CUST3536,38,14443.42,380.09,20,6,2026-05-31,2025-06-11,4
CUST4299,27,16324.1,604.6,19,4,2026-06-02,2025-07-26,2
CUST1573,41,25903.04,631.78,21,9,2026-05-30,2025-06-13,3
CUST4304,33,19045.88,577.15,19,4,2026-05-21,2025-06-03,5
CUST1153,34,18726.66,550.78,20,11,2026-05-18,2025-06-13,3
CUST0441,39,14979.64,384.09,23,10,2026-05-17,2025-06-10,2
CUST1241,32,16691.66,521.61,18,6,2026-05-25,2025-06-23,2
CUST4366,31,16182.02,522.0,18,8,2026-05-20,2025-06-03,1
CUST0943,21,12392.32,590.11,14,8,2026-05-31,2025-07-10,2
CUST0793,36,21407.78,594.66,24,6,2026-05-18,2025-06-28,5
CUST2952,24,8293.68,345.57,16,8,2026-04-04,2025-06-08,0
CUST2385,33,16585.52,502.59,26,7,2026-05-17,2025-07-11,6
CUST1876,45,29936.9,665.26,29,4,2026-05-23,2025-06-03,4
CUST3322,27,13414.01,496.82,16,2,2026-05-20,2025-06-17,3
CUST0014,26,14399.2,553.82,18,7,2026-05-25,2025-06-15,5
CUST2116,33,20560.57,623.05,20,5,2026-06-03,2025-06-28,1
CUST2415,31,15674.19,505.62,23,7,2026-05-20,2025-06-18,5
CUST1952,28,18840.23,672.87,18,3,2026-05-03,2025-06-08,3
CUST2861,35,18931.36,540.9,27,5,2026-05-28,2025-06-03,6
CUST0182,33,20808.02,630.55,27,8,2026-05-23,2025-06-10,3
CUST4750,27,13192.6,488.61,16,7,2026-05-23,2025-07-16,1
CUST0670,34,12777.62,375.81,22,8,2026-05-27,2025-06-06,2
CUST1315,28,10717.04,382.75,15,8,2026-05-29,2025-06-05,2
CUST3199,23,11864.98,515.87,10,1,2026-05-17,2025-06-04,2
CUST4602,25,11853.42,474.14,16,5,2026-04-12,2025-06-08,6
CUST3581,29,16410.91,565.89,14,6,2026-05-30,2025-06-04,3
CUST3169,27,17005.05,629.82,14,2,2026-05-28,2025-06-06,2
CUST4177,44,18851.22,428.44,30,8,2026-05-21,2025-06-11,2
CUST3975,35,15393.56,439.82,25,10,2026-05-30,2025-06-15,1
CUST3383,26,17496.1,672.93,19,3,2026-06-03,2025-06-05,0
CUST0953,36,24112.6,669.79,26,8,2026-05-31,2025-06-13,6
CUST4324,25,14951.56,598.06,14,5,2026-05-21,2025-06-10,5
CUST0744,38,20563.34,541.14,23,7,2026-05-03,2025-06-05,6
CUST2107,33,12706.18,385.04,16,3,2026-05-22,2025-06-12,4
CUST2927,34,17773.32,522.74,17,5,2026-05-27,2025-07-01,5
CUST1134,23,11931.57,518.76,10,6,2026-05-18,2025-06-18,1
CUST4767,24,11141.36,464.22,12,4,2026-06-03,2025-06-12,3
CUST3421,28,12861.0,459.32,14,3,2026-06-02,2025-06-16,0
CUST0281,33,19372.98,587.06,17,7,2026-06-03,2025-06-21,9
CUST2338,28,10475.24,374.12,21,4,2026-05-27,2025-06-15,2
CUST1223,19,11113.66,584.93,12,1,2026-06-02,2025-06-16,1
CUST4239,24,12805.57,533.57,15,12,2026-05-10,2025-06-13,3
CUST2279,30,14253.82,475.13,19,5,2026-04-20,2025-06-03,1
CUST0062,33,16454.97,498.64,21,6,2026-05-24,2025-06-27,1
CUST3865,32,16363.81,511.37,18,6,2026-05-28,2025-06-10,0
CUST1487,27,15323.0,567.52,14,4,2026-04-16,2025-07-13,3
CUST2433,26,8437.07,324.5,17,4,2026-06-02,2025-07-30,2
CUST0294,28,12159.11,434.25,19,5,2026-05-27,2025-07-24,3
CUST4089,31,18296.13,590.2,20,8,2026-06-02,2025-06-20,1
CUST4206,23,12624.1,548.87,12,4,2026-05-26,2025-06-09,0
CUST1358,23,9635.13,418.92,16,2,2026-05-15,2025-06-09,1
CUST2156,34,16277.46,478.75,21,7,2026-05-25,2025-06-09,5
CUST1615,25,12579.0,503.16,22,5,2026-06-02,2025-07-05,4
CUST1691,30,14830.11,494.34,24,8,2026-05-11,2025-06-08,1
CUST3132,25,11314.97,452.6,15,3,2026-04-20,2025-06-09,5
CUST4081,27,14451.74,535.25,17,6,2026-05-09,2025-06-03,3
CUST2413,35,21677.02,619.34,23,6,2026-05-22,2025-06-04,3
CUST0746,27,14948.18,553.64,19,4,2026-05-12,2025-06-23,1
CUST0335,27,14379.82,532.59,15,3,2026-05-07,2025-06-06,1
CUST2121,30,14606.07,486.87,16,7,2026-05-31,2025-06-11,3
CUST2871,22,13651.42,620.52,16,6,2026-05-20,2025-06-07,2
CUST0371,26,16266.75,625.64,19,7,2026-05-15,2025-07-08,3
CUST0363,29,13481.18,464.87,14,7,2026-04-25,2025-06-05,2
CUST4695,27,17040.96,631.15,15,3,2026-05-27,2025-06-14,7
CUST4931,31,12829.09,413.84,24,5,2026-05-21,2025-06-04,1
CUST1734,23,8992.66,390.99,14,2,2026-05-01,2025-06-05,1
CUST0892,29,13022.91,449.07,14,3,2026-05-28,2025-06-18,2
CUST4510,34,18921.05,556.5,21,7,2026-05-25,2025-06-08,1
CUST0037,30,16298.01,543.27,21,8,2026-05-23,2025-06-13,1
CUST3976,32,19491.95,609.12,21,4,2026-05-27,2025-06-04,3
CUST0823,31,17721.07,571.65,15,6,2026-05-31,2025-06-11,0
CUST4664,31,24063.22,776.23,22,6,2026-06-02,2025-06-09,2
CUST4683,29,13231.33,456.25,16,9,2026-05-14,2025-06-11,3
CUST3331,32,16587.8,518.37,22,10,2026-05-17,2025-06-15,4
CUST3631,30,15688.26,522.94,16,6,2026-05-28,2025-06-08,6
CUST4876,28,17098.0,610.64,17,6,2026-05-02,2025-07-01,5
CUST2458,22,11157.46,507.16,15,2,2026-05-16,2025-06-14,0
CUST2620,30,13677.65,455.92,18,9,2026-05-26,2025-06-05,6
CUST0110,29,18477.4,637.15,17,8,2026-06-01,2025-06-30,5
CUST1178,33,15581.61,472.17,19,7,2026-06-02,2025-07-11,1
CUST2769,30,15155.31,505.18,16,9,2026-05-26,2025-06-11,3
CUST2397,25,9495.41,379.82,15,7,2026-05-17,2025-06-14,3
CUST4719,26,13954.9,536.73,14,5,2026-06-03,2025-07-27,1
CUST2824,29,11906.09,410.55,17,7,2026-05-31,2025-06-04,3
CUST3934,42,28935.37,688.94,26,11,2026-05-19,2025-06-11,6
CUST0606,22,11130.92,505.95,12,4,2026-06-01,2025-06-19,3
CUST1022,32,19365.44,605.17,20,5,2026-05-29,2025-06-07,4
CUST1970,33,20213.01,612.52,19,8,2026-05-24,2025-06-15,3
CUST3699,23,10125.12,440.22,15,2,2026-03-24,2025-06-13,3
CUST3784,36,17590.49,488.62,21,7,2026-05-20,2025-06-25,4
CUST4654,23,11100.9,482.65,14,5,2026-05-01,2025-07-07,2
CUST0637,28,10650.09,380.36,15,4,2026-05-15,2025-06-03,4
CUST4752,36,22419.68,622.77,23,6,2026-05-31,2025-06-08,3
CUST0598,22,12171.83,553.27,18,4,2026-05-29,2025-06-13,3
CUST1452,25,14754.04,590.16,17,5,2026-05-20,2025-06-10,5
CUST0618,34,16233.63,477.46,19,8,2026-05-26,2025-06-30,5
CUST3877,28,14853.05,530.47,20,4,2026-06-03,2025-06-13,5
CUST1040,31,14776.87,476.67,21,8,2026-06-01,2025-06-07,4
CUST4649,27,15520.13,574.82,15,6,2026-05-17,2025-06-08,1
CUST3466,27,10135.44,375.39,20,5,2026-05-21,2025-06-25,0
CUST1267,31,14757.06,476.03,19,9,2026-06-03,2025-06-29,3
CUST0949,32,18265.4,570.79,19,7,2026-05-25,2025-06-25,8
CUST1310,35,15397.82,439.94,20,9,2026-05-29,2025-06-16,3
CUST1853,39,19946.09,511.44,27,6,2026-06-02,2025-06-18,4
CUST1356,25,13475.82,539.03,15,5,2026-05-29,2025-06-10,1
CUST3190,32,16540.9,516.9,20,7,2026-05-14,2025-06-19,2
CUST0858,25,10963.87,438.55,13,6,2026-05-06,2025-06-22,1
CUST1631,28,13747.47,490.98,16,4,2026-04-13,2025-06-16,0
CUST4866,28,16190.13,578.22,15,7,2026-06-01,2025-06-03,2
CUST4532,36,10366.61,287.96,23,9,2026-05-16,2025-06-04,8
CUST3972,27,8307.52,307.69,15,3,2026-06-03,2025-06-24,3
CUST1794,30,19003.23,633.44,17,8,2026-05-17,2025-06-10,2
CUST1264,22,15065.53,684.8,14,2,2026-05-28,2025-06-24,1
CUST3481,35,19141.19,546.89,21,9,2026-05-18,2025-06-26,3
CUST4002,32,11841.81,370.06,20,3,2026-05-25,2025-06-07,4
CUST0801,33,19772.27,599.16,19,11,2026-05-15,2025-06-04,3
CUST4544,30,17149.77,571.66,17,8,2026-04-23,2025-06-30,0
CUST2609,35,14825.13,423.58,19,10,2026-05-29,2025-06-05,4
CUST3308,31,13476.16,434.71,20,7,2026-03-13,2025-06-12,4
CUST0107,33,17081.19,517.61,22,8,2026-05-26,2025-06-18,3
CUST2926,24,16339.65,680.82,18,6,2026-06-01,2025-06-11,3
CUST4228,28,10337.18,369.19,17,3,2026-05-26,2025-06-23,2
CUST3452,26,15116.88,581.42,17,7,2026-06-02,2025-06-07,0
CUST2038,35,29576.16,845.03,23,6,2026-06-03,2025-06-14,1
CUST4139,25,7165.66,286.63,17,4,2026-05-25,2025-07-01,2
CUST2157,27,17088.48,632.91,16,5,2026-05-07,2025-06-20,3
CUST3685,28,26837.12,958.47,16,7,2026-05-25,2025-06-29,3
CUST1764,33,16334.26,494.98,20,4,2026-06-03,2025-06-08,3
CUST1936,29,16243.71,560.13,14,5,2026-05-11,2025-07-01,2
CUST2339,35,13126.27,375.04,17,8,2026-05-28,2025-06-16,2
CUST1234,34,18793.13,552.74,22,8,2026-05-31,2025-06-07,2
CUST3145,31,10525.08,339.52,21,4,2026-05-02,2025-06-11,3
CUST3744,25,13654.41,546.18,10,6,2026-06-03,2025-07-14,0
CUST2404,33,14826.51,449.29,20,7,2026-05-22,2025-06-26,5
CUST2695,36,18804.65,522.35,26,10,2026-05-24,2025-06-13,3
CUST0220,25,15293.36,611.73,15,4,2026-04-08,2025-06-24,1
CUST3059,31,15791.6,509.41,14,4,2026-05-18,2025-07-06,3
CUST0171,33,16484.58,499.53,16,2,2026-05-29,2025-06-23,4
CUST3280,39,21993.66,563.94,18,7,2026-06-03,2025-06-21,3
CUST3804,32,13042.82,407.59,15,11,2026-06-02,2025-06-24,3
CUST1386,33,19811.77,600.36,19,6,2026-03-26,2025-06-08,3
CUST0664,25,11940.07,477.6,16,5,2026-06-02,2025-06-22,2
CUST4105,26,13389.5,514.98,12,4,2026-05-30,2025-06-03,5
CUST3964,29,14375.03,495.69,14,3,2026-05-21,2025-06-13,1
CUST1314,32,15527.82,485.24,14,8,2026-05-12,2025-06-06,2
CUST4670,33,13612.09,412.49,19,6,2026-05-30,2025-06-15,4
CUST1277,27,13288.75,492.18,13,6,2026-05-30,2025-06-21,5
CUST2074,31,20495.4,661.14,28,12,2026-05-26,2025-07-18,2
CUST2186,26,19452.19,748.16,14,6,2026-05-19,2025-06-11,2
CUST2044,36,19346.58,537.41,16,2,2026-06-01,2025-06-08,2
CUST0556,22,10691.15,485.96,14,5,2026-05-18,2025-06-07,5
CUST3125,24,14345.06,597.71,15,7,2026-06-02,2025-06-07,4
CUST4762,23,12710.77,552.64,12,7,2026-05-01,2025-07-02,3
CUST2334,31,16102.51,519.44,21,7,2026-04-25,2025-06-12,3
CUST3612,30,11750.27,391.68,21,7,2026-05-31,2025-06-15,3
CUST3385,36,15422.83,428.41,23,4,2026-06-02,2025-06-05,1
CUST2692,35,22381.48,639.47,23,8,2026-05-26,2025-06-30,1
CUST1265,30,17849.08,594.97,18,9,2026-05-26,2025-06-08,6
CUST2295,33,16482.13,499.46,20,10,2026-06-01,2025-06-11,2
CUST2784,31,17019.71,549.02,18,9,2026-06-02,2025-06-10,3
CUST4472,34,20128.96,592.03,18,2,2026-04-27,2025-06-07,2
CUST4889,30,16343.04,544.77,15,7,2026-05-26,2025-06-07,2
CUST0980,30,17435.98,581.2,14,4,2026-04-22,2025-06-12,0
CUST0100,26,14257.44,548.36,19,2,2026-05-31,2025-06-11,3
CUST4415,27,13361.36,494.87,20,6,2026-05-26,2025-06-25,4
CUST3161,17,9947.0,585.12,11,1,2026-05-31,2025-06-13,0
CUST0214,31,14464.86,466.61,20,9,2026-05-30,2025-07-03,2
CUST1858,25,7397.57,295.9,16,10,2026-05-19,2025-06-03,4
CUST2271,33,14959.84,453.33,23,6,2026-06-01,2025-06-28,3
CUST3006,26,11206.15,431.01,19,4,2026-05-18,2025-06-13,5
CUST2218,32,17006.77,531.46,17,5,2026-05-26,2025-06-08,4
CUST2495,36,17204.15,477.89,27,6,2026-05-30,2025-06-17,2
CUST3117,34,16746.51,492.54,18,7,2026-06-03,2025-06-16,2
CUST1618,34,18960.31,557.66,22,3,2026-05-17,2025-06-06,7
CUST3186,35,15209.0,434.54,24,7,2026-05-19,2025-06-14,2
CUST0023,25,10889.87,435.59,16,8,2026-05-21,2025-06-06,5
CUST2260,30,18664.98,622.17,20,2,2026-06-01,2025-06-18,2
CUST0278,22,8887.93,404.0,16,3,2026-05-29,2025-06-11,2
CUST2956,29,8886.77,306.44,20,3,2026-05-19,2025-07-01,4
CUST2007,29,12338.64,425.47,19,4,2026-05-01,2025-06-20,2
CUST2678,30,16333.51,544.45,15,10,2026-05-30,2025-06-20,1
CUST3018,25,18136.63,725.47,14,6,2026-05-25,2025-06-14,2
CUST0997,33,13501.72,409.14,20,7,2026-06-01,2025-06-04,6
CUST1110,30,16385.64,546.19,17,4,2026-04-29,2025-07-20,1
CUST3725,30,16758.21,558.61,18,4,2026-05-19,2025-06-11,6
CUST1362,33,14620.94,443.06,19,8,2026-05-25,2025-06-03,3
CUST3485,32,13772.32,430.39,14,8,2026-05-22,2025-06-12,2
CUST4915,38,17303.69,455.36,21,11,2026-05-15,2025-06-03,4
CUST0905,29,18536.57,639.19,16,6,2026-05-15,2025-06-12,5
CUST4919,32,15956.6,498.64,18,6,2026-06-03,2025-06-20,4
CUST1283,35,14014.79,400.42,25,9,2026-06-02,2025-06-18,6
CUST2011,31,15836.76,510.86,18,8,2026-05-12,2025-06-04,1
CUST2762,28,14845.08,530.18,17,6,2026-04-28,2025-06-28,1
CUST1450,29,13512.24,465.94,22,7,2026-05-30,2025-06-26,6
CUST1058,31,12994.96,419.19,20,8,2026-05-22,2025-06-04,8
CUST4141,34,16758.97,492.91,18,9,2026-05-24,2025-07-07,2
CUST2046,25,11094.61,443.78,12,2,2026-05-27,2025-07-18,0
CUST4049,32,17637.64,551.18,22,6,2026-05-23,2025-06-03,5
CUST0791,31,17377.16,560.55,22,3,2026-05-29,2025-06-10,4
CUST3029,31,17702.88,571.06,19,8,2026-05-24,2025-06-17,3
CUST1414,34,18906.02,556.06,18,3,2026-05-22,2025-06-04,2
CUST4095,33,17741.71,537.63,22,7,2026-05-31,2025-06-09,4
CUST1582,18,10194.91,566.38,11,2,2026-06-02,2025-06-19,0
CUST0701,25,8445.32,337.81,18,6,2026-04-29,2025-06-04,2
CUST3668,26,12460.5,479.25,15,2,2026-05-20,2025-06-10,2
CUST0428,32,18636.63,582.39,19,5,2026-05-13,2025-06-19,5
CUST0612,34,17910.34,526.77,20,8,2026-05-21,2025-06-13,3
CUST1068,31,15719.6,507.08,18,4,2026-06-03,2025-06-24,2
CUST4852,33,17134.13,519.22,19,8,2026-05-21,2025-06-09,4
CUST4928,29,13700.19,472.42,16,10,2026-05-19,2025-06-04,5
CUST4426,31,21032.88,678.48,19,3,2026-06-03,2025-06-04,4
CUST3431,33,21912.6,664.02,16,9,2026-05-31,2025-06-09,2
CUST1345,33,19515.17,591.37,17,4,2026-05-30,2025-06-17,0
CUST1301,32,15081.18,471.29,14,2,2026-05-24,2025-06-22,1
CUST2715,26,11550.88,444.26,12,5,2026-05-29,2025-06-09,2
CUST4511,21,11625.91,553.61,14,7,2026-04-22,2025-06-26,1
CUST4753,30,18654.22,621.81,23,7,2026-05-04,2025-07-02,3
CUST1160,33,15550.18,471.22,18,8,2026-05-23,2025-06-03,1
CUST2273,31,16182.29,522.01,21,5,2026-05-29,2025-06-07,3
CUST2454,25,9883.02,395.32,19,4,2026-05-15,2025-06-14,3
CUST3224,36,26480.29,735.56,20,8,2026-05-29,2025-06-03,4
CUST3141,27,12840.75,475.58,15,5,2026-05-31,2025-06-10,4
CUST2386,24,8005.9,333.58,17,6,2026-06-03,2025-06-05,2
CUST4781,32,15351.42,479.73,20,8,2026-05-23,2025-06-14,3
CUST4360,32,11851.88,370.37,18,8,2026-05-27,2025-06-19,4
CUST0502,21,9944.77,473.56,11,4,2026-06-03,2025-06-11,3
CUST1533,33,19769.44,599.07,14,6,2026-05-24,2025-07-09,4
CUST0418,19,8640.4,454.76,13,7,2026-05-28,2025-06-09,3
CUST4755,31,14843.42,478.82,16,6,2026-05-30,2025-07-11,3
CUST2311,40,26676.2,666.91,27,5,2026-05-16,2025-06-03,3
CUST3709,36,17198.68,477.74,21,4,2026-06-03,2025-06-03,1
CUST1374,23,8307.53,361.2,14,6,2026-05-14,2025-06-29,4
CUST3298,45,20127.28,447.27,30,7,2026-05-31,2025-06-08,5
CUST3265,26,16023.03,616.27,15,6,2026-05-31,2025-06-13,4
CUST2916,21,11179.85,532.37,14,4,2026-04-28,2025-06-14,4
CUST0361,30,19377.7,645.92,23,3,2026-05-08,2025-06-19,1
CUST3628,39,19354.82,496.28,22,9,2026-05-19,2025-06-09,3
CUST0003,24,14029.45,584.56,11,3,2026-05-29,2025-06-17,0
CUST0316,31,14342.16,462.65,17,8,2026-05-29,2025-07-12,3
CUST3855,30,17303.31,576.78,18,5,2026-05-11,2025-07-14,1
CUST0099,31,17318.48,558.66,21,8,2026-05-12,2025-06-22,2
CUST2934,29,18812.38,648.7,15,6,2026-05-08,2025-06-25,6
CUST1433,34,13034.51,383.37,25,10,2026-06-03,2025-06-11,3
CUST1503,35,19558.62,558.82,23,12,2026-05-17,2025-06-05,4
CUST4825,27,11274.39,417.57,19,3,2026-05-03,2025-06-04,3
CUST1129,27,18257.94,676.22,15,9,2026-05-17,2025-06-13,1
CUST0137,26,16722.98,643.19,13,8,2026-05-18,2025-06-17,4
CUST3559,30,19824.45,660.82,17,6,2026-05-20,2025-06-09,4
CUST1977,42,23492.59,559.35,30,6,2026-05-30,2025-06-09,5
CUST0166,28,17856.77,637.74,16,3,2026-06-02,2025-06-12,3
CUST0840,40,25349.52,633.74,26,8,2026-05-31,2025-06-17,8
CUST2034,33,22473.38,681.01,18,8,2026-06-03,2025-06-03,1
CUST2840,27,14193.36,525.68,17,4,2026-05-07,2025-06-05,4
CUST4522,33,15879.6,481.2,19,6,2026-05-28,2025-06-03,3
CUST4626,26,12861.33,494.67,15,2,2026-06-03,2025-06-18,2
CUST0914,29,16769.67,578.26,17,4,2026-05-10,2025-06-08,4
CUST4815,26,7856.89,302.19,15,3,2026-06-03,2025-06-15,3
CUST1504,28,12651.33,451.83,21,5,2026-05-23,2025-06-17,3
CUST0298,31,11164.89,360.16,20,7,2026-05-07,2025-06-03,2
CUST0884,26,13496.55,519.1,13,4,2026-05-30,2025-06-16,2
CUST4559,24,12689.03,528.71,16,5,2026-05-27,2025-06-16,1
CUST0832,36,18363.03,510.08,19,6,2026-05-17,2025-06-06,3
CUST3827,33,26233.28,794.95,23,9,2026-05-14,2025-06-08,5
CUST3483,25,12832.06,513.28,13,10,2026-05-21,2025-06-19,3
CUST1294,23,8788.02,382.09,15,4,2026-05-26,2025-08-18,3
CUST1443,18,7405.73,411.43,9,5,2026-05-18,2025-06-12,1
CUST3050,33,19143.98,580.12,17,5,2026-05-29,2025-06-06,4
CUST1713,30,17547.43,584.91,21,8,2026-05-04,2025-06-10,1
CUST1741,30,15943.64,531.45,16,5,2026-05-03,2025-07-14,3
CUST3435,27,15608.03,578.08,16,8,2026-05-29,2025-06-09,5
CUST2128,27,17186.45,636.54,15,9,2026-06-01,2025-06-10,1
CUST3376,27,14979.43,554.79,18,4,2026-05-26,2025-06-08,6
CUST0595,34,12968.67,381.43,16,9,2026-05-26,2025-06-13,1
CUST0123,18,8421.71,467.87,12,3,2026-05-17,2025-07-17,2
CUST2261,24,8499.69,354.15,13,8,2026-05-30,2025-06-04,4
CUST0600,17,8302.37,488.37,12,4,2026-06-02,2025-06-06,1
CUST4043,27,14444.13,534.97,17,5,2026-06-01,2025-08-19,5
CUST3245,26,14994.05,576.69,16,8,2026-05-28,2025-06-27,3
CUST3627,25,9153.69,366.15,16,6,2026-05-28,2025-06-16,2
CUST2009,18,9281.78,515.65,6,4,2026-05-17,2025-07-22,3
CUST2006,24,11199.84,466.66,16,4,2026-05-05,2025-06-04,4
CUST4846,18,7956.16,442.01,14,3,2026-05-13,2025-06-17,3
CUST2866,24,14541.4,605.89,17,7,2026-06-03,2025-06-03,1
CUST2605,27,15848.8,586.99,20,5,2026-05-28,2025-06-06,4
CUST2091,41,23586.25,575.27,25,8,2026-06-02,2025-06-07,6
CUST0051,33,14001.28,424.28,19,8,2026-05-04,2025-06-03,4
CUST4130,34,17082.09,502.41,20,7,2026-05-14,2025-06-09,4
CUST2120,22,10840.29,492.74,13,2,2026-05-10,2025-06-21,2
CUST3968,34,18972.25,558.01,18,11,2026-05-25,2025-06-10,3
CUST1675,28,19485.7,695.92,16,2,2026-05-26,2025-06-03,6
CUST0988,26,14718.35,566.09,19,8,2026-05-18,2025-07-01,4
CUST0879,22,18401.08,836.41,11,5,2026-04-30,2025-06-06,4
CUST2544,28,11231.68,401.13,20,10,2026-05-30,2025-06-12,3
CUST4397,21,10885.25,518.35,7,1,2026-05-15,2025-06-17,0
CUST2289,23,11445.58,497.63,14,5,2026-05-31,2025-06-22,5
CUST0453,33,12512.87,379.18,18,4,2026-05-29,2025-06-29,3
CUST3355,36,20014.68,555.96,21,9,2026-06-02,2025-07-03,2
CUST1837,34,18895.29,555.74,24,2,2026-05-19,2025-06-16,5
CUST4674,30,15213.74,507.12,13,3,2026-06-03,2025-07-11,2
CUST2924,24,9683.11,403.46,13,2,2026-05-19,2025-06-03,1
CUST3675,20,11334.42,566.72,14,5,2026-05-18,2025-06-18,4
CUST4581,22,12509.34,568.61,11,4,2026-05-16,2025-06-30,4
CUST2999,32,23877.8,746.18,17,4,2026-06-01,2025-06-18,7
CUST3598,35,22216.19,634.75,23,11,2026-05-20,2025-06-15,2
CUST2052,33,14034.78,425.3,23,1,2026-05-31,2025-06-07,2
CUST4515,39,19119.42,490.24,28,11,2026-06-01,2025-06-11,2
CUST2163,26,15092.76,580.49,14,6,2026-05-31,2025-06-03,4
CUST0695,31,17437.41,562.5,19,4,2026-05-22,2025-06-10,3
CUST1505,30,14569.2,485.64,21,9,2026-06-01,2025-06-05,5
CUST1393,33,11725.85,355.33,25,6,2026-06-03,2025-06-19,5
CUST3233,37,18437.09,498.3,16,12,2026-05-27,2025-06-08,3
CUST2807,27,12697.2,470.27,15,7,2026-06-03,2025-06-03,3
CUST4456,24,15883.48,661.81,16,6,2026-04-17,2025-06-06,6
CUST0737,25,12547.59,501.9,14,10,2026-06-01,2025-07-03,3
CUST2831,23,13471.31,585.71,15,2,2026-05-24,2025-06-15,1
CUST0935,41,17896.45,436.5,27,9,2026-05-28,2025-06-03,2
CUST2653,31,18721.54,603.92,19,7,2026-05-16,2025-06-27,5
CUST3605,28,11139.63,397.84,16,11,2026-04-26,2025-06-05,1
CUST2893,27,12621.96,467.48,16,6,2026-05-24,2025-06-07,1
CUST3765,30,11314.81,377.16,21,7,2026-06-01,2025-06-17,0
CUST2920,26,11924.32,458.63,20,2,2026-05-20,2025-06-14,1
CUST4173,32,16903.96,528.25,17,9,2026-05-18,2025-06-06,2
CUST2806,32,13074.18,408.57,24,7,2026-05-22,2025-06-06,2
CUST3556,27,9173.06,339.74,20,6,2026-06-01,2025-06-06,1
CUST2808,35,20812.95,594.66,21,9,2026-05-21,2025-06-12,6
CUST3019,31,23172.18,747.49,19,8,2026-05-28,2025-06-11,2
CUST1251,29,12479.71,430.33,22,3,2026-05-16,2025-06-20,2
CUST2250,23,10094.62,438.9,17,6,2026-05-31,2025-06-05,1
CUST4906,30,10814.85,360.5,18,5,2026-05-09,2025-06-18,3
CUST1473,28,12796.32,457.01,12,6,2026-05-31,2025-06-15,6
CUST2087,30,15613.75,520.46,19,8,2026-05-29,2025-07-22,4
CUST3717,37,21251.1,574.35,24,5,2026-05-30,2025-06-05,2
CUST3480,28,16159.61,577.13,16,6,2026-06-02,2025-06-03,1
CUST4659,28,12763.68,455.85,18,3,2026-05-19,2025-06-19,0
CUST0571,29,20323.45,700.81,20,7,2026-05-24,2025-06-11,3
CUST2112,35,18451.18,527.18,21,10,2026-05-25,2025-06-04,2
CUST3022,27,10337.03,382.85,21,8,2026-04-25,2025-06-26,4
CUST0341,35,19076.62,545.05,24,4,2026-05-23,2025-06-04,2
CUST3566,36,13833.21,384.26,18,8,2026-05-12,2025-06-10,3
CUST1477,34,16182.02,475.94,18,9,2026-05-30,2025-06-08,5
CUST1523,33,16264.78,492.87,22,7,2026-05-30,2025-06-11,3
CUST3771,26,16846.78,647.95,17,2,2026-06-02,2025-06-06,3
CUST1114,40,21434.88,535.87,27,7,2026-05-31,2025-06-15,3
CUST4293,28,11654.69,416.24,16,5,2026-05-31,2025-06-09,2
CUST3882,29,11945.38,411.91,19,7,2026-05-22,2025-07-03,3
CUST0893,20,10581.75,529.09,16,3,2026-06-02,2025-06-04,4
CUST4346,27,14899.43,551.83,15,2,2026-05-22,2025-06-14,4
CUST1017,33,17508.58,530.56,22,4,2026-05-23,2025-06-03,5
CUST1963,29,14699.16,506.87,17,7,2026-05-03,2025-06-10,2
CUST1679,22,11544.41,524.75,13,8,2026-05-15,2025-06-11,4
CUST3256,28,15226.03,543.79,21,4,2026-05-08,2025-06-07,2
CUST1580,34,17503.71,514.81,23,6,2026-05-16,2025-06-24,4
CUST0069,25,10347.75,413.91,17,3,2026-05-04,2025-06-03,3
CUST2097,31,15385.85,496.32,22,7,2026-05-13,2025-06-03,6
CUST4869,29,15261.25,526.25,17,3,2026-05-05,2025-06-03,6
CUST1988,27,11258.76,416.99,18,3,2026-06-02,2025-06-19,2
CUST4241,32,12044.3,376.38,19,7,2026-06-02,2025-06-05,2
CUST1053,35,20201.3,577.18,22,8,2026-05-17,2025-06-06,5
CUST3429,28,11413.71,407.63,16,6,2026-06-01,2025-06-17,1
CUST0784,25,8221.72,328.87,16,7,2026-05-27,2025-06-16,3
CUST3511,22,11214.18,509.74,14,3,2026-05-22,2025-06-05,1
CUST2232,23,9129.21,396.92,13,4,2026-05-18,2025-06-06,4
CUST2507,28,18147.56,648.13,15,9,2026-06-01,2025-06-09,3
CUST3894,31,18548.98,598.35,20,3,2026-05-19,2025-06-12,1
CUST4305,30,18518.37,617.28,18,7,2026-06-03,2025-07-14,3
CUST4982,32,14355.41,448.61,18,4,2026-06-03,2025-06-08,4
CUST4676,35,14838.81,423.97,18,3,2026-05-27,2025-06-12,1
CUST5000,23,10026.47,435.93,15,5,2026-05-16,2025-06-05,2
CUST4562,27,15253.01,564.93,15,4,2026-05-02,2025-06-11,2
CUST1753,21,8418.0,400.86,13,6,2026-05-09,2025-06-18,2
CUST4691,34,15088.93,443.79,25,8,2026-04-25,2025-06-24,1
CUST1099,30,19546.61,651.55,20,5,2026-04-25,2025-06-11,5
CUST3746,34,17850.12,525.0,22,9,2026-05-20,2025-06-08,1
CUST2155,33,17844.68,540.75,22,6,2026-05-17,2025-06-04,5
CUST1684,22,8673.64,394.26,13,7,2026-05-26,2025-06-20,1
CUST3479,42,23361.71,556.23,27,8,2026-05-20,2025-06-11,4
CUST4899,29,19850.44,684.5,18,2,2026-05-18,2025-06-15,1
CUST1002,26,10537.47,405.29,15,6,2026-05-12,2025-06-15,5
CUST4260,20,15985.22,799.26,12,5,2026-05-31,2025-06-10,3
CUST1841,32,26981.72,843.18,16,4,2026-06-02,2025-06-21,2
CUST1911,25,13680.23,547.21,20,5,2026-05-09,2025-06-23,3
CUST3306,27,10786.54,399.5,17,6,2026-04-23,2025-06-03,6
CUST1489,37,19651.1,531.11,25,13,2026-05-17,2025-06-08,2
CUST0104,20,11980.6,599.03,14,4,2026-05-11,2025-06-20,3
CUST4064,38,27005.93,710.68,23,5,2026-05-28,2025-06-05,7
CUST3579,39,18132.47,464.94,24,5,2026-05-31,2025-06-04,6
CUST1279,31,9979.66,321.92,15,3,2026-05-07,2025-06-03,2
CUST4835,36,19791.74,549.77,21,8,2026-05-09,2025-06-07,7
CUST0969,26,19258.47,740.71,17,9,2026-05-31,2025-06-07,5
CUST3658,26,11792.91,453.57,20,6,2026-05-27,2025-06-13,0
CUST3773,25,13470.03,538.8,15,5,2026-05-28,2025-06-11,0
CUST3534,28,16889.72,603.2,16,5,2026-05-28,2025-06-07,3
CUST1968,30,14973.87,499.13,18,5,2026-05-28,2025-06-18,3
CUST1520,36,19082.21,530.06,21,5,2026-05-22,2025-06-14,4
CUST0991,29,12165.57,419.5,10,6,2026-05-24,2025-07-02,1
CUST4380,27,9831.59,364.13,16,4,2026-05-17,2025-06-07,3
CUST3312,35,20836.88,595.34,25,10,2026-05-30,2025-06-11,2
CUST0610,30,15561.63,518.72,19,3,2026-06-03,2025-06-04,5
CUST1609,35,15674.18,447.83,18,5,2026-05-26,2025-06-14,2
CUST3742,30,13384.09,446.14,16,4,2026-06-03,2025-06-11,1
CUST3862,30,17755.62,591.85,18,4,2026-05-27,2025-06-21,3
CUST4386,29,18933.93,652.89,18,7,2026-06-01,2025-06-03,1
CUST4331,23,12955.11,563.27,9,5,2026-05-31,2025-06-03,1
CUST1601,27,10583.98,392.0,15,6,2026-05-26,2025-06-08,6
CUST0162,30,15678.4,522.61,19,6,2026-06-03,2025-07-10,1
CUST4401,25,9380.96,375.24,11,7,2026-06-02,2025-06-06,0
CUST3710,31,13990.82,451.32,24,5,2026-04-22,2025-06-05,2
CUST0585,29,21739.77,749.65,18,5,2026-05-25,2025-06-14,1
CUST2252,35,16728.33,477.95,20,5,2026-05-30,2025-06-07,1
CUST3020,20,15717.34,785.87,15,3,2026-05-29,2025-06-21,2
CUST2717,27,9913.94,367.18,15,6,2026-05-21,2025-06-08,2
CUST3563,34,19563.29,575.39,18,10,2026-05-31,2025-06-05,6
CUST4844,29,16366.32,564.36,18,9,2026-05-31,2025-06-06,3
CUST0965,32,14860.75,464.4,18,7,2026-05-31,2025-06-09,2
CUST0260,26,11108.87,427.26,17,8,2026-05-15,2025-06-03,6
CUST4131,33,19960.15,604.85,19,5,2026-05-19,2025-06-08,4
CUST2240,34,18890.94,555.62,17,11,2026-05-27,2025-06-06,5
CUST4641,29,13620.72,469.68,17,7,2026-05-25,2025-06-16,2
CUST1701,26,11819.74,454.61,16,7,2026-05-12,2025-06-15,2
CUST1146,27,13914.8,515.36,13,1,2026-05-29,2025-06-13,3
CUST1554,28,14459.37,516.41,14,9,2026-05-30,2025-06-08,1
CUST0009,31,16157.67,521.22,20,5,2026-05-24,2025-06-06,2
CUST1201,28,17750.51,633.95,17,9,2026-05-30,2025-06-05,4
CUST2306,34,17671.6,519.75,14,4,2026-06-01,2025-06-08,3
CUST2518,20,14731.6,736.58,14,6,2026-05-29,2025-06-07,1
CUST2167,24,15815.32,658.97,15,4,2026-05-31,2025-06-11,4
CUST0304,26,12285.49,472.52,13,6,2026-05-27,2025-06-21,3
CUST0797,40,20341.06,508.53,24,14,2026-06-03,2025-06-06,5
CUST2029,30,14042.93,468.1,18,15,2026-06-02,2025-07-24,6
CUST1354,26,11693.33,449.74,13,6,2026-06-01,2025-06-06,1
CUST4434,31,21122.35,681.37,16,8,2026-05-26,2025-06-14,2
CUST0280,30,17376.48,579.22,18,7,2026-05-31,2025-06-14,1
CUST0126,30,15380.34,512.68,18,2,2026-05-30,2025-06-07,4
CUST2489,28,11728.12,418.86,18,5,2026-05-30,2025-06-05,4
CUST0565,24,12265.29,511.05,18,3,2026-04-27,2025-06-13,2
CUST0319,33,22342.99,677.06,18,8,2026-06-01,2025-06-16,4
CUST3684,26,15668.44,602.63,15,7,2026-06-03,2025-06-20,3
CUST0269,32,14015.44,437.98,20,8,2026-06-02,2025-06-05,3
CUST4766,32,16637.02,519.91,19,5,2026-05-10,2025-06-16,2
CUST2137,28,12804.02,457.29,17,3,2026-05-19,2025-07-22,2
CUST2766,24,13600.61,566.69,7,3,2026-05-26,2025-06-16,5
CUST3146,24,11349.28,472.89,14,3,2026-06-01,2025-06-05,4
CUST4985,19,8676.69,456.67,10,2,2026-05-28,2025-06-17,2
CUST0119,36,21606.14,600.17,18,4,2026-05-27,2025-06-12,2
CUST3099,29,14955.36,515.7,16,4,2026-05-18,2025-06-13,5
CUST3991,36,22524.14,625.67,22,13,2026-04-30,2025-06-15,3
CUST0822,39,19291.53,494.65,27,6,2026-05-16,2025-06-06,5
CUST3625,24,15621.53,650.9,16,7,2026-05-30,2025-06-27,4
CUST1246,21,18146.72,864.13,11,5,2026-05-24,2025-06-28,2
CUST4388,17,9711.1,571.24,12,3,2026-06-03,2025-06-19,0
CUST2741,27,20541.98,760.81,17,7,2026-04-19,2025-06-10,3
CUST2468,46,23366.55,507.97,22,10,2026-06-01,2025-06-03,1
CUST2286,26,11198.41,430.71,16,5,2026-05-22,2025-06-06,1
CUST0329,36,15782.71,438.41,23,8,2026-05-11,2025-06-20,3
CUST4265,24,9844.85,410.2,9,5,2026-05-05,2025-06-10,2
CUST4805,24,12303.79,512.66,17,6,2026-05-16,2025-06-07,2
CUST3994,26,11818.02,454.54,16,4,2026-05-23,2025-06-07,3
CUST4003,40,26538.73,663.47,25,6,2026-05-31,2025-06-11,2
CUST1275,30,11986.2,399.54,17,4,2026-05-29,2025-06-23,2
CUST2145,21,7494.84,356.9,15,4,2026-05-21,2025-06-06,1
CUST1111,26,13674.24,525.93,18,5,2026-05-31,2025-06-10,6
CUST3595,29,17672.68,609.4,22,10,2026-06-03,2025-06-04,5
CUST4097,27,18424.05,682.37,17,7,2026-06-02,2025-06-10,1
CUST4262,24,13217.32,550.72,13,6,2026-05-25,2025-06-06,2
CUST3180,21,9417.53,448.45,17,6,2026-05-30,2025-08-18,2
CUST0070,29,15826.84,545.75,21,7,2026-05-16,2025-06-15,7
CUST2478,35,17126.01,489.31,24,12,2026-06-03,2025-06-09,1
CUST1985,50,24935.98,498.72,33,11,2026-06-03,2025-06-19,4
CUST4256,30,17007.32,566.91,19,4,2026-05-31,2025-06-09,3
CUST1273,26,15135.84,582.15,17,4,2026-05-09,2025-06-23,2
CUST2025,26,14317.93,550.69,17,6,2026-05-30,2025-06-16,5
CUST4677,32,12234.1,382.32,19,6,2026-05-27,2025-06-08,4
CUST2197,35,20640.34,589.72,24,10,2026-05-22,2025-07-08,6
CUST4826,28,10616.67,379.17,18,6,2026-06-02,2025-06-09,1
CUST2447,41,23399.54,570.72,23,9,2026-05-28,2025-06-06,5
CUST3417,29,12355.56,426.05,22,9,2026-05-30,2025-06-05,2
CUST4533,27,13044.84,483.14,19,1,2026-06-02,2025-06-03,1
CUST2650,27,12494.0,462.74,13,7,2026-05-27,2025-06-06,3
CUST2867,26,15097.75,580.68,15,6,2026-05-23,2025-06-08,1
CUST1244,30,13615.6,453.85,17,9,2026-05-13,2025-06-12,7
CUST1845,29,10470.75,361.06,12,3,2026-05-19,2025-06-21,2
CUST2839,26,11041.28,424.66,8,3,2026-05-27,2025-06-03,1
CUST4168,26,11890.68,457.33,18,2,2026-05-05,2025-06-19,2
CUST0665,39,17440.88,447.2,28,7,2026-06-03,2025-06-03,0
CUST4672,23,11115.5,483.28,16,4,2026-06-02,2025-06-03,1
CUST3116,23,10702.17,465.31,16,8,2026-05-21,2025-06-16,2
CUST4330,22,12632.75,574.22,14,6,2026-05-31,2025-07-02,2
CUST2094,32,9207.58,287.74,19,4,2026-05-07,2025-06-25,4
CUST1866,32,21145.89,660.81,19,5,2026-05-15,2025-06-03,4
CUST4175,31,19348.21,624.14,14,7,2026-05-31,2025-06-09,2
CUST1906,25,10995.7,439.83,15,4,2026-06-01,2025-06-15,3
CUST3420,30,18860.72,628.69,19,6,2026-05-21,2025-06-25,4
CUST3880,26,7657.16,294.51,16,3,2026-05-26,2025-06-14,0
CUST3053,33,13421.82,406.72,22,6,2026-05-23,2025-06-11,7
CUST1544,30,13327.29,444.24,23,9,2026-04-05,2025-06-06,3
CUST4201,27,11341.3,420.05,21,6,2026-06-02,2025-06-16,1
CUST0159,36,17518.37,486.62,23,7,2026-06-02,2025-06-29,4
CUST4377,24,15281.29,636.72,21,10,2026-05-24,2025-07-09,2
CUST0645,27,12848.13,475.86,15,7,2026-05-15,2025-06-09,1
CUST0863,37,20457.26,552.9,24,8,2026-04-25,2025-06-06,4
CUST4181,34,16089.72,473.23,18,8,2026-05-31,2025-06-08,4
CUST3427,34,18457.18,542.86,20,7,2026-06-02,2025-06-06,3
CUST2689,26,15811.3,608.13,13,4,2026-05-17,2025-06-03,2
CUST0357,28,14223.67,507.99,17,4,2026-05-24,2025-06-04,5
CUST0642,29,14781.31,509.7,18,5,2026-05-28,2025-06-15,1
CUST4267,27,14135.31,523.53,15,7,2026-05-27,2025-06-23,3
CUST0026,33,12613.54,382.23,20,7,2026-05-27,2025-06-26,3
CUST3577,33,15808.77,479.05,21,7,2026-06-03,2025-06-04,5
CUST2183,26,17173.92,660.54,13,2,2026-05-21,2025-06-11,3
CUST3192,24,14274.35,594.76,12,7,2026-05-03,2025-06-09,4
CUST3878,21,12652.17,602.48,10,9,2026-05-31,2025-06-19,2
CUST0570,22,8885.62,403.89,13,2,2026-05-29,2025-06-23,1
CUST4408,30,23225.94,774.2,16,3,2026-05-28,2025-06-16,1
CUST3573,37,15055.24,406.9,24,6,2026-05-25,2025-06-13,2
CUST1597,30,17155.59,571.85,19,5,2026-06-03,2025-06-10,2
CUST1749,24,10901.76,454.24,15,3,2026-06-03,2025-06-08,4
CUST2431,30,16481.87,549.4,16,11,2026-04-16,2025-06-08,2
CUST0824,25,10342.29,413.69,18,5,2026-05-08,2025-06-05,1
CUST2758,31,14999.6,483.86,17,3,2026-05-22,2025-06-16,5
CUST3353,25,12062.37,482.49,17,4,2026-05-01,2025-06-26,1
CUST4345,26,12134.77,466.72,15,4,2026-05-01,2025-06-16,2
CUST4537,29,14225.78,490.54,17,6,2026-06-02,2025-06-21,1
CUST2703,36,19735.78,548.22,24,7,2026-05-12,2025-06-17,6
CUST3432,21,12564.33,598.3,16,5,2026-05-26,2025-08-02,1
CUST4132,27,14968.27,554.38,15,2,2026-05-19,2025-06-19,5
CUST2089,24,13901.61,579.23,13,4,2026-05-31,2025-06-24,1
CUST0655,27,14417.25,533.97,13,8,2026-05-24,2025-06-24,1
CUST4336,24,12654.64,527.28,12,6,2026-04-11,2025-07-22,1
CUST0478,23,9089.49,395.2,17,5,2026-05-28,2025-06-09,3
CUST2146,36,15141.07,420.59,20,12,2026-06-03,2025-06-06,4
CUST0283,18,7592.71,421.82,9,3,2026-06-03,2025-06-19,5
CUST2565,18,6770.49,376.14,10,6,2026-06-01,2025-06-18,1
CUST1198,26,10637.71,409.14,13,6,2026-05-11,2025-07-29,0
CUST2797,29,15120.95,521.41,15,8,2026-05-25,2025-06-10,1
CUST2230,31,9919.1,319.97,20,5,2026-05-07,2025-07-10,2
CUST4761,22,8461.3,384.6,15,7,2026-05-15,2025-06-12,1
CUST0231,27,13319.67,493.32,14,4,2026-05-21,2025-06-05,2
CUST1993,20,8050.2,402.51,9,3,2026-06-03,2025-07-14,1
CUST0594,23,12351.86,537.04,11,6,2026-04-15,2025-06-12,3
CUST4745,17,9193.35,540.79,11,0,2026-06-01,2025-06-20,3
CUST3688,28,15555.31,555.55,10,8,2026-05-09,2025-06-12,3
CUST2417,39,21611.36,554.14,24,8,2026-05-25,2025-06-10,5
CUST2536,20,11275.62,563.78,13,4,2026-06-01,2025-06-08,1
CUST3916,28,14121.25,504.33,21,10,2026-05-31,2025-06-15,4
CUST0495,35,18791.12,536.89,22,7,2026-06-03,2025-07-03,0
CUST1159,36,18474.12,513.17,19,5,2026-06-01,2025-06-12,4
CUST2190,30,16031.81,534.39,22,6,2026-05-17,2025-06-10,2
CUST1024,36,17134.92,475.97,24,4,2026-05-19,2025-06-04,5
CUST0266,25,13272.51,530.9,13,4,2026-06-03,2025-06-23,3
CUST4530,27,8646.86,320.25,18,4,2026-05-27,2025-06-04,1
CUST3506,42,24040.13,572.38,26,9,2026-05-17,2025-06-07,5
CUST3547,26,16243.31,624.74,13,5,2026-05-31,2025-06-16,2
CUST2308,35,13797.27,394.21,23,10,2026-05-19,2025-06-03,2
CUST0226,16,12395.9,774.74,11,3,2026-05-30,2025-07-16,2
CUST1525,29,17441.12,601.42,22,8,2026-05-28,2025-06-08,1
CUST1366,23,10105.25,439.36,14,8,2026-05-18,2025-06-22,1
CUST1528,22,14581.15,662.78,10,4,2026-05-24,2025-06-06,0
CUST3115,26,19119.8,735.38,15,4,2026-05-30,2025-06-20,4
CUST3763,30,16128.7,537.62,19,6,2026-05-31,2025-06-26,4
CUST2822,20,9393.25,469.66,11,3,2026-04-16,2025-06-28,3
CUST4584,38,20496.42,539.38,27,9,2026-05-17,2025-06-17,4
CUST2118,22,10322.41,469.2,16,5,2026-05-20,2025-06-24,3
CUST0001,24,11493.0,478.87,16,6,2026-05-05,2025-06-07,3
CUST2688,20,9675.98,483.8,13,5,2026-06-03,2025-06-12,4
CUST2436,20,9767.51,488.38,12,2,2026-06-03,2025-06-08,3
CUST2383,21,8971.64,427.22,13,1,2026-05-17,2025-06-26,3
CUST1309,38,23983.1,631.13,25,6,2026-05-25,2025-06-05,3
CUST0700,29,9959.0,343.41,16,7,2026-05-29,2025-07-02,4
CUST0468,28,15305.43,546.62,12,8,2026-05-09,2025-06-03,2
CUST0272,33,18129.33,549.37,19,6,2026-05-07,2025-06-15,4
CUST0308,32,16793.01,524.78,18,9,2026-05-31,2025-06-22,3
CUST3440,34,23222.8,683.02,24,10,2026-06-02,2025-06-23,1
CUST1755,31,19026.99,613.77,23,1,2026-06-03,2025-06-30,4
CUST2388,24,10299.0,429.12,11,4,2026-05-11,2025-06-18,2
CUST4226,31,10103.11,325.91,16,7,2026-05-23,2025-06-04,5
CUST3167,27,14176.52,525.06,16,3,2026-06-02,2025-06-18,3
CUST2708,29,12339.28,425.49,19,7,2026-05-20,2025-06-20,0
CUST2782,25,15564.47,622.58,18,6,2026-06-01,2025-06-03,3
CUST2301,27,18120.85,671.14,18,6,2026-05-26,2025-06-24,7
CUST3359,17,8823.35,519.02,14,2,2026-05-22,2025-06-03,1
CUST1546,31,18386.31,593.11,13,7,2026-06-03,2025-06-21,3
CUST4922,32,17900.7,559.4,24,9,2026-05-30,2025-07-13,1
CUST4192,28,15965.84,570.21,18,5,2026-05-30,2025-06-04,1
CUST4823,21,5084.0,242.1,12,3,2026-04-03,2025-06-17,0
CUST0917,36,17319.83,481.11,24,8,2026-05-12,2025-07-03,2
CUST3831,36,17461.18,485.03,21,9,2026-05-31,2025-06-16,6
CUST4954,34,15280.03,449.41,17,5,2026-05-15,2025-06-04,3
CUST3131,32,17496.66,546.77,23,5,2026-05-27,2025-06-16,6
CUST0745,34,16116.83,474.02,19,6,2026-05-30,2025-07-03,5
CUST4477,31,16975.24,547.59,20,3,2026-05-29,2025-06-12,1
CUST3754,31,21812.42,703.63,20,3,2026-05-29,2025-06-03,2
CUST2332,31,12590.02,406.13,20,4,2026-05-17,2025-06-13,0
CUST2580,29,10414.86,359.13,18,3,2026-05-17,2025-06-11,2
CUST3594,31,15841.43,511.01,19,5,2026-05-30,2025-06-19,1
CUST2201,26,14036.56,539.87,18,5,2026-05-30,2025-06-06,2
CUST3846,26,14865.55,571.75,17,7,2026-05-18,2025-06-07,4
CUST2423,33,17399.99,527.27,17,11,2026-06-02,2025-06-13,3
CUST1257,34,18670.57,549.13,24,8,2026-06-03,2025-06-09,4
CUST2268,30,16462.97,548.77,22,6,2026-05-30,2025-06-03,2
CUST4769,34,17300.4,508.84,20,5,2026-05-18,2025-06-15,7
CUST3989,32,14223.47,444.48,18,4,2026-05-25,2025-07-19,2
CUST0301,29,12167.29,419.56,23,6,2026-05-13,2025-06-04,4
CUST0582,35,21099.51,602.84,21,7,2026-05-30,2025-06-07,3
CUST0476,33,19134.56,579.84,25,5,2026-06-03,2025-07-24,4
CUST3721,42,22913.14,545.55,27,6,2026-06-01,2025-06-04,3
CUST0277,23,9354.47,406.72,14,4,2026-04-24,2025-06-12,2
CUST1879,30,18100.92,603.36,20,11,2026-05-22,2025-06-13,2
CUST2302,30,19684.31,656.14,19,10,2026-05-25,2025-06-19,3
CUST3368,34,17452.59,513.31,22,5,2026-05-31,2025-06-13,3
CUST0273,39,24468.42,627.4,24,7,2026-06-01,2025-06-08,2
CUST3204,37,18300.12,494.6,22,10,2026-05-22,2025-06-17,6
CUST0911,24,14373.0,598.88,15,6,2026-05-30,2025-06-07,2
CUST1095,40,27697.01,692.43,33,11,2026-05-30,2025-06-14,7
CUST4295,29,16629.39,573.43,19,5,2026-05-22,2025-06-15,2
CUST2491,24,12134.17,505.59,9,2,2026-06-01,2025-07-31,1
CUST0271,39,19663.53,504.19,23,12,2026-05-20,2025-07-10,2
CUST2058,22,14018.7,637.21,13,4,2026-05-28,2025-08-05,3
CUST3816,31,9954.93,321.13,23,6,2026-05-17,2025-06-14,5
CUST3213,26,13048.7,501.87,16,6,2026-05-26,2025-06-15,2
CUST1455,22,8407.59,382.16,17,8,2026-05-30,2025-06-06,3
CUST0611,27,18868.85,698.85,16,6,2026-05-03,2025-06-14,0
CUST2343,27,12996.92,481.37,19,4,2026-06-02,2025-06-08,2
CUST3004,31,12907.75,416.38,16,4,2026-05-30,2025-06-20,2
CUST2764,36,16951.28,470.87,23,8,2026-06-03,2025-06-03,3
CUST3735,28,14533.68,519.06,21,6,2026-05-22,2025-06-07,2
CUST1098,24,11080.99,461.71,13,6,2026-05-23,2025-06-10,2
CUST4246,34,17687.57,520.22,22,7,2026-05-16,2025-06-18,3
CUST1290,13,6389.44,491.5,9,3,2026-05-26,2025-06-12,1
CUST3520,29,12204.8,420.86,21,3,2026-05-24,2025-06-14,5
CUST0674,38,18577.33,488.88,29,14,2026-05-22,2025-06-17,6
CUST3704,23,12045.22,523.71,13,7,2026-05-31,2025-06-04,3
CUST4611,27,17684.08,654.97,20,4,2026-05-25,2025-06-21,1
CUST3642,28,13215.5,471.98,10,6,2026-05-27,2025-06-09,3
CUST3274,28,15613.78,557.64,17,3,2026-05-19,2025-06-23,5
CUST2077,35,17719.34,506.27,18,6,2026-05-26,2025-06-12,1
CUST1012,36,17438.01,484.39,21,7,2026-05-11,2025-06-24,7
CUST4369,32,21765.96,680.19,21,5,2026-05-23,2025-06-25,3
CUST1967,30,9061.77,302.06,21,11,2026-05-24,2025-06-06,4
CUST4565,29,15838.1,546.14,22,2,2026-05-12,2025-07-05,2
CUST0626,30,13540.83,451.36,21,7,2026-05-13,2025-06-06,2
CUST3958,24,13022.13,542.59,15,6,2026-06-02,2025-06-03,5
CUST4252,22,11539.2,524.51,11,2,2026-05-25,2025-06-03,2
CUST3828,28,19293.08,689.04,17,6,2026-05-29,2025-06-06,2
CUST0416,32,20398.92,637.47,18,5,2026-05-21,2025-06-12,5
CUST1624,35,20645.08,589.86,23,9,2026-05-31,2025-06-14,3
CUST3819,28,13112.96,468.32,22,7,2026-06-03,2025-06-19,2
CUST0087,31,19224.73,620.15,17,4,2026-05-28,2025-06-20,3
CUST1195,34,12269.86,360.88,18,7,2026-06-01,2025-06-08,3
CUST3715,28,15546.22,555.22,15,7,2026-05-26,2025-06-09,4
CUST3074,20,10066.98,503.35,10,5,2026-04-13,2025-06-10,2
CUST1824,25,14968.24,598.73,14,2,2026-05-23,2025-06-14,2
CUST3932,29,15104.51,520.85,20,4,2026-06-01,2025-06-06,2
CUST0098,21,11652.59,554.89,12,7,2026-05-05,2025-06-06,1
CUST1494,38,19783.36,520.61,25,6,2026-05-29,2025-06-05,4
CUST4592,19,15455.56,813.45,11,3,2026-05-22,2025-06-13,1
CUST4617,33,13913.43,421.62,24,5,2026-05-28,2025-06-15,4
CUST3003,30,17129.77,570.99,13,4,2026-06-02,2025-06-09,4
CUST4748,34,18700.77,550.02,21,9,2026-05-25,2025-06-07,2
CUST4372,36,21876.92,607.69,24,5,2026-05-12,2025-06-10,6
CUST3526,32,20067.08,627.1,19,11,2026-05-31,2025-06-07,4
CUST3486,22,12281.82,558.26,13,6,2026-05-24,2025-06-27,2
CUST4604,24,15269.76,636.24,14,6,2026-05-11,2025-06-30,3
CUST4720,28,14977.42,534.91,22,8,2026-05-28,2025-07-13,5
CUST2743,29,18940.45,653.12,14,6,2026-04-02,2025-06-05,4
CUST4216,36,21389.67,594.16,23,7,2026-06-03,2025-06-08,3
CUST3133,28,18398.98,657.11,12,5,2026-05-18,2025-06-28,2
CUST4351,25,13599.89,544.0,16,6,2026-05-28,2025-07-08,1
CUST3278,31,10656.62,343.76,17,9,2026-05-29,2025-06-08,3
CUST3731,21,11079.43,527.59,12,0,2026-05-23,2025-06-30,3
CUST2079,23,8941.83,388.78,16,7,2026-05-25,2025-06-27,5
CUST2973,24,12359.95,515.0,12,8,2026-06-03,2025-06-25,0
CUST1401,31,13317.48,429.6,19,9,2026-05-15,2025-07-06,2
CUST3783,26,10678.06,410.69,14,3,2026-05-29,2025-06-29,2
CUST1673,26,12148.81,467.26,16,2,2026-06-02,2025-06-11,5
CUST3375,29,14448.55,498.23,15,2,2026-05-26,2025-07-11,4
CUST0715,33,18230.63,552.44,23,10,2026-05-30,2025-06-25,3
CUST1871,32,16029.35,500.92,19,11,2026-05-01,2025-06-04,5
CUST4812,37,18775.48,507.45,24,9,2026-06-02,2025-06-13,1
CUST1732,27,17912.42,663.42,16,8,2026-06-03,2025-06-19,3
CUST0216,27,13621.63,504.5,20,4,2026-05-22,2025-06-20,2
CUST3943,20,9633.01,481.65,12,4,2026-05-31,2025-06-13,4
CUST0923,27,12855.0,476.11,22,6,2026-05-29,2025-06-13,4
CUST3604,37,23986.75,648.29,21,8,2026-05-27,2025-06-11,2
CUST2739,32,18892.0,590.38,21,12,2026-05-31,2025-06-13,3
CUST2035,23,9721.1,422.66,15,6,2026-06-02,2025-06-12,2
CUST1578,27,13335.74,493.92,19,6,2026-05-26,2025-06-10,3
CUST4463,30,11076.33,369.21,20,5,2026-05-30,2025-06-07,4
CUST1143,44,19726.08,448.32,31,10,2026-06-01,2025-06-10,3
CUST0083,37,15813.37,427.39,22,9,2026-05-27,2025-06-07,3
CUST0538,28,13140.94,469.32,12,4,2026-06-03,2025-06-04,4
CUST4475,30,16776.13,559.2,14,4,2026-05-28,2025-06-17,4
CUST3110,32,13071.59,408.49,17,6,2026-05-24,2025-06-08,4
CUST1330,26,12414.33,477.47,18,7,2026-05-31,2025-06-19,3
CUST1046,29,19076.76,657.82,20,5,2026-06-01,2025-06-04,3
CUST3082,29,10831.33,373.49,16,3,2026-05-17,2025-06-21,3
CUST4317,33,11812.29,357.95,24,8,2026-05-27,2025-06-11,6
CUST1495,31,10309.99,332.58,18,4,2026-05-18,2025-06-05,0
CUST3407,23,10197.96,443.39,10,5,2026-05-20,2025-06-07,3
CUST4686,33,14539.58,440.59,22,4,2026-06-01,2025-06-08,5
CUST1475,27,15223.27,563.82,17,7,2026-05-30,2025-06-12,2
CUST1047,28,14206.58,507.38,17,6,2026-05-22,2025-06-09,2
CUST4967,25,14965.17,598.61,16,6,2026-06-03,2025-06-03,2
CUST4999,37,23694.02,640.38,21,11,2026-05-01,2025-06-05,5
CUST3544,38,20050.73,527.65,20,11,2026-05-09,2025-06-03,3
CUST3875,27,11691.09,433.0,12,5,2026-05-30,2025-07-05,5
CUST4707,30,15784.31,526.14,19,7,2026-05-28,2025-06-05,4
CUST3400,21,6184.11,294.48,14,5,2026-05-28,2025-07-12,1
CUST2212,23,11249.25,489.1,15,3,2026-05-16,2025-06-21,4
CUST3114,35,16763.5,478.96,26,7,2026-05-28,2025-06-17,3
CUST3493,34,19785.51,581.93,24,5,2026-05-20,2025-06-20,2
CUST4428,38,22848.35,601.27,25,8,2026-05-24,2025-06-20,3
CUST4492,28,12627.31,450.98,20,7,2026-05-21,2025-06-07,3
CUST3343,34,21073.89,619.82,21,9,2026-05-13,2025-07-09,5
CUST1077,21,13597.28,647.49,14,6,2026-04-25,2025-06-05,2
CUST0307,33,18759.21,568.46,14,7,2026-05-15,2025-06-21,4
CUST4995,34,21585.67,634.87,16,10,2026-06-01,2025-06-11,3
CUST1799,29,16493.14,568.73,22,4,2026-05-16,2025-06-12,2
CUST1060,26,13187.8,507.22,15,5,2026-05-30,2025-06-04,0
CUST4895,36,18636.65,517.68,25,12,2026-05-29,2025-06-11,2
CUST4007,36,15416.92,428.25,25,7,2026-05-25,2025-06-13,5
CUST2365,37,18721.47,505.99,21,9,2026-05-19,2025-06-14,3
CUST0724,27,14783.29,547.53,16,3,2026-05-19,2025-06-17,3
CUST2393,33,17107.73,518.42,16,6,2026-05-10,2025-06-30,7
CUST4217,32,16045.47,501.42,20,10,2026-05-15,2025-06-07,4
CUST1935,23,10224.13,444.53,15,4,2026-04-06,2025-06-19,1
CUST0287,32,14609.42,456.54,19,8,2026-05-31,2025-06-04,3
CUST3681,31,13708.15,442.2,17,7,2026-04-29,2025-06-21,1
CUST4956,31,15549.12,501.58,17,6,2026-05-23,2025-06-13,0
CUST2742,26,10801.41,415.44,15,5,2026-05-24,2025-06-11,3
CUST0925,21,7340.15,349.53,13,10,2026-06-03,2025-06-30,1
CUST2442,37,20588.09,556.43,22,7,2026-05-28,2025-06-08,4
CUST4629,31,15860.36,511.62,22,5,2026-04-23,2025-06-10,2
CUST1190,25,14390.35,575.61,17,3,2026-05-28,2025-06-08,0
CUST0117,28,14761.11,527.18,16,8,2026-04-29,2025-06-14,6
CUST4037,34,19286.28,567.24,24,4,2026-05-12,2025-06-25,3
CUST1797,35,15012.23,428.92,26,10,2026-05-28,2025-06-09,2
CUST1036,31,14434.73,465.64,23,7,2026-06-03,2025-06-05,1
CUST4667,22,12925.31,587.51,12,6,2026-05-29,2025-06-18,4
CUST4031,20,11781.18,589.06,13,4,2026-05-28,2025-06-07,1
CUST2500,35,19017.57,543.36,26,8,2026-05-25,2025-06-04,3
CUST1343,22,10988.0,499.45,15,2,2026-06-01,2025-06-09,1
CUST3959,31,21305.35,687.27,15,4,2026-05-12,2025-06-04,6
CUST1193,33,20603.22,624.34,14,9,2026-05-29,2025-06-03,3
CUST2589,31,16980.25,547.75,21,3,2026-06-03,2025-06-29,7
CUST4025,33,16134.96,488.94,22,8,2026-05-17,2025-06-06,4
CUST2515,24,9518.23,396.59,11,7,2026-06-02,2025-06-11,4
CUST1008,30,14019.19,467.31,15,6,2026-05-27,2025-06-05,6
CUST3025,28,10565.18,377.33,18,3,2026-05-08,2025-06-09,1
CUST3747,30,20533.11,684.44,21,6,2026-05-05,2025-06-12,5
CUST4500,36,18538.43,514.96,20,8,2026-06-01,2025-06-09,3
CUST1392,27,11179.75,414.06,13,6,2026-05-12,2025-06-07,2
CUST2149,38,14959.21,393.66,28,9,2026-06-03,2025-06-05,6
CUST4338,27,17977.01,665.82,19,9,2026-04-27,2025-06-22,4
CUST3463,36,12865.29,357.37,16,7,2026-06-02,2025-06-15,5
CUST4247,30,14530.2,484.34,19,10,2026-05-31,2025-06-22,1
CUST0358,29,16259.73,560.68,17,6,2026-05-16,2025-06-14,4
CUST0141,38,17792.96,468.24,23,7,2026-06-03,2025-06-03,3
CUST0251,32,18783.21,586.98,18,4,2026-05-24,2025-06-06,4
CUST3356,24,16543.3,689.3,15,3,2026-05-04,2025-06-11,2
CUST4853,40,18926.6,473.16,22,9,2026-05-26,2025-06-19,7
CUST0470,32,20167.02,630.22,16,9,2026-06-01,2025-06-17,4
CUST2838,18,11592.64,644.04,8,7,2026-05-17,2025-06-05,1
CUST0081,35,20598.15,588.52,16,8,2026-05-30,2025-06-04,2
CUST3129,36,17345.61,481.82,23,9,2026-05-30,2025-06-04,5
CUST2062,31,18908.05,609.94,20,11,2026-05-23,2025-07-26,3
CUST0733,31,17062.94,550.42,17,6,2026-05-27,2025-06-03,2
CUST0359,25,13762.26,550.49,14,4,2026-06-03,2025-07-09,4
CUST1666,28,18052.11,644.72,20,4,2026-05-27,2025-06-03,5
CUST2941,28,15938.17,569.22,17,5,2026-04-22,2025-06-06,4
CUST2299,24,13740.16,572.51,15,5,2026-05-27,2025-06-16,3
CUST2564,29,13546.34,467.12,19,7,2026-06-02,2025-07-23,3
CUST2073,36,16350.48,454.18,22,12,2026-06-01,2025-06-09,1
CUST4986,27,14897.44,551.76,19,6,2026-05-22,2025-06-06,3
CUST2684,30,14594.77,486.49,19,4,2026-04-17,2025-06-19,2
CUST0868,34,16775.39,493.39,23,9,2026-06-01,2025-06-03,3
CUST1448,31,13621.32,439.4,19,8,2026-05-25,2025-06-12,3
CUST3320,27,14533.36,538.27,15,9,2026-06-02,2025-06-05,2
CUST4005,37,23357.16,631.27,22,3,2026-05-31,2025-06-05,4
CUST2903,26,9566.4,367.94,15,9,2026-05-21,2025-06-08,3
CUST3173,24,12979.84,540.83,17,5,2026-05-30,2025-06-13,1
CUST4730,24,5808.31,242.01,14,4,2026-04-30,2025-06-22,1
CUST3035,25,16746.96,669.88,19,0,2026-06-01,2025-06-05,1
CUST1079,25,15908.37,636.33,13,6,2026-05-28,2025-06-27,6
CUST3700,21,14940.57,711.46,12,3,2026-06-01,2025-06-14,3
CUST4142,22,10105.46,459.34,14,6,2026-05-23,2025-06-05,2
CUST4555,23,15473.76,672.77,13,4,2026-05-23,2025-06-07,2
CUST0743,30,11867.44,395.58,22,7,2026-05-28,2025-06-06,2
CUST2579,27,17021.37,630.42,17,5,2026-06-02,2025-07-02,3
CUST3632,21,8616.34,410.3,12,3,2026-05-27,2025-07-01,3
CUST3087,22,13843.23,629.24,13,4,2026-05-23,2025-08-05,1
CUST2224,31,17053.42,550.11,19,7,2026-05-12,2025-06-12,6
CUST3951,22,11142.31,506.47,17,5,2026-05-21,2025-06-23,2
CUST3253,31,15295.71,493.41,21,3,2026-05-27,2025-06-18,11
CUST4378,27,12287.84,455.11,15,3,2026-05-10,2025-06-04,3
CUST0124,26,10816.23,416.01,16,5,2026-05-15,2025-06-13,3
CUST3442,33,14018.57,424.81,21,8,2026-05-30,2025-06-05,3
CUST1367,39,19567.98,501.74,25,12,2026-06-02,2025-06-07,4
CUST3678,25,11356.19,454.25,13,4,2026-05-28,2025-07-08,0
CUST4859,24,13723.25,571.8,18,9,2026-05-20,2025-06-22,4
CUST0590,35,19606.72,560.19,18,9,2026-05-25,2025-06-04,1
CUST0040,26,12801.8,492.38,14,3,2026-04-20,2025-06-29,1
CUST0671,27,13837.54,512.5,17,6,2026-05-13,2025-06-08,5
CUST1737,34,19171.73,563.87,24,5,2026-06-01,2025-06-08,5
CUST2942,31,12577.41,405.72,22,9,2026-05-21,2025-06-05,1
CUST3637,40,18597.44,464.94,25,10,2026-05-23,2025-06-03,5
CUST4223,32,13359.93,417.5,19,5,2026-05-23,2025-06-10,5
CUST4439,18,10603.78,589.1,10,2,2026-05-06,2025-06-16,1
CUST4587,30,13780.66,459.36,19,7,2026-05-28,2025-06-18,4
CUST0055,23,9857.63,428.59,16,4,2026-05-11,2025-06-08,4
CUST2601,29,12238.38,422.01,18,7,2026-05-28,2025-06-21,2
CUST2969,25,18437.37,737.49,17,9,2026-05-18,2025-06-03,2
CUST4392,26,10131.2,389.66,19,4,2026-06-03,2025-06-24,1
CUST1066,34,19385.1,570.15,17,8,2026-06-01,2025-06-27,3
CUST2864,22,9290.93,422.32,12,5,2026-05-28,2025-06-06,3
CUST4413,25,13474.41,538.98,17,6,2026-05-07,2025-08-08,3
CUST4409,33,15917.18,482.34,18,4,2026-05-28,2025-06-05,3
CUST4965,15,7663.2,510.88,8,3,2026-05-28,2025-06-16,1
CUST2570,19,8521.29,448.49,11,3,2026-05-10,2025-08-19,5
CUST2722,28,18206.9,650.25,17,7,2026-05-30,2025-06-11,1
CUST2265,31,12621.22,407.14,17,7,2026-05-21,2025-06-18,3
CUST2165,32,17834.99,557.34,19,11,2026-05-31,2025-06-03,6
CUST4289,23,9447.84,410.78,17,6,2026-03-28,2025-06-05,1
CUST3369,34,17150.98,504.44,17,9,2026-05-31,2025-06-17,3
CUST0238,23,11797.41,512.93,15,4,2026-05-09,2025-07-01,3
CUST3197,15,7019.67,467.98,10,3,2026-05-17,2025-07-07,2
CUST0658,20,8485.21,424.26,11,3,2026-05-10,2025-06-04,1
CUST0739,28,14855.0,530.54,19,5,2026-05-09,2025-07-04,1
CUST1579,28,11959.95,427.14,16,8,2026-03-31,2025-06-07,2
CUST1957,29,22524.03,776.69,18,6,2026-06-02,2025-06-21,2
CUST0906,26,7872.98,302.81,16,3,2026-05-05,2025-06-04,5
CUST1107,23,14661.33,637.45,15,6,2026-06-03,2025-06-08,1
CUST1646,30,16231.6,541.05,25,5,2026-05-30,2025-06-06,2
CUST0230,24,12531.77,522.16,16,2,2026-06-03,2025-06-11,2
CUST2497,21,11214.04,534.0,11,5,2026-05-13,2025-06-03,5
CUST2595,29,19532.83,673.55,19,3,2026-04-28,2025-06-06,3
CUST1643,26,13484.42,518.63,14,9,2026-05-15,2025-07-07,1
CUST1565,28,12695.45,453.41,15,4,2026-05-24,2025-07-01,2
CUST4229,35,21198.65,605.68,25,6,2026-05-29,2025-06-14,1
CUST3570,29,14274.45,492.22,16,10,2026-05-24,2025-06-05,2
CUST1015,28,16703.19,596.54,18,10,2026-05-20,2025-06-13,3
CUST1914,29,26024.87,897.41,21,7,2026-05-01,2025-06-14,4
CUST2320,23,10469.53,455.2,13,3,2026-06-02,2025-06-08,1
CUST1542,28,15789.91,563.93,18,8,2026-05-31,2025-06-07,1
CUST4474,26,13917.06,535.27,14,9,2026-06-01,2025-06-08,4
CUST1084,21,8589.69,409.03,12,5,2026-05-30,2025-06-11,1
CUST0982,24,14769.61,615.4,17,6,2026-04-12,2025-06-06,7
CUST2583,26,11382.79,437.8,15,4,2026-05-05,2025-06-24,5
CUST4191,23,12123.14,527.09,18,4,2026-05-08,2025-06-11,3
CUST3504,33,19204.88,581.97,21,13,2026-05-17,2025-06-04,1
CUST2856,33,13308.47,403.29,24,4,2026-06-02,2025-06-20,4
CUST3977,20,10850.02,542.5,11,5,2026-04-26,2025-06-07,1
CUST0783,21,9952.02,473.91,11,2,2026-05-25,2025-06-28,2
CUST3561,23,14708.67,639.51,13,5,2026-05-30,2025-06-13,3
CUST4540,22,11549.34,524.97,12,3,2026-05-19,2025-06-11,1
CUST0367,37,14415.65,389.61,22,10,2026-06-03,2025-06-14,6
CUST2855,16,8971.7,560.73,12,2,2026-04-18,2025-06-13,0
CUST1888,24,14427.59,601.15,14,4,2026-05-22,2025-06-06,4
CUST4199,23,13917.1,605.09,17,7,2026-05-30,2025-06-27,0
CUST3176,26,8372.67,322.03,17,4,2026-05-22,2025-06-27,1
CUST0241,22,12598.37,572.65,15,6,2026-04-27,2025-06-15,2
CUST4875,27,17074.89,632.4,21,6,2026-05-31,2025-06-05,3
CUST4416,29,22511.37,776.25,17,6,2026-05-30,2025-06-13,2
CUST1652,24,10335.1,430.63,16,6,2026-05-30,2025-06-20,3
CUST0741,31,19750.11,637.1,20,7,2026-05-25,2025-06-15,5
CUST0528,23,12338.89,536.47,12,6,2026-05-17,2025-06-15,2
CUST0457,27,11812.73,437.51,20,9,2026-06-03,2025-06-12,2
CUST3205,30,20094.97,669.83,16,5,2026-04-24,2025-06-23,0
CUST3890,23,14808.56,643.85,11,4,2026-05-30,2025-06-03,2
CUST1106,28,12572.96,449.03,18,4,2026-06-01,2025-06-09,5
CUST3803,24,11622.78,484.28,15,5,2026-05-28,2025-07-04,0
CUST0683,26,10300.59,396.18,17,4,2026-05-12,2025-06-23,3
CUST3844,20,9360.17,468.01,15,5,2026-05-29,2025-06-19,3
CUST0136,30,15286.13,509.54,20,3,2026-05-24,2025-06-16,2
CUST2555,24,10492.43,437.18,12,5,2026-05-30,2025-07-03,1
CUST4504,31,11401.33,367.78,22,3,2026-05-25,2025-06-10,2
CUST4597,22,12093.71,549.71,15,5,2026-05-21,2025-06-10,2
CUST0677,23,15152.97,658.82,12,7,2026-05-11,2025-06-11,3
CUST0694,17,9672.66,568.98,9,2,2026-05-30,2025-07-06,1
CUST1108,21,13719.78,653.32,12,3,2026-05-27,2025-07-24,1
CUST0491,16,8804.25,550.27,9,5,2026-05-20,2025-06-03,1
CUST3762,14,5166.23,369.02,11,3,2026-05-24,2025-07-03,0
CUST0728,30,13970.41,465.68,17,5,2026-06-03,2025-07-07,1
CUST0173,30,16955.84,565.19,17,5,2026-05-28,2025-06-12,3
CUST1071,26,11539.39,443.82,18,4,2026-06-02,2025-06-18,2
CUST4554,27,13688.2,506.97,16,4,2026-05-13,2025-06-06,1
CUST4663,27,18331.68,678.95,19,5,2026-05-14,2025-06-07,4
CUST4048,21,10662.12,507.72,13,7,2026-03-12,2025-06-27,1
CUST1252,20,8245.37,412.27,15,3,2026-04-24,2025-07-20,4
CUST0315,29,16757.07,577.83,18,6,2026-05-30,2025-07-02,2
CUST0849,30,15976.89,532.56,19,10,2026-06-02,2025-06-16,0
CUST4590,40,20692.51,517.31,23,9,2026-05-24,2025-06-03,2
CUST3171,22,11191.26,508.69,16,5,2026-05-29,2025-06-03,0
CUST4798,31,13645.19,440.17,23,9,2026-05-21,2025-06-08,4
CUST3900,27,17325.47,641.68,18,0,2026-05-30,2025-06-14,3
CUST1550,33,16903.24,512.22,16,7,2026-06-01,2025-06-11,4
CUST1109,28,17988.27,642.44,18,3,2026-05-29,2025-06-23,2
CUST1324,24,14902.5,620.94,17,3,2026-05-23,2025-06-16,1
CUST2050,37,17775.7,480.42,15,9,2026-05-09,2025-06-07,3
CUST2280,25,10538.14,421.53,15,3,2026-05-28,2025-06-26,3
CUST1124,38,20920.82,550.55,25,10,2026-05-25,2025-06-04,4
CUST3270,25,7943.27,317.73,15,3,2026-06-02,2025-07-02,1
CUST4194,22,10990.56,499.57,7,8,2026-06-01,2025-06-19,3
CUST0160,20,8270.44,413.52,15,4,2026-05-31,2025-07-10,3
CUST3945,34,20677.14,608.15,22,1,2026-05-31,2025-07-26,1
CUST2108,27,11670.31,432.23,14,3,2026-05-26,2025-06-12,5
CUST3753,25,8331.97,333.28,18,4,2026-05-22,2025-06-03,6
CUST0907,24,10547.72,439.49,16,3,2026-04-25,2025-08-01,3
CUST3648,27,17830.19,660.38,19,9,2026-05-26,2025-06-04,3
CUST1138,28,16745.04,598.04,20,6,2026-05-20,2025-06-08,4
CUST4349,32,18073.54,564.8,18,6,2026-05-29,2025-08-12,2
CUST1139,33,19831.88,600.97,23,4,2026-05-29,2025-06-13,4
CUST2805,18,7533.07,418.5,12,3,2026-05-05,2025-06-06,1
CUST1332,39,24442.42,626.73,26,7,2026-05-20,2025-06-09,5
CUST0816,33,15079.33,456.95,23,5,2026-05-28,2025-06-13,1
CUST2236,26,15100.98,580.81,15,4,2026-05-18,2025-06-16,2
CUST4898,34,24044.2,707.18,23,7,2026-05-09,2025-06-08,3
CUST0817,28,11750.37,419.66,14,6,2026-05-24,2025-06-09,5
CUST2726,28,9130.46,326.09,21,4,2026-06-01,2025-06-05,4
CUST2519,22,9498.3,431.74,14,4,2026-05-22,2025-06-17,4
CUST1864,33,14694.9,445.3,22,3,2026-06-03,2025-06-06,2
CUST2335,30,23219.29,773.98,18,8,2026-05-30,2025-06-10,4
CUST4657,27,10188.38,377.35,13,2,2026-05-07,2025-07-04,4
CUST1748,39,19620.56,503.09,28,10,2026-05-29,2025-06-05,5
CUST1137,34,11224.38,330.13,20,5,2026-05-29,2025-06-22,2
CUST2976,23,10874.49,472.8,16,5,2026-05-29,2025-06-07,2
CUST2541,37,22702.27,613.57,24,7,2026-06-01,2025-06-12,5
CUST0499,26,13378.91,514.57,19,4,2026-05-25,2025-06-04,1
CUST2462,28,15345.36,548.05,16,5,2026-05-18,2025-06-05,2
CUST4566,35,16318.17,466.23,24,10,2026-05-24,2025-06-16,5
CUST2649,34,15544.88,457.2,20,5,2026-05-27,2025-06-03,3
CUST1474,35,14498.86,414.25,21,14,2026-06-02,2025-06-17,1
CUST4287,43,25406.8,590.86,28,3,2026-05-28,2025-06-15,3
CUST0754,23,14728.37,640.36,18,6,2026-05-12,2025-06-09,1
CUST1462,41,24216.76,590.65,24,5,2026-05-20,2025-06-03,2
CUST0605,27,10251.88,379.7,18,4,2026-05-26,2025-06-13,1
CUST1435,32,20924.55,653.89,13,14,2026-05-28,2025-06-22,3
CUST1798,30,13907.39,463.58,24,6,2026-05-27,2025-06-11,3
CUST1170,31,11318.56,365.11,15,6,2026-06-01,2025-06-16,3
CUST4250,18,10764.39,598.02,12,2,2026-05-18,2025-06-26,1
CUST0152,29,14983.17,516.66,23,3,2026-05-28,2025-06-17,3
CUST1464,33,13192.18,399.76,19,8,2026-05-23,2025-06-08,3
CUST1155,30,13817.62,460.59,20,4,2026-05-21,2025-06-04,5
CUST0256,26,17022.33,654.7,17,2,2026-05-26,2025-06-06,4
CUST4690,29,10716.02,369.52,16,2,2026-05-26,2025-06-30,2
CUST3075,31,14049.0,453.19,23,11,2026-05-28,2025-06-04,3
CUST3395,27,14858.73,550.32,15,7,2026-05-31,2025-07-04,4
CUST4896,33,17364.5,526.2,23,7,2026-05-31,2025-06-19,1
CUST2324,37,15410.09,416.49,28,11,2026-05-31,2025-06-03,6
CUST3196,36,15340.06,426.11,20,7,2026-05-15,2025-06-09,4
CUST4542,36,20890.32,580.29,20,6,2026-05-27,2025-06-10,5
CUST0052,25,12798.03,511.92,17,6,2026-05-31,2025-06-08,0
CUST0139,32,16240.83,507.53,16,6,2026-05-29,2025-06-05,3
CUST2160,22,13928.17,633.1,14,1,2026-05-10,2025-06-13,4
CUST0324,32,22108.72,690.9,20,5,2026-06-01,2025-06-09,2
CUST4734,29,11805.61,407.09,18,2,2026-05-23,2025-06-08,2
CUST3530,30,17392.18,579.74,24,6,2026-05-28,2025-06-29,1
CUST3001,25,13581.69,543.27,16,6,2026-04-14,2025-06-05,5
CUST0807,31,14513.12,468.17,18,6,2026-04-24,2025-06-06,2
CUST2940,41,27880.31,680.01,24,17,2026-06-02,2025-06-09,3
CUST4507,29,16473.87,568.06,15,10,2026-05-24,2025-06-04,3
CUST0111,29,16459.78,567.58,15,4,2026-06-01,2025-07-07,2
CUST3705,31,15219.65,490.96,21,10,2026-05-28,2025-06-18,5
CUST3859,26,15329.14,589.58,18,14,2026-05-23,2025-06-10,4
CUST1808,34,17584.17,517.18,21,7,2026-05-28,2025-06-13,3
CUST2111,27,16294.18,603.49,13,4,2026-05-01,2025-06-03,3
CUST1715,27,13577.79,502.88,20,6,2026-05-21,2025-06-04,2
CUST3568,40,21582.05,539.55,29,6,2026-06-01,2025-06-05,6
CUST0750,36,13239.35,367.76,24,11,2026-06-01,2025-06-09,3
CUST2256,36,16003.73,444.55,24,8,2026-05-29,2025-06-11,3
CUST0808,24,11076.15,461.51,18,7,2026-06-01,2025-06-09,3
CUST3487,31,14384.74,464.02,17,4,2026-05-19,2025-06-09,1
CUST2563,26,15535.62,597.52,20,6,2026-05-20,2025-06-15,1
CUST0415,27,12334.1,456.82,14,8,2026-05-21,2025-06-04,3
CUST1913,26,11120.58,427.71,14,5,2026-04-25,2025-06-19,3
CUST4949,39,20745.75,531.94,23,6,2026-06-03,2025-06-03,2
CUST0082,29,13980.54,482.09,17,3,2026-05-21,2025-06-07,4
CUST0942,26,13457.92,517.61,17,5,2026-05-24,2025-06-28,1
CUST4880,27,19105.65,707.62,20,5,2026-05-15,2025-06-05,3
CUST4174,33,14573.7,441.63,22,6,2026-05-13,2025-06-03,2
CUST3423,34,16722.45,491.84,20,10,2026-05-18,2025-06-07,3
CUST1258,40,17521.93,438.05,23,10,2026-05-22,2025-06-06,9
CUST2326,31,18359.15,592.23,21,9,2026-05-30,2025-06-08,2
CUST3260,30,15018.69,500.62,21,7,2026-05-09,2025-06-29,1
CUST4708,25,10670.69,426.83,15,6,2026-05-22,2025-06-06,4
CUST3497,22,12054.05,547.91,8,4,2026-06-02,2025-07-14,4
CUST0164,25,10445.8,417.83,14,9,2026-05-22,2025-06-09,1
CUST4737,29,12266.71,422.99,18,6,2026-06-03,2025-08-08,4
CUST2060,31,13650.94,440.35,20,4,2026-06-03,2025-06-06,2
CUST0350,24,12113.51,504.73,17,5,2026-05-10,2025-07-02,1
CUST4837,26,14836.26,570.63,18,9,2026-06-03,2025-06-30,2
CUST3241,23,12498.17,543.4,16,4,2026-05-26,2025-07-07,3
CUST4215,42,22351.53,532.18,24,12,2026-06-03,2025-06-03,6
CUST3012,29,12693.77,437.72,24,8,2026-05-25,2025-06-07,3
CUST1600,30,15926.83,530.89,17,14,2026-06-01,2025-06-29,2
CUST3449,34,22546.88,663.14,19,10,2026-05-30,2025-06-07,5
CUST3692,31,14594.43,470.79,21,8,2026-05-25,2025-06-08,7
CUST2687,24,9144.24,381.01,17,5,2026-05-26,2025-06-09,3
CUST4702,37,19094.98,516.08,27,4,2026-06-02,2025-06-07,7
CUST4361,33,22761.2,689.73,22,7,2026-05-22,2025-06-29,7
CUST2309,39,22047.53,565.32,26,5,2026-05-31,2025-06-09,3
CUST4253,26,8635.18,332.12,15,5,2026-04-23,2025-06-03,2
CUST1889,31,10181.5,328.44,19,5,2026-05-22,2025-06-12,4
CUST3447,24,14146.21,589.43,13,4,2026-05-31,2025-06-05,2
CUST0842,28,13066.12,466.65,16,2,2026-05-25,2025-06-12,3
CUST3789,29,12251.25,422.46,16,6,2026-05-17,2025-06-15,3
CUST2887,20,6208.69,310.43,7,2,2026-05-02,2025-06-07,4
CUST1496,26,16166.13,621.77,14,8,2026-05-03,2025-06-09,0
CUST0299,29,11563.25,398.73,21,6,2026-05-30,2025-06-03,3
CUST3756,38,15828.49,416.54,24,8,2026-05-26,2025-06-24,3
CUST0466,36,20983.06,582.86,22,10,2026-06-01,2025-06-09,4
CUST0663,25,16076.27,643.05,16,5,2026-05-21,2025-06-16,1
CUST1825,15,7448.81,496.59,6,1,2026-04-23,2025-06-21,1
CUST2628,32,20913.65,653.55,20,8,2026-06-03,2025-06-03,2
CUST3448,24,12786.21,532.76,16,8,2026-05-30,2025-06-11,1
CUST1971,27,15509.18,574.41,17,9,2026-05-09,2025-06-11,2
CUST2629,23,13228.18,575.14,14,2,2026-05-26,2025-06-29,5
CUST1733,27,9869.28,365.53,20,7,2026-05-05,2025-06-05,1
CUST4639,31,14510.46,468.08,26,7,2026-06-03,2025-06-04,1
CUST0833,30,12540.34,418.01,19,6,2026-05-22,2025-06-07,2
CUST4765,35,20632.88,589.51,21,8,2026-06-03,2025-06-25,3
CUST0564,31,21140.62,681.96,23,8,2026-06-03,2025-06-23,4
CUST1851,23,8949.14,389.09,16,6,2026-05-30,2025-06-04,3
CUST4881,32,15936.55,498.02,24,9,2026-05-02,2025-06-15,1
CUST2608,35,14603.69,417.25,26,9,2026-05-31,2025-06-05,5
CUST3370,26,14544.39,559.4,14,7,2026-05-27,2025-06-28,4
CUST3619,40,19795.79,494.89,20,2,2026-06-03,2025-06-17,3
CUST3944,34,20342.66,598.31,16,8,2026-05-24,2025-06-17,3
CUST3922,16,8266.57,516.66,11,8,2026-06-03,2025-07-14,3
CUST1974,31,16024.79,516.93,15,4,2026-04-22,2025-06-23,5
CUST3175,30,15107.91,503.6,17,5,2026-05-27,2025-06-17,4
CUST4713,34,15576.73,458.14,18,2,2026-05-23,2025-06-05,2
CUST4520,25,14980.84,599.23,16,3,2026-04-20,2025-07-08,2
CUST1838,28,15207.65,543.13,10,6,2026-05-23,2025-06-12,2
CUST4484,28,13541.32,483.62,21,7,2026-05-14,2025-06-14,4
CUST3908,33,21506.02,651.7,20,5,2026-05-31,2025-06-16,1
CUST2998,28,15897.73,567.78,15,11,2026-05-31,2025-06-18,3
CUST2833,37,21340.56,576.77,25,7,2026-06-03,2025-06-10,5
CUST2624,34,17116.85,503.44,26,5,2026-06-03,2025-06-04,4
CUST0802,26,10723.15,412.43,15,5,2026-05-30,2025-06-29,2
CUST0668,37,17529.95,473.78,21,13,2026-06-01,2025-06-08,5
CUST1763,31,16324.99,526.61,22,9,2026-04-28,2025-06-04,4
CUST2744,34,17111.01,503.26,23,10,2026-05-23,2025-07-09,3
CUST1724,29,10370.02,357.59,15,8,2026-06-01,2025-06-10,5
CUST4069,36,16101.79,447.27,24,12,2026-05-28,2025-06-06,3
CUST0854,28,13476.85,481.32,18,7,2026-05-25,2025-06-14,2
CUST1059,35,18651.1,532.89,17,8,2026-06-03,2025-06-10,3
CUST2680,36,18537.26,514.92,25,10,2026-05-28,2025-06-04,2
CUST2785,31,14928.54,481.57,14,7,2026-05-31,2025-06-06,2
CUST3437,33,18209.28,551.8,23,8,2026-06-01,2025-06-13,3
CUST2099,40,20634.5,515.86,29,10,2026-05-24,2025-06-09,4
CUST4942,20,11576.8,578.84,13,4,2026-05-24,2025-06-05,3
CUST3673,30,11935.18,397.84,19,6,2026-05-25,2025-06-05,3
CUST0395,27,14347.62,531.39,12,1,2026-06-02,2025-07-13,3
CUST1379,28,15517.44,554.19,17,7,2026-05-26,2025-06-18,5
CUST4180,29,15046.88,518.86,25,7,2026-04-28,2025-06-12,2
CUST3310,27,16240.81,601.51,20,4,2026-05-12,2025-07-08,1
CUST4449,34,14486.38,426.07,19,6,2026-06-03,2025-06-04,3
CUST4990,29,11646.79,401.61,19,8,2026-04-23,2025-06-03,8
CUST1442,29,13852.81,477.68,23,8,2026-05-21,2025-06-05,1
CUST3287,33,16063.81,486.78,21,4,2026-04-20,2025-06-05,2
CUST3399,32,17231.76,538.49,22,10,2026-05-28,2025-06-05,1
CUST3851,39,19039.05,488.18,29,12,2026-05-30,2025-06-18,7
CUST4903,29,15966.87,550.58,20,6,2026-04-18,2025-06-03,0
CUST1426,20,11606.21,580.31,11,0,2026-06-02,2025-06-21,1
CUST0853,23,10130.44,440.45,14,4,2026-05-01,2025-06-28,3
CUST4017,26,17467.73,671.84,16,4,2026-05-27,2025-06-04,2
CUST1417,27,17216.82,637.66,15,8,2026-05-06,2025-08-16,1
CUST1213,32,13715.93,428.62,20,7,2026-06-03,2025-06-14,4
CUST2783,14,7829.5,559.25,9,2,2026-05-24,2025-06-06,0
CUST4535,22,5573.72,253.35,8,5,2026-05-25,2025-06-09,0
CUST1272,30,16169.79,538.99,10,11,2026-06-03,2025-06-21,5
CUST2645,32,17254.94,539.22,24,6,2026-06-01,2025-06-04,2
CUST4276,37,22504.72,608.24,24,6,2026-05-16,2025-06-06,6
CUST1220,29,15668.25,540.28,20,3,2026-05-15,2025-06-30,3
CUST3154,23,14751.37,641.36,12,4,2026-05-30,2025-06-13,3
CUST1738,30,17261.01,575.37,17,7,2026-05-30,2025-07-06,3
CUST0985,23,11454.39,498.02,12,6,2026-05-20,2025-07-14,2
CUST4959,30,15031.42,501.05,18,6,2026-05-15,2025-06-06,2
CUST2362,30,13484.7,449.49,13,11,2026-05-31,2025-07-09,1
CUST3560,33,19367.59,586.9,22,5,2026-05-10,2025-06-15,2
CUST1587,43,23719.26,551.61,30,16,2026-06-02,2025-06-03,1
CUST2911,34,15362.53,451.84,23,12,2026-06-02,2025-06-13,2
CUST0569,30,10903.91,363.46,23,9,2026-05-18,2025-06-21,5
CUST2878,21,8169.16,389.01,14,2,2026-05-26,2025-06-03,2
CUST1350,24,9334.91,388.95,15,3,2026-05-10,2025-06-14,0
CUST2817,29,14458.62,498.57,21,5,2026-06-03,2025-06-13,8
CUST4018,25,12522.11,500.88,16,4,2026-05-03,2025-06-14,2
CUST0401,30,21536.91,717.9,19,8,2026-05-15,2025-06-21,4
CUST1950,25,12462.65,498.51,17,5,2026-04-28,2025-06-22,7
CUST1196,33,21872.54,662.8,23,4,2026-05-15,2025-06-17,5
CUST4914,31,14190.38,457.75,20,5,2026-06-02,2025-06-03,2
CUST4425,29,17037.9,587.51,18,7,2026-06-03,2025-06-19,3
CUST4284,28,15607.05,557.39,14,7,2026-06-03,2025-06-14,0
CUST4333,29,15574.34,537.05,18,13,2026-05-26,2025-06-15,1
CUST4411,27,16593.45,614.57,17,3,2026-06-01,2025-06-21,5
CUST3923,18,8295.9,460.88,11,4,2026-05-12,2025-06-15,4
CUST2418,29,13707.21,472.66,25,8,2026-05-29,2025-06-07,2
CUST0941,29,15913.84,548.75,15,7,2026-05-22,2025-06-13,2
CUST3396,23,10540.78,458.29,13,6,2026-06-02,2025-06-12,1
CUST2694,27,16996.23,629.49,19,8,2026-06-01,2025-06-07,1
CUST1453,31,14141.66,456.18,20,10,2026-05-24,2025-06-07,3
CUST0176,25,11844.57,473.78,17,4,2026-05-03,2025-06-15,3
CUST4661,24,14219.97,592.5,12,10,2026-05-21,2025-06-11,2
CUST1384,23,9709.37,422.15,16,5,2026-05-31,2025-07-03,3
CUST3654,23,13601.33,591.36,16,5,2026-06-01,2025-06-05,1
CUST3937,27,20476.83,758.4,19,7,2026-05-04,2025-06-03,2
CUST1818,28,13043.01,465.82,22,6,2026-05-28,2025-06-08,5
CUST3931,32,11958.06,373.69,19,11,2026-05-20,2025-06-06,3
CUST0330,27,10769.2,398.86,15,7,2026-06-03,2025-06-05,3
CUST4111,23,10951.48,476.15,13,5,2026-05-06,2025-06-16,2
CUST3935,29,14869.68,512.75,18,4,2026-05-25,2025-06-08,1
CUST2047,25,14753.78,590.15,21,8,2026-05-28,2025-06-04,1
CUST0105,37,16756.77,452.89,26,6,2026-05-30,2025-06-11,2
CUST3488,32,14941.99,466.94,22,6,2026-05-14,2025-06-26,4
CUST2451,30,21851.93,728.4,19,7,2026-06-01,2025-06-07,1
CUST0101,34,15892.71,467.43,19,8,2026-05-30,2025-06-12,6
CUST1355,20,8443.14,422.16,12,5,2026-05-28,2025-07-02,1
CUST4505,24,10030.48,417.94,12,5,2026-05-26,2025-07-03,4
CUST1564,35,19324.18,552.12,24,6,2026-05-20,2025-06-03,4
CUST2889,27,10719.95,397.04,19,4,2026-05-25,2025-06-09,3
CUST3974,32,14768.16,461.51,19,6,2026-05-09,2025-06-10,6
CUST4114,29,16318.21,562.7,21,7,2026-06-02,2025-06-04,2
CUST4126,34,22061.04,648.85,22,3,2026-05-15,2025-06-30,7
CUST3301,31,14172.25,457.17,22,8,2026-05-26,2025-06-14,1
CUST0947,32,12090.34,377.82,20,10,2026-06-03,2025-06-15,4
CUST0421,29,17213.09,593.55,23,3,2026-05-27,2025-06-07,4
CUST4570,27,13744.93,509.07,11,4,2026-06-02,2025-06-20,4
CUST3886,31,19545.19,630.49,22,6,2026-06-03,2025-07-04,5
CUST3052,32,16806.79,525.21,22,9,2026-06-03,2025-06-15,3
CUST4309,33,15689.83,475.45,16,5,2026-05-24,2025-06-14,3
CUST1381,26,10455.37,402.13,14,1,2026-05-29,2025-06-03,3
CUST0189,23,17179.81,746.95,20,6,2026-04-17,2025-06-04,3
CUST3729,27,11542.15,427.49,16,5,2026-06-01,2025-06-13,2
CUST1973,25,11669.57,466.78,16,7,2026-05-19,2025-06-19,1
CUST0250,35,17350.59,495.73,23,2,2026-05-04,2025-06-06,2
CUST3478,44,25775.13,585.8,27,5,2026-05-31,2025-06-16,3
CUST3336,26,12764.48,490.94,18,3,2026-05-23,2025-07-25,3
CUST1801,26,14142.64,543.95,17,3,2026-05-30,2025-06-11,0
CUST1458,30,19734.28,657.81,18,10,2026-05-23,2025-07-01,4
CUST2811,24,14958.52,623.27,13,2,2026-05-12,2025-06-13,3
CUST1326,32,14557.96,454.94,20,7,2026-05-24,2025-06-03,1
CUST3062,17,7316.65,430.39,11,3,2026-05-08,2025-06-10,0
CUST0413,23,8041.4,349.63,15,4,2026-06-02,2025-06-08,0
CUST3363,30,13450.89,448.36,16,3,2026-05-26,2025-08-09,2
CUST0559,26,19823.36,762.44,16,1,2026-05-26,2025-06-14,2
CUST4453,29,11881.69,409.71,21,7,2026-04-26,2025-06-25,1
CUST4433,30,14041.77,468.06,19,7,2026-05-28,2025-06-10,4
CUST0872,25,12329.95,493.2,19,4,2026-05-13,2025-06-06,0
CUST4727,29,16435.2,566.73,20,8,2026-03-26,2025-06-09,6
CUST3032,26,13544.91,520.96,14,4,2026-05-29,2025-06-07,3
CUST0248,36,20148.01,559.67,20,8,2026-06-03,2025-06-13,5
CUST1874,28,10073.28,359.76,17,7,2026-05-20,2025-06-12,0
CUST4341,28,13188.81,471.03,17,5,2026-05-21,2025-06-17,4
CUST4668,25,12602.37,504.09,19,6,2026-05-29,2025-06-13,2
CUST1415,27,17019.99,630.37,18,7,2026-05-13,2025-06-05,4
CUST4854,28,13230.48,472.52,17,8,2026-05-25,2025-06-06,3
CUST1547,28,10012.38,357.59,16,3,2026-05-28,2025-06-07,2
CUST3333,30,17406.75,580.23,18,4,2026-05-29,2025-06-04,5
CUST2323,29,16380.79,564.85,18,4,2026-05-16,2025-06-15,3
CUST1466,19,7088.19,373.06,13,4,2026-05-24,2025-06-09,4
CUST1117,26,13755.94,529.07,19,3,2026-05-24,2025-06-04,3
CUST2738,26,14816.84,569.88,20,6,2026-05-08,2025-06-04,5
CUST4008,31,16297.3,525.72,20,7,2026-05-24,2025-08-05,4
CUST2378,29,16619.25,573.08,23,8,2026-06-02,2025-07-03,3
CUST4799,34,16218.22,477.01,20,5,2026-05-16,2025-06-13,8
CUST2972,33,14716.04,445.94,21,9,2026-05-27,2025-06-10,3
CUST0199,32,15541.41,485.67,13,4,2026-05-12,2025-06-05,5
CUST4822,26,11899.92,457.69,16,7,2026-06-03,2025-07-08,3
CUST1061,32,17132.19,535.38,24,9,2026-05-17,2025-06-17,4
CUST0336,24,12142.84,505.95,16,5,2026-05-22,2025-06-22,2
CUST2318,33,19135.69,579.87,18,7,2026-06-01,2025-06-05,5
CUST4845,25,14066.9,562.68,14,7,2026-05-29,2025-06-04,2
CUST3299,32,12302.84,384.46,14,6,2026-06-03,2025-06-05,3
CUST1826,31,13271.19,428.1,20,7,2026-05-11,2025-06-07,4
CUST1976,41,23240.55,566.84,27,8,2026-05-27,2025-06-05,5
CUST3551,31,16778.41,541.24,15,6,2026-05-18,2025-06-21,4
CUST1626,27,11528.66,426.99,14,5,2026-05-25,2025-06-12,6
CUST0748,27,15441.63,571.91,17,6,2026-05-04,2025-06-05,1
CUST4036,34,16431.58,483.28,21,9,2026-06-03,2025-06-05,5
CUST3513,24,11237.52,468.23,16,6,2026-04-28,2025-06-04,2
CUST1642,23,17465.53,759.37,11,1,2026-05-07,2025-06-13,5
CUST4582,32,14368.1,449.0,14,7,2026-05-26,2025-06-24,5
CUST3277,28,9640.26,344.29,19,3,2026-05-24,2025-06-08,0
CUST0726,26,13442.96,517.04,15,5,2026-05-24,2025-06-20,2
CUST2862,33,15800.52,478.8,23,5,2026-05-19,2025-06-04,3
CUST4384,21,11325.88,539.33,11,8,2026-04-29,2025-06-17,2
CUST1127,28,14818.4,529.23,15,7,2026-05-17,2025-06-09,2
CUST4490,22,14444.45,656.57,15,2,2026-04-10,2025-06-11,2
CUST2970,25,13650.0,546.0,16,8,2026-05-31,2025-06-08,1
CUST0615,24,16967.74,706.99,17,5,2026-04-29,2025-06-23,3
CUST2207,26,13688.89,526.5,14,3,2026-05-24,2025-07-18,1
CUST3027,29,14437.91,497.86,17,6,2026-06-02,2025-06-10,3
CUST3340,23,11436.21,497.23,12,5,2026-05-09,2025-06-25,3
CUST3614,23,11882.68,516.64,12,1,2026-05-30,2025-08-01,1
CUST3170,28,14266.37,509.51,16,3,2026-05-25,2025-06-20,2
CUST2042,33,17516.6,530.81,22,6,2026-04-27,2025-06-08,1
CUST2636,25,7314.49,292.58,16,4,2026-05-29,2025-06-04,4
CUST3869,22,12639.79,574.54,13,6,2026-05-18,2025-06-16,0
CUST4725,38,19949.94,525.0,24,6,2026-05-29,2025-06-08,3
CUST2348,33,14179.21,429.67,17,6,2026-05-30,2025-06-07,6
CUST1996,26,10132.81,389.72,19,3,2026-05-31,2025-06-18,4
CUST4946,22,11671.62,530.53,16,6,2026-05-26,2025-06-20,2
CUST0814,25,13604.94,544.2,14,5,2026-06-02,2025-07-06,5
CUST1590,32,16368.37,511.51,21,7,2026-05-12,2025-06-05,5
CUST4412,22,13348.98,606.77,9,7,2026-05-29,2025-07-01,3
CUST0423,27,13510.5,500.39,17,3,2026-05-14,2025-06-09,2
CUST0592,19,12362.54,650.66,12,2,2026-04-12,2025-06-03,1
CUST1200,25,12262.79,490.51,15,3,2026-05-23,2025-06-22,3
CUST4090,23,12573.27,546.66,15,2,2026-06-01,2025-06-10,0
CUST0018,27,13859.58,513.32,20,7,2026-05-20,2025-06-04,2
CUST3766,30,15731.9,524.4,23,6,2026-05-20,2025-06-05,3
CUST4443,20,4509.42,225.47,14,7,2026-05-26,2025-06-30,4
CUST0989,32,18586.4,580.82,20,4,2026-05-27,2025-06-24,6
CUST3471,22,10969.75,498.63,12,7,2026-05-09,2025-06-16,1
CUST2023,31,12841.44,414.24,20,9,2026-05-26,2025-06-05,6
CUST0730,17,6299.55,370.56,12,2,2026-05-26,2025-06-30,1
CUST1413,35,16450.01,470.0,21,8,2026-05-27,2025-06-09,3
CUST2626,32,12457.36,389.29,22,7,2026-05-12,2025-07-07,1
CUST1470,34,19552.77,575.08,22,4,2026-05-20,2025-06-23,3
CUST3304,34,17316.03,509.29,20,10,2026-06-03,2025-06-10,4
CUST0697,25,9645.96,385.84,13,4,2026-04-05,2025-06-10,1
CUST2975,28,12699.16,453.54,17,10,2026-05-29,2025-06-19,3
CUST2395,20,8165.02,408.25,13,3,2026-05-27,2025-06-10,1
CUST2293,32,13428.54,419.64,20,10,2026-05-11,2025-06-15,5
CUST1126,22,10222.61,464.66,17,7,2026-05-14,2025-06-23,1
CUST0749,36,16007.37,444.65,25,11,2026-06-03,2025-07-06,5
CUST2008,33,13276.97,402.33,20,10,2026-04-17,2025-06-06,3
CUST4614,27,12541.18,464.49,19,7,2026-05-12,2025-06-03,0
CUST1779,35,18764.17,536.12,22,9,2026-05-26,2025-07-01,3
CUST1296,26,13089.77,503.45,14,4,2026-05-23,2025-06-05,2
CUST3156,25,15648.67,625.95,17,2,2026-05-22,2025-07-01,0
CUST2204,30,17888.88,596.3,13,9,2026-06-03,2025-07-01,3
CUST1025,37,18036.14,487.46,19,11,2026-05-24,2025-06-05,2
CUST2229,33,10686.64,323.84,17,8,2026-05-10,2025-06-09,4
CUST1636,32,15300.41,478.14,18,5,2026-05-22,2025-06-07,4
CUST4637,34,17445.54,513.1,27,9,2026-05-30,2025-06-10,4
CUST1669,28,12749.86,455.35,20,3,2026-05-30,2025-06-06,3
CUST2829,32,20535.71,641.74,19,4,2026-05-28,2025-06-05,3
CUST1566,36,19089.46,530.26,24,8,2026-05-28,2025-06-13,5
CUST1926,32,19237.03,601.16,24,5,2026-05-31,2025-06-06,2
CUST2202,29,16634.23,573.59,20,5,2026-04-29,2025-06-12,2
CUST0178,39,21286.82,545.82,23,4,2026-05-20,2025-06-24,2
CUST1796,32,16066.44,502.08,16,6,2026-06-02,2025-06-09,3
CUST4458,31,21956.55,708.28,21,4,2026-05-25,2025-06-10,2
CUST3555,46,21718.61,472.14,31,9,2026-04-21,2025-06-05,4
CUST1551,31,18009.79,580.96,18,7,2026-05-31,2025-06-06,3
CUST2594,22,11238.31,510.83,12,2,2026-05-16,2025-06-26,4
CUST1222,34,16527.5,486.1,20,4,2026-05-28,2025-07-02,3
CUST3641,29,14908.46,514.08,18,7,2026-06-01,2025-06-07,0
CUST2562,42,21762.67,518.16,29,6,2026-05-13,2025-06-04,7
CUST2031,28,11400.58,407.16,17,4,2026-05-31,2025-06-17,2
CUST2982,27,16759.05,620.71,19,7,2026-05-31,2025-06-28,2
CUST4788,33,21131.9,640.36,20,9,2026-05-27,2025-06-03,3
CUST4879,24,10619.49,442.48,14,9,2026-06-01,2025-06-05,3
CUST2655,19,8999.64,473.67,12,1,2026-05-24,2025-06-15,1
CUST2968,30,17394.58,579.82,20,7,2026-06-01,2025-06-04,3
CUST2208,34,27311.07,803.27,22,7,2026-05-22,2025-06-05,5
CUST3426,26,12963.59,498.6,17,7,2026-06-03,2025-06-14,5
CUST3990,24,12378.93,515.79,14,6,2026-05-27,2025-06-24,3
CUST0759,31,19849.51,640.31,23,4,2026-05-25,2025-06-11,1
CUST3920,36,18111.46,503.1,24,10,2026-05-17,2025-06-03,1
CUST4925,35,24262.66,693.22,22,4,2026-05-21,2025-06-15,8
CUST1319,32,13940.01,435.63,20,8,2026-05-31,2025-06-04,3
CUST4802,24,11064.25,461.01,13,3,2026-05-29,2025-06-07,1
CUST2701,24,12126.03,505.25,18,7,2026-05-31,2025-06-04,5
CUST1530,30,14618.69,487.29,21,10,2026-06-02,2025-06-04,3
CUST1907,29,16501.89,569.03,18,5,2026-05-25,2025-06-06,2
CUST2490,32,13817.72,431.8,19,9,2026-06-03,2025-06-07,3
CUST1823,23,11904.84,517.6,16,3,2026-05-24,2025-06-07,3
CUST0815,42,22059.01,525.21,33,13,2026-05-30,2025-06-03,4
CUST4621,26,11590.48,445.79,18,3,2026-05-31,2025-06-09,2
CUST2371,31,13425.8,433.09,13,5,2026-05-31,2025-07-01,3
CUST0010,38,16930.2,445.53,25,12,2026-06-02,2025-06-07,2
CUST2987,29,12450.97,429.34,18,10,2026-06-03,2025-06-05,4
CUST4275,22,11393.66,517.89,9,4,2026-05-31,2025-06-14,4
CUST3884,20,12746.6,637.33,11,4,2026-06-03,2025-06-10,2
CUST4200,30,12615.65,420.52,16,11,2026-05-30,2025-06-06,2
CUST1376,29,11013.69,379.78,22,4,2026-04-25,2025-07-08,6
CUST4214,26,18672.47,718.17,12,11,2026-04-17,2025-06-03,6
CUST2370,29,16806.86,579.55,16,8,2026-04-19,2025-06-06,4
CUST1574,31,13557.11,437.33,23,8,2026-05-02,2025-06-11,1
CUST0156,32,13576.67,424.27,18,6,2026-05-26,2025-06-19,3
CUST4376,25,8174.03,326.96,15,1,2026-05-27,2025-06-25,3
CUST4888,25,11924.99,477.0,13,5,2026-05-22,2025-06-17,3
CUST2679,30,11204.46,373.48,18,4,2026-06-01,2025-06-03,2
CUST1302,25,17123.88,684.96,16,3,2026-04-25,2025-07-12,2
CUST1762,32,15148.79,473.4,21,3,2026-05-17,2025-06-03,3
CUST0497,25,14923.76,596.95,14,7,2026-05-10,2025-06-17,2
CUST1894,34,18020.21,530.01,20,6,2026-06-01,2025-06-08,1
CUST2055,35,20442.38,584.07,21,7,2026-05-28,2025-06-03,6
CUST3334,35,19452.54,555.79,24,3,2026-06-02,2025-06-05,2
CUST4270,23,12104.01,526.26,17,2,2026-04-23,2025-06-08,5
CUST2382,34,17147.11,504.33,15,5,2026-04-27,2025-06-04,7
CUST3651,27,9993.45,370.13,14,6,2026-05-27,2025-06-16,1
CUST1218,30,20595.12,686.5,16,4,2026-05-26,2025-06-13,4
CUST3010,30,11015.64,367.19,17,5,2026-05-26,2025-06-10,2
CUST0829,29,14999.39,517.22,17,10,2026-05-28,2025-06-07,2
CUST4722,37,18697.8,505.35,26,6,2026-06-02,2025-06-07,3
CUST4836,25,15163.44,606.54,16,4,2026-05-31,2025-06-16,2
CUST3902,26,20099.27,773.05,15,11,2026-06-02,2025-06-10,2
CUST0820,26,10211.32,392.74,13,4,2026-05-29,2025-06-24,5
CUST0648,29,17960.69,619.33,18,7,2026-05-10,2025-06-17,3
CUST4470,26,14800.39,569.25,15,3,2026-05-26,2025-06-15,5
CUST3037,25,13474.57,538.98,13,5,2026-05-21,2025-06-22,1
CUST0735,30,14569.56,485.65,16,6,2026-06-02,2025-06-21,5
CUST4062,36,16562.93,460.08,26,11,2026-05-31,2025-06-04,1
CUST1645,30,15658.35,521.95,19,4,2026-05-30,2025-06-26,3
CUST3207,31,17927.19,578.3,18,8,2026-06-03,2025-06-03,3
CUST3535,37,14728.75,398.07,27,5,2026-04-29,2025-06-08,5
CUST3914,38,29528.38,777.06,23,8,2026-06-01,2025-06-05,6
CUST3671,21,13382.47,637.26,14,3,2026-05-09,2025-06-08,5
CUST2234,39,19483.92,499.59,23,9,2026-05-26,2025-06-08,6
CUST3669,25,14875.46,595.02,14,2,2026-06-03,2025-06-10,2
CUST1536,29,14102.64,486.3,20,2,2026-05-27,2025-06-11,1
CUST3810,26,17941.25,690.05,14,5,2026-05-26,2025-06-25,2
CUST3569,30,11084.62,369.49,22,6,2026-05-27,2025-06-18,2
CUST3500,33,18591.83,563.39,18,6,2026-06-03,2025-06-10,2
CUST0444,28,17032.78,608.31,18,8,2026-06-03,2025-06-13,1
CUST3759,34,21071.01,619.74,19,6,2026-05-07,2025-06-06,3
CUST1688,35,24259.0,693.11,15,5,2026-06-03,2025-06-05,2
CUST2528,19,6692.84,352.25,14,3,2026-05-15,2025-06-12,1
CUST1772,33,15570.88,471.84,20,4,2026-05-29,2025-06-03,5
CUST3209,18,8353.38,464.08,13,5,2026-03-14,2025-06-21,2
CUST3785,34,21674.22,637.48,23,10,2026-05-05,2025-06-10,2
CUST3491,23,15136.35,658.1,15,8,2026-05-28,2025-06-25,1
CUST3083,34,18014.66,529.84,19,6,2026-05-20,2025-06-12,5
CUST4710,27,14141.47,523.76,17,1,2026-05-28,2025-07-06,3
CUST0029,25,9809.83,392.39,17,5,2026-05-27,2025-06-12,3
CUST0044,35,18256.13,521.6,21,8,2026-05-24,2025-06-13,2
CUST3149,26,8642.01,332.39,19,7,2026-03-26,2025-06-09,3
CUST2585,32,23593.08,737.28,17,7,2026-05-17,2025-06-15,6
CUST3987,30,13467.23,448.91,17,6,2026-05-25,2025-06-21,3
CUST0722,19,6612.66,348.03,17,2,2026-06-03,2025-06-03,1
CUST1842,34,18466.04,543.12,22,9,2026-05-27,2025-06-20,4
CUST4188,26,18753.33,721.28,10,10,2026-05-07,2025-06-30,4
CUST4631,35,19893.05,568.37,22,8,2026-05-30,2025-06-12,5
CUST3924,25,15862.51,634.5,14,4,2026-05-27,2025-06-03,2
CUST1920,25,14297.87,571.91,13,7,2026-06-01,2025-06-12,5
CUST4577,24,19381.62,807.57,15,6,2026-05-28,2025-06-05,0
CUST1535,36,14948.25,415.23,22,4,2026-05-14,2025-06-03,2
CUST0850,30,17836.75,594.56,17,5,2026-05-28,2025-06-09,5
CUST4211,40,23777.39,594.43,23,11,2026-05-23,2025-06-17,2
CUST0859,40,17362.08,434.05,26,10,2026-05-17,2025-06-18,6
CUST0994,35,21395.13,611.29,26,8,2026-05-29,2025-06-15,4
CUST3081,28,10381.42,370.77,16,8,2026-05-27,2025-07-19,1
CUST4444,24,20796.32,866.51,18,5,2026-05-25,2025-06-09,2
CUST2943,32,15051.94,470.37,21,14,2026-05-18,2025-06-21,4
CUST0543,27,14447.26,535.08,18,5,2026-06-02,2025-07-02,5
CUST1623,29,13517.93,466.14,18,3,2026-06-03,2025-06-23,0
CUST3824,39,24911.85,638.77,23,3,2026-06-03,2025-06-05,3
CUST3677,31,16726.47,539.56,15,7,2026-05-19,2025-06-09,3
CUST4099,36,18275.08,507.64,23,8,2026-05-29,2025-06-04,2
CUST2235,26,13250.58,509.64,17,4,2026-05-25,2025-06-05,2
CUST4072,30,16441.83,548.06,19,5,2026-05-28,2025-06-16,0
CUST3441,29,20016.27,690.22,20,5,2026-05-25,2025-06-05,3
CUST3726,30,16031.47,534.38,18,1,2026-05-30,2025-06-19,2
CUST0552,27,11366.35,420.98,22,6,2026-05-19,2025-06-09,1
CUST0617,38,19848.11,522.32,26,13,2026-05-25,2025-06-10,7
CUST0830,33,19504.03,591.03,20,7,2026-05-27,2025-06-03,3
CUST1527,29,12339.05,425.48,20,6,2026-05-08,2025-06-03,4
CUST0856,19,7533.01,396.47,11,4,2026-05-16,2025-06-13,2
CUST0530,24,17355.72,723.16,14,2,2026-05-03,2025-06-20,4
CUST0472,35,15365.63,439.02,23,8,2026-05-26,2025-06-06,5
CUST2368,24,9332.4,388.85,14,3,2026-05-30,2025-06-06,2
CUST3317,42,20885.93,497.28,27,10,2026-05-26,2025-06-08,4
CUST1481,33,16785.16,508.64,21,9,2026-04-21,2025-06-28,5
CUST0240,31,15542.71,501.38,23,11,2026-04-27,2025-06-15,5
CUST3137,32,11526.21,360.19,17,3,2026-05-11,2025-06-27,1
CUST1336,25,12497.28,499.89,17,4,2026-06-02,2025-06-04,1
CUST2067,36,19546.89,542.97,26,8,2026-05-30,2025-06-17,3
CUST0145,29,14192.66,489.4,19,6,2026-06-03,2025-06-09,2
CUST3911,25,12321.54,492.86,15,3,2026-06-01,2025-06-27,1
CUST2746,32,13799.57,431.24,17,5,2026-05-14,2025-06-22,4
CUST1463,43,19981.52,464.69,24,10,2026-05-27,2025-06-05,7
CUST4084,40,21411.38,535.28,26,8,2026-05-23,2025-06-15,2
CUST2191,31,18735.2,604.36,23,5,2026-05-29,2025-06-11,2
CUST4612,40,25550.88,638.77,26,12,2026-05-23,2025-06-09,6
CUST2477,25,22748.72,909.95,14,5,2026-05-26,2025-06-12,3
CUST4042,35,19520.21,557.72,21,7,2026-05-07,2025-06-09,4
CUST2066,32,11290.01,352.81,17,7,2026-05-31,2025-06-23,2
CUST2426,29,17228.85,594.1,23,4,2026-06-02,2025-06-09,4
CUST1434,26,12291.65,472.76,16,6,2026-05-31,2025-06-14,3
CUST2558,33,19093.47,578.59,18,6,2026-05-15,2025-07-05,0
CUST3904,29,13871.69,478.33,19,7,2026-06-01,2025-06-22,6
CUST1828,44,19918.4,452.69,29,9,2026-06-03,2025-06-07,7
CUST4466,28,20650.05,737.5,17,4,2026-05-31,2025-06-07,5
CUST2675,28,21778.89,777.82,18,3,2026-05-20,2025-06-04,6
CUST2127,18,9355.09,519.73,11,3,2026-05-27,2025-06-11,1
CUST0064,26,12692.24,488.16,17,7,2026-06-01,2025-06-05,3
CUST4778,36,22041.74,612.27,25,13,2026-05-29,2025-06-05,7
CUST2752,32,14484.95,452.65,19,3,2026-05-23,2025-06-16,3
CUST3925,41,23069.42,562.67,26,6,2026-06-02,2025-06-09,3
CUST4245,29,11640.92,401.41,15,7,2026-05-23,2025-06-17,1
CUST2936,30,15221.76,507.39,19,6,2026-05-21,2025-06-04,3
CUST1690,23,10361.06,450.48,15,5,2026-05-29,2025-06-03,5
CUST3660,22,9835.29,447.06,10,4,2026-05-25,2025-07-14,5
CUST3126,27,15733.49,582.72,15,4,2026-05-26,2025-07-13,1
CUST2036,20,9768.75,488.44,10,5,2026-04-12,2025-06-13,6
CUST3430,31,13680.4,441.3,20,6,2026-05-12,2025-06-28,1
CUST2704,33,27355.97,828.97,20,7,2026-05-25,2025-06-07,3
CUST4616,28,9858.38,352.09,15,4,2026-06-03,2025-06-07,2
CUST4671,26,17179.87,660.76,13,6,2026-05-19,2025-06-20,2
CUST2043,34,15601.08,458.86,24,7,2026-05-30,2025-06-19,3
CUST3451,33,19651.49,595.5,28,7,2026-05-26,2025-06-05,4
CUST3144,21,10678.66,508.51,12,2,2026-05-25,2025-06-08,1
CUST2297,28,14200.22,507.15,18,6,2026-05-22,2025-06-11,4
CUST4009,30,17400.08,580.0,15,6,2026-05-30,2025-06-18,4
CUST1815,27,14274.32,528.68,18,1,2026-04-28,2025-06-05,5
CUST3365,29,14448.07,498.21,20,7,2026-05-20,2025-06-11,1
CUST0837,36,20805.2,577.92,20,6,2026-05-29,2025-06-17,4
CUST2842,20,10111.76,505.59,13,1,2026-04-13,2025-06-14,1
CUST2414,40,19671.42,491.79,21,8,2026-05-14,2025-06-05,2
CUST3321,23,11582.03,503.57,11,6,2026-05-18,2025-07-31,3
CUST1896,30,17492.34,583.08,16,7,2026-05-22,2025-06-16,1
CUST3337,27,13587.1,503.23,13,7,2026-06-03,2025-06-12,5
CUST2900,28,13811.43,493.27,19,10,2026-05-21,2025-06-04,2
CUST4162,29,12019.29,414.46,17,8,2026-05-15,2025-06-20,6
CUST4731,30,12549.93,418.33,22,5,2026-05-26,2025-06-27,2
CUST1476,30,18180.9,606.03,22,12,2026-06-03,2025-08-05,0
CUST3461,34,27315.11,803.39,20,11,2026-06-02,2025-06-21,5
CUST0229,26,14442.06,555.46,14,5,2026-06-02,2025-06-27,1
CUST2040,26,14280.74,549.26,19,8,2026-05-25,2025-06-03,1
CUST0794,39,22135.24,567.57,24,7,2026-06-01,2025-06-07,7
CUST0834,24,11421.51,475.9,16,2,2026-05-29,2025-06-29,3
CUST1813,29,15640.02,539.31,13,5,2026-05-20,2025-06-04,1
CUST3956,31,13307.89,429.29,20,7,2026-06-02,2025-06-08,4
CUST4406,31,18160.05,585.81,15,4,2026-05-31,2025-07-20,3
CUST2346,24,13967.03,581.96,16,8,2026-05-29,2025-06-16,4
CUST2578,28,11582.41,413.66,12,7,2026-05-11,2025-06-11,2
CUST1961,29,11716.33,404.01,17,9,2026-05-28,2025-06-17,2
CUST1163,38,18960.43,498.96,19,6,2026-05-26,2025-06-09,2
CUST3997,29,16421.03,566.24,15,7,2026-05-15,2025-06-19,3
CUST0531,19,12434.41,654.44,12,4,2026-05-27,2025-06-05,1
CUST0960,27,11742.46,434.91,16,5,2026-06-01,2025-07-14,4
CUST0526,21,11312.09,538.67,17,8,2026-05-21,2025-07-12,0
CUST0245,32,23519.58,734.99,13,7,2026-04-14,2025-06-04,6
CUST1449,35,23140.88,661.17,26,6,2026-05-27,2025-06-03,4
CUST3143,34,14866.77,437.26,17,10,2026-05-22,2025-06-04,4
CUST3590,32,19772.55,617.89,23,10,2026-05-30,2025-06-11,6
CUST0938,31,15511.85,500.38,19,7,2026-05-28,2025-06-09,2
CUST0561,35,15970.92,456.31,25,8,2026-05-29,2025-06-30,4
CUST1811,37,24564.62,663.91,24,7,2026-05-23,2025-06-03,4
CUST0021,30,15680.19,522.67,17,7,2026-05-27,2025-06-07,7
CUST3603,22,9840.98,447.32,15,5,2026-04-30,2025-06-08,3
CUST0389,34,22582.1,664.18,21,11,2026-05-31,2025-07-01,5
CUST3879,31,14790.0,477.1,20,7,2026-05-28,2025-06-29,2
CUST2581,32,18901.25,590.66,19,2,2026-05-29,2025-06-11,4
CUST2886,33,19290.95,584.57,22,6,2026-05-21,2025-06-08,3
CUST4817,31,15447.0,498.29,21,3,2026-05-25,2025-06-10,3
CUST0568,21,11714.08,557.81,17,3,2026-05-02,2025-06-03,1
CUST3290,25,12283.28,491.33,14,4,2026-03-31,2025-06-28,2
CUST3042,36,21285.99,591.28,15,6,2026-05-25,2025-06-10,2
CUST1408,27,10625.75,393.55,16,3,2026-04-14,2025-06-21,0
CUST0039,26,11795.25,453.66,23,8,2026-05-25,2025-06-05,3
CUST3616,31,18453.6,595.28,14,4,2026-05-31,2025-06-07,2
CUST0465,32,18162.05,567.56,23,7,2026-05-31,2025-06-11,6
CUST3982,29,13496.46,465.4,23,7,2026-05-17,2025-06-13,3
CUST3246,23,14631.15,636.14,12,4,2026-05-20,2025-06-04,0
CUST1166,32,17911.03,559.72,18,3,2026-05-26,2025-06-03,3
CUST0169,33,15337.98,464.79,20,6,2026-05-30,2025-06-22,5
CUST4393,26,16072.59,618.18,17,2,2026-05-22,2025-06-05,3
CUST3655,27,13717.56,508.06,20,6,2026-05-20,2025-06-30,5
CUST2327,33,20766.8,629.3,20,10,2026-05-28,2025-07-27,7
CUST2993,36,15487.54,430.21,17,9,2026-05-30,2025-06-03,4
CUST3047,30,13221.56,440.72,17,3,2026-05-20,2025-06-09,6
CUST2913,32,13363.18,417.6,16,4,2026-05-29,2025-06-12,6
CUST1055,23,6635.1,288.48,15,5,2026-05-29,2025-07-01,2
CUST4125,24,10428.27,434.51,15,4,2026-05-14,2025-07-09,2
CUST2473,23,10179.45,442.58,17,6,2026-05-17,2025-06-06,1
CUST3089,20,8755.85,437.79,13,5,2026-05-19,2025-06-11,1
CUST3708,34,15337.63,451.11,20,8,2026-05-27,2025-06-12,2
CUST0344,21,9714.94,462.62,12,1,2026-05-27,2025-07-07,3
CUST2733,32,17773.78,555.43,23,6,2026-05-21,2025-06-13,1
CUST2720,26,15660.63,602.33,15,7,2026-05-30,2025-06-10,3
CUST1346,40,18571.2,464.28,22,7,2026-05-23,2025-06-22,1
CUST3550,29,13361.68,460.75,18,8,2026-05-30,2025-06-18,2
CUST2138,25,15354.07,614.16,16,2,2026-05-28,2025-06-20,2
CUST4754,30,18282.26,609.41,21,6,2026-05-19,2025-06-03,4
CUST0880,24,14111.89,588.0,19,5,2026-05-19,2025-06-14,2
CUST1951,21,10794.66,514.03,10,3,2026-05-13,2025-06-22,2
CUST1135,26,12828.37,493.4,20,9,2026-05-31,2025-06-07,2
CUST3398,28,11636.13,415.58,17,6,2026-05-30,2025-06-10,3
CUST2522,32,13208.41,412.76,20,9,2026-05-29,2025-06-08,5
CUST0246,19,7694.74,404.99,9,4,2026-06-03,2025-06-14,1
CUST2896,33,12304.8,372.87,20,6,2026-05-19,2025-06-05,0
CUST2180,24,13409.68,558.74,16,8,2026-06-02,2025-06-18,3
CUST0134,31,13683.9,441.42,22,7,2026-05-20,2025-06-23,7
CUST0602,26,16622.28,639.32,17,4,2026-06-02,2025-06-24,1
CUST2707,28,11613.91,414.78,17,6,2026-06-01,2025-06-15,1
CUST4242,19,12963.15,682.27,10,4,2026-04-26,2025-06-03,2
CUST2568,21,7733.88,368.28,8,4,2026-05-30,2025-06-04,1
CUST1746,29,14789.86,510.0,16,7,2026-05-18,2025-06-03,5
CUST3414,22,10030.28,455.92,11,7,2026-06-01,2025-06-12,1
CUST2729,29,15361.76,529.72,21,5,2026-05-23,2025-06-15,2
CUST1672,37,15336.0,414.49,24,7,2026-05-29,2025-06-30,5
CUST0912,26,8654.72,332.87,15,5,2026-06-03,2025-06-04,2
CUST2709,25,14864.68,594.59,15,5,2026-05-24,2025-07-02,4
CUST0680,28,13646.2,487.36,20,3,2026-06-03,2025-06-24,2
CUST2652,26,12224.05,470.16,14,5,2026-06-03,2025-06-06,3
CUST0957,34,15186.31,446.66,20,7,2026-06-02,2025-06-14,2
CUST0805,34,14487.88,426.11,23,4,2026-05-30,2025-06-10,4
CUST2441,35,15329.41,437.98,26,9,2026-05-17,2025-06-12,5
CUST2161,30,20241.41,674.71,16,9,2026-05-10,2025-06-13,7
CUST2789,22,9425.68,428.44,12,2,2026-05-26,2025-06-10,1
CUST1693,24,11517.71,479.9,15,6,2026-05-28,2025-06-04,4
CUST0065,31,12493.94,403.03,16,8,2026-04-24,2025-06-14,2
CUST2216,37,17434.45,471.2,22,7,2026-06-03,2025-06-03,5
CUST3834,30,9853.76,328.46,17,5,2026-05-29,2025-06-07,3
CUST2262,26,16413.88,631.3,17,6,2026-04-30,2025-07-05,1
CUST4997,32,14518.42,453.7,19,5,2026-05-21,2025-06-09,4
CUST3857,23,14300.14,621.75,13,7,2026-05-25,2025-06-30,4
CUST1228,21,8980.02,427.62,16,4,2026-05-23,2025-06-29,1
CUST4502,27,12644.41,468.31,14,5,2026-05-08,2025-06-08,1
CUST3489,24,12403.57,516.82,19,9,2026-05-10,2025-06-19,2
CUST0771,24,12055.21,502.3,12,6,2026-06-02,2025-06-07,7
CUST3624,29,16865.5,581.57,22,3,2026-05-14,2025-06-19,5
CUST1334,17,9770.01,574.71,8,3,2026-05-17,2025-06-11,0
CUST0607,37,17834.76,482.02,22,8,2026-04-19,2025-06-08,4
CUST2350,23,8266.56,359.42,15,1,2026-06-01,2025-07-12,1
CUST3633,31,10541.78,340.06,20,2,2026-05-11,2025-06-20,3
CUST2285,36,20654.26,573.73,25,8,2026-05-24,2025-07-03,2
CUST4403,35,20998.65,599.96,23,12,2026-05-21,2025-06-18,3
CUST3593,29,13027.13,449.21,17,7,2026-05-29,2025-07-07,4
CUST4712,32,17197.1,537.41,18,6,2026-05-21,2025-06-04,3
CUST3950,33,14593.27,442.22,20,10,2026-05-23,2025-06-10,3
CUST3539,33,12015.64,364.11,22,10,2026-05-28,2025-06-09,4
CUST3024,20,11031.46,551.57,15,2,2026-05-17,2025-07-04,2
CUST0322,31,13783.47,444.63,18,10,2026-05-27,2025-06-18,1
CUST1007,30,14448.18,481.61,22,5,2026-05-18,2025-06-18,4
CUST4680,23,6901.85,300.08,15,8,2026-05-29,2025-06-13,1
CUST3600,21,11001.7,523.89,13,7,2026-04-26,2025-06-25,3
CUST0661,27,16000.67,592.62,16,8,2026-05-27,2025-06-19,3
CUST2449,24,17605.19,733.55,14,6,2026-05-13,2025-06-15,2
CUST1863,23,13839.41,601.71,15,2,2026-05-31,2025-06-03,3
CUST4567,26,14198.38,546.09,17,5,2026-05-22,2025-06-19,2
CUST2303,32,17163.3,536.35,22,9,2026-05-17,2025-06-03,5
CUST0987,26,12820.12,493.08,19,3,2026-06-02,2025-07-12,2
CUST3014,38,16455.45,433.04,25,6,2026-05-25,2025-06-16,2
CUST0981,28,14422.75,515.1,13,8,2026-06-02,2025-06-10,4
CUST1130,28,13779.48,492.12,14,7,2026-05-29,2025-06-14,2
CUST3983,43,23573.92,548.23,31,13,2026-05-18,2025-06-07,7
CUST4784,37,20937.08,565.87,20,9,2026-05-21,2025-06-07,0
CUST4546,37,18243.47,493.07,26,7,2026-06-03,2025-06-07,1
CUST2484,27,15388.61,569.95,16,2,2026-05-20,2025-06-06,1
CUST4306,20,12595.59,629.78,14,3,2026-04-23,2025-06-27,1
CUST1765,31,11518.1,371.55,15,5,2026-06-03,2025-06-13,0
CUST3665,37,21649.73,585.13,21,11,2026-05-07,2025-06-14,6
CUST0296,36,23373.84,649.27,21,9,2026-05-28,2025-06-07,3
CUST2283,32,8221.08,256.91,21,8,2026-05-24,2025-06-06,2
CUST4988,22,8401.68,381.89,13,6,2026-04-18,2025-06-12,2
CUST0809,30,14101.6,470.05,22,7,2026-05-11,2025-06-14,2
CUST0944,25,13852.11,554.08,18,2,2026-05-28,2025-06-03,3
CUST0706,25,12312.08,492.48,17,6,2026-05-29,2025-07-03,5
CUST0253,38,17735.71,466.73,21,6,2026-05-31,2025-06-04,5
CUST1266,28,16176.39,577.73,15,5,2026-05-31,2025-06-04,2
CUST4656,29,16235.43,559.84,19,9,2026-05-28,2025-06-14,4
CUST2403,25,14076.8,563.07,16,6,2026-05-30,2025-06-27,6
CUST2724,40,18254.37,456.36,23,6,2026-05-14,2025-06-10,3
CUST2966,35,16796.7,479.91,24,10,2026-05-08,2025-06-10,3
CUST0716,29,15295.55,527.43,19,5,2026-06-01,2025-06-08,4
CUST0442,42,27020.29,643.34,34,11,2026-04-08,2025-06-30,5
CUST4599,31,21743.95,701.42,19,4,2026-06-01,2025-06-30,1
CUST4652,40,20934.29,523.36,21,8,2026-05-24,2025-06-03,3
CUST2220,35,16256.72,464.48,21,3,2026-05-04,2025-06-21,4
CUST1323,31,13676.39,441.17,21,4,2026-05-18,2025-07-10,6
CUST0812,19,8051.58,423.77,14,3,2026-06-02,2025-06-20,4
CUST2455,29,13671.64,471.44,20,3,2026-05-30,2025-06-03,1
CUST1320,36,18360.02,510.0,25,9,2026-06-01,2025-06-07,4
CUST1304,30,15192.55,506.42,18,5,2026-05-17,2025-06-09,3
CUST2247,38,24960.41,656.85,25,3,2026-06-03,2025-06-03,6
CUST2298,30,16840.15,561.34,18,8,2026-05-22,2025-06-03,2
CUST1042,26,12360.93,475.42,14,5,2026-05-03,2025-06-18,4
CUST2030,36,23526.79,653.52,22,9,2026-05-23,2025-06-05,4
CUST0433,36,15996.34,444.34,26,10,2026-05-31,2025-06-11,2
CUST3896,24,10886.59,453.61,17,6,2026-05-22,2025-06-20,2
CUST0165,39,16285.39,417.57,24,7,2026-05-27,2025-06-09,3
CUST2353,29,8484.4,292.57,22,6,2026-05-31,2025-06-08,2
CUST1378,24,11225.4,467.72,14,3,2026-06-03,2025-06-10,4
CUST3553,34,12821.69,377.11,19,12,2026-05-30,2025-07-12,5
CUST1085,26,16238.74,624.57,18,4,2026-05-24,2025-06-04,5
CUST4022,23,7961.34,346.15,13,5,2026-05-30,2025-06-06,4
CUST2529,47,25363.07,539.64,30,7,2026-05-13,2025-06-08,4
CUST2264,27,21404.05,792.74,17,7,2026-03-17,2025-07-13,3
CUST3031,41,21627.36,527.5,24,7,2026-06-03,2025-06-09,4
CUST2391,36,20464.95,568.47,22,10,2026-05-20,2025-06-12,4
CUST2405,38,18775.43,494.09,24,11,2026-05-26,2025-06-11,5
CUST1516,35,14798.04,422.8,18,5,2026-06-03,2025-06-24,5
CUST4294,38,20907.76,550.2,28,4,2026-05-29,2025-06-20,1
CUST0031,36,15264.32,424.01,18,10,2026-05-29,2025-06-04,2
CUST0889,32,14119.75,441.24,19,6,2026-05-31,2025-06-07,2
CUST2170,40,19684.86,492.12,31,11,2026-05-19,2025-07-01,4
CUST0964,36,18753.89,520.94,23,8,2026-06-02,2025-06-03,1
CUST0990,26,15340.77,590.03,22,3,2026-05-10,2025-06-29,3
CUST1497,33,16796.82,508.99,17,8,2026-04-14,2025-06-25,1
CUST4770,25,15768.17,630.73,15,6,2026-06-01,2025-06-14,3
CUST2317,25,19779.13,791.17,15,7,2026-05-18,2025-06-08,1
CUST0931,24,11666.45,486.1,16,6,2026-05-19,2025-06-23,3
CUST0566,31,14193.23,457.85,13,6,2026-05-04,2025-06-03,5
CUST0198,23,12467.79,542.08,11,1,2026-06-02,2025-06-12,5
CUST4757,30,14762.82,492.09,16,7,2026-05-24,2025-06-05,2
CUST4109,29,16015.99,552.28,21,10,2026-05-22,2025-06-12,1
CUST3017,34,15967.63,469.64,21,7,2026-06-03,2025-06-16,4
CUST4186,28,20797.06,742.75,17,7,2026-05-12,2025-06-07,3
CUST2850,28,18695.62,667.7,21,10,2026-05-21,2025-06-11,1
CUST3980,38,12047.69,317.04,18,7,2026-05-29,2025-06-10,3
CUST1677,34,17617.41,518.16,22,8,2026-06-02,2025-06-20,4
CUST1149,26,15948.45,613.4,13,7,2026-04-19,2025-06-16,2
CUST3058,27,12146.03,449.85,17,4,2026-05-21,2025-06-07,4
CUST0196,31,18473.38,595.92,14,4,2026-05-29,2025-06-13,1
CUST0711,28,13990.3,499.65,20,4,2026-05-29,2025-06-16,5
CUST4926,30,19157.9,638.6,21,3,2026-05-29,2025-06-06,0
CUST1802,31,10868.99,350.61,18,9,2026-06-02,2025-06-23,7
CUST0168,33,15336.47,464.74,24,6,2026-05-30,2025-06-09,2
CUST3519,27,15439.23,571.82,13,3,2026-05-27,2025-06-09,2
CUST4810,30,14750.24,491.67,16,7,2026-05-28,2025-06-14,4
CUST0489,29,15386.98,530.59,16,10,2026-05-22,2025-06-09,2
CUST2139,38,22169.36,583.4,25,8,2026-05-22,2025-06-09,9
CUST3325,34,14117.86,415.23,19,5,2026-05-18,2025-06-12,3
CUST3686,37,22535.64,609.07,18,11,2026-05-28,2025-06-05,4
CUST4974,37,17530.09,473.79,25,9,2026-05-28,2025-06-10,2
CUST1280,37,18549.73,501.34,22,8,2026-06-02,2025-06-04,5
CUST4153,30,13437.66,447.92,21,5,2026-05-26,2025-06-09,4
CUST2130,22,12233.72,556.08,15,3,2026-06-02,2025-07-10,4
CUST4878,27,16486.21,610.6,19,4,2026-04-23,2025-06-18,1
CUST3805,33,12001.32,363.68,16,6,2026-05-30,2025-06-15,3
CUST3248,31,16130.18,520.33,19,7,2026-05-23,2025-06-13,3
CUST0360,28,12078.68,431.38,19,6,2026-05-22,2025-07-01,3
CUST1805,25,13885.25,555.41,17,7,2026-05-16,2025-06-18,4
CUST2895,37,14416.21,389.63,23,9,2026-05-31,2025-06-19,8
CUST4006,27,12524.78,463.88,19,6,2026-06-03,2025-06-21,4
CUST4600,39,19393.28,497.26,25,5,2026-05-27,2025-06-06,3
CUST2853,31,14110.15,455.17,18,9,2026-06-03,2025-06-07,2
CUST2686,24,10977.75,457.41,15,4,2026-05-15,2025-06-13,4
CUST4891,32,21335.24,666.73,20,4,2026-05-26,2025-06-12,3
CUST2372,35,19978.61,570.82,19,7,2026-06-02,2025-06-14,4
CUST3263,25,10476.53,419.06,17,3,2026-05-31,2025-06-07,5
CUST1480,23,8398.03,365.13,12,5,2026-05-14,2025-06-27,2
CUST0042,29,13053.11,450.11,17,6,2026-05-31,2025-06-07,2
CUST0507,30,14484.64,482.82,22,5,2026-05-27,2025-07-03,1
CUST4418,31,18241.04,588.42,23,6,2026-05-08,2025-06-05,6
CUST4523,31,16805.69,542.12,15,9,2026-05-23,2025-06-04,4
CUST3389,27,15375.7,569.47,18,5,2026-05-30,2025-06-22,3
CUST0635,30,13395.25,446.51,17,5,2026-05-22,2025-06-14,3
CUST4026,27,13437.45,497.68,13,3,2026-05-22,2025-06-06,5
CUST2444,27,14252.92,527.89,17,4,2026-05-27,2025-06-24,4
CUST0580,33,25185.38,763.19,22,6,2026-05-29,2025-06-15,4
CUST3809,27,12242.75,453.44,17,4,2026-05-28,2025-07-06,2
CUST2078,29,11330.22,390.7,22,5,2026-05-18,2025-06-09,6
CUST0579,26,13151.28,505.82,18,5,2026-05-19,2025-06-04,2
CUST4183,29,8636.11,297.8,17,8,2026-05-25,2025-06-03,2
CUST3187,33,19927.59,603.87,15,2,2026-05-11,2025-06-09,5
CUST3108,37,18113.26,489.55,23,9,2026-05-26,2025-06-14,4
CUST0172,23,7410.26,322.19,16,4,2026-04-21,2025-06-17,3
CUST2988,25,10649.43,425.98,15,2,2026-05-29,2025-08-11,1
CUST0709,28,11887.73,424.56,19,6,2026-05-14,2025-06-09,5
CUST2747,28,20267.95,723.86,13,6,2026-05-22,2025-06-14,6
CUST1709,26,16185.17,622.51,20,7,2026-05-28,2025-06-13,4
CUST2718,25,13276.2,531.05,13,4,2026-06-01,2025-06-20,3
CUST3112,25,14500.83,580.03,17,4,2026-05-30,2025-06-05,0
CUST0649,32,21375.54,667.99,18,5,2026-05-07,2025-06-20,5
CUST2597,27,13321.25,493.38,15,5,2026-05-23,2025-06-23,5
CUST3538,29,13878.71,478.58,18,3,2026-05-22,2025-06-24,3
CUST1299,30,14784.42,492.81,20,5,2026-04-14,2025-06-16,3
CUST0378,23,10023.19,435.79,11,3,2026-05-31,2025-06-11,1
CUST0572,32,17526.55,547.7,24,5,2026-06-03,2025-06-17,0
CUST3978,35,18845.83,538.45,26,6,2026-04-25,2025-06-15,5
CUST0540,39,17116.65,438.89,24,9,2026-05-25,2025-06-03,3
CUST2960,32,20636.32,644.89,21,4,2026-05-21,2025-07-24,3
CUST1162,33,15804.32,478.92,19,7,2026-04-18,2025-06-04,0
CUST2115,40,23729.56,593.24,22,13,2026-05-24,2025-06-06,5
CUST3069,30,18059.29,601.98,19,5,2026-05-30,2025-06-23,1
CUST0901,27,11925.9,441.7,15,11,2026-06-03,2025-06-11,2
CUST4568,40,18251.0,456.28,26,8,2026-05-22,2025-06-09,0
CUST4886,39,20881.83,535.43,24,7,2026-05-14,2025-06-10,4
CUST4278,24,9580.93,399.21,12,8,2026-05-08,2025-06-16,1
CUST0558,33,11849.72,359.08,21,6,2026-05-02,2025-06-08,2
CUST1187,33,15139.2,458.76,16,5,2026-06-01,2025-06-03,6
CUST3634,40,20848.65,521.22,24,7,2026-06-03,2025-06-11,3
CUST0089,37,16619.07,449.16,24,9,2026-05-12,2025-06-07,4
CUST2296,24,12502.44,520.94,17,5,2026-05-28,2025-06-12,1
CUST3128,27,14078.41,521.42,13,6,2026-06-02,2025-06-10,4
CUST0377,31,16888.04,544.78,22,9,2026-04-19,2025-06-04,4
CUST3868,25,12343.9,493.76,18,9,2026-05-29,2025-06-11,5
CUST0345,36,19268.81,535.24,26,8,2026-05-29,2025-06-07,8
CUST1747,27,18750.06,694.45,17,7,2026-05-26,2025-06-05,2
CUST1712,23,11729.82,509.99,15,10,2026-05-27,2025-07-27,0
CUST1655,37,18162.31,490.87,24,9,2026-06-02,2025-06-17,2
CUST4034,34,16345.72,480.76,22,6,2026-05-25,2025-06-06,4
CUST4465,35,16374.1,467.83,21,9,2026-05-22,2025-06-03,5
CUST0208,39,22987.28,589.42,23,5,2026-05-25,2025-06-04,3
CUST0202,29,18634.81,642.58,19,7,2026-06-02,2025-06-03,1
CUST3174,28,12302.82,439.39,19,4,2026-05-25,2025-06-04,2
CUST3011,27,17494.58,647.95,18,2,2026-05-13,2025-06-09,1
CUST4238,33,19283.6,584.35,24,5,2026-05-18,2025-06-17,1
CUST1994,28,18951.79,676.85,15,7,2026-05-14,2025-07-28,1
CUST1020,28,11549.86,412.49,19,7,2026-05-14,2025-06-09,2
CUST2575,31,16960.58,547.12,23,8,2026-05-31,2025-06-03,1
CUST4027,27,13859.32,513.31,16,5,2026-05-27,2025-06-08,3
CUST4078,29,19386.08,668.49,17,5,2026-06-03,2025-06-08,2
CUST1181,31,15510.88,500.35,23,4,2026-05-13,2025-06-15,1
CUST2389,27,15246.42,564.68,14,5,2026-05-18,2025-06-03,1
CUST1067,27,12284.17,454.97,16,4,2026-05-25,2025-06-04,2
CUST0667,19,8847.36,465.65,11,5,2026-05-25,2025-06-24,3
CUST3571,26,13623.29,523.97,20,6,2026-05-04,2025-06-14,1
CUST2342,34,16970.05,499.12,18,6,2026-06-03,2025-06-04,5
CUST4274,27,16238.72,601.43,17,3,2026-05-25,2025-07-02,5
CUST3160,37,16885.22,456.36,23,15,2026-05-22,2025-06-16,2
CUST2897,36,14967.44,415.76,20,5,2026-04-28,2025-06-07,4
CUST1260,32,19172.96,599.16,22,5,2026-05-24,2025-07-12,3
CUST3147,14,9610.58,686.47,6,2,2026-05-02,2025-06-06,2
CUST2930,28,16597.43,592.77,16,5,2026-05-31,2025-06-14,2
CUST1865,28,10825.04,386.61,19,7,2026-06-02,2025-06-16,0
CUST4421,26,10233.51,393.6,20,9,2026-05-22,2025-06-28,0
CUST3512,38,14453.96,380.37,27,12,2026-05-26,2025-06-04,4
CUST2164,28,13492.38,481.87,17,4,2026-05-16,2025-06-22,3
CUST1731,20,9519.1,475.95,15,6,2026-05-24,2025-06-30,1
CUST2211,26,12495.94,480.61,18,5,2026-06-03,2025-07-07,3
CUST3386,23,11778.04,512.09,15,4,2026-06-03,2025-06-03,2
CUST3307,27,11661.39,431.9,17,7,2026-05-31,2025-06-25,2
CUST4455,37,19309.4,521.88,20,7,2026-06-01,2025-06-07,3
CUST1576,24,10866.81,452.78,14,2,2026-05-28,2025-06-16,1
CUST1611,29,13774.74,474.99,23,4,2026-05-12,2025-06-05,2
CUST3393,28,16818.14,600.65,18,3,2026-05-26,2025-06-03,3
CUST4918,30,14796.63,493.22,16,6,2026-05-27,2025-07-11,3
CUST1391,26,9340.26,359.24,16,7,2026-05-30,2025-06-08,2
CUST1692,35,16038.74,458.25,21,4,2026-05-21,2025-06-12,3
CUST0404,29,14824.87,511.2,17,4,2026-06-03,2025-07-03,2
CUST1729,31,13745.7,443.41,23,10,2026-05-24,2025-06-05,2
CUST3179,33,15446.68,468.08,25,3,2026-06-01,2025-07-13,4
CUST0479,34,16943.41,498.34,21,6,2026-05-26,2025-06-15,3
CUST4410,23,14211.63,617.9,15,3,2026-05-07,2025-06-17,2
CUST0630,32,15836.81,494.9,24,4,2026-05-16,2025-06-08,5
CUST3818,26,16111.24,619.66,14,5,2026-05-17,2025-06-19,2
CUST3996,32,17183.44,536.98,21,7,2026-05-30,2025-06-10,6
CUST2394,20,11879.58,593.98,11,4,2026-05-03,2025-07-07,5
CUST3377,33,15894.94,481.66,23,6,2026-06-01,2025-06-11,4
CUST0154,27,16027.76,593.62,16,7,2026-05-16,2025-06-16,2
CUST2832,34,17918.88,527.03,25,10,2026-05-20,2025-06-13,3
CUST2865,27,19256.85,713.22,17,3,2026-04-10,2025-06-10,3
CUST1515,31,11817.26,381.2,21,5,2026-05-09,2025-06-06,6
CUST0676,26,11718.72,450.72,16,9,2026-06-03,2025-06-04,2
CUST2002,27,14488.86,536.62,20,4,2026-05-31,2025-06-19,3
CUST1073,35,20638.65,589.68,20,6,2026-05-03,2025-06-10,2
CUST1311,28,12741.77,455.06,14,4,2026-05-14,2025-06-03,3
CUST3066,23,11188.52,486.46,15,3,2026-05-18,2025-07-01,5
CUST3380,44,22796.6,518.1,28,11,2026-05-29,2025-06-04,4
CUST0221,31,19380.99,625.19,11,7,2026-05-08,2025-06-03,2
CUST1284,26,11219.3,431.51,13,3,2026-05-29,2025-06-08,1
CUST1513,37,18472.23,499.25,24,6,2026-04-08,2025-06-10,2
CUST1151,29,12132.27,418.35,18,8,2026-06-03,2025-07-02,2
CUST2132,26,13657.18,525.28,15,2,2026-05-30,2025-06-18,1
CUST0133,36,24609.18,683.59,22,8,2026-06-02,2025-06-13,2
CUST2728,26,12498.5,480.71,17,10,2026-05-20,2025-06-12,2
CUST2872,27,13765.73,509.84,18,6,2026-05-31,2025-06-03,4
CUST4019,28,15155.08,541.25,17,4,2026-05-05,2025-06-18,2
CUST3113,28,16544.61,590.88,15,6,2026-05-12,2025-06-08,3
CUST0888,36,20858.5,579.4,23,9,2026-05-28,2025-06-07,1
CUST0219,37,21175.37,572.31,23,3,2026-05-29,2025-06-03,3
CUST3184,45,21477.37,477.27,25,6,2026-06-03,2025-06-08,6
CUST4362,33,12716.75,385.36,16,3,2026-05-30,2025-06-10,1
CUST3168,21,8557.04,407.48,14,7,2026-05-08,2025-08-22,3
CUST0780,25,12469.59,498.78,15,4,2026-05-19,2025-06-03,2
CUST2488,25,13156.66,526.27,13,3,2026-05-24,2025-07-07,2
CUST0614,26,12937.3,497.59,14,3,2026-06-03,2025-06-14,4
CUST0734,26,13018.58,500.71,17,5,2026-05-13,2025-06-11,1
CUST3008,31,16029.12,517.07,17,6,2026-05-31,2025-07-09,4
CUST4862,21,10247.23,487.96,14,5,2026-05-20,2025-06-15,4
CUST1271,34,13786.65,405.49,18,8,2026-06-02,2025-06-04,1
CUST1207,26,7818.24,300.7,14,2,2026-05-14,2025-06-15,1
CUST4855,25,9444.41,377.78,18,8,2026-06-03,2025-06-22,3
CUST4103,26,13784.22,530.16,19,12,2026-05-11,2025-06-04,5
CUST0921,27,15725.0,582.41,14,4,2026-05-24,2025-06-13,3
CUST2593,23,11430.48,496.98,9,2,2026-04-30,2025-06-23,3
CUST4665,21,11457.34,545.59,14,6,2026-05-27,2025-06-16,3
CUST0183,22,7137.39,324.43,12,5,2026-05-28,2025-06-20,6
CUST1237,34,12657.46,372.28,18,10,2026-05-28,2025-06-08,3
CUST4509,29,13206.58,455.4,15,8,2026-05-31,2025-06-27,3
CUST0876,34,23579.5,693.51,22,8,2026-06-02,2025-06-04,4
CUST3517,36,19005.28,527.92,26,7,2026-06-02,2025-06-06,3
CUST3057,28,15917.29,568.47,18,8,2026-05-27,2025-06-03,5
CUST2122,36,22193.68,616.49,27,3,2026-05-30,2025-06-08,5
CUST2486,27,14677.46,543.61,15,12,2026-05-23,2025-06-17,3
CUST3713,22,11463.92,521.09,15,5,2026-05-18,2025-06-04,0
CUST2419,29,16932.33,583.87,22,4,2026-05-17,2025-06-06,5
CUST4080,27,11395.93,422.07,20,4,2026-05-22,2025-06-11,4
CUST0534,26,11078.48,426.1,20,4,2026-06-03,2025-06-08,3
CUST2238,28,12745.02,455.18,17,6,2026-06-01,2025-06-26,4
CUST4340,23,15220.62,661.77,10,4,2026-05-28,2025-06-07,1
CUST3707,22,9277.71,421.71,10,7,2026-06-01,2025-06-15,1
CUST0076,31,18337.69,591.54,20,5,2026-05-13,2025-06-08,4
CUST1041,30,16871.77,562.39,19,5,2026-06-02,2025-06-05,1
CUST3813,39,18811.2,482.34,20,8,2026-06-03,2025-06-09,3
CUST3909,23,16063.31,698.4,16,3,2026-05-18,2025-06-06,1
CUST0587,27,15681.38,580.79,16,5,2026-05-31,2025-06-11,4
CUST4560,33,22360.65,677.6,23,7,2026-05-29,2025-06-13,5
CUST3969,18,8844.04,491.34,9,4,2026-05-27,2025-06-17,2
CUST4235,29,12631.39,435.57,19,9,2026-05-29,2025-06-30,4
CUST1293,20,14901.24,745.06,13,7,2026-06-02,2025-06-27,1
CUST3733,32,17281.99,540.06,23,6,2026-05-23,2025-06-07,5
CUST2719,21,12374.66,589.27,11,5,2026-05-28,2025-06-08,2
CUST4457,24,13472.22,561.34,15,2,2026-05-13,2025-06-06,0
CUST4427,32,15306.18,478.32,21,9,2026-05-31,2025-06-07,5
CUST0885,25,14155.27,566.21,13,2,2026-06-02,2025-06-04,5
CUST0122,28,10229.91,365.35,16,8,2026-05-13,2025-06-13,1
CUST2798,29,12308.28,424.42,18,7,2026-05-26,2025-06-04,4
CUST1216,16,9972.25,623.27,9,4,2026-05-28,2025-06-23,2
CUST2381,29,13472.68,464.58,16,4,2026-05-29,2025-06-03,8
CUST0977,27,16846.75,623.95,19,10,2026-05-17,2025-06-27,4
CUST0752,27,11465.6,424.65,22,4,2026-06-02,2025-06-09,0
CUST3413,24,10780.79,449.2,16,4,2026-05-31,2025-07-12,2
CUST4831,20,13148.91,657.45,9,2,2026-05-31,2025-06-03,2
CUST1263,28,14918.1,532.79,19,8,2026-05-02,2025-06-03,3
CUST3812,20,10180.66,509.03,14,2,2026-06-01,2025-07-10,2
CUST2126,22,8706.82,395.76,13,7,2026-04-21,2025-06-04,3
CUST3734,27,13581.49,503.02,20,6,2026-05-15,2025-06-08,0
CUST0810,28,14813.6,529.06,21,7,2026-06-02,2025-06-08,4
CUST0384,29,18730.09,645.87,20,4,2026-05-19,2025-06-14,2
CUST0966,17,8071.99,474.82,12,7,2026-06-02,2025-07-16,0
CUST2925,23,9143.02,397.52,17,5,2026-03-23,2025-06-11,1
CUST4768,22,11772.33,535.11,8,4,2026-05-16,2025-06-17,5
CUST2110,22,12060.89,548.22,13,6,2026-05-28,2025-06-27,1
CUST3537,27,14177.84,525.11,15,3,2026-06-02,2025-06-11,3
CUST1318,25,13552.95,542.12,13,8,2026-05-18,2025-06-04,4
CUST2890,21,8591.3,409.11,17,5,2026-05-13,2025-06-13,3
CUST1511,22,13127.26,596.69,16,7,2026-06-02,2025-07-01,1
CUST0708,31,14373.24,463.65,21,4,2026-05-20,2025-06-03,2
CUST4996,23,10666.67,463.77,10,8,2026-05-31,2025-06-12,1
CUST0205,30,13635.05,454.5,19,5,2026-05-31,2025-06-03,3
CUST0699,31,16862.85,543.96,19,3,2026-05-28,2025-06-14,4
CUST2465,31,14598.86,470.93,20,6,2026-05-26,2025-06-04,4
CUST3739,29,15462.59,533.19,22,7,2026-06-02,2025-06-15,2
CUST3342,38,22259.52,585.78,31,10,2026-06-01,2025-06-12,3
CUST2173,30,17520.07,584.0,15,5,2026-05-31,2025-06-24,2
CUST3701,36,23063.12,640.64,21,7,2026-04-28,2025-06-09,5
CUST4818,25,8184.44,327.38,18,7,2026-05-03,2025-06-29,0
CUST1670,27,11723.24,434.19,11,7,2026-04-24,2025-06-12,2
CUST0179,23,12807.53,556.85,13,2,2026-05-13,2025-06-24,4
CUST2596,23,10848.92,471.69,13,3,2026-05-30,2025-06-14,3
CUST0513,30,17402.67,580.09,15,3,2026-05-25,2025-06-05,4
CUST3757,24,11000.55,458.36,17,2,2026-05-24,2025-06-06,3
CUST1722,28,11324.41,404.44,14,8,2026-05-23,2025-06-28,4
CUST2818,36,20511.92,569.78,17,2,2026-05-29,2025-06-06,2
CUST1849,25,10969.09,438.76,16,7,2026-04-13,2025-06-20,1
CUST1581,28,13557.61,484.2,15,4,2026-05-29,2025-06-06,2
CUST3691,40,27033.57,675.84,25,6,2026-05-31,2025-06-18,5
CUST4497,35,15234.2,435.26,23,8,2026-06-03,2025-06-16,4
CUST2117,42,20693.72,492.71,26,12,2026-05-16,2025-06-12,5
CUST2421,32,19745.82,617.06,15,7,2026-05-27,2025-07-04,4
CUST3578,30,11192.49,373.08,17,6,2026-05-29,2025-06-05,3
CUST1051,22,8632.63,392.39,13,4,2026-06-01,2025-06-03,3
CUST4924,35,14480.15,413.72,20,10,2026-06-03,2025-06-13,5
CUST0355,25,11697.95,467.92,16,5,2026-06-03,2025-06-06,4
CUST3330,43,25947.96,603.44,24,13,2026-05-26,2025-06-17,3
CUST0553,29,9663.51,333.22,18,6,2026-05-18,2025-07-13,5
CUST4461,32,14105.86,440.81,19,10,2026-05-05,2025-06-03,7
CUST1169,30,18737.03,624.57,18,9,2026-06-03,2025-06-03,3
CUST0857,29,15886.29,547.8,19,8,2026-05-13,2025-06-17,2
CUST2159,34,12250.3,360.3,22,6,2026-06-01,2025-06-22,10
CUST2918,35,14958.3,427.38,18,9,2026-06-02,2025-06-07,4
CUST1352,32,16128.55,504.02,22,10,2026-05-08,2025-06-23,2
CUST3357,30,19006.28,633.54,17,7,2026-05-08,2025-06-03,2
CUST1814,19,11294.57,594.45,9,3,2026-05-18,2025-06-06,0
CUST3719,23,17107.79,743.82,17,4,2026-04-30,2025-06-19,4
CUST2902,25,15660.46,626.42,16,5,2026-05-30,2025-06-18,4
CUST2154,32,12486.25,390.2,22,6,2026-05-23,2025-06-19,2
CUST4399,26,11439.14,439.97,18,5,2026-05-01,2025-06-18,4
CUST2174,34,19367.74,569.64,19,9,2026-05-24,2025-06-07,7
CUST3777,34,18226.45,536.07,21,4,2026-05-26,2025-06-18,3
CUST1630,26,15848.91,609.57,20,5,2026-05-22,2025-06-06,1
CUST4227,33,16727.74,506.9,22,10,2026-05-10,2025-06-07,5
CUST3732,34,15766.68,463.73,21,5,2026-05-25,2025-06-06,1
CUST2994,40,25893.01,647.33,21,11,2026-05-24,2025-06-11,3
CUST0398,26,12885.46,495.59,16,3,2026-05-29,2025-06-04,2
CUST0578,31,16261.17,524.55,19,11,2026-06-03,2025-06-23,1
CUST3939,24,10242.99,426.79,17,11,2026-05-02,2025-07-01,1
CUST4285,19,9546.69,502.46,13,3,2026-05-03,2025-06-13,1
CUST1812,20,10050.55,502.53,14,6,2026-05-28,2025-08-08,2
CUST4171,37,19741.84,533.56,24,6,2026-05-24,2025-06-03,5
CUST2485,38,21792.03,573.47,25,7,2026-05-22,2025-07-14,4
CUST0755,29,16142.63,556.64,13,1,2026-05-30,2025-07-12,1
CUST4561,27,9506.66,352.1,17,7,2026-06-02,2025-06-03,1
CUST1382,31,16805.98,542.13,22,4,2026-05-14,2025-06-13,3
CUST3768,27,11542.36,427.49,18,10,2026-06-03,2025-06-05,6
CUST4984,35,20471.09,584.89,23,9,2026-06-01,2025-06-13,2
CUST2751,26,18237.25,701.43,18,6,2026-06-01,2025-06-16,3
CUST0483,29,11190.46,385.88,19,4,2026-05-25,2025-06-24,3
CUST4861,40,20413.41,510.34,19,10,2026-05-25,2025-07-02,4
CUST1900,29,12433.86,428.75,17,6,2026-06-02,2025-06-17,4
CUST0148,33,18927.55,573.56,21,6,2026-06-03,2025-07-06,2
CUST4608,32,16109.42,503.42,20,7,2026-05-29,2025-06-08,2
CUST0932,37,23213.69,627.4,22,7,2026-05-14,2025-06-10,4
CUST1122,33,15785.25,478.34,26,7,2026-05-23,2025-06-09,1
CUST2945,34,22273.71,655.11,24,3,2026-05-26,2025-07-09,6
CUST1820,36,20926.69,581.3,22,5,2026-06-02,2025-06-11,2
CUST1479,36,20240.65,562.24,26,9,2026-06-03,2025-06-12,4
CUST2095,31,11654.24,375.94,23,8,2026-06-02,2025-06-11,2
CUST2356,34,18932.25,556.83,26,4,2026-06-01,2025-06-13,3
CUST4742,26,14707.74,565.68,17,4,2026-05-25,2025-06-13,2
CUST3929,25,13739.31,549.57,19,4,2026-06-03,2025-06-13,5
CUST1832,27,14445.46,535.02,17,6,2026-04-15,2025-06-21,3
CUST3611,22,10464.29,475.65,17,2,2026-05-01,2025-06-24,2
CUST1786,28,13223.23,472.26,17,6,2026-05-26,2025-06-04,1
CUST2532,23,11593.9,504.08,10,3,2026-05-28,2025-06-05,1
CUST2859,26,11871.11,456.58,17,6,2026-04-30,2025-06-06,1
CUST1383,37,21054.87,569.05,23,12,2026-05-22,2025-06-25,6
CUST4828,35,17928.08,512.23,23,4,2026-06-01,2025-06-08,0
CUST1428,19,14632.51,770.13,12,3,2026-05-27,2025-07-12,2
CUST0639,33,13697.62,415.08,26,13,2026-05-19,2025-06-16,1
CUST1788,35,17542.15,501.2,24,10,2026-05-14,2025-06-17,6
CUST1596,31,16562.37,534.27,14,6,2026-05-17,2025-06-09,0
CUST1081,32,17514.02,547.31,21,7,2026-05-08,2025-06-20,3
CUST2511,23,14861.68,646.16,18,7,2026-06-01,2025-06-09,2
CUST4359,24,8795.42,366.48,12,3,2026-05-18,2025-06-18,4
CUST1048,35,18277.88,522.23,21,10,2026-06-01,2025-06-11,8
CUST3841,30,16135.96,537.87,18,6,2026-06-01,2025-06-11,3
CUST4738,25,14874.76,594.99,16,7,2026-05-26,2025-06-11,4
CUST4913,27,12253.3,453.83,16,3,2026-05-31,2025-06-05,0
CUST1156,38,23967.27,630.72,26,7,2026-06-03,2025-06-09,5
CUST1644,33,14428.26,437.22,20,10,2026-05-25,2025-06-11,4
CUST1767,39,19704.21,505.24,23,3,2026-05-31,2025-06-13,7
CUST2203,30,9942.66,331.42,21,6,2026-05-30,2025-06-09,3
CUST0120,37,20854.02,563.62,27,4,2026-05-24,2025-06-13,4
CUST1457,30,14834.6,494.49,18,5,2026-05-17,2025-06-07,1
CUST0505,35,21234.28,606.69,24,11,2026-05-30,2025-06-10,7
CUST3802,29,16079.19,554.45,16,3,2026-04-09,2025-06-19,1
CUST0841,42,23045.15,548.69,30,12,2026-06-02,2025-06-15,4
CUST2406,30,13001.46,433.38,19,9,2026-05-05,2025-06-28,1
CUST2502,35,20133.55,575.24,25,5,2026-05-27,2025-06-04,4
CUST2376,29,13512.55,465.95,17,4,2026-05-16,2025-06-09,0
CUST3532,25,9924.37,396.97,19,8,2026-05-20,2025-06-10,2
CUST2760,32,10689.95,334.06,24,5,2026-05-28,2025-06-13,7
CUST1790,32,16973.26,530.41,17,3,2026-05-31,2025-07-16,2
CUST1157,30,13673.25,455.78,15,6,2026-05-27,2025-06-27,7
CUST1078,33,16753.04,507.67,19,7,2026-06-01,2025-06-17,2
CUST4325,28,14826.37,529.51,14,4,2026-05-12,2025-06-14,2
CUST0088,32,14849.06,464.03,20,8,2026-05-31,2025-07-12,2
CUST0915,25,12255.82,490.23,13,5,2026-05-06,2025-06-19,3
CUST1094,36,24639.84,684.44,24,8,2026-05-13,2025-06-03,6
CUST0244,31,20505.3,661.46,15,8,2026-05-01,2025-06-20,5
CUST2319,32,14866.36,464.57,20,1,2026-05-22,2025-06-06,1
CUST3162,26,13761.46,529.29,19,7,2026-05-30,2025-06-03,3
CUST2446,31,17831.96,575.22,19,7,2026-05-22,2025-06-22,3
CUST1719,31,16018.15,516.71,16,9,2026-05-17,2025-06-16,1
CUST2670,37,22767.82,615.35,18,7,2026-06-02,2025-06-25,5
CUST0215,32,12010.71,375.33,17,5,2026-05-09,2025-06-09,3
CUST1927,39,20615.71,528.61,29,9,2026-05-27,2025-06-08,4
CUST1321,29,19909.38,686.53,13,8,2026-05-30,2025-06-04,5
CUST4086,27,12260.23,454.08,16,5,2026-05-27,2025-06-07,2
CUST3303,28,14498.4,517.8,20,6,2026-05-31,2025-06-16,2
CUST3647,31,18491.05,596.49,14,5,2026-05-25,2025-06-16,1
CUST0959,29,16168.69,557.54,16,6,2026-06-03,2025-06-11,2
CUST0796,31,13694.34,441.75,22,10,2026-05-30,2025-06-06,1
CUST1921,27,12325.92,456.52,12,5,2026-05-25,2025-06-26,7
CUST3041,33,17049.18,516.64,21,5,2026-05-17,2025-06-05,4
CUST4320,31,14039.84,452.9,18,7,2026-06-02,2025-06-08,5
CUST4849,22,12817.11,582.6,11,7,2026-05-21,2025-06-06,4
CUST2815,28,8505.08,303.75,16,7,2026-05-16,2025-06-06,1
CUST0131,29,14438.74,497.89,20,11,2026-05-20,2025-06-15,5
CUST2706,18,8261.53,458.97,11,1,2026-05-24,2025-07-02,1
CUST4144,34,18995.97,558.71,18,5,2026-05-17,2025-06-08,1
CUST4154,28,8755.32,312.69,22,5,2026-05-22,2025-06-11,2
CUST0464,17,10580.75,622.4,9,7,2026-04-30,2025-06-04,0
CUST1270,35,15494.69,442.71,20,2,2026-05-30,2025-06-06,3
CUST1340,23,8646.13,375.92,13,3,2026-04-11,2025-06-19,5
CUST1333,27,15498.98,574.04,17,5,2026-05-21,2025-07-01,5
CUST3584,22,7769.86,353.18,11,4,2026-04-17,2025-06-27,1
CUST0163,28,12626.47,450.95,15,3,2026-04-23,2025-06-26,3
CUST4047,25,10707.59,428.3,17,6,2026-05-27,2025-07-20,0
CUST2377,27,14639.06,542.19,19,8,2026-05-25,2025-06-08,4
CUST2358,26,14484.91,557.11,14,4,2026-06-03,2025-07-18,3
CUST1395,28,13925.13,497.33,13,4,2026-05-28,2025-08-09,2
CUST2885,43,25902.3,602.38,34,13,2026-04-21,2025-06-05,4
CUST4701,34,18278.58,537.61,18,6,2026-05-26,2025-06-21,3
CUST4277,25,15425.28,617.01,17,2,2026-05-20,2025-06-07,3
CUST0211,36,19146.41,531.84,22,6,2026-05-29,2025-06-09,6
CUST3495,33,19651.67,595.51,21,5,2026-06-02,2025-06-16,4
CUST4023,29,14986.76,516.78,18,6,2026-05-16,2025-06-12,3
CUST4516,34,21615.72,635.76,24,11,2026-05-23,2025-06-09,1
CUST2698,31,19985.35,644.69,20,8,2026-06-02,2025-06-04,3
CUST4973,41,19599.79,478.04,32,16,2026-05-24,2025-06-18,3
CUST2633,23,12129.12,527.35,14,4,2026-05-14,2025-06-26,1
CUST0210,34,16368.61,481.43,19,9,2026-05-21,2025-06-05,7
CUST1835,21,12374.58,589.27,13,1,2026-06-03,2025-06-03,1
CUST3250,22,10172.62,462.39,11,4,2026-05-28,2025-06-09,3
CUST0102,34,17210.17,506.18,24,8,2026-05-12,2025-06-03,4
CUST1405,20,9820.0,491.0,16,3,2026-05-08,2025-07-20,0
CUST1248,29,12141.84,418.68,21,4,2026-06-01,2025-06-19,3
CUST3801,28,11180.48,399.3,20,3,2026-05-22,2025-06-15,1
CUST3749,36,18431.45,511.98,21,9,2026-05-30,2025-06-04,4
CUST0673,32,17371.82,542.87,24,8,2026-05-18,2025-06-07,3
CUST2429,20,9273.8,463.69,12,5,2026-05-28,2025-06-26,1
CUST4900,34,26248.38,772.01,23,7,2026-05-25,2025-06-04,3
CUST2056,30,18840.17,628.01,21,6,2026-05-11,2025-06-13,4
CUST0973,30,16208.37,540.28,15,7,2026-05-14,2025-06-12,2
CUST0203,26,17064.15,656.31,16,9,2026-06-03,2025-06-11,2
CUST2834,27,13808.25,511.42,17,4,2026-06-03,2025-06-11,2
CUST4485,23,16498.35,717.32,15,5,2026-05-30,2025-06-23,3
CUST0601,29,14054.84,484.65,23,7,2026-05-24,2025-06-12,4
CUST0486,31,16478.69,531.57,20,6,2026-05-27,2025-06-04,3
CUST3912,31,18760.68,605.18,25,1,2026-05-29,2025-06-11,5
CUST2294,30,12037.21,401.24,20,9,2026-06-03,2025-06-28,4
CUST1145,26,11957.12,459.89,14,5,2026-05-16,2025-06-15,0
CUST3349,27,14192.81,525.66,15,5,2026-05-18,2025-06-12,2
CUST2217,33,16363.38,495.86,21,9,2026-05-28,2025-06-04,2
CUST1718,33,15858.39,480.56,21,7,2026-04-30,2025-06-08,3
CUST1357,20,13195.06,659.75,14,3,2026-04-15,2025-06-07,0
CUST3073,34,16262.44,478.31,17,5,2026-05-31,2025-06-22,4
CUST4883,36,18615.91,517.11,23,7,2026-04-20,2025-06-06,4
CUST0387,21,12245.48,583.12,17,2,2026-06-01,2025-06-24,3
CUST0138,32,17276.72,539.9,22,9,2026-05-05,2025-06-04,3
CUST0720,29,16881.28,582.11,19,6,2026-06-01,2025-07-07,4
CUST0321,23,9374.67,407.59,13,1,2026-05-26,2025-06-12,3
CUST3893,29,16671.18,574.87,19,9,2026-05-20,2025-06-10,2
CUST2402,33,17288.31,523.89,23,8,2026-05-19,2025-06-09,5
CUST0054,33,13814.11,418.61,23,8,2026-06-03,2025-06-05,2
CUST3541,29,18585.93,640.89,21,9,2026-05-27,2025-06-09,4
CUST0790,25,16718.26,668.73,18,5,2026-05-28,2025-06-05,3
CUST2100,41,20575.3,501.84,31,11,2026-06-02,2025-06-04,3
CUST0890,20,8669.31,433.47,16,2,2026-05-30,2025-06-29,2
CUST0995,37,18432.09,498.16,22,4,2026-06-03,2025-06-05,4
CUST1989,28,17041.18,608.61,16,9,2026-05-13,2025-06-20,1
CUST2503,26,10766.98,414.11,14,4,2026-05-03,2025-06-03,4
CUST2287,29,15239.83,525.51,16,7,2026-06-02,2025-06-07,1
CUST4259,41,21948.88,535.34,23,12,2026-06-01,2025-06-03,8
CUST1158,28,18564.81,663.03,21,6,2026-06-02,2025-06-15,0
CUST2123,29,14099.56,486.19,17,4,2026-06-02,2025-06-07,3
CUST4337,40,20323.24,508.08,18,12,2026-05-20,2025-06-07,9
CUST1425,31,17404.12,561.42,20,5,2026-05-26,2025-07-01,2
CUST0508,25,11946.06,477.84,16,5,2026-05-20,2025-06-06,1
CUST3254,17,5265.73,309.75,10,7,2026-05-24,2025-07-24,3
CUST3121,30,11976.55,399.22,21,3,2026-05-29,2025-06-09,2
CUST3064,22,10670.68,485.03,17,11,2026-05-14,2025-06-05,2
CUST0058,27,15630.02,578.89,13,5,2026-05-27,2025-06-09,4
CUST4794,39,15185.15,389.36,19,9,2026-05-31,2025-06-17,7
CUST2992,30,17506.91,583.56,18,2,2026-05-13,2025-06-06,3
CUST0132,26,14371.03,552.73,17,4,2026-05-17,2025-06-10,3
CUST4585,27,16571.02,613.74,18,2,2026-05-31,2025-06-25,6
CUST1514,29,12937.03,446.1,19,4,2026-05-20,2025-07-09,4
CUST3829,31,13731.48,442.95,21,1,2026-05-31,2025-06-12,2
CUST1325,31,15963.5,514.95,20,3,2026-05-16,2025-06-12,4
CUST3891,33,16406.0,497.15,22,8,2026-05-26,2025-06-14,5
CUST2607,34,14918.34,438.77,17,5,2026-06-03,2025-06-03,4
CUST3178,24,12228.73,509.53,18,5,2026-05-23,2025-06-11,1
CUST4764,27,17069.07,632.19,15,5,2026-05-27,2025-07-15,4
CUST0094,27,11614.09,430.15,13,4,2026-04-18,2025-06-14,4
CUST1602,26,11500.43,442.32,16,3,2026-05-24,2025-06-30,2
CUST4151,33,19493.15,590.7,20,4,2026-05-30,2025-06-04,3
CUST0631,27,13903.86,514.96,23,8,2026-05-15,2025-06-21,2
CUST4491,34,15970.25,469.71,17,6,2026-05-28,2025-06-17,1
CUST2443,27,15067.19,558.04,16,6,2026-05-31,2025-06-07,2
CUST0191,37,20436.67,552.34,21,5,2026-05-14,2025-06-03,4
CUST1288,26,10171.41,391.21,11,2,2026-06-03,2025-07-17,3
CUST3328,32,22169.36,692.79,20,6,2026-05-28,2025-06-19,9
CUST2398,34,13213.3,388.63,23,7,2026-06-03,2025-06-21,5
CUST3043,22,12404.85,563.86,11,6,2026-05-16,2025-06-04,0
CUST1422,26,11001.77,423.15,21,6,2026-05-20,2025-06-09,3
CUST0290,33,17161.54,520.05,22,6,2026-05-10,2025-06-10,5
CUST1685,27,15142.07,560.82,12,6,2026-06-01,2025-06-07,7
CUST1990,27,15172.96,561.96,15,2,2026-05-18,2025-06-16,2
CUST0012,36,21449.96,595.83,17,6,2026-05-26,2025-06-09,1
CUST2603,26,14331.07,551.2,16,4,2026-05-27,2025-06-03,4
CUST1407,25,16125.27,645.01,15,5,2026-06-01,2025-06-04,3
CUST0933,22,8728.03,396.73,13,2,2026-05-16,2025-07-08,2
CUST2020,27,13589.44,503.31,18,2,2026-05-14,2025-06-28,4
CUST3433,35,17337.69,495.36,23,4,2026-05-24,2025-07-12,3
CUST3514,35,16617.03,474.77,19,9,2026-05-27,2025-06-07,9
CUST0022,35,21320.63,609.16,22,5,2026-05-24,2025-06-09,3
CUST1191,37,16621.08,449.22,23,9,2026-05-20,2025-06-27,4
CUST3790,26,13278.65,510.72,15,5,2026-05-12,2025-07-01,1
CUST3527,20,9911.01,495.55,13,6,2026-05-17,2025-06-19,1
CUST0899,35,21094.8,602.71,24,14,2026-06-01,2025-06-14,4
CUST3822,19,8309.03,437.32,10,2,2026-05-07,2025-06-25,3
CUST4077,28,10645.09,380.18,10,4,2026-05-24,2025-06-04,5
CUST1661,30,17925.57,597.52,18,10,2026-06-01,2025-07-11,1
CUST0978,24,12009.74,500.41,13,2,2026-06-02,2025-06-20,2
CUST0887,27,11720.18,434.08,19,6,2026-05-15,2025-06-05,0
CUST1784,29,19737.06,680.59,13,7,2026-06-03,2025-06-13,2
CUST1964,24,14489.48,603.73,16,3,2026-05-28,2025-07-05,2
CUST4249,31,15747.82,507.99,21,11,2026-05-27,2025-06-23,3
CUST1671,36,13079.35,363.32,22,5,2026-05-27,2025-06-09,6
CUST0983,28,11553.13,412.61,16,5,2026-04-08,2025-07-04,5
CUST2456,21,8636.15,411.25,13,6,2026-05-29,2025-06-08,1
CUST2657,33,13583.03,411.61,20,8,2026-06-02,2025-06-14,4
CUST3545,20,12838.32,641.92,15,3,2026-05-30,2025-06-25,3
CUST2521,26,14898.43,573.02,15,6,2026-05-30,2025-06-03,3
CUST2101,25,11190.19,447.61,17,7,2026-05-30,2025-06-16,0
CUST4643,27,12995.09,481.3,18,3,2026-05-17,2025-06-18,1
CUST2354,25,10455.53,418.22,13,6,2026-05-14,2025-06-06,2
CUST2986,34,15258.92,448.79,18,4,2026-05-31,2025-06-13,5
CUST0038,35,21417.37,611.92,23,9,2026-05-28,2025-06-05,4
CUST1549,29,16286.44,561.6,22,3,2026-06-02,2025-07-01,5
CUST2792,30,15581.97,519.4,22,7,2026-05-24,2025-06-18,4
CUST1635,38,21530.27,566.59,23,8,2026-05-08,2025-06-28,7
CUST1278,30,15192.29,506.41,15,4,2026-05-29,2025-06-05,2
CUST3085,30,15983.31,532.78,19,7,2026-05-17,2025-06-04,4
CUST2141,26,12332.91,474.34,19,8,2026-05-28,2025-06-22,4
CUST0608,33,23269.49,705.14,19,6,2026-05-25,2025-06-05,4
CUST2990,20,12627.84,631.39,12,4,2026-05-22,2025-06-27,7
CUST4796,35,19216.59,549.05,17,7,2026-05-21,2025-06-13,3
CUST4871,33,14774.37,447.71,19,5,2026-05-08,2025-06-08,3
CUST0019,26,19129.97,735.77,13,4,2026-05-20,2025-06-11,1
CUST2710,27,11758.15,435.49,15,7,2026-05-25,2025-06-21,5
CUST3150,22,8174.98,371.59,16,11,2026-06-03,2025-07-11,3
CUST1050,21,11764.51,560.21,14,2,2026-04-27,2025-06-30,3
CUST2933,32,15756.78,492.4,24,8,2026-06-02,2025-06-07,3
CUST0175,21,10411.49,495.79,14,5,2026-05-28,2025-06-12,1
CUST2147,27,11321.43,419.31,18,9,2026-05-13,2025-06-10,3
CUST4992,39,23117.05,592.74,21,9,2026-05-23,2025-06-07,0
CUST1949,27,13551.04,501.89,17,2,2026-04-26,2025-06-17,2
CUST0390,30,16899.6,563.32,16,2,2026-05-29,2025-07-27,4
CUST4574,30,12666.09,422.2,20,5,2026-05-31,2025-06-03,3
CUST3323,32,18234.92,569.84,24,4,2026-06-03,2025-06-25,2
CUST4917,28,16656.21,594.86,19,5,2026-05-17,2025-06-29,3
CUST1862,28,13115.52,468.41,22,8,2026-05-13,2025-06-21,4
CUST3984,41,20305.66,495.26,21,13,2026-06-01,2025-06-04,5
CUST4834,24,14063.1,585.96,16,7,2026-05-09,2025-08-07,3
CUST0776,31,13668.25,440.91,21,7,2026-05-31,2025-06-26,3
CUST4793,19,8726.71,459.3,12,5,2026-05-25,2025-06-10,1
CUST1217,28,13081.7,467.2,16,7,2026-05-10,2025-06-23,3
CUST0327,23,12355.3,537.19,12,4,2026-05-31,2025-06-06,3
CUST1224,27,17575.29,650.94,19,5,2026-06-03,2025-06-09,0
CUST1423,21,12653.88,602.57,11,3,2026-04-19,2025-06-23,5
CUST3966,31,15397.92,496.71,23,11,2026-06-03,2025-06-10,5
CUST4501,28,14335.75,511.99,12,8,2026-05-25,2025-06-20,3
CUST4675,27,13226.66,489.88,19,8,2026-05-25,2025-06-04,1
CUST1255,22,13518.91,614.5,15,5,2026-05-09,2025-06-30,1
CUST2875,22,12680.03,576.37,15,5,2026-05-23,2025-07-28,1
CUST0742,29,18054.52,622.57,18,11,2026-05-31,2025-06-06,4
CUST0482,31,14743.6,475.6,20,6,2026-05-28,2025-06-12,2
CUST0135,23,13639.86,593.04,9,7,2026-05-15,2025-06-13,5
CUST3034,27,12265.5,454.28,21,6,2026-05-23,2025-06-21,4
CUST2642,19,7548.02,397.26,14,5,2026-05-21,2025-06-14,1
CUST2658,26,11617.92,446.84,17,5,2026-04-24,2025-06-04,2
CUST2668,27,18989.8,703.33,21,6,2026-05-16,2025-06-07,7
CUST2177,34,14280.94,420.03,17,11,2026-05-28,2025-06-11,4
CUST4897,34,16091.99,473.29,18,8,2026-06-02,2025-06-03,2
CUST4724,28,16614.83,593.39,17,4,2026-05-29,2025-06-03,4
CUST3702,27,10887.92,403.26,18,4,2026-06-01,2025-06-29,3
CUST3981,25,16074.47,642.98,17,6,2026-05-30,2025-06-16,1
CUST2870,30,14461.37,482.05,20,5,2026-05-21,2025-06-14,5
CUST1113,31,13454.76,434.02,21,1,2026-05-19,2025-06-05,6
CUST2367,34,15352.64,451.55,21,9,2026-05-28,2025-06-27,3
CUST1000,19,10588.52,557.29,12,4,2026-05-13,2025-06-26,1
CUST2881,32,16604.52,518.89,17,6,2026-05-31,2025-07-04,3
CUST0412,31,11850.21,382.26,20,8,2026-05-12,2025-06-25,1
CUST3111,26,14992.05,576.62,12,6,2026-06-02,2025-06-11,5
CUST2677,26,15638.44,601.48,14,5,2026-06-03,2025-06-19,2
CUST0020,44,27898.0,634.05,25,11,2026-06-03,2025-06-10,1
CUST0480,30,17869.36,595.65,22,1,2026-05-25,2025-07-01,4
CUST0351,28,19702.91,703.68,21,6,2026-05-21,2025-07-14,4
CUST2466,21,7431.39,353.88,12,2,2026-05-24,2025-06-17,0
CUST3636,18,10892.98,605.17,12,2,2026-06-01,2025-06-04,0
CUST4172,17,10197.6,599.86,11,2,2026-05-17,2025-06-04,3
CUST1335,34,14318.55,421.13,24,3,2026-05-16,2025-06-07,1
CUST2109,32,19297.66,603.05,20,8,2026-05-26,2025-06-03,4
CUST3507,26,14103.8,542.45,15,10,2026-05-27,2025-06-22,2
CUST2962,26,13296.24,511.39,14,8,2026-05-29,2025-06-15,2
CUST4348,28,15220.26,543.58,19,4,2026-05-31,2025-06-03,2
CUST4098,31,27845.13,898.23,22,7,2026-05-31,2025-07-02,2
CUST2812,19,13687.25,720.38,14,0,2026-05-17,2025-07-14,2
CUST2672,30,12665.71,422.19,19,7,2026-05-18,2025-06-04,3
CUST0882,39,16667.82,427.38,23,6,2026-05-25,2025-06-09,3
CUST4119,27,14122.6,523.06,15,6,2026-06-02,2025-06-07,3
CUST2435,26,13806.17,531.01,19,6,2026-05-19,2025-06-08,3
CUST1855,26,11120.57,427.71,15,7,2026-05-13,2025-06-06,4
CUST0375,33,15023.72,455.26,17,8,2026-06-01,2025-06-06,3
CUST0627,16,8090.03,505.63,12,4,2026-04-21,2025-06-17,2
CUST1359,26,13858.59,533.02,19,5,2026-05-10,2025-06-06,2
CUST0835,40,17608.04,440.2,21,5,2026-05-12,2025-06-08,2
CUST2430,30,14409.63,480.32,20,11,2026-05-27,2025-06-26,2
CUST1016,33,21071.77,638.54,19,6,2026-06-02,2025-06-16,4
CUST3899,26,12079.21,464.59,15,8,2026-05-12,2025-06-16,2
CUST0496,32,14716.78,459.9,20,8,2026-04-07,2025-06-11,3
CUST1857,35,15388.67,439.68,22,5,2026-05-30,2025-06-16,2
CUST3119,24,18527.55,771.98,14,1,2026-05-07,2025-06-06,3
CUST1286,26,7571.31,291.2,15,4,2026-05-02,2025-06-09,3
CUST0891,33,17871.98,541.58,22,7,2026-04-27,2025-06-12,5
CUST1606,21,9720.37,462.87,13,5,2026-05-23,2025-06-12,3
CUST4054,29,13044.52,449.81,23,2,2026-06-03,2025-06-04,2
CUST2955,30,18401.08,613.37,18,5,2026-05-29,2025-06-03,6
CUST0799,38,15149.15,398.66,26,4,2026-06-01,2025-06-24,3
CUST3492,31,20489.29,660.94,22,7,2026-05-26,2025-06-08,3
CUST2276,35,19026.1,543.6,26,4,2026-05-15,2025-06-04,4
CUST2606,24,13264.83,552.7,16,7,2026-05-12,2025-06-08,2
CUST1848,36,14540.65,403.91,20,6,2026-05-28,2025-06-10,5
CUST0516,30,17475.93,582.53,20,11,2026-05-14,2025-06-07,6
CUST3817,31,23213.78,748.83,16,6,2026-05-27,2025-06-16,1
CUST3455,20,11571.05,578.55,9,5,2026-06-03,2025-06-28,3
CUST0151,31,16209.2,522.88,16,10,2026-05-26,2025-06-25,3
CUST4451,34,18062.25,531.24,20,7,2026-05-26,2025-06-12,3
CUST2267,34,17062.89,501.85,16,11,2026-06-02,2025-06-09,2
CUST1991,29,17697.23,610.25,19,6,2026-04-29,2025-06-07,6
CUST3252,37,20781.83,561.67,23,9,2026-05-24,2025-06-21,4
CUST4703,32,13408.42,419.01,20,2,2026-05-26,2025-06-24,0
CUST4627,22,11302.81,513.76,15,2,2026-05-19,2025-06-12,4
CUST2070,29,13275.35,457.77,24,7,2026-05-23,2025-06-07,1
CUST2756,27,12390.2,458.9,15,1,2026-05-20,2025-06-07,1
CUST4630,27,12647.27,468.42,21,5,2026-05-30,2025-06-24,1
CUST3522,23,12005.34,521.97,12,2,2026-05-12,2025-06-08,1
CUST4495,26,13360.0,513.85,17,8,2026-06-01,2025-06-17,3
CUST4198,33,16344.13,495.28,23,5,2026-05-27,2025-06-08,3
CUST2505,33,22566.59,683.84,18,7,2026-05-30,2025-06-10,3
CUST1044,26,7364.37,283.25,22,5,2026-05-19,2025-06-11,4
CUST3296,26,18039.26,693.82,17,5,2026-05-16,2025-06-27,3
CUST2803,42,19396.61,461.82,34,9,2026-06-02,2025-06-10,1
CUST1880,37,21729.19,587.28,22,10,2026-04-18,2025-06-08,6
CUST4213,21,8559.37,407.59,10,6,2026-05-18,2025-06-30,1
CUST0425,34,20188.59,593.78,27,7,2026-05-27,2025-06-05,4
CUST0493,35,14509.79,414.57,22,8,2026-05-30,2025-06-15,5
CUST4538,28,14077.89,502.78,18,7,2026-05-22,2025-06-18,3
CUST2950,21,15577.0,741.76,14,1,2026-05-30,2025-06-07,1
CUST2361,27,15033.87,556.81,17,3,2026-05-26,2025-06-10,2
CUST0563,34,16162.61,475.37,22,6,2026-06-01,2025-07-13,2
CUST1694,27,17615.45,652.42,14,7,2026-05-10,2025-06-14,2
CUST3524,24,13444.48,560.19,19,5,2026-05-25,2025-06-23,2
CUST4952,20,13292.18,664.61,17,5,2026-05-21,2025-06-04,2
CUST3905,26,9002.89,346.27,13,4,2026-05-18,2025-06-12,3
CUST4681,42,26162.61,622.92,24,8,2026-05-25,2025-06-03,4
CUST1607,26,10597.86,407.61,20,8,2026-05-30,2025-06-19,2
CUST1529,31,15529.11,500.94,20,5,2026-05-31,2025-06-04,2
CUST2683,29,12317.17,424.73,20,4,2026-05-28,2025-06-10,4
CUST1831,31,16945.43,546.63,20,6,2026-05-09,2025-06-07,4
CUST1625,36,19242.1,534.5,23,10,2026-06-03,2025-06-28,2
CUST1834,34,23225.35,683.1,20,7,2026-05-30,2025-06-03,4
CUST0511,42,24690.94,587.88,28,12,2026-05-23,2025-06-11,3
CUST2648,31,14547.69,469.28,18,8,2026-05-22,2025-06-11,3
CUST2788,34,19194.03,564.53,21,4,2026-05-30,2025-06-05,6
CUST0963,35,22043.2,629.81,22,12,2026-05-15,2025-06-25,3
CUST2545,34,19505.8,573.7,19,7,2026-06-01,2025-06-24,4
CUST2617,31,11982.66,386.54,19,4,2026-05-26,2025-06-24,2
CUST4966,32,14701.26,459.41,19,6,2026-06-01,2025-06-10,6
CUST3689,39,20729.79,531.53,26,13,2026-05-31,2025-06-08,3
CUST1588,21,10818.07,515.15,15,2,2026-06-02,2025-09-08,2
CUST0053,32,19939.3,623.1,24,6,2026-04-23,2025-06-07,4
CUST3643,25,10048.55,401.94,14,4,2026-05-22,2025-08-03,2
CUST4647,31,16388.74,528.67,17,3,2026-05-16,2025-06-10,5
CUST0285,23,13648.12,593.4,13,7,2026-05-30,2025-06-03,4
CUST2989,28,12716.89,454.17,18,4,2026-04-18,2025-06-07,4
CUST2168,37,15599.06,421.6,24,11,2026-05-27,2025-06-04,3
CUST1206,29,14303.39,493.22,21,4,2026-05-24,2025-06-20,2
CUST4870,23,8559.57,372.16,15,3,2026-05-27,2025-06-24,2
CUST1011,33,11906.2,360.79,21,6,2026-05-31,2025-07-02,5
CUST1571,31,17006.54,548.6,16,7,2026-05-17,2025-06-11,4
CUST4976,25,10736.16,429.45,13,6,2026-06-03,2025-06-07,2
CUST4961,31,14688.57,473.82,18,5,2026-05-26,2025-06-15,1
CUST2329,29,15328.93,528.58,19,7,2026-05-29,2025-06-13,3
CUST0356,40,20220.99,505.52,26,13,2026-05-31,2025-06-10,2
CUST1090,25,10832.84,433.31,14,5,2026-05-25,2025-06-12,2
CUST0731,33,15527.19,470.52,19,4,2026-05-25,2025-06-05,1
CUST3963,32,19692.42,615.39,23,3,2026-05-31,2025-06-19,0
CUST4508,28,13986.58,499.52,20,7,2026-06-03,2025-06-20,6
CUST2612,25,13300.61,532.02,13,9,2026-05-25,2025-06-18,4
CUST2730,30,14542.31,484.74,18,7,2026-06-02,2025-06-18,3
CUST0059,25,11824.12,472.96,16,3,2026-05-25,2025-06-07,4
CUST4102,35,16242.71,464.08,25,6,2026-05-24,2025-06-12,7
CUST3183,28,17056.55,609.16,17,7,2026-06-02,2025-06-12,2
CUST1660,32,13852.31,432.88,17,5,2026-05-26,2025-07-27,3
CUST4809,32,16166.65,505.21,14,3,2026-05-19,2025-06-04,6
CUST4079,22,15527.17,705.78,14,10,2026-05-01,2025-06-13,2
CUST2734,32,18421.84,575.68,17,7,2026-06-02,2025-06-03,1
CUST4638,30,10200.58,340.02,16,4,2026-05-31,2025-06-13,3
CUST0766,31,15461.55,498.76,20,6,2026-06-02,2025-07-09,5
CUST3621,34,15305.31,450.16,22,12,2026-06-03,2025-06-07,4
CUST4055,33,11961.67,362.47,22,5,2026-05-29,2025-06-04,4
CUST3244,35,17299.73,494.28,21,9,2026-06-02,2025-06-14,5
CUST4178,26,11520.84,443.11,17,7,2026-06-01,2025-06-04,4
CUST3456,21,13540.67,644.79,12,5,2026-06-03,2025-07-06,2
CUST0851,30,15976.05,532.54,21,8,2026-05-08,2025-06-06,2
CUST0686,28,17896.36,639.16,15,4,2026-05-21,2025-06-04,1
CUST1616,29,16811.15,579.69,20,9,2026-05-22,2025-06-06,4
CUST2534,21,11526.64,548.89,19,5,2026-05-30,2025-06-25,3
CUST3552,32,17723.62,553.86,21,13,2026-06-01,2025-06-15,4
CUST3690,39,24911.14,638.75,25,10,2026-05-30,2025-06-04,3
CUST2939,29,17452.88,601.82,20,7,2026-05-25,2025-06-14,3
CUST1186,22,8210.65,373.21,14,7,2026-05-27,2025-06-10,3
CUST0690,23,8847.98,384.69,13,5,2026-06-02,2025-06-12,2
CUST3281,29,14155.91,488.13,19,7,2026-06-02,2025-06-16,1
CUST2187,30,18829.9,627.66,18,10,2026-06-01,2025-06-09,4
CUST1394,26,12031.9,462.77,16,8,2026-05-14,2025-06-25,0
CUST2172,32,18590.38,580.95,18,6,2026-05-21,2025-06-12,3
CUST3255,30,17446.7,581.56,15,8,2026-05-22,2025-06-05,2
CUST4605,34,15996.7,470.49,22,6,2026-05-17,2025-06-21,2
CUST3667,23,11659.66,506.94,18,5,2026-05-22,2025-06-05,1
CUST3814,32,23591.74,737.24,21,3,2026-05-26,2025-06-08,6
CUST4739,33,15076.29,456.86,22,5,2026-05-24,2025-06-18,2
CUST1656,25,12872.68,514.91,18,8,2026-05-29,2025-06-09,2
CUST4644,37,18169.47,491.07,19,4,2026-05-14,2025-06-12,2
CUST1757,27,10042.29,371.94,19,2,2026-05-18,2025-06-05,5
CUST1461,38,22209.99,584.47,24,9,2026-06-02,2025-06-05,4
CUST4468,23,15325.87,666.34,13,4,2026-06-01,2025-06-09,2
CUST3123,35,16302.01,465.77,24,7,2026-06-03,2025-06-14,4
CUST3188,26,12663.77,487.07,17,6,2026-05-06,2025-06-05,1
CUST4607,44,31156.43,708.1,23,10,2026-05-23,2025-06-03,4
CUST2665,29,15561.74,536.61,16,6,2026-05-19,2025-07-02,2
CUST3672,24,10968.33,457.01,20,5,2026-05-14,2025-06-15,2
CUST2841,33,12868.44,389.95,20,5,2026-05-16,2025-06-09,5
CUST3068,22,9239.27,419.97,14,3,2026-05-19,2025-07-27,4
CUST4573,30,16273.02,542.43,23,6,2026-06-01,2025-06-23,5
CUST1468,27,14625.02,541.67,18,5,2026-05-19,2025-06-11,4
CUST0144,27,16158.76,598.47,19,7,2026-05-21,2025-06-22,1
CUST1633,37,20237.94,546.97,30,7,2026-05-27,2025-06-05,5
CUST2827,26,11498.39,442.25,18,6,2026-06-03,2025-06-13,0
CUST2906,19,12880.34,677.91,10,9,2026-05-22,2025-06-20,2
CUST2189,29,18638.89,642.72,18,9,2026-05-30,2025-06-03,6
CUST1662,32,20255.92,633.0,20,6,2026-05-27,2025-06-11,2
CUST2012,32,17335.38,541.73,20,4,2026-05-28,2025-06-14,5
CUST3434,30,23319.12,777.3,20,4,2026-06-01,2025-06-06,1
CUST3327,33,15574.39,471.95,15,9,2026-06-02,2025-06-08,4
CUST0118,18,10040.8,557.82,7,5,2026-05-14,2025-07-26,0
CUST4061,28,15755.75,562.71,18,9,2026-05-29,2025-06-06,3
CUST2330,23,14604.36,634.97,18,7,2026-05-13,2025-06-27,3
CUST3351,26,16290.39,626.55,15,3,2026-05-24,2025-06-21,1
CUST2474,34,21015.1,618.09,24,3,2026-05-23,2025-06-18,3
CUST3516,21,6327.82,301.32,17,2,2026-05-27,2025-07-07,1
CUST4666,29,12499.96,431.03,23,13,2026-05-21,2025-06-24,4
CUST3858,31,14619.15,471.59,21,5,2026-05-30,2025-06-11,2
CUST4920,37,13069.54,353.23,22,4,2026-05-28,2025-07-03,3
CUST1847,26,15679.27,603.05,19,3,2026-06-03,2025-06-03,4
CUST3239,33,14888.63,451.17,23,6,2026-05-08,2025-06-20,6
CUST2858,26,16745.97,644.08,21,2,2026-05-23,2025-06-21,4
CUST1637,39,20235.43,518.86,25,6,2026-05-22,2025-06-16,6
CUST3021,30,15140.86,504.7,17,3,2026-05-31,2025-06-11,4
CUST2239,23,11958.03,519.91,15,3,2026-05-31,2025-06-03,2
CUST2228,17,6656.48,391.56,11,2,2026-06-01,2025-06-07,1
CUST3271,34,23847.92,701.41,22,12,2026-05-04,2025-06-06,4
CUST2828,31,19734.08,636.58,19,9,2026-06-02,2025-06-03,7
CUST4521,26,9688.36,372.63,15,8,2026-05-23,2025-06-08,0
CUST3155,43,22910.81,532.81,21,11,2026-06-02,2025-06-21,4
CUST4821,26,13474.53,518.25,12,3,2026-05-31,2025-06-07,1
CUST4921,21,10569.96,503.33,10,4,2026-05-17,2025-06-10,0
CUST3620,28,10942.83,390.82,18,5,2026-05-29,2025-06-16,3
CUST0289,33,13863.76,420.11,16,7,2026-06-02,2025-06-03,6
CUST0986,28,13606.12,485.93,20,7,2026-05-28,2025-07-05,0
CUST2898,28,21398.82,764.24,19,10,2026-06-03,2025-07-02,2
CUST1313,33,14789.18,448.16,20,8,2026-05-18,2025-06-07,5
CUST2759,31,17046.3,549.88,21,12,2026-05-31,2025-06-20,3
CUST3259,32,13712.27,428.51,19,2,2026-05-28,2025-06-20,5
CUST4941,19,10081.61,530.61,11,6,2026-05-25,2025-10-23,2
CUST2821,43,20333.76,472.88,27,10,2026-06-03,2025-06-11,6
CUST2242,23,12029.14,523.01,13,3,2026-05-15,2025-06-06,2
CUST4983,17,6452.73,379.57,10,2,2026-06-01,2025-06-04,0
CUST0763,31,14700.2,474.2,18,3,2026-05-21,2025-06-10,3
CUST0467,28,16840.2,601.44,22,8,2026-05-26,2025-06-16,5
CUST1371,28,14395.4,514.12,16,4,2026-06-01,2025-06-26,4
CUST2550,30,11059.88,368.66,19,5,2026-06-02,2025-06-17,1
CUST0374,30,21556.15,718.54,18,5,2026-05-25,2025-06-07,2
CUST2801,30,16573.66,552.46,18,6,2026-04-13,2025-06-12,3
CUST0140,28,14068.97,502.46,18,5,2026-05-25,2025-06-21,1
CUST4803,29,12619.06,435.14,20,6,2026-06-03,2025-06-03,0
CUST0517,23,16283.27,707.97,9,4,2026-05-25,2025-07-23,2
CUST2017,31,14141.75,456.19,18,7,2026-05-17,2025-06-15,4
CUST2894,30,14597.11,486.57,21,9,2026-05-21,2025-06-25,5
CUST4120,33,19055.27,577.43,19,7,2026-06-01,2025-06-11,2
CUST0195,18,14354.1,797.45,13,5,2026-05-29,2025-06-13,4
CUST4792,32,22354.7,698.58,19,10,2026-05-31,2025-06-16,2
CUST3222,31,19714.77,635.96,20,4,2026-05-29,2025-06-21,3
CUST4894,26,11844.04,455.54,16,5,2026-04-18,2025-06-30,3
CUST3938,29,18546.94,639.55,18,8,2026-05-22,2025-06-22,2
CUST3499,36,17268.61,479.68,26,4,2026-05-27,2025-06-19,8
CUST4679,30,19291.79,643.06,22,3,2026-06-03,2025-06-06,3
CUST1043,30,16280.41,542.68,19,11,2026-04-19,2025-06-04,3
CUST2640,32,13951.76,435.99,20,9,2026-05-11,2025-06-07,4
CUST4358,40,24620.79,615.52,24,4,2026-05-28,2025-06-08,3
CUST1103,26,12860.96,494.65,16,7,2026-05-12,2025-06-17,2
CUST4202,35,17159.74,490.28,22,6,2026-04-15,2025-06-30,4
CUST2027,29,17164.38,591.88,20,7,2026-05-17,2025-06-13,2
CUST1185,37,18076.22,488.55,19,6,2026-05-27,2025-06-05,2
CUST4094,27,10377.77,384.36,20,5,2026-05-13,2025-06-27,4
CUST3282,30,12010.94,400.36,22,6,2026-05-16,2025-07-01,5
CUST1771,27,14797.92,548.07,17,5,2026-05-27,2025-06-25,2
CUST1778,22,6742.61,306.48,17,6,2026-05-16,2025-06-18,3
CUST2416,30,18208.08,606.94,22,8,2026-05-22,2025-06-18,3
CUST1148,28,10601.36,378.62,12,5,2026-05-17,2025-07-15,1
CUST0647,23,14162.17,615.75,13,6,2026-05-18,2025-06-03,0
CUST2857,34,19002.74,558.9,21,5,2026-05-14,2025-06-05,2
CUST3148,41,27963.11,682.03,25,3,2026-05-30,2025-06-09,3
CUST3800,21,12245.21,583.11,12,3,2026-05-24,2025-06-15,0
CUST2024,27,11579.51,428.87,19,7,2026-04-19,2025-06-09,5
CUST1004,17,9096.57,535.09,12,6,2026-05-29,2025-06-03,2
CUST3238,34,15946.16,469.0,21,7,2026-06-02,2025-06-03,3
CUST4071,23,12133.09,527.53,14,5,2026-05-26,2025-06-04,2
CUST3885,23,15618.02,679.04,9,1,2026-06-03,2025-08-17,2
CUST1063,39,21792.18,558.77,22,6,2026-06-02,2025-06-04,3
CUST0427,23,11535.8,501.56,14,4,2026-05-31,2025-06-05,1
CUST3227,28,15430.73,551.1,21,11,2026-05-22,2025-06-07,3
CUST2514,32,15676.57,489.89,19,3,2026-05-31,2025-06-09,3
CUST0297,27,10467.81,387.7,15,3,2026-05-13,2025-06-22,0
CUST4955,27,12874.98,476.85,21,6,2026-05-24,2025-06-10,0
CUST4208,32,17975.57,561.74,21,7,2026-05-26,2025-06-10,5
CUST3185,33,28030.59,849.41,18,5,2026-05-30,2025-06-05,3
CUST3748,29,14658.1,505.45,19,3,2026-05-20,2025-06-10,4
CUST2985,23,8547.74,371.64,17,3,2026-05-20,2025-06-05,2
CUST4040,24,10373.45,432.23,12,5,2026-05-23,2025-07-23,3
CUST2499,29,12805.05,441.55,21,7,2026-06-01,2025-06-22,3
CUST4552,28,9840.72,351.45,16,8,2026-05-23,2025-06-06,3
CUST2634,28,19752.79,705.46,22,5,2026-05-15,2025-06-18,1
CUST3918,26,10342.08,397.77,19,8,2026-06-01,2025-06-22,4
CUST4572,26,14413.86,554.38,19,0,2026-04-14,2025-06-04,4
CUST3712,39,20290.41,520.27,28,8,2026-05-31,2025-06-11,3
CUST0798,24,11642.67,485.11,17,7,2026-06-01,2025-06-13,3
CUST2804,24,11189.04,466.21,14,5,2026-04-19,2025-06-12,2
CUST0999,37,19110.3,516.49,17,7,2026-05-31,2025-06-11,6
CUST0090,30,19910.7,663.69,22,3,2026-05-16,2025-06-06,2
CUST0362,22,10332.7,469.67,12,3,2026-05-24,2025-07-05,4
CUST1431,31,17083.03,551.07,21,7,2026-05-29,2025-06-07,5
CUST1062,28,13356.17,477.01,18,6,2026-04-15,2025-06-24,3
CUST3107,26,9624.51,370.17,19,8,2026-05-15,2025-06-09,1
CUST0288,30,14120.69,470.69,22,6,2026-06-02,2025-07-21,2
CUST2470,24,9343.17,389.3,11,3,2026-05-23,2025-06-28,1
CUST3484,26,16584.03,637.85,16,3,2026-06-03,2025-06-05,2
CUST1445,19,13247.85,697.26,12,3,2026-05-27,2025-06-07,1
CUST1552,28,13942.96,497.96,22,5,2026-05-23,2025-06-10,0
CUST0714,25,15517.81,620.71,15,5,2026-05-29,2025-06-26,1
CUST0970,30,15879.03,529.3,24,6,2026-05-31,2025-06-10,5
CUST2749,23,10881.33,473.1,18,9,2026-06-02,2025-06-21,3
CUST4292,21,13831.57,658.65,14,5,2026-04-07,2025-07-04,4
CUST1056,25,14883.66,595.35,13,6,2026-05-25,2025-06-08,2
CUST3543,26,11556.82,444.49,22,6,2026-05-26,2025-06-14,1
CUST4395,32,18678.08,583.69,19,10,2026-05-10,2025-06-03,1
CUST3955,28,16767.02,598.82,16,6,2026-05-24,2025-07-19,4
CUST4524,27,15366.95,569.15,16,8,2026-05-01,2025-06-04,3
CUST4352,33,14056.85,425.97,15,4,2026-04-27,2025-06-15,4
CUST3910,29,14411.51,496.95,14,4,2026-05-29,2025-06-21,5
CUST4204,30,12722.5,424.08,19,7,2026-05-26,2025-06-08,4
CUST0621,27,11646.5,431.35,18,6,2026-04-22,2025-06-25,3
CUST1205,23,14848.11,645.57,12,3,2026-04-12,2025-07-28,3
CUST0410,33,18613.3,564.04,24,5,2026-05-31,2025-07-01,2
CUST1948,27,11624.71,430.54,14,7,2026-05-09,2025-06-08,2
CUST1164,29,21911.19,755.56,16,9,2026-05-22,2025-06-15,4
CUST1259,23,12362.26,537.49,13,4,2026-05-26,2025-07-06,1
CUST2304,30,9888.72,329.62,20,4,2026-05-29,2025-06-03,3
CUST2476,25,14489.3,579.57,12,5,2026-04-21,2025-06-06,4
CUST3023,24,14077.94,586.58,17,3,2026-04-27,2025-06-15,1
CUST0515,34,17384.41,511.31,23,8,2026-05-15,2025-06-10,3
CUST1439,25,11784.79,471.39,17,7,2026-06-03,2025-06-05,5
CUST1097,19,14106.74,742.46,15,2,2026-05-30,2025-06-17,1
CUST2090,26,12478.56,479.94,14,1,2026-06-01,2025-06-22,1
CUST3806,22,11929.9,542.27,13,6,2026-05-14,2025-07-16,2
CUST2635,27,17142.44,634.91,16,6,2026-06-03,2025-06-04,3
CUST0490,30,13198.85,439.96,16,3,2026-05-25,2025-07-01,5
CUST2340,35,19619.7,560.56,19,5,2026-05-31,2025-06-03,5
CUST1610,20,7958.94,397.95,13,5,2026-05-14,2025-06-14,1
CUST3229,31,15304.08,493.68,21,6,2026-06-02,2025-07-02,1
CUST4038,33,19301.39,584.89,24,7,2026-05-28,2025-06-21,3
CUST2198,28,14261.96,509.36,14,9,2026-04-27,2025-06-06,2
CUST1322,33,15680.9,475.18,21,3,2026-05-29,2025-06-13,2
CUST1785,23,9844.49,428.02,11,6,2026-04-30,2025-06-03,2
CUST2472,35,21173.59,604.96,22,3,2026-06-02,2025-06-14,7
CUST4460,36,19743.44,548.43,23,12,2026-05-04,2025-06-03,5
CUST2799,27,14557.41,539.16,15,2,2026-04-18,2025-06-08,1
CUST1399,38,19847.86,522.31,23,8,2026-06-03,2025-06-11,2
CUST0364,31,17946.2,578.91,20,4,2026-05-30,2025-06-05,3
CUST1521,43,23966.6,557.36,20,11,2026-05-24,2025-06-03,3
CUST3644,28,17066.46,609.52,18,8,2026-05-23,2025-06-12,4
CUST3863,32,16923.21,528.85,23,8,2026-05-07,2025-06-04,2
CUST3193,19,7769.65,408.93,15,3,2026-05-30,2025-07-07,1
CUST1282,30,13482.4,449.41,20,3,2026-06-01,2025-06-06,2
CUST4159,35,22420.39,640.58,21,7,2026-05-24,2025-06-05,0
CUST2282,29,14017.0,483.34,21,3,2026-06-02,2025-06-21,0
CUST2075,34,12616.56,371.08,21,12,2026-04-19,2025-06-05,4
CUST3531,27,14626.59,541.73,17,5,2026-06-02,2025-06-06,2
CUST1843,41,18704.44,456.21,28,13,2026-05-26,2025-06-05,6
CUST0146,28,19321.53,690.05,20,8,2026-05-25,2025-06-04,0
CUST4164,39,18815.87,482.46,23,7,2026-05-24,2025-06-04,3
CUST4339,33,16410.47,497.29,21,8,2026-05-27,2025-07-06,4
CUST4160,36,21570.31,599.18,19,6,2026-05-05,2025-06-07,1
CUST2697,32,17596.55,549.89,16,5,2026-05-31,2025-06-23,6
CUST4534,31,15375.84,495.99,17,2,2026-05-26,2025-06-09,3
CUST2775,31,15211.83,490.7,19,3,2026-05-24,2025-06-03,1
CUST4716,29,12161.15,419.35,22,5,2026-06-03,2025-06-19,6
CUST0084,30,18311.83,610.39,24,5,2026-05-26,2025-06-14,2
CUST0091,33,16304.02,494.06,21,7,2026-04-12,2025-06-03,2
CUST4137,35,18422.16,526.35,23,6,2026-06-03,2025-06-03,2
CUST2772,32,14984.32,468.26,22,9,2026-06-03,2025-06-09,1
CUST2641,33,14989.46,454.23,23,4,2026-06-02,2025-06-08,2
CUST3755,30,17387.43,579.58,23,6,2026-05-11,2025-06-26,4
CUST1039,31,16964.57,547.24,20,6,2026-05-25,2025-06-15,2
CUST3266,30,16052.07,535.07,14,4,2026-05-30,2025-06-24,5
CUST1761,41,18536.31,452.11,26,4,2026-05-31,2025-06-07,6
CUST1975,27,7125.96,263.92,16,4,2026-06-01,2025-07-03,3
CUST1203,23,7585.01,329.78,13,3,2026-05-30,2025-07-23,2
CUST2021,34,17527.69,515.52,26,6,2026-06-03,2025-06-08,5
CUST2567,30,16707.17,556.91,19,8,2026-05-19,2025-06-07,4
CUST4300,30,15905.38,530.18,17,5,2026-05-30,2025-06-03,1
CUST2725,30,19070.03,635.67,21,6,2026-05-08,2025-06-04,1
CUST1202,25,10652.94,426.12,20,8,2026-05-09,2025-06-07,5
CUST2977,35,19065.27,544.72,28,6,2026-05-26,2025-06-05,2
CUST0347,23,6619.74,287.81,13,4,2026-05-02,2025-06-30,4
CUST0218,26,18716.65,719.87,14,6,2026-05-23,2025-06-03,2
CUST0429,25,13860.32,554.41,16,6,2026-06-03,2025-07-20,4
CUST1096,36,21319.99,592.22,24,9,2026-06-01,2025-06-13,1
CUST2373,41,15575.17,379.88,28,7,2026-05-29,2025-06-03,7
CUST4233,25,10395.15,415.81,17,8,2026-05-27,2025-06-03,1
CUST0309,27,9104.28,337.2,17,5,2026-05-17,2025-06-04,6
CUST1211,30,14921.07,497.37,19,3,2026-05-25,2025-06-17,5
CUST1014,38,26961.99,709.53,22,9,2026-05-24,2025-07-24,5
CUST1956,25,10585.29,423.41,14,3,2026-06-02,2025-06-13,1
CUST3339,35,16993.51,485.53,23,7,2026-05-17,2025-06-18,1
CUST3405,42,19862.29,472.91,31,9,2026-06-03,2025-06-04,5
CUST1634,20,10812.09,540.6,13,7,2026-04-21,2025-06-04,1
CUST3177,32,18270.41,570.95,19,4,2026-06-02,2025-06-24,1
CUST2176,30,24461.93,815.4,24,7,2026-05-29,2025-06-15,4
CUST4791,28,11742.84,419.39,17,9,2026-05-25,2025-06-09,3
CUST4583,31,17908.4,577.69,20,8,2026-06-02,2025-06-14,3
CUST0385,31,11229.23,362.23,19,8,2026-04-01,2025-06-24,1
CUST4563,37,16687.59,451.02,25,6,2026-05-30,2025-06-03,3
CUST4190,33,14637.95,443.57,23,8,2026-06-03,2025-06-07,4
CUST3416,31,15081.65,486.5,18,5,2026-05-14,2025-06-10,3
CUST0258,26,12998.48,499.94,21,9,2026-06-01,2025-06-18,5
CUST4551,32,17594.16,549.82,22,9,2026-05-18,2025-06-25,0
CUST2246,27,13212.88,489.37,15,3,2026-06-02,2025-06-04,3
CUST1013,32,15608.19,487.76,19,12,2026-06-01,2025-06-21,5
CUST4787,25,11336.29,453.45,14,5,2026-05-20,2025-06-12,4
CUST3618,33,13370.31,405.16,19,3,2026-05-28,2025-06-05,0
CUST4221,33,18559.81,562.42,20,9,2026-06-03,2025-06-19,6
CUST3840,27,13014.35,482.01,18,8,2026-05-29,2025-06-04,4
CUST3723,38,16540.45,435.27,22,6,2026-05-30,2025-06-15,2
CUST2530,22,13357.84,607.17,16,5,2026-04-28,2025-07-09,2
CUST4927,28,12435.4,444.12,20,7,2026-05-16,2025-06-13,3
CUST1804,29,10713.86,369.44,17,8,2026-05-29,2025-06-03,6
CUST4344,41,21211.99,517.37,28,8,2026-05-08,2025-06-05,2
CUST3574,23,8345.58,362.85,17,2,2026-05-08,2025-06-06,1
CUST1884,32,17951.83,560.99,21,3,2026-05-19,2025-06-03,2
CUST1958,22,8608.44,391.29,13,6,2026-05-29,2025-06-03,4
CUST1080,20,8713.28,435.66,12,3,2026-06-01,2025-06-15,1
CUST4328,36,22593.71,627.6,22,3,2026-05-27,2025-06-14,1
CUST4203,27,12884.16,477.19,15,5,2026-05-31,2025-06-04,2
CUST4298,30,14131.97,471.07,19,11,2026-05-30,2025-06-03,2
CUST3054,20,8489.6,424.48,10,1,2026-05-30,2025-06-03,1
CUST3979,28,15932.55,569.02,14,7,2026-05-04,2025-06-03,5
CUST2369,40,26142.88,653.57,24,12,2026-05-14,2025-07-09,3
CUST0862,34,16225.71,477.23,19,7,2026-06-02,2025-06-09,5
CUST3371,27,8565.82,317.25,16,4,2026-04-22,2025-06-05,2
CUST0074,37,24500.54,662.18,26,8,2026-05-26,2025-06-16,3
CUST0657,34,16990.03,499.71,22,5,2026-06-03,2025-06-03,2
CUST1982,35,14041.26,401.18,23,7,2026-06-02,2025-06-15,5
CUST2984,23,11647.88,506.43,15,3,2026-05-19,2025-06-07,3
CUST4569,32,24858.62,776.83,12,8,2026-05-31,2025-06-10,1
CUST0295,28,14122.5,504.38,14,6,2026-05-31,2025-06-14,2
CUST0740,21,8387.18,399.39,11,7,2026-06-03,2025-06-11,0
CUST4960,25,9267.45,370.7,15,10,2026-06-02,2025-06-03,1
CUST2771,27,13422.16,497.12,12,3,2026-05-31,2025-06-30,3
CUST4385,25,14290.38,571.62,16,5,2026-05-31,2025-06-05,2
CUST0979,37,19290.04,521.35,24,5,2026-05-30,2025-06-05,3
CUST1482,25,10501.37,420.05,16,8,2026-05-05,2025-06-20,5
CUST0113,28,15486.94,553.1,18,5,2026-05-31,2025-06-20,4
CUST3823,28,16526.32,590.23,17,8,2026-06-03,2025-06-06,4
CUST4122,28,15145.15,540.9,19,4,2026-06-02,2025-06-14,8
CUST0439,29,14742.28,508.35,11,9,2026-06-01,2025-06-09,4
CUST4673,23,14736.41,640.71,18,2,2026-04-24,2025-07-01,0
CUST2745,24,12028.19,501.17,13,8,2026-05-18,2025-06-20,3
CUST0349,29,15818.8,545.48,20,1,2026-05-23,2025-06-11,3
CUST2517,31,10953.17,353.33,17,4,2026-05-27,2025-06-06,1
CUST1641,40,20100.98,502.52,24,13,2026-05-04,2025-06-05,5
CUST1308,26,15964.04,614.0,20,5,2026-05-28,2025-06-08,2
CUST3291,25,13854.27,554.17,17,7,2026-05-16,2025-06-24,1
CUST4953,31,13732.29,442.98,21,5,2026-05-31,2025-06-19,1
CUST0555,24,11854.63,493.94,16,3,2026-05-23,2025-07-03,1
CUST4404,35,16642.38,475.5,19,10,2026-06-01,2025-06-07,0
CUST0928,23,13541.34,588.75,17,4,2026-05-22,2025-06-20,1
CUST1235,33,15904.98,481.97,20,5,2026-05-18,2025-07-05,2
CUST2063,21,9687.18,461.29,15,5,2026-04-26,2025-06-09,3
CUST4609,27,13974.1,517.56,20,7,2026-05-27,2025-06-10,6
CUST3139,29,16782.48,578.71,23,7,2026-05-31,2025-07-08,2
CUST3837,19,11309.52,595.24,12,3,2026-05-18,2025-06-08,2
CUST2667,20,8026.13,401.31,13,5,2026-05-20,2025-07-21,4
CUST3438,34,15780.7,464.14,21,5,2026-06-03,2025-06-18,7
CUST2923,38,24183.98,636.42,22,4,2026-05-28,2025-06-05,4
CUST3876,35,19894.89,568.43,25,4,2026-04-22,2025-06-03,3
CUST2974,22,7006.17,318.46,12,4,2026-05-22,2025-06-04,2
CUST2439,26,17718.04,681.46,18,5,2026-06-02,2025-06-10,4
CUST0085,37,19121.76,516.8,24,7,2026-05-16,2025-06-13,5
CUST2479,37,18329.22,495.38,26,6,2026-05-31,2025-06-05,5
CUST3410,32,19563.6,611.36,20,9,2026-05-07,2025-06-03,5
CUST2105,20,13994.58,699.73,10,2,2026-06-03,2025-06-03,3
CUST0738,34,20672.93,608.03,15,7,2026-06-03,2025-06-07,2
CUST0264,24,10658.88,444.12,13,9,2026-05-29,2025-06-20,2
CUST2721,26,15522.62,597.02,18,5,2026-05-29,2025-06-11,1
CUST0334,26,13924.83,535.57,17,8,2026-05-07,2025-06-12,3
CUST3872,36,11389.59,316.38,19,10,2026-05-29,2025-07-06,1
CUST3038,24,11067.09,461.13,17,7,2026-05-22,2025-06-04,2
CUST2765,25,14457.72,578.31,20,8,2026-04-10,2025-06-03,4
CUST4694,25,13489.33,539.57,17,2,2026-05-28,2025-06-06,5
CUST4184,27,13051.62,483.39,15,8,2026-05-15,2025-06-11,1
CUST2083,30,14632.55,487.75,20,8,2026-05-24,2025-06-27,2
CUST3782,33,22703.2,687.98,27,3,2026-05-25,2025-06-21,4
CUST0774,31,16880.08,544.52,16,8,2026-05-20,2025-06-04,4
CUST2572,24,9952.44,414.69,16,4,2026-05-28,2025-06-05,4
CUST0041,30,25028.33,834.28,21,6,2026-05-26,2025-06-15,2
CUST2613,29,14021.28,483.49,21,5,2026-05-14,2025-06-07,4
CUST2627,36,19636.9,545.47,21,5,2026-05-15,2025-06-04,2
CUST2400,39,22623.93,580.1,22,8,2026-06-02,2025-06-04,6
CUST1800,24,13718.28,571.59,14,2,2026-05-01,2025-07-06,2
CUST2427,25,12562.7,502.51,15,8,2026-05-08,2025-07-01,3
CUST2981,28,13537.26,483.47,16,3,2026-05-18,2025-06-03,1
CUST1905,36,13791.68,383.1,20,9,2026-05-31,2025-06-07,2
CUST3502,28,15490.8,553.24,19,7,2026-05-11,2025-06-04,1
CUST2291,24,11453.97,477.25,15,3,2026-05-30,2025-06-07,5
CUST4093,36,22426.3,622.95,25,0,2026-06-03,2025-06-08,4
CUST3048,37,12794.7,345.8,26,5,2026-05-23,2025-06-07,2
CUST4230,25,10449.28,417.97,17,7,2026-05-07,2025-06-07,5
CUST2660,24,7038.75,293.28,18,4,2026-05-27,2025-06-03,3
CUST4480,28,16428.23,586.72,18,5,2026-05-24,2025-07-02,0
CUST3540,32,16412.47,512.89,21,7,2026-05-05,2025-06-04,3
CUST0452,27,12813.06,474.56,16,4,2026-05-16,2025-06-04,2
CUST4749,30,11801.72,393.39,19,8,2026-05-29,2025-06-20,2
CUST0792,30,17058.72,568.62,17,8,2026-06-03,2025-06-18,4
CUST1245,29,19893.67,685.99,19,8,2026-05-12,2025-06-20,2
CUST1586,31,11491.45,370.69,19,6,2026-05-29,2025-06-04,4
CUST4312,35,19039.17,543.98,24,11,2026-05-31,2025-06-07,1
CUST2016,29,15704.86,541.55,20,5,2026-05-17,2025-06-26,0
CUST0591,26,18321.2,704.66,14,2,2026-05-23,2025-06-06,4
CUST3015,28,17097.28,610.62,19,7,2026-05-26,2025-06-07,4
CUST2904,35,18710.63,534.59,22,8,2026-05-29,2025-06-24,3
CUST3406,26,15214.29,585.17,20,5,2026-05-20,2025-06-10,3
CUST0747,24,13716.09,571.5,16,8,2026-05-28,2025-06-14,3
CUST0393,27,14818.49,548.83,15,9,2026-05-31,2025-07-02,5
CUST4318,31,16780.81,541.32,16,6,2026-05-23,2025-06-23,1
CUST3898,39,20452.94,524.43,26,8,2026-05-30,2025-06-12,5
CUST2770,39,19543.07,501.1,25,15,2026-05-27,2025-06-09,6
CUST0770,34,14023.85,412.47,25,9,2026-06-03,2025-06-03,3
CUST4124,27,14902.58,551.95,12,4,2026-05-23,2025-06-23,4
CUST3585,35,18156.41,518.75,24,5,2026-05-18,2025-06-04,2
CUST0402,29,14165.19,488.45,18,3,2026-04-11,2025-06-07,1
CUST0461,33,16314.44,494.38,18,11,2026-05-30,2025-06-13,2
CUST4268,26,9171.61,352.75,14,3,2026-05-09,2025-06-03,1
CUST4578,31,14293.72,461.09,23,7,2026-06-02,2025-06-09,1
CUST2888,27,16673.52,617.54,20,8,2026-06-03,2025-06-12,3
CUST1591,37,19117.59,516.69,19,13,2026-06-01,2025-06-04,4
CUST1369,24,11991.89,499.66,15,3,2026-05-18,2025-09-10,5
CUST1291,29,17331.24,597.63,22,10,2026-05-01,2025-06-04,1
CUST4107,30,21119.95,704.0,24,4,2026-05-20,2025-06-12,5
CUST1038,31,17429.61,562.25,20,4,2026-05-15,2025-06-03,1
CUST2480,26,14005.26,538.66,18,3,2026-05-16,2025-06-26,2
CUST4150,26,16355.62,629.06,21,6,2026-05-26,2025-06-25,6
CUST4619,27,16199.34,599.98,11,5,2026-04-25,2025-06-22,4
CUST2714,35,14323.96,409.26,21,8,2026-04-11,2025-06-12,3
CUST1373,31,15073.26,486.23,15,6,2026-06-03,2025-07-03,4
CUST3387,35,16640.41,475.44,22,5,2026-05-14,2025-06-30,4
CUST2656,38,27344.91,719.6,28,9,2026-06-01,2025-06-09,5
CUST4332,21,11373.68,541.6,14,5,2026-05-11,2025-06-05,2
CUST0878,25,11829.99,473.2,11,2,2026-05-27,2025-07-02,3
CUST1830,25,13908.81,556.35,18,6,2026-05-12,2025-06-04,3
CUST1916,36,19473.47,540.93,20,10,2026-05-29,2025-06-07,3
CUST4302,26,14844.93,570.96,19,4,2026-06-01,2025-06-07,2
CUST3821,28,18400.9,657.18,12,7,2026-06-01,2025-06-21,3
CUST3926,21,16454.32,783.54,13,5,2026-05-25,2025-06-12,2
CUST2676,25,15438.84,617.55,13,4,2026-06-01,2025-06-11,2
CUST3558,26,10594.87,407.5,16,8,2026-05-27,2025-07-02,5
CUST1532,18,8577.24,476.51,12,2,2026-05-14,2025-07-15,2
CUST3191,33,17147.83,519.63,26,6,2026-05-20,2025-06-16,1
CUST0604,37,13923.94,376.32,20,11,2026-05-30,2025-06-04,1
CUST2390,23,11050.73,480.47,15,7,2026-06-01,2025-06-09,6
CUST0518,27,18903.16,700.12,15,7,2026-06-02,2025-06-19,2
CUST3889,24,16220.15,675.84,19,5,2026-06-02,2025-06-10,2
CUST4354,31,14873.71,479.8,21,8,2026-05-29,2025-06-05,2
CUST0522,23,8339.47,362.59,11,4,2026-04-03,2025-06-12,2
CUST3656,34,16809.92,494.41,26,9,2026-05-21,2025-06-03,3
CUST4556,39,14625.76,375.02,33,7,2026-05-29,2025-06-07,1
CUST1406,30,17710.96,590.37,17,3,2026-05-07,2025-06-03,5
CUST0620,34,21007.43,617.87,27,11,2026-05-22,2025-06-08,4
CUST4882,45,25615.28,569.23,25,10,2026-05-18,2025-06-10,6
CUST2533,24,14200.49,591.69,13,7,2026-05-13,2025-06-16,2
CUST4514,25,15934.87,637.39,15,4,2026-05-14,2025-06-04,1
CUST0984,37,15625.21,422.3,24,13,2026-05-31,2025-06-07,4
CUST0016,24,9963.52,415.15,17,4,2026-05-09,2025-07-10,3
CUST4763,19,7921.49,416.92,13,5,2026-05-29,2025-06-06,1
CUST1519,22,6830.64,310.48,13,3,2026-05-02,2025-06-16,2
CUST1033,28,18568.93,663.18,18,3,2026-06-01,2025-06-06,3
CUST4398,29,12662.52,436.64,20,6,2026-05-16,2025-07-13,5
CUST3965,36,15280.78,424.47,28,9,2026-06-03,2025-06-10,2
CUST2494,36,18649.62,518.04,25,8,2026-05-25,2025-06-13,6
CUST4721,32,15638.02,488.69,17,7,2026-05-31,2025-06-10,4
CUST2328,34,23456.91,689.91,18,10,2026-05-14,2025-06-11,3
CUST4872,48,21024.49,438.01,34,16,2026-05-27,2025-06-19,3
CUST1696,30,14964.8,498.83,21,2,2026-04-17,2025-06-17,2
CUST3130,25,14716.74,588.67,16,7,2026-05-20,2025-06-04,5
CUST2131,24,8552.65,356.36,14,4,2026-05-15,2025-06-04,1
CUST2231,30,13224.38,440.81,21,6,2026-05-30,2025-06-06,2
CUST4851,34,16764.58,493.08,24,6,2026-06-02,2025-06-05,1
CUST2114,22,15097.29,686.24,12,2,2026-05-12,2025-06-03,4
CUST3778,22,10372.87,471.49,13,4,2026-05-29,2025-06-21,4
CUST0789,33,17491.07,530.03,18,4,2026-06-01,2025-06-10,2
CUST4936,34,18245.82,536.64,23,6,2026-06-03,2025-06-12,3
CUST3046,33,16239.98,492.12,22,6,2026-06-03,2025-06-09,2
CUST2794,23,13909.77,604.77,15,6,2026-04-15,2025-07-29,5
CUST1492,20,8040.23,402.01,11,1,2026-04-22,2025-06-06,0
CUST0952,32,16804.67,525.15,15,4,2026-06-02,2025-06-18,0
CUST3234,22,10662.52,484.66,15,5,2026-06-02,2025-06-08,0
CUST2143,33,18115.03,548.94,23,6,2026-06-03,2025-06-05,3
CUST2134,33,19267.67,583.87,23,6,2026-05-30,2025-07-04,4
CUST4133,24,12726.4,530.27,17,8,2026-05-31,2025-06-23,4
CUST3653,19,12509.18,658.38,16,5,2026-05-18,2025-06-04,2
CUST0455,26,11144.88,428.65,19,6,2026-05-14,2025-06-12,4
CUST4405,30,18394.8,613.16,17,5,2026-05-17,2025-06-08,2
CUST0546,27,11938.44,442.16,19,6,2026-05-15,2025-07-02,7
CUST0535,27,11484.65,425.36,18,8,2026-05-26,2025-06-04,2
CUST0758,29,15229.83,525.17,20,9,2026-06-02,2025-06-04,2
CUST3873,21,14823.21,705.87,13,3,2026-05-20,2025-06-19,1
CUST4558,29,14645.0,505.0,19,5,2026-05-07,2025-06-06,0
CUST1593,25,11650.69,466.03,12,5,2026-05-12,2025-06-20,5
CUST3467,42,24462.14,582.43,27,11,2026-06-02,2025-06-22,6
CUST1242,30,11112.29,370.41,19,4,2026-06-03,2025-06-03,0
CUST1021,29,13587.22,468.52,16,6,2026-05-30,2025-07-30,3
CUST1770,30,16309.56,543.65,21,4,2026-05-31,2025-06-19,5
CUST3097,25,10879.66,435.19,19,8,2026-05-02,2025-06-14,5
CUST0945,32,14891.7,465.37,24,8,2026-05-25,2025-06-10,4
CUST3165,25,13074.87,522.99,16,5,2026-05-31,2025-07-05,2
CUST0751,29,15813.79,545.3,20,3,2026-06-01,2025-06-09,1
CUST1344,20,16617.7,830.89,13,7,2026-06-03,2025-06-05,1
CUST0440,22,13483.31,612.88,12,2,2026-05-14,2025-07-15,1
CUST0727,31,14303.65,461.41,21,5,2026-05-31,2025-06-03,2
CUST4747,27,12155.28,450.2,20,5,2026-06-03,2025-06-13,3
CUST4526,32,14427.39,450.86,22,7,2026-06-02,2025-06-05,3
CUST2551,28,17528.58,626.02,13,5,2026-06-02,2025-06-07,3
CUST4033,21,9226.85,439.37,11,1,2026-05-25,2025-06-24,2
CUST4576,38,16163.19,425.35,23,11,2026-05-20,2025-06-08,2
CUST0867,38,16331.89,429.79,18,5,2026-06-01,2025-06-17,4
CUST0028,31,15509.37,500.3,19,6,2026-06-02,2025-06-05,4
CUST4052,31,15620.81,503.9,18,6,2026-05-29,2025-06-14,4
CUST4482,30,11236.88,374.56,17,7,2026-05-22,2025-06-04,2
CUST1775,34,17283.26,508.33,23,6,2026-05-21,2025-06-09,2
CUST3104,20,14194.37,709.72,15,3,2026-04-29,2025-06-14,3
CUST3953,32,16770.17,524.07,20,3,2026-06-01,2025-06-15,2
CUST0046,29,10525.94,362.96,19,6,2026-05-10,2025-07-07,4
CUST4479,32,16348.01,510.88,20,7,2026-06-01,2025-06-04,6
CUST4231,20,10770.52,538.53,14,5,2026-05-25,2025-06-19,4
CUST4697,21,11433.99,544.48,14,1,2026-06-01,2025-07-15,2
CUST3354,23,9241.8,401.82,12,7,2026-05-28,2025-07-07,4
CUST3952,21,11836.78,563.66,8,4,2026-05-26,2025-07-03,4
CUST4646,20,13742.74,687.14,9,4,2026-05-26,2025-06-25,1
CUST0077,31,17688.9,570.61,15,6,2026-05-04,2025-06-03,3
CUST2188,31,18655.49,601.79,23,10,2026-05-27,2025-07-14,5
CUST3056,33,12804.87,388.03,21,7,2026-05-16,2025-06-04,3
CUST1829,42,19898.99,473.79,26,10,2026-05-26,2025-06-08,6
CUST0193,31,16898.87,545.12,18,4,2026-05-20,2025-06-04,2
CUST4740,23,15273.4,664.06,16,2,2026-05-29,2025-06-08,4
CUST3078,33,15626.85,473.54,18,6,2026-05-31,2025-06-18,6
CUST4212,28,14929.12,533.18,17,6,2026-05-24,2025-06-17,2
CUST4045,34,13449.11,395.56,23,6,2026-05-03,2025-06-06,2
CUST1444,25,11765.26,470.61,15,4,2026-05-14,2025-06-09,1
CUST0900,19,10960.14,576.85,12,3,2026-05-13,2025-07-23,1
CUST2553,18,8023.91,445.77,7,4,2026-06-01,2025-07-22,3
CUST4947,27,11918.92,441.44,19,7,2026-06-01,2025-06-11,1
CUST4083,38,23421.12,616.35,19,7,2026-05-30,2025-06-08,2
CUST0252,36,17483.39,485.65,21,8,2026-05-31,2025-06-03,1
CUST4024,29,15598.06,537.86,18,9,2026-05-26,2025-06-05,3
CUST3045,32,13779.95,430.62,19,9,2026-05-23,2025-06-16,2
CUST0078,17,8812.03,518.35,11,6,2026-04-21,2025-09-19,1
CUST2315,27,12502.78,463.07,20,8,2026-05-03,2025-06-16,2
CUST2964,21,15539.69,739.99,16,4,2026-06-03,2025-06-03,2
CUST3613,28,19400.02,692.86,20,3,2026-06-02,2025-06-05,1
CUST4814,25,14377.34,575.09,15,7,2026-05-24,2025-06-21,0
CUST3063,20,12260.9,613.05,12,3,2026-05-07,2025-07-12,2
CUST3796,26,10162.29,390.86,18,7,2026-05-31,2025-06-11,5
CUST2630,31,15257.98,492.19,20,6,2026-05-07,2025-07-14,1
CUST3077,27,16656.08,616.89,14,9,2026-05-29,2025-06-05,2
CUST1398,30,14227.14,474.24,17,7,2026-05-30,2025-06-14,4
CUST3523,29,12614.48,434.98,18,5,2026-05-14,2025-06-18,2
CUST0818,25,11972.72,478.91,19,7,2026-06-03,2025-06-03,3
CUST1899,20,8772.44,438.62,12,3,2026-05-09,2025-07-10,1
CUST1075,25,14354.56,574.18,13,3,2026-05-14,2025-06-08,4
CUST4163,28,13021.84,465.07,16,5,2026-05-30,2025-06-06,3
CUST4156,29,13301.78,458.68,18,6,2026-06-02,2025-06-03,3
CUST3697,33,17425.71,528.05,18,7,2026-05-18,2025-06-12,7
CUST1327,36,16886.04,469.06,28,2,2026-06-02,2025-06-11,2
CUST2071,23,11181.2,486.14,13,1,2026-05-23,2025-06-13,2
CUST2249,30,19657.9,655.26,15,8,2026-05-08,2025-06-07,5
CUST4816,23,17646.88,767.26,13,2,2026-06-02,2025-07-28,2
CUST4940,21,6529.14,310.91,11,4,2026-06-03,2025-06-05,3
CUST2004,30,17371.01,579.03,18,6,2026-05-31,2025-06-16,1
CUST0463,24,11960.9,498.37,12,3,2026-05-12,2025-06-05,2
CUST1402,29,11285.68,389.16,21,9,2026-06-01,2025-06-03,3
CUST0819,22,10580.33,480.92,14,4,2026-04-26,2025-06-06,4
