order_date,store_id,total_orders,total_revenue,avg_delivery_mins,late_deliveries,total_stockouts,cancelled_orders
2025-07-19,STR002,14,7366.77,14.36,8,6,0
2025-06-15,STR025,14,5552.43,17.57,11,2,0
2025-07-28,STR012,13,5303.02,18.69,12,2,1
2025-08-30,STR020,15,10901.53,19.0,9,2,1
2026-05-12,STR002,16,6900.64,15.94,8,6,0
2026-01-01,STR009,17,9184.27,14.12,8,4,2
2026-02-10,STR030,14,8139.87,19.64,11,1,0
2026-03-28,STR026,7,2410.38,16.0,4,1,2
2026-04-16,STR014,13,4932.68,17.0,8,3,1
2025-07-14,STR019,10,8581.64,13.7,8,1,3
2026-02-10,STR006,16,10009.08,13.81,10,2,1
2026-03-24,STR014,12,7447.47,19.25,8,2,1
2026-01-01,STR021,14,8017.7,18.57,7,4,3
2026-02-19,STR024,11,4969.58,18.36,8,2,0
2026-04-08,STR003,15,5163.3,15.33,11,5,1
2025-08-12,STR015,15,10644.6,17.8,7,4,3
2025-09-09,STR019,18,10004.21,18.39,12,4,2
2025-08-24,STR015,16,10437.96,16.69,10,5,1
2026-03-05,STR002,16,12318.28,17.31,9,5,3
2025-10-17,STR013,12,6815.42,17.67,8,1,0
2025-12-19,STR009,11,5916.73,19.64,7,5,0
2026-03-20,STR019,11,5766.89,16.0,5,1,2
2026-04-09,STR004,8,3137.99,20.63,7,1,0
2026-02-14,STR003,11,5014.05,16.0,8,1,0
2025-08-23,STR019,11,5231.21,17.18,8,1,1
2025-11-28,STR004,11,4289.32,18.55,7,4,2
2025-12-11,STR015,18,11267.91,18.44,12,4,3
2025-06-08,STR013,12,6714.09,18.17,9,1,2
2026-03-18,STR013,14,9294.06,13.29,7,0,1
2026-02-06,STR026,11,6446.96,15.64,6,0,0
2025-08-04,STR013,17,6095.23,13.76,8,2,1
2025-06-21,STR009,12,6081.5,23.17,9,3,0
2026-01-21,STR025,17,9203.06,19.47,13,3,3
2025-11-04,STR002,14,9397.4,13.5,7,3,4
2026-04-02,STR001,12,8303.49,21.25,9,4,0
2025-07-01,STR022,16,7261.73,15.19,10,3,0
2025-11-01,STR018,11,6130.36,21.55,8,3,2
2026-03-10,STR007,14,5779.51,15.14,9,1,1
2025-07-07,STR024,12,6486.28,17.5,10,2,2
2025-07-18,STR024,16,8789.07,13.94,9,6,5
2026-02-24,STR007,17,9956.97,12.0,7,2,3
2025-08-17,STR018,18,6163.16,17.22,9,4,0
2026-03-11,STR020,13,7209.18,10.38,2,6,1
2025-09-26,STR022,12,6069.46,19.83,6,1,3
2025-08-31,STR015,13,8390.84,15.62,9,3,2
2025-08-06,STR026,9,4986.1,20.44,5,2,1
2026-03-21,STR021,11,3713.02,18.27,6,3,3
2025-08-29,STR022,13,4921.93,15.15,6,2,1
2026-06-02,STR014,8,5273.8,16.0,4,2,1
2026-01-09,STR013,12,5070.23,19.08,8,0,0
2025-07-26,STR028,11,6182.2,18.45,9,3,2
2025-07-06,STR024,15,8056.52,16.13,10,3,2
2026-01-16,STR027,13,7893.81,17.38,9,2,2
2025-07-11,STR006,20,8693.55,16.3,15,4,2
2025-06-24,STR019,13,4577.3,25.62,11,2,1
2026-04-03,STR028,23,10286.77,17.87,16,6,0
2026-05-13,STR003,14,8381.5,13.07,6,6,2
2025-09-22,STR021,16,12863.9,18.44,11,2,2
2025-07-29,STR016,14,5298.63,15.5,10,3,2
2026-03-20,STR018,19,6760.83,13.05,10,4,1
2025-12-17,STR026,9,4168.06,17.0,5,2,1
2026-02-11,STR003,15,14209.72,14.27,7,1,1
2025-11-26,STR019,16,11570.75,19.44,12,1,5
2025-07-19,STR017,15,6601.62,15.6,7,4,2
2025-11-25,STR029,12,7103.26,16.17,7,2,1
2026-04-19,STR019,16,5993.39,18.38,10,3,2
2025-10-01,STR016,11,4961.37,15.55,6,1,0
2025-08-23,STR028,10,4506.44,16.3,9,2,0
2026-01-28,STR025,9,4516.65,12.33,5,3,0
2025-09-29,STR009,20,11085.92,16.8,15,8,2
2026-01-03,STR006,11,4161.59,14.55,5,3,1
2026-05-29,STR026,15,12853.58,17.47,10,0,1
2026-05-21,STR030,15,5059.45,12.53,4,3,1
2025-10-10,STR014,11,6196.19,18.0,9,3,1
2026-01-20,STR027,12,4238.68,18.17,8,2,2
2025-09-05,STR023,14,8700.36,20.71,9,2,2
2025-09-21,STR019,13,9045.2,16.62,9,4,2
2026-01-01,STR007,12,6273.3,17.67,8,3,0
2025-11-11,STR006,9,6081.6,17.33,5,4,2
2026-02-14,STR025,6,6071.28,18.17,5,1,0
2025-10-06,STR013,16,8283.79,18.0,10,4,2
2026-05-20,STR005,15,4163.4,16.67,8,2,0
2025-08-18,STR001,11,3117.77,17.45,8,1,0
2025-12-13,STR010,11,5260.48,18.27,6,2,2
2025-08-22,STR022,15,8648.73,16.53,10,4,5
2026-03-02,STR019,15,7478.97,12.47,10,4,1
2025-09-14,STR008,13,5228.04,15.08,7,3,1
2026-03-23,STR019,11,7482.93,11.64,4,2,1
2025-12-07,STR023,20,10463.21,18.2,11,5,1
2026-03-30,STR021,15,12226.21,13.47,8,5,2
2026-02-07,STR010,18,8415.98,17.89,10,2,2
2026-03-23,STR011,12,13665.94,16.92,6,3,1
2026-04-05,STR009,17,8982.8,17.12,11,4,3
2026-04-04,STR001,13,10244.26,16.92,9,2,1
2026-01-31,STR005,16,9754.61,18.13,10,6,3
2025-06-19,STR024,16,9268.11,13.0,9,4,3
2025-12-01,STR017,12,7633.75,15.33,5,1,1
2025-12-25,STR008,12,8874.0,14.0,7,2,1
2026-03-28,STR019,16,7194.63,14.94,8,2,1
2025-08-31,STR030,18,8423.39,17.78,12,5,2
2026-04-16,STR013,16,4713.85,16.0,9,4,1
2026-01-26,STR004,18,9775.13,13.89,8,5,3
2026-02-11,STR018,9,4624.64,13.33,4,2,0
2025-08-14,STR022,17,6088.98,15.0,10,3,2
2026-02-07,STR028,18,10853.06,15.61,8,5,2
2025-08-06,STR015,18,7849.54,12.78,7,3,4
2025-11-21,STR028,14,5201.49,16.0,7,2,0
2025-09-16,STR014,14,10427.98,12.5,4,1,4
2026-04-12,STR026,19,9269.69,15.53,13,1,0
2026-01-26,STR013,10,6132.88,13.2,4,2,4
2026-01-25,STR004,14,7705.11,14.86,6,1,0
2025-07-10,STR029,17,9436.69,15.0,8,2,2
2026-02-02,STR011,14,5495.15,19.21,7,4,1
2025-07-11,STR019,16,9012.99,18.25,16,3,0
2026-02-01,STR003,9,5683.93,17.0,5,3,0
2025-06-10,STR009,16,9677.52,15.81,9,3,1
2025-08-03,STR011,12,5213.81,15.17,7,4,1
2025-07-27,STR004,13,5220.87,13.54,6,5,3
2025-07-14,STR010,15,10729.47,18.87,9,6,2
2026-02-03,STR014,11,3864.68,16.73,7,0,1
2025-11-20,STR027,11,6117.62,13.18,6,3,0
2025-09-15,STR003,20,7353.33,13.95,11,5,1
2025-11-07,STR014,15,5217.35,11.33,6,5,2
2026-01-17,STR019,11,3186.16,18.55,9,1,2
2025-08-12,STR026,11,3805.45,12.36,5,2,0
2025-07-31,STR003,14,5279.37,15.93,9,2,0
2026-01-05,STR003,18,7891.16,16.28,10,3,0
2025-06-25,STR014,13,4195.73,15.38,10,2,1
2025-11-16,STR016,14,5564.13,13.5,11,0,3
2026-04-02,STR019,12,6897.74,13.42,5,4,1
2025-12-08,STR020,15,9199.29,19.07,12,3,3
2026-05-19,STR014,15,5766.33,17.2,13,3,2
2025-12-11,STR030,17,13237.65,17.76,12,2,0
2025-11-27,STR030,10,3013.28,16.6,8,1,2
2026-01-22,STR002,15,8654.61,11.87,6,3,2
2026-05-01,STR014,12,8310.28,12.08,5,3,1
2025-10-23,STR015,17,5423.2,19.53,12,2,1
2025-07-17,STR012,10,4333.85,14.6,5,2,3
2026-03-05,STR025,16,10227.66,16.75,10,3,2
2025-06-20,STR027,10,5160.47,20.4,9,1,3
2025-09-05,STR017,19,8393.49,18.37,14,0,2
2025-09-26,STR014,10,3274.96,12.8,6,1,0
2026-04-08,STR025,11,8548.06,17.27,7,2,3
2025-06-10,STR003,13,5301.13,16.54,8,1,1
2026-03-13,STR014,11,6847.43,16.0,7,0,2
2025-11-15,STR008,11,4660.1,14.73,8,2,1
2025-09-21,STR012,16,9943.47,16.56,8,2,4
2025-11-02,STR019,13,6151.74,18.69,9,3,0
2026-01-04,STR025,13,9955.57,14.38,7,1,0
2025-07-07,STR014,14,6685.29,19.29,11,5,1
2026-05-05,STR011,13,6598.4,16.92,5,4,2
2025-09-04,STR029,12,5144.39,16.67,7,5,0
2025-06-06,STR004,14,5885.39,15.57,9,4,1
2026-04-28,STR015,15,8943.02,13.47,9,6,2
2025-09-25,STR017,16,6257.57,19.94,11,2,0
2026-01-25,STR027,8,3684.21,13.63,5,2,2
2025-11-30,STR019,8,3927.23,32.25,8,2,1
2025-10-23,STR023,12,5619.41,14.17,4,2,0
2025-12-16,STR026,14,9824.36,15.64,7,7,3
2025-11-07,STR024,20,7221.29,15.55,11,3,2
2025-10-10,STR015,9,4920.33,14.67,7,3,0
2025-07-20,STR002,16,9161.77,14.63,12,2,1
2026-02-10,STR022,15,8204.11,14.53,12,2,0
2025-11-01,STR030,10,5290.34,12.9,7,2,0
2026-04-17,STR024,13,8349.13,19.31,11,4,0
2026-05-19,STR009,10,4672.14,17.1,7,1,1
2025-09-07,STR025,13,4482.72,14.85,7,3,1
2026-05-21,STR013,16,7381.02,17.31,13,4,2
2025-08-26,STR019,13,5078.49,18.62,7,2,1
2025-11-05,STR025,13,4485.82,13.85,8,5,2
2025-12-19,STR021,13,6951.84,26.62,11,3,0
2025-09-09,STR022,15,6994.84,14.47,10,2,4
2026-04-22,STR019,9,3411.04,19.78,6,3,1
2026-05-30,STR017,19,12462.54,17.89,14,5,2
2026-03-17,STR011,17,11596.87,17.47,13,3,0
2026-01-21,STR024,10,3552.05,16.6,6,1,0
2026-04-06,STR026,17,7524.14,11.35,7,4,4
2025-12-03,STR011,25,16768.17,11.88,8,7,4
2026-05-24,STR024,10,6940.48,26.3,9,1,0
2026-04-18,STR003,10,5809.06,17.8,6,0,0
2025-12-07,STR028,11,6882.64,14.82,6,3,1
2026-04-17,STR018,19,9661.75,15.89,10,5,3
2025-07-16,STR018,24,12128.5,17.42,16,1,2
2026-01-21,STR027,15,11306.71,16.27,8,2,0
2026-03-20,STR005,21,8032.19,17.48,15,5,2
2026-05-26,STR011,11,6591.58,16.91,9,3,1
2025-09-08,STR011,13,6462.03,14.92,10,5,0
2025-07-16,STR026,16,7044.98,14.0,9,3,0
2025-09-14,STR025,13,11240.41,17.31,7,3,1
2025-09-26,STR002,11,6504.27,13.09,7,1,1
2026-02-23,STR008,7,7228.18,14.71,5,0,1
2026-01-23,STR009,11,4178.82,15.73,7,2,0
2026-04-18,STR002,15,11686.16,15.2,10,4,2
2025-07-25,STR002,14,5358.95,13.21,9,4,1
2025-11-11,STR025,11,4365.88,18.0,7,2,1
2025-12-05,STR009,21,10545.43,17.43,14,5,2
2026-02-08,STR002,12,3033.12,15.33,7,1,1
2025-09-13,STR024,17,7625.5,16.35,11,5,3
2025-08-08,STR010,16,8765.85,13.38,8,2,2
2026-05-30,STR002,12,9551.53,17.42,9,3,3
2026-02-04,STR012,10,3847.5,14.4,3,3,2
2025-06-11,STR010,13,8803.74,11.46,4,1,0
2025-12-07,STR008,8,1640.86,15.25,4,3,1
2026-03-14,STR011,13,8368.03,17.23,8,4,2
2025-09-28,STR011,14,11424.87,15.93,9,4,0
2025-10-04,STR025,9,3876.7,18.67,7,0,1
2025-08-06,STR016,19,9706.82,15.74,11,0,2
2025-06-29,STR021,13,7083.37,14.92,6,3,1
2025-09-15,STR008,14,9404.02,17.36,10,1,0
2025-11-17,STR005,22,8450.35,18.95,12,3,1
2025-10-31,STR002,22,7559.21,15.23,12,2,4
2026-04-24,STR023,11,3933.54,15.36,8,1,1
2025-12-22,STR008,17,5647.79,18.47,10,2,2
2026-02-03,STR022,19,14220.27,14.42,12,3,0
2026-04-10,STR006,10,2687.61,14.8,6,6,0
2026-01-13,STR011,11,2802.19,12.45,7,2,0
2026-04-14,STR012,11,7870.18,19.45,7,2,1
2026-05-10,STR008,16,6075.57,17.25,10,5,1
2025-10-01,STR023,13,5193.41,14.77,6,1,3
2025-09-18,STR002,14,7835.05,19.07,11,2,1
2025-10-07,STR002,10,5609.22,20.4,8,2,2
2026-02-26,STR009,15,9309.46,17.47,9,2,1
2025-12-01,STR009,13,8031.89,19.46,8,2,1
2025-09-10,STR001,14,8988.61,14.86,6,3,2
2025-07-15,STR001,10,4564.93,20.7,8,1,2
2026-05-13,STR022,17,13814.14,16.88,11,1,1
2026-04-15,STR009,10,4014.1,15.1,6,3,1
2026-01-29,STR028,20,9507.06,13.95,10,5,2
2025-12-20,STR030,13,4644.29,19.31,11,3,1
2025-07-09,STR020,17,6663.29,14.0,7,3,2
2025-08-18,STR012,24,8965.58,20.88,18,8,4
2025-10-18,STR027,17,14178.51,15.47,9,5,5
2025-07-22,STR020,13,5529.93,14.62,8,3,3
2025-06-30,STR025,13,4277.63,18.62,8,3,2
2026-06-01,STR022,15,5967.83,18.87,10,7,3
2026-05-08,STR003,15,11257.6,18.4,9,3,3
2025-08-21,STR005,11,8148.56,11.55,5,1,2
2025-07-05,STR005,17,10358.47,15.12,11,3,0
2026-04-28,STR022,11,4942.55,17.0,7,4,0
2025-10-20,STR002,9,5582.65,12.11,4,3,2
2026-03-13,STR009,16,9065.65,16.94,7,6,2
2026-02-15,STR002,13,7447.85,17.85,7,4,1
2025-10-07,STR015,12,4883.78,11.42,7,3,2
2025-12-21,STR002,13,4188.34,22.23,8,1,0
2025-06-22,STR019,14,7838.87,16.07,9,3,2
2026-01-20,STR002,9,4720.26,16.78,5,1,1
2026-02-23,STR021,8,970.63,20.38,6,1,1
2025-09-24,STR028,21,10334.94,17.71,13,2,3
2025-11-22,STR019,12,4014.87,17.5,8,2,1
2026-05-26,STR028,16,9782.37,13.69,10,1,2
2025-10-14,STR025,16,11050.95,13.63,9,4,2
2026-03-09,STR018,12,2883.76,11.42,6,4,3
2025-12-18,STR014,13,9022.9,12.38,6,3,1
2025-10-19,STR016,11,3118.52,15.09,8,1,0
2025-07-28,STR020,12,6084.57,17.0,10,2,0
2025-11-26,STR028,12,3541.57,12.0,6,3,2
2026-03-23,STR004,11,3433.7,13.27,4,2,2
2025-08-14,STR011,15,7755.19,17.33,9,3,2
2026-05-28,STR002,16,7109.59,19.0,12,0,3
2026-03-26,STR027,10,3936.07,17.6,6,2,1
2025-12-22,STR027,5,2902.11,15.4,2,1,0
2026-01-16,STR028,14,4408.13,14.21,8,2,1
2025-06-24,STR002,11,4340.95,17.45,8,4,1
2025-10-04,STR006,17,10974.57,11.65,8,5,0
2025-06-18,STR022,15,12129.97,14.93,8,4,1
2025-07-09,STR025,10,6242.16,16.6,7,4,1
2026-03-19,STR027,22,11149.61,17.91,16,4,1
2026-05-22,STR030,13,6012.69,16.85,10,4,1
2025-09-03,STR020,18,7582.03,18.78,13,0,5
2026-02-12,STR027,17,6334.45,15.71,13,4,1
2026-04-04,STR007,12,3860.15,18.5,10,3,1
2025-09-03,STR009,13,6277.4,14.08,7,3,0
2026-05-27,STR002,15,6269.58,14.87,6,5,2
2025-08-06,STR018,11,5712.26,17.55,8,2,5
2025-06-08,STR024,9,3716.89,15.11,5,3,1
2025-09-09,STR010,15,4559.61,14.53,8,4,2
2025-10-09,STR013,10,5154.3,12.4,4,1,0
2026-01-04,STR016,18,13587.28,16.67,11,2,0
2025-06-12,STR018,19,10362.58,15.95,12,6,2
2025-11-08,STR009,12,8824.31,15.75,6,4,1
2025-11-15,STR013,13,4755.48,16.38,8,3,1
2026-06-03,STR019,19,10275.08,14.58,11,2,1
2026-05-15,STR013,13,7167.55,13.23,4,1,1
2025-07-27,STR006,13,4649.99,17.54,9,3,2
2025-11-21,STR029,15,12658.81,12.87,10,3,1
2026-01-24,STR011,10,2899.23,16.3,6,2,2
2026-04-13,STR017,21,10369.97,18.05,12,5,1
2025-12-17,STR009,19,7924.81,12.95,10,2,2
2025-07-13,STR011,15,9663.54,15.67,10,4,3
2026-05-30,STR018,12,4775.31,20.17,9,3,0
2026-02-10,STR017,13,4456.43,18.54,8,4,0
2025-07-12,STR019,10,6445.48,18.0,6,1,0
2025-10-28,STR007,16,8731.18,22.88,13,5,1
2026-04-10,STR012,8,2308.67,16.75,5,3,1
2025-10-02,STR028,19,8149.1,18.21,12,5,1
2025-07-02,STR021,8,4033.69,13.63,5,3,0
2026-05-10,STR015,14,13132.72,17.64,11,2,0
2025-08-01,STR013,15,8726.85,14.67,9,3,2
2025-11-30,STR027,13,5725.17,16.54,9,5,0
2026-05-02,STR014,10,3754.84,20.6,8,4,4
2025-06-27,STR027,14,7698.19,14.5,6,3,1
2025-06-20,STR022,20,9357.11,14.25,11,3,4
2025-11-28,STR011,12,7185.52,21.5,10,2,0
2026-05-18,STR021,12,8752.2,14.25,6,3,2
2026-02-04,STR015,8,6472.37,19.88,7,1,0
2026-04-25,STR028,17,10837.68,13.88,7,5,2
2025-11-01,STR002,12,7234.64,13.83,7,0,1
2026-04-19,STR025,18,7609.61,16.17,8,4,1
2026-05-12,STR013,10,7880.1,22.2,9,4,3
2025-08-27,STR009,12,9464.65,13.67,8,2,1
2025-09-26,STR018,14,9028.56,18.36,10,3,2
2025-06-30,STR018,11,9609.7,13.64,7,1,0
2025-12-24,STR024,9,4741.84,16.0,5,2,1
2026-01-29,STR004,14,6598.43,15.0,6,7,0
2025-08-03,STR013,14,4259.36,15.14,9,5,1
2026-04-03,STR022,14,5482.44,18.79,10,1,2
2025-11-01,STR011,16,10091.18,18.38,12,4,0
2025-09-06,STR028,16,8477.86,14.88,6,3,1
2025-06-14,STR002,9,5943.11,15.0,5,1,0
2026-04-08,STR027,14,6916.87,19.79,10,4,2
2025-08-23,STR014,15,9701.95,17.73,9,1,0
2026-02-14,STR011,21,12903.26,19.19,17,3,1
2025-06-18,STR028,12,9571.54,16.75,6,3,0
2026-02-07,STR022,22,7195.41,14.55,13,6,1
2026-05-07,STR020,10,5262.94,19.7,8,1,1
2026-02-19,STR018,12,9395.77,18.58,11,3,1
2026-02-28,STR028,11,4891.61,17.18,7,2,0
2025-10-20,STR010,10,4222.23,15.9,9,4,1
2025-12-10,STR028,14,10580.94,18.36,11,3,1
2026-04-01,STR018,9,1724.2,16.0,5,2,2
2025-12-01,STR018,13,5901.98,17.15,9,2,0
2025-06-04,STR009,20,11262.04,19.65,12,3,2
2025-11-19,STR019,14,4764.22,19.21,10,2,0
2026-05-17,STR001,13,6280.7,15.46,8,1,0
2026-05-20,STR014,11,2373.96,15.36,6,1,1
2026-01-27,STR023,6,2303.66,19.67,4,3,1
2026-01-08,STR025,16,5557.17,13.13,6,5,1
2026-05-02,STR005,12,9040.43,17.33,8,1,2
2026-01-04,STR001,15,8130.75,16.13,8,5,1
2025-11-29,STR021,12,4691.82,16.67,7,1,2
2025-10-05,STR020,11,11485.59,21.09,7,3,0
2025-10-02,STR014,14,10968.26,15.07,8,1,1
2026-01-26,STR007,12,4252.9,16.42,7,2,2
2025-12-24,STR002,20,15548.75,16.45,11,6,2
2025-07-27,STR027,14,4802.54,25.64,12,4,2
2026-01-28,STR023,17,7111.35,19.29,14,4,2
2025-06-27,STR012,7,2993.35,15.0,6,1,0
2025-11-15,STR023,10,3372.6,16.1,6,3,0
2025-08-28,STR030,13,8835.69,20.15,12,2,1
2026-04-23,STR016,15,7045.59,16.8,12,3,3
2025-06-15,STR014,10,5616.02,15.9,5,3,2
2026-04-01,STR008,19,10453.89,16.58,13,6,2
2025-11-12,STR005,15,12306.53,15.47,8,1,1
2025-12-20,STR024,11,4464.65,14.45,3,2,1
2025-10-25,STR020,12,7137.98,13.67,6,4,1
2025-08-22,STR011,9,5143.56,15.67,6,3,1
2026-02-08,STR026,20,10577.61,17.75,14,4,3
2026-05-06,STR009,14,7007.68,13.79,8,1,0
2025-06-19,STR020,25,21498.8,17.44,15,6,5
2026-04-15,STR029,20,8425.63,17.2,12,3,1
2025-11-27,STR013,9,2714.31,15.67,7,2,1
2025-10-13,STR010,13,8925.25,14.69,9,2,0
2025-06-03,STR029,13,4958.8,12.62,5,1,2
2025-06-14,STR013,4,2187.9,14.75,3,1,0
2025-12-13,STR022,15,4835.58,17.33,8,0,2
2026-05-07,STR004,12,4622.98,15.75,7,1,1
2025-08-29,STR013,17,10763.61,15.12,9,3,0
2026-04-18,STR017,15,7571.02,14.07,7,6,2
2026-03-07,STR011,16,5576.59,13.75,9,4,0
2026-02-26,STR004,14,7239.84,10.5,5,4,1
2026-04-05,STR002,16,7482.82,16.63,10,5,2
2025-11-13,STR018,12,6681.94,17.33,9,2,2
2026-02-21,STR018,14,7138.02,15.86,9,5,1
2025-10-12,STR030,12,5316.23,14.33,8,1,1
2025-10-01,STR020,9,4007.09,14.67,6,3,1
2026-05-18,STR025,13,6065.74,13.69,8,2,1
2025-11-20,STR007,7,3535.55,16.29,4,1,0
2026-03-12,STR021,15,7612.67,14.2,7,1,1
2025-08-24,STR014,14,6883.87,22.0,9,1,2
2025-06-14,STR028,16,8894.98,13.38,8,3,1
2025-08-01,STR001,15,8078.97,16.6,10,2,3
2026-05-05,STR019,7,2133.23,21.29,5,3,1
2025-10-09,STR011,15,6002.83,17.13,10,4,1
2026-05-09,STR030,18,5501.21,16.22,13,5,2
2026-01-29,STR010,7,1825.35,15.86,6,1,0
2025-07-15,STR028,17,7085.31,12.88,7,5,4
2025-07-30,STR024,14,7216.47,17.5,7,2,0
2026-03-05,STR004,12,6825.45,19.75,7,2,0
2026-02-19,STR026,11,8025.34,13.36,6,0,1
2026-05-12,STR011,12,4731.84,15.75,6,0,0
2025-12-13,STR028,9,3435.12,15.11,5,2,0
2025-11-23,STR019,14,6731.52,11.64,6,3,0
2026-01-13,STR018,14,9279.98,13.29,5,2,1
2026-05-04,STR011,12,7149.77,16.58,7,2,1
2025-11-20,STR019,13,9681.6,25.31,10,4,0
2026-04-20,STR023,17,8054.74,16.59,11,6,4
2026-01-15,STR014,10,3438.17,13.2,7,3,0
2026-04-16,STR019,15,9277.08,19.27,11,3,3
2025-12-28,STR024,9,3174.13,18.78,5,1,0
2025-06-28,STR018,13,6590.99,14.69,4,1,2
2025-10-04,STR012,9,4321.21,18.44,5,5,0
2025-10-03,STR025,21,13128.21,15.19,13,3,3
2025-09-12,STR008,17,9258.94,20.06,14,4,1
2025-10-03,STR001,15,8148.26,17.6,9,0,2
2026-04-13,STR029,15,6602.74,19.73,12,5,2
2026-04-19,STR020,14,7592.33,14.71,5,4,1
2025-11-01,STR006,18,7065.11,15.78,12,2,3
2025-06-22,STR020,17,7025.04,15.76,10,4,2
2025-09-24,STR025,19,9362.04,24.37,17,7,2
2025-06-13,STR019,9,3211.23,14.67,6,1,1
2025-11-22,STR010,13,6592.99,13.54,7,0,2
2026-03-03,STR021,10,2906.95,16.9,7,1,1
2026-05-19,STR006,14,5414.94,14.14,8,5,1
2025-12-26,STR014,13,6813.86,14.46,6,1,0
2026-03-06,STR013,19,12082.91,14.16,12,4,2
2026-03-19,STR018,7,4358.19,14.71,4,3,0
2026-01-11,STR004,15,6719.4,13.0,7,3,0
2025-12-29,STR029,5,2543.2,17.8,2,2,0
2025-06-06,STR030,10,7522.91,14.1,5,2,1
2025-08-26,STR011,23,14972.97,16.26,17,9,5
2025-10-05,STR010,20,9092.25,13.55,14,4,1
2025-07-04,STR008,12,5093.41,14.58,7,3,0
2025-06-18,STR023,13,6889.03,12.0,8,3,3
2025-11-12,STR017,16,9944.82,12.94,10,1,3
2025-09-24,STR020,13,3528.08,15.46,11,3,0
2026-04-16,STR028,14,6285.49,17.14,9,2,1
2026-01-27,STR029,18,8947.15,16.0,14,4,1
2026-02-22,STR014,13,7319.19,18.62,9,4,0
2026-02-19,STR011,13,9995.22,11.69,4,2,2
2025-06-27,STR003,10,6596.96,20.9,7,0,1
2025-06-20,STR019,10,3936.49,18.2,8,4,1
2025-11-06,STR001,10,2550.2,15.3,6,2,1
2026-04-02,STR030,16,10312.66,18.06,12,2,3
2025-09-11,STR026,18,7897.89,12.22,9,8,1
2025-11-05,STR014,14,6815.52,14.93,10,4,1
2026-03-13,STR011,12,5321.47,18.08,10,1,2
2025-10-14,STR022,15,6293.7,17.4,9,5,0
2026-03-22,STR002,13,5103.68,14.15,7,5,1
2026-05-06,STR028,11,7488.43,14.82,4,2,0
2025-09-29,STR012,19,8943.06,18.42,13,4,2
2026-04-11,STR023,19,7825.72,15.05,11,6,1
2026-03-07,STR015,15,8474.22,16.53,8,4,1
2026-04-06,STR019,22,12251.56,19.41,14,5,3
2025-11-17,STR002,18,7081.8,21.17,15,7,1
2025-10-24,STR030,14,5129.75,15.71,9,1,1
2026-03-04,STR019,9,4253.76,15.89,4,1,2
2026-06-01,STR010,20,11965.81,16.55,11,2,4
2025-09-28,STR027,19,7533.57,18.11,15,5,3
2025-07-17,STR004,10,3587.65,20.6,7,2,2
2025-06-29,STR015,13,7888.23,11.85,5,2,2
2026-05-27,STR001,14,5309.05,18.64,8,5,2
2025-11-19,STR012,13,5715.46,15.77,7,3,0
2026-01-08,STR013,11,4088.82,19.91,9,2,2
2026-04-30,STR026,18,10605.19,17.72,9,7,1
2026-03-23,STR008,13,4424.48,14.77,8,3,0
2026-03-03,STR028,13,4519.41,15.46,6,0,1
2025-09-25,STR024,16,6355.27,15.25,10,2,1
2026-01-20,STR015,14,7043.25,13.36,7,5,2
2026-03-10,STR013,16,8600.23,13.06,8,1,0
2025-07-03,STR014,15,7027.88,13.33,8,2,1
2025-12-12,STR028,13,4747.36,16.38,9,2,2
2025-07-04,STR022,10,4985.28,15.3,8,2,1
2026-02-22,STR008,18,9108.07,17.33,13,5,1
2026-05-10,STR019,9,3557.1,14.44,4,2,0
2026-03-09,STR012,12,5810.22,15.58,7,2,0
2025-09-08,STR007,19,8582.96,13.95,13,1,1
2026-01-11,STR015,15,9465.49,15.93,10,2,1
2025-08-23,STR007,11,5604.77,14.91,8,2,2
2025-08-16,STR019,13,9370.35,16.77,9,1,0
2025-07-04,STR016,11,5370.14,15.55,8,3,0
2026-03-30,STR025,14,6191.56,14.29,8,3,2
2025-07-14,STR024,14,5673.38,18.0,11,3,3
2025-09-21,STR024,18,10561.26,14.61,8,4,1
2025-11-16,STR018,11,4227.25,19.82,9,2,1
2026-03-17,STR013,15,6834.4,18.0,10,2,1
2026-05-08,STR022,14,9880.75,13.86,8,3,1
2026-01-01,STR010,12,6734.9,20.0,8,1,0
2025-10-23,STR018,11,10039.36,15.09,6,4,1
2026-04-24,STR019,17,8659.13,17.29,11,7,3
2025-12-29,STR001,11,5528.25,16.73,9,5,3
2026-02-10,STR024,13,8844.65,15.08,6,4,2
2025-08-17,STR007,14,3661.04,15.36,7,2,2
2026-01-18,STR017,9,3129.59,15.11,5,2,0
2025-09-10,STR014,16,11196.45,20.63,12,2,2
2026-02-20,STR004,17,10848.83,16.76,12,2,1
2026-03-06,STR028,12,6043.54,18.25,8,1,1
2025-12-18,STR001,11,4191.66,13.55,8,3,0
2025-06-22,STR009,10,5910.19,18.4,6,4,0
2026-03-11,STR009,19,8735.57,16.47,11,3,2
2026-01-18,STR019,20,10015.85,17.55,12,4,0
2025-09-08,STR012,10,5797.22,15.7,6,3,2
2025-07-16,STR024,9,4260.47,13.78,5,2,2
2025-11-26,STR026,9,3585.98,20.33,6,2,1
2025-06-28,STR025,10,6666.17,20.2,8,0,0
2026-05-30,STR009,10,6064.32,17.6,7,5,1
2025-09-14,STR024,8,1650.58,12.0,5,2,2
2025-08-06,STR019,15,8003.95,15.73,8,1,0
2026-05-21,STR008,6,3987.7,16.67,2,2,0
2026-03-25,STR013,13,5916.57,19.46,11,3,4
2025-09-03,STR026,6,4000.88,16.83,3,1,0
2026-05-23,STR001,12,6401.82,14.5,8,3,1
2026-02-24,STR029,14,7751.65,13.0,9,1,1
2025-07-16,STR004,6,2521.27,11.5,2,0,0
2025-12-05,STR008,17,8030.62,15.12,12,3,0
2025-09-04,STR024,17,5114.52,14.94,7,3,1
2026-05-04,STR004,16,8613.66,17.56,13,3,2
2025-08-07,STR005,12,6745.75,17.58,9,2,1
2026-05-25,STR003,10,3350.08,14.3,7,1,0
2025-12-10,STR026,9,3506.36,12.22,4,4,0
2026-04-12,STR030,11,6893.62,16.91,6,1,0
2026-04-07,STR024,11,5808.74,10.45,4,1,0
2025-07-28,STR007,18,12009.37,17.22,12,4,2
2026-03-15,STR003,14,8659.13,15.0,9,4,1
2025-07-28,STR009,11,7297.53,12.82,4,0,0
2026-05-31,STR030,12,9930.46,18.92,7,4,0
2025-12-23,STR021,11,4465.04,15.18,9,5,2
2025-08-31,STR026,11,7155.22,18.27,7,1,0
2025-06-19,STR025,6,1957.39,24.33,6,1,3
2026-04-16,STR009,16,10713.35,15.56,10,5,0
2025-06-13,STR010,17,6731.65,14.53,10,2,1
2026-04-12,STR021,7,7648.86,15.71,3,1,0
2025-08-28,STR019,18,6372.83,18.28,10,4,0
2026-04-29,STR022,7,2969.03,14.0,5,1,1
2025-08-24,STR005,6,3854.78,17.33,4,2,0
2025-08-09,STR009,11,5278.55,18.18,7,2,0
2025-12-17,STR014,15,6728.78,17.67,12,4,1
2026-01-31,STR016,13,6188.2,21.31,11,4,2
2025-09-22,STR020,15,8617.94,16.53,9,5,0
2025-10-02,STR016,14,3864.99,15.64,7,1,2
2025-12-26,STR006,12,12649.61,12.58,6,2,2
2026-05-31,STR015,10,4702.2,19.2,6,2,1
2026-06-02,STR028,15,8375.83,17.87,10,2,0
2025-09-07,STR028,10,4408.58,11.2,3,2,3
2025-12-02,STR016,16,10382.64,15.44,9,0,0
2026-02-22,STR020,16,9461.74,18.25,10,4,2
2025-07-31,STR024,14,10099.47,12.79,6,3,1
2025-09-19,STR028,15,12754.88,20.6,11,4,1
2025-12-06,STR010,13,7563.78,17.15,7,5,2
2025-12-16,STR016,13,4903.3,18.69,9,3,2
2026-03-26,STR003,10,2560.19,16.2,6,1,0
2025-07-01,STR008,17,9605.17,19.12,13,3,3
2025-10-30,STR023,9,4495.07,16.44,4,2,3
2026-02-02,STR014,9,5011.91,21.78,6,2,1
2026-02-23,STR022,13,8159.21,15.69,9,5,0
2026-01-28,STR011,13,8014.59,18.54,8,3,0
2025-10-04,STR024,13,8648.13,12.54,7,3,2
2025-11-17,STR008,14,8946.17,16.64,7,0,3
2026-05-15,STR012,15,12067.28,17.6,12,3,2
2025-10-17,STR016,11,10052.7,15.82,6,3,1
2025-09-18,STR020,9,4097.01,13.44,5,3,2
2026-01-05,STR004,13,3976.95,19.62,8,4,2
2026-05-21,STR021,15,10525.31,15.93,9,3,2
2025-06-14,STR014,15,5479.03,18.2,10,5,1
2026-04-21,STR007,15,8002.39,17.33,9,5,1
2025-12-14,STR003,14,6580.1,13.64,6,3,1
2025-07-25,STR017,9,4321.01,19.89,7,3,0
2026-03-10,STR023,9,5396.09,15.67,5,2,2
2025-12-24,STR029,9,4265.74,26.22,9,4,1
2025-11-10,STR005,5,2630.33,22.0,5,2,0
2025-11-12,STR002,16,5355.39,18.0,9,4,3
2025-10-07,STR025,13,9199.62,19.46,12,6,1
2025-08-18,STR007,14,6910.89,17.71,6,2,0
2025-10-23,STR001,12,2537.41,15.75,7,3,2
2025-10-09,STR029,9,4240.87,14.0,4,2,1
2025-10-28,STR015,8,4464.6,16.63,6,2,0
2025-08-12,STR030,15,4938.21,16.07,11,7,1
2025-06-27,STR028,13,5095.09,16.08,9,2,0
2026-04-08,STR017,8,5871.25,13.88,6,2,0
2025-09-16,STR003,7,6515.23,21.71,4,1,1
2025-08-19,STR028,7,5586.05,18.43,5,2,1
2025-06-09,STR011,10,6763.77,21.3,8,4,0
2026-04-22,STR013,13,5604.09,17.0,11,2,1
2025-07-11,STR011,14,7236.85,16.07,8,1,3
2025-11-02,STR022,11,4406.8,17.91,9,2,0
2025-12-08,STR003,13,7318.45,20.46,11,2,3
2025-09-17,STR012,14,4698.6,14.07,9,4,3
2025-12-05,STR015,18,8836.07,16.94,14,2,2
2026-04-11,STR029,10,5985.55,16.6,7,1,0
2025-10-03,STR002,11,4526.88,14.91,6,4,1
2025-08-03,STR002,14,5795.12,14.71,12,1,1
2025-07-20,STR007,13,8730.82,17.92,8,3,0
2026-02-18,STR002,9,5104.4,18.22,6,2,0
2025-07-16,STR027,12,4373.86,16.92,8,1,1
2026-04-13,STR030,14,7152.62,15.57,11,4,2
2026-05-08,STR009,8,5282.28,15.63,5,0,1
2026-04-24,STR003,19,15069.1,18.74,14,5,2
2025-10-19,STR028,16,10240.93,18.44,7,7,1
2026-03-16,STR023,10,3948.76,25.0,7,4,0
2025-10-08,STR002,16,10392.67,11.88,6,2,3
2026-01-22,STR021,12,6539.61,16.58,7,1,1
2025-07-07,STR005,14,4753.96,15.57,8,3,0
2026-03-26,STR025,11,3694.81,13.27,7,2,2
2025-10-10,STR011,17,5695.7,15.76,11,4,1
2025-08-07,STR016,8,6345.32,18.38,6,2,0
2025-08-07,STR003,15,8130.58,19.0,9,2,2
2025-08-29,STR015,10,5010.17,20.4,7,1,3
2025-12-19,STR024,11,6948.93,12.55,6,2,1
2025-12-28,STR007,10,5433.71,22.0,8,0,1
2025-06-25,STR021,12,4609.85,17.0,8,3,2
2025-11-12,STR024,9,2811.26,19.44,5,1,1
2025-07-02,STR025,14,10206.69,13.21,9,4,3
2025-06-28,STR019,8,6342.41,16.25,6,2,0
2026-03-31,STR007,14,8600.46,18.71,10,2,1
2026-02-20,STR002,5,5987.11,16.2,3,1,0
2025-11-04,STR017,11,4782.09,21.36,9,3,1
2025-12-25,STR013,14,5384.33,14.07,9,5,2
2025-11-01,STR008,14,3886.2,15.07,5,3,1
2026-01-13,STR014,13,6632.38,16.0,7,1,2
2025-11-12,STR008,18,9239.5,15.28,11,2,3
2025-06-20,STR011,20,13865.31,14.95,12,1,2
2025-11-30,STR017,11,6941.78,19.27,8,3,0
2026-02-02,STR024,14,3184.62,17.36,10,3,1
2026-04-10,STR026,13,5034.0,14.77,4,2,2
2026-02-25,STR017,12,3733.37,15.17,5,4,0
2026-04-02,STR025,13,7117.52,17.31,7,2,3
2026-03-03,STR026,11,6918.37,18.91,8,3,1
2026-05-25,STR020,20,9223.07,17.65,11,5,1
2025-06-03,STR015,15,8345.06,20.6,12,4,1
2026-04-16,STR030,13,9770.42,17.08,10,3,1
2026-03-02,STR003,8,4301.94,16.0,5,2,1
2026-01-31,STR012,14,6353.09,15.29,8,3,1
2026-05-23,STR011,12,5771.05,15.25,9,2,1
2025-07-17,STR002,12,3535.77,16.67,5,0,1
2025-08-18,STR016,11,6255.13,19.27,7,4,2
2026-04-18,STR010,13,7613.72,11.92,5,1,1
2025-08-23,STR021,8,3900.0,16.0,4,2,0
2026-01-01,STR027,13,3756.46,18.23,10,2,2
2026-03-21,STR005,16,7257.86,16.75,11,5,1
2026-02-02,STR012,11,4437.61,13.82,5,2,2
2026-05-31,STR006,17,7403.7,17.41,11,2,2
2025-07-05,STR016,11,3227.95,16.0,8,2,1
2026-05-11,STR024,15,8121.85,15.6,9,2,0
2025-12-24,STR017,16,6793.17,18.5,11,3,1
2026-02-19,STR021,13,4375.14,15.31,8,3,1
2025-10-15,STR005,12,10129.75,11.08,5,0,1
2026-05-04,STR016,9,4237.99,17.89,7,1,1
2026-03-01,STR019,16,13183.63,12.75,7,0,2
2025-11-02,STR012,11,8200.01,14.55,4,4,2
2026-06-02,STR024,10,6234.28,14.9,5,2,1
2025-12-31,STR014,15,4211.98,15.27,9,1,0
2026-03-08,STR019,8,7443.9,19.63,6,0,2
2025-10-12,STR023,8,2975.38,13.25,5,3,0
2025-08-09,STR012,12,5079.11,18.0,9,3,1
2026-03-22,STR005,12,7352.6,18.67,6,3,3
2025-09-08,STR029,8,3993.48,17.0,5,1,0
2025-06-07,STR019,11,6862.7,12.36,5,1,3
2026-03-06,STR006,12,6033.32,14.67,9,4,2
2025-06-25,STR016,13,5038.34,20.46,9,1,1
2026-04-21,STR023,8,3374.42,16.13,6,1,1
2025-06-05,STR021,8,4088.41,13.38,4,3,1
2026-01-19,STR004,10,5829.72,14.8,6,3,1
2025-08-05,STR002,12,7613.32,19.25,8,4,2
2026-03-27,STR028,12,6764.45,12.83,7,3,2
2026-01-20,STR012,15,8782.93,16.6,8,3,2
2025-09-07,STR001,8,5424.49,17.13,6,1,1
2025-06-06,STR022,12,5006.2,16.5,10,2,2
2026-05-05,STR026,10,3448.92,18.5,7,5,0
2025-06-11,STR001,9,4572.17,17.0,7,1,0
2025-07-02,STR008,11,6334.14,12.36,4,6,0
2025-06-10,STR020,9,2613.21,19.89,5,3,1
2026-04-03,STR007,12,5626.8,14.42,9,4,1
2026-05-05,STR010,9,7242.55,21.22,9,2,1
2026-05-28,STR006,6,2622.12,11.83,3,1,0
2025-07-02,STR027,15,13039.48,13.93,11,5,2
2025-07-22,STR017,14,4634.14,15.79,11,5,1
2025-07-19,STR028,18,6547.39,18.89,12,5,3
2025-10-01,STR014,13,9689.17,21.08,8,2,0
2025-12-27,STR026,14,5599.6,16.5,11,3,1
2025-11-23,STR011,12,4368.06,15.25,8,4,1
2025-12-14,STR014,9,3543.4,18.67,8,1,1
2025-09-27,STR019,4,1532.51,15.0,2,1,0
2026-01-11,STR028,9,5897.82,13.67,6,2,1
2025-07-13,STR019,9,3458.32,17.89,7,5,1
2026-01-23,STR015,12,8341.16,18.17,8,2,0
2026-02-05,STR022,9,3306.37,17.0,6,2,1
2026-05-03,STR007,10,4066.65,11.9,4,2,1
2026-02-16,STR030,5,1788.17,10.8,2,1,0
2025-10-29,STR011,16,6796.26,19.88,12,5,3
2026-05-29,STR005,15,7766.85,16.6,9,1,3
2025-10-28,STR019,9,3622.8,14.67,5,2,2
2026-03-25,STR025,15,7564.28,14.6,6,1,3
2026-05-31,STR025,16,8172.08,15.19,9,2,2
2025-07-15,STR002,16,5227.18,17.13,11,2,1
2025-08-11,STR021,13,6881.74,15.23,7,1,0
2025-07-03,STR021,14,10176.49,14.07,6,2,2
2025-10-24,STR007,14,7082.02,14.5,7,3,2
2025-11-30,STR030,15,11223.36,15.0,8,3,0
2025-06-09,STR022,15,5293.2,19.27,9,0,1
2025-12-14,STR005,20,12909.29,17.95,14,2,1
2025-07-11,STR026,14,7584.67,15.07,10,6,2
2025-07-08,STR010,11,5701.97,15.18,7,5,0
2026-04-10,STR020,17,8817.21,12.65,6,3,1
2025-12-30,STR026,12,6517.71,12.92,6,2,1
2026-02-15,STR029,13,6253.77,17.46,10,5,0
2026-05-21,STR014,14,6930.53,17.93,7,4,1
2026-02-23,STR026,13,7206.96,15.0,9,2,3
2025-08-11,STR004,8,5305.09,18.63,5,1,1
2026-02-13,STR023,14,6672.47,11.93,5,2,0
2025-08-12,STR013,14,5896.25,16.71,10,2,1
2025-11-01,STR017,15,10348.13,17.2,8,3,2
2026-01-30,STR006,22,7491.7,16.95,12,7,3
2025-12-24,STR009,7,1479.65,10.86,2,2,0
2025-08-11,STR008,19,8579.63,15.0,11,2,0
2025-06-04,STR027,12,5003.91,17.5,7,1,1
2026-05-22,STR016,10,6143.48,17.0,5,3,2
2025-07-15,STR021,9,7018.21,13.67,7,1,1
2025-11-18,STR029,10,4537.79,12.4,4,2,0
2025-08-02,STR006,14,6953.04,17.14,8,4,2
2025-08-13,STR002,8,4300.41,17.5,7,4,0
2025-09-10,STR016,17,7545.75,13.53,9,4,1
2025-10-16,STR027,16,5741.21,17.38,10,5,3
2026-05-03,STR029,11,8530.59,17.36,8,2,1
2025-10-14,STR010,18,9199.99,14.72,10,3,2
2025-08-15,STR020,10,5536.96,13.6,6,1,1
2025-11-01,STR012,14,8508.72,14.36,6,5,0
2026-02-13,STR019,14,6741.68,13.29,5,2,2
2025-08-04,STR005,12,6550.25,18.5,7,2,1
2026-04-11,STR018,10,4281.72,11.3,3,2,1
2026-05-16,STR030,17,7396.31,17.47,13,3,0
2025-11-15,STR017,14,7380.95,15.71,10,3,3
2026-03-09,STR011,13,8709.86,14.69,6,2,1
2026-05-17,STR004,15,4305.47,18.27,10,4,0
2026-01-07,STR006,14,7774.82,18.36,9,1,0
2026-04-01,STR023,13,9448.44,17.77,9,2,0
2025-08-02,STR028,17,6864.56,20.24,14,3,1
2025-10-12,STR005,11,7928.99,12.09,6,2,1
2025-06-21,STR029,16,12520.61,14.69,8,4,3
2025-11-24,STR002,14,13764.4,12.43,7,3,1
2025-09-25,STR030,14,5357.08,16.93,10,4,1
2025-12-23,STR014,9,3628.34,18.11,7,2,0
2025-11-26,STR024,19,8707.91,15.53,11,5,0
2026-04-10,STR028,16,9140.04,16.0,10,5,0
2026-01-26,STR029,16,6274.84,17.81,10,5,2
2026-03-25,STR012,15,5362.21,15.2,10,4,1
2026-05-02,STR023,16,9148.04,20.13,13,2,2
2025-11-06,STR021,10,2971.28,17.9,7,2,1
2025-09-10,STR010,13,4270.66,18.46,10,1,2
2026-02-28,STR027,14,6947.45,17.64,10,4,1
2025-12-26,STR009,11,5545.73,14.45,5,2,2
2026-01-11,STR006,13,5962.68,12.54,7,3,0
2026-04-29,STR023,14,9118.6,17.5,8,3,2
2025-08-11,STR018,15,5822.34,13.27,8,4,0
2026-01-08,STR026,12,7769.27,18.67,8,2,0
2026-02-14,STR028,11,5178.48,15.0,6,1,1
2025-11-30,STR011,18,7452.75,20.28,11,2,0
2025-10-19,STR025,13,6719.43,17.31,7,3,0
2025-07-06,STR014,10,4975.85,21.9,8,4,2
2025-10-28,STR025,11,5920.55,14.27,7,3,0
2026-01-25,STR020,10,3844.12,14.2,5,3,0
2025-06-14,STR010,21,11751.45,17.24,15,3,3
2026-03-07,STR025,9,5577.65,10.56,3,0,1
2025-10-09,STR018,21,9359.01,15.0,9,2,3
2026-01-29,STR012,16,10422.92,15.5,7,3,1
2025-09-05,STR028,13,6638.27,20.77,7,2,2
2025-08-31,STR022,17,5654.87,20.18,12,2,4
2026-01-19,STR006,13,8810.29,20.15,11,3,1
2026-02-03,STR027,17,13455.27,17.59,12,2,0
2025-10-28,STR021,16,7011.93,14.5,10,4,5
2026-01-05,STR010,13,6427.99,15.69,6,2,3
2025-11-09,STR002,15,8163.3,18.67,9,3,1
2026-06-02,STR010,18,13902.04,14.67,10,3,3
2026-04-15,STR012,18,11235.46,15.11,9,3,1
2026-02-03,STR007,13,5391.45,17.54,9,4,2
2026-03-29,STR009,8,6301.99,17.13,5,2,1
2026-05-04,STR025,11,5402.19,12.73,7,4,0
2025-11-13,STR025,12,8252.92,18.67,9,1,4
2026-02-20,STR028,20,11298.97,17.7,13,2,2
2026-04-05,STR023,9,2656.35,14.56,5,5,0
2025-11-01,STR019,13,6179.35,17.54,10,1,0
2026-05-20,STR029,8,6510.5,16.0,6,1,1
2026-01-22,STR030,15,10436.08,18.8,10,1,0
2025-09-02,STR004,11,8617.8,12.09,5,1,3
2025-10-30,STR002,14,6677.44,15.86,9,2,3
2025-12-29,STR022,20,15434.21,16.2,12,5,0
2025-10-12,STR011,13,6146.87,14.0,11,3,1
2026-04-29,STR020,17,9346.23,18.76,12,6,0
2026-02-15,STR010,19,12484.81,14.05,13,3,1
2026-04-14,STR004,8,5203.83,12.88,5,2,0
2025-08-25,STR005,16,8056.09,16.0,8,4,3
2025-12-17,STR028,14,9947.43,15.79,8,0,1
2025-10-27,STR028,12,8402.26,17.33,7,3,0
2026-01-26,STR023,13,9392.07,19.08,9,2,2
2026-04-10,STR013,18,9399.23,17.67,11,5,2
2025-06-11,STR014,15,7400.66,18.0,11,4,1
2025-08-20,STR027,10,3099.44,10.7,2,4,0
2025-10-23,STR013,18,8507.73,15.94,10,5,3
2025-10-17,STR022,11,6796.72,15.09,6,2,1
2026-05-24,STR012,15,7311.35,18.93,11,6,1
2026-05-03,STR005,17,10742.63,19.24,15,4,3
2026-01-24,STR005,16,10167.97,13.56,8,2,1
2025-09-08,STR014,19,6811.44,18.84,13,2,0
2025-06-14,STR005,6,1944.84,12.5,2,0,1
2025-11-21,STR013,12,4324.25,13.83,8,1,0
2026-05-07,STR008,15,6171.95,16.67,9,3,4
2025-11-16,STR007,26,12322.43,17.46,18,4,2
2026-03-05,STR013,9,2964.46,13.56,5,2,0
2025-07-24,STR027,10,4479.35,9.9,2,1,2
2025-10-11,STR012,10,6284.07,12.1,4,1,2
2025-11-11,STR017,16,6042.88,16.69,9,1,4
2025-06-26,STR030,16,7867.58,17.06,7,4,3
2025-10-26,STR021,7,5306.29,12.29,3,2,1
2025-06-17,STR029,14,6659.08,15.79,10,6,0
2025-10-19,STR017,14,9200.52,20.64,10,2,2
2025-10-01,STR011,16,7452.2,17.13,12,3,0
2025-06-16,STR014,16,9084.55,12.94,10,4,4
2025-09-27,STR020,16,6049.94,16.13,11,3,3
2026-01-14,STR024,13,4584.99,18.69,10,1,3
2026-02-25,STR025,15,5325.5,14.73,9,4,1
2025-11-15,STR003,17,11797.33,16.35,10,3,4
2026-04-22,STR021,12,2897.4,14.92,8,2,1
2026-04-25,STR006,9,4361.99,18.0,5,3,2
2025-11-10,STR025,11,4120.59,20.36,8,2,1
2026-02-11,STR002,16,10642.93,17.63,10,5,1
2025-10-15,STR010,21,9541.49,15.43,14,3,2
2025-07-18,STR003,15,6278.87,15.8,9,4,0
2026-05-28,STR030,17,11145.75,17.76,10,2,1
2025-10-30,STR020,18,9125.02,16.28,12,5,2
2026-01-17,STR010,16,12511.52,14.69,10,3,1
2026-03-09,STR015,18,8212.39,15.44,11,4,2
2026-04-09,STR015,15,9184.62,19.87,10,1,3
2025-12-05,STR012,11,6683.7,14.91,8,1,1
2025-09-17,STR028,11,6997.93,18.64,6,1,2
2026-05-18,STR017,15,7227.83,14.0,11,3,2
2025-08-08,STR016,15,6600.17,17.27,7,2,4
2026-05-10,STR017,12,4993.41,17.75,10,3,1
2026-04-06,STR027,20,8641.4,12.85,8,3,2
2025-09-02,STR019,16,8070.84,14.38,7,4,1
2025-09-12,STR013,15,7705.37,12.87,9,2,4
2026-01-06,STR018,9,5389.66,20.78,7,3,0
2025-10-26,STR027,12,7194.27,20.67,10,5,2
2025-09-20,STR021,16,9285.49,15.38,9,0,3
2025-09-18,STR001,15,7566.2,12.47,7,2,3
2026-05-15,STR020,11,7908.93,17.18,7,1,0
2025-08-18,STR021,14,9017.64,14.79,8,2,1
2026-01-16,STR013,19,10570.53,17.89,12,7,1
2026-03-02,STR007,14,12554.8,18.07,11,3,0
2026-01-29,STR015,14,7203.17,15.86,7,1,0
2026-01-26,STR002,16,9342.73,18.56,12,3,3
2025-12-10,STR012,15,7027.81,19.13,12,2,1
2025-11-28,STR020,18,5230.38,19.0,11,3,2
2026-04-15,STR010,17,12862.24,16.82,13,5,1
2026-05-15,STR010,10,6935.12,16.3,7,0,0
2026-04-22,STR007,8,1844.2,16.13,5,2,0
2026-03-21,STR018,13,5152.71,15.08,6,4,1
2025-11-15,STR001,6,3394.63,10.67,2,1,0
2025-07-07,STR030,17,8692.3,15.24,7,3,1
2026-04-15,STR008,14,7564.71,18.14,9,3,0
2025-11-20,STR008,11,4701.19,14.73,6,1,2
2025-07-04,STR028,17,6763.09,13.29,8,3,0
2025-06-14,STR017,11,4381.12,14.82,4,5,1
2026-04-23,STR001,12,7567.24,14.83,6,2,2
2025-07-21,STR009,9,3499.63,14.89,6,3,1
2026-01-22,STR007,14,4890.98,15.29,8,0,1
2025-06-21,STR016,15,6548.56,15.33,8,3,1
2025-08-18,STR003,16,4885.71,17.0,7,1,2
2026-05-09,STR005,16,10006.11,15.19,10,1,0
2025-11-24,STR010,11,3602.2,18.18,7,4,1
2026-04-11,STR008,20,9449.78,15.7,14,3,1
2026-03-06,STR017,15,8716.11,16.2,10,2,0
2025-08-21,STR014,12,4527.42,19.67,7,1,2
2026-01-06,STR004,22,7199.25,16.14,11,3,5
2025-10-19,STR024,10,4287.67,15.3,7,0,0
2026-05-20,STR010,14,6167.04,13.79,10,3,0
2025-07-06,STR027,10,3290.25,13.0,6,4,0
2025-12-29,STR012,15,10639.09,13.93,8,5,3
2025-12-20,STR025,7,5134.89,9.86,3,0,0
2026-01-01,STR013,8,3055.61,15.5,4,1,0
2025-09-15,STR012,12,6393.42,10.83,3,1,3
2025-07-26,STR012,16,8922.17,19.56,13,3,0
2025-12-17,STR004,19,6760.35,17.84,14,5,1
2026-04-28,STR006,14,7476.19,14.29,6,1,1
2026-05-06,STR007,14,6290.99,14.0,7,1,0
2026-05-30,STR025,10,5617.82,14.0,5,3,2
2025-08-19,STR009,11,7292.9,19.45,9,4,0
2026-05-15,STR009,16,6307.38,16.63,12,4,5
2025-06-28,STR022,7,2580.89,18.43,6,1,0
2025-07-08,STR016,22,9496.52,13.73,12,4,3
2026-04-24,STR029,13,6555.89,16.31,9,3,0
2025-07-03,STR019,18,9884.75,19.28,12,6,1
2025-08-18,STR010,14,8087.71,15.0,8,9,0
2026-05-25,STR029,18,10446.73,18.39,15,6,3
2025-10-24,STR028,17,7065.17,15.29,10,4,2
2025-11-12,STR021,12,6114.41,18.17,7,5,2
2026-03-25,STR006,15,7847.34,20.13,6,7,1
2026-02-17,STR005,17,10891.03,15.41,12,5,1
2026-05-01,STR015,6,4354.07,20.0,5,2,1
2025-11-28,STR023,14,3992.21,14.64,9,3,0
2025-08-27,STR005,9,4221.3,19.78,5,2,0
2025-09-16,STR025,10,4039.61,18.5,6,0,0
2025-12-18,STR002,12,6962.78,18.58,7,6,2
2025-09-22,STR002,14,10418.95,18.0,8,6,0
2026-06-01,STR026,11,8782.71,13.18,6,3,1
2025-12-25,STR023,8,3787.86,19.13,5,2,0
2026-05-09,STR027,8,4846.6,20.63,5,0,1
2025-06-03,STR004,13,5999.81,20.31,12,1,4
2025-10-21,STR008,16,11549.68,16.13,12,3,1
2025-06-28,STR009,10,3722.71,19.3,7,2,2
2026-02-21,STR003,18,11694.01,18.83,12,7,2
2025-10-24,STR019,14,3781.3,15.86,10,3,1
2026-05-12,STR017,14,5381.89,13.79,6,4,4
2026-01-19,STR030,10,5757.02,15.7,5,3,0
2026-04-28,STR024,11,6249.71,15.0,7,3,1
2026-04-07,STR021,12,9372.36,14.5,7,2,3
2025-09-23,STR004,13,7417.68,17.54,8,3,0
2026-01-10,STR017,21,8312.64,19.29,13,6,3
2025-12-24,STR027,13,5182.06,17.62,12,2,2
2026-04-07,STR007,9,5310.29,16.78,6,2,1
2025-10-18,STR014,17,8279.81,20.76,11,4,2
2026-01-31,STR011,21,11803.51,17.86,14,4,0
2025-11-16,STR030,14,6731.22,13.43,7,2,1
2025-11-13,STR022,15,8445.62,16.33,9,2,2
2026-01-27,STR006,18,8487.93,16.28,9,3,3
2025-12-15,STR022,16,11048.32,16.19,10,3,2
2025-12-21,STR015,13,7222.95,20.62,10,3,3
2026-04-20,STR029,13,5609.03,16.38,8,2,1
2025-12-31,STR007,12,3173.77,17.17,7,5,1
2025-12-06,STR009,14,5881.78,20.71,13,5,0
2025-11-12,STR020,12,6198.31,16.83,7,3,2
2025-11-27,STR021,13,8568.05,15.77,7,3,2
2025-11-21,STR022,13,4531.76,12.31,5,2,0
2025-09-24,STR006,13,8541.98,13.77,7,3,0
2026-05-01,STR023,11,6793.36,17.36,9,3,0
2025-12-16,STR002,16,9198.21,20.13,11,6,1
2026-01-07,STR010,10,3072.84,14.8,5,2,1
2025-12-08,STR012,8,3758.9,12.75,3,1,2
2025-12-01,STR008,14,6363.95,20.29,9,3,2
2025-11-15,STR029,21,13462.67,17.76,15,3,2
2026-04-26,STR002,15,11720.14,21.13,10,3,3
2025-10-05,STR029,13,9608.76,17.38,10,2,1
2025-10-13,STR024,12,8805.65,16.0,8,1,0
2025-07-04,STR006,13,8068.15,15.77,6,1,3
2026-01-30,STR008,13,7925.07,19.15,9,2,3
2025-08-14,STR009,12,8248.95,12.83,5,0,2
2026-04-01,STR017,14,10030.11,13.71,6,4,1
2025-10-09,STR002,12,5898.6,14.33,7,2,0
2025-10-14,STR026,13,8413.2,18.38,9,4,1
2025-08-22,STR026,7,3835.94,18.57,5,2,1
2026-04-16,STR020,16,9182.44,18.5,9,3,2
2025-11-24,STR025,16,7958.79,19.94,13,2,2
2025-11-18,STR001,14,7927.28,15.93,11,2,2
2026-03-28,STR014,10,4951.15,14.3,5,3,1
2025-12-20,STR023,11,4626.62,15.73,6,1,1
2025-11-29,STR012,16,8471.58,14.25,9,1,4
2026-06-03,STR021,9,2234.9,16.56,4,3,3
2026-04-10,STR007,13,4663.53,17.0,11,3,1
2025-07-29,STR008,11,4029.49,19.18,8,1,2
2026-01-13,STR025,14,7751.78,12.0,8,2,2
2025-06-17,STR021,10,5574.55,11.1,4,3,1
2026-04-12,STR028,12,8081.62,10.83,3,3,0
2025-08-14,STR021,13,4372.17,17.92,8,2,2
2026-03-03,STR011,12,5313.93,14.92,7,3,1
2025-12-26,STR019,18,7876.01,16.22,11,3,2
2026-04-15,STR013,11,4149.34,16.18,6,2,1
2026-02-06,STR022,14,4346.12,18.5,9,2,2
2025-06-09,STR028,13,6798.95,16.0,9,2,0
2025-06-19,STR002,15,6394.58,12.33,6,3,1
2025-12-28,STR017,10,5244.78,18.4,6,3,1
2025-12-24,STR013,19,10756.71,16.32,11,2,2
2025-08-16,STR010,15,8894.05,18.87,9,2,4
2025-06-04,STR015,12,6621.62,14.25,6,3,2
2026-03-05,STR006,12,5629.74,18.75,9,1,1
2025-11-28,STR008,23,8681.75,17.22,13,7,5
2025-10-30,STR016,9,2975.75,22.78,7,2,0
2025-10-03,STR013,13,6850.81,15.46,6,0,2
2025-10-02,STR008,21,12045.13,15.33,15,5,1
2026-04-27,STR016,14,7878.52,16.5,7,3,2
2025-06-08,STR009,9,4534.9,14.33,5,1,0
2025-06-15,STR027,12,3802.75,17.5,7,3,0
2026-01-31,STR017,13,6043.41,21.38,9,0,0
2025-12-16,STR003,8,4392.07,16.75,5,1,0
2025-08-06,STR004,14,5489.75,19.0,7,4,1
2025-08-24,STR011,20,10791.1,14.05,11,1,2
2025-08-19,STR015,23,7729.72,15.17,14,3,2
2025-09-06,STR029,13,5821.65,13.08,7,2,1
2026-05-03,STR024,18,8703.51,16.33,11,3,2
2025-11-18,STR004,11,5768.06,20.36,8,1,2
2025-07-23,STR017,12,4224.86,11.33,3,1,2
2025-12-21,STR026,12,5208.09,19.83,9,1,1
2026-01-17,STR001,13,4604.92,18.08,8,3,1
2025-12-31,STR008,17,6025.8,17.06,14,4,4
2025-11-18,STR023,15,12306.86,15.67,8,5,0
2025-12-13,STR025,10,5239.29,18.8,7,4,0
2026-04-19,STR026,12,5804.11,17.42,7,1,1
2026-05-08,STR014,14,5962.06,12.86,6,3,1
2026-01-28,STR003,13,7617.7,14.92,8,5,1
2026-04-16,STR012,16,7094.18,18.44,12,3,1
2026-01-21,STR008,12,4390.55,14.5,7,0,2
2025-09-24,STR019,15,7525.08,15.87,8,0,0
2025-09-21,STR013,14,5553.35,15.5,8,2,3
2026-06-02,STR021,18,9881.08,14.17,11,4,3
2026-04-21,STR024,11,3815.79,17.36,7,4,1
2026-02-18,STR015,13,3276.62,14.62,7,7,2
2026-03-31,STR009,12,4217.55,15.58,7,4,1
2025-06-25,STR007,14,4344.49,18.43,9,1,1
2025-09-17,STR005,19,9582.15,14.84,14,3,1
2026-05-16,STR027,11,4403.27,17.73,9,3,2
2025-11-05,STR001,9,7011.62,11.0,3,3,2
2025-10-29,STR003,15,6939.03,18.33,10,5,3
2026-04-23,STR009,16,9402.26,15.69,10,3,3
2025-10-08,STR014,22,12730.18,15.5,14,3,0
2025-08-14,STR020,23,9458.74,17.74,15,4,4
2026-01-21,STR020,11,5236.87,17.82,6,1,3
2025-11-02,STR005,16,7774.17,18.38,11,4,1
2025-07-26,STR005,13,4432.44,16.54,7,5,2
2026-01-30,STR018,7,4894.9,18.14,5,2,1
2026-03-01,STR013,26,16531.74,18.58,19,4,2
2025-11-29,STR009,15,6322.14,16.2,11,4,0
2025-10-11,STR027,17,11804.54,19.35,12,6,1
2025-06-26,STR013,10,4365.75,14.7,5,1,1
2026-04-09,STR024,12,5297.97,18.08,9,4,4
2025-06-06,STR005,15,5406.28,14.87,9,5,2
2026-04-06,STR007,15,7914.54,18.2,11,2,1
2026-01-15,STR027,16,9374.19,16.44,9,4,2
2026-02-21,STR009,16,6253.38,18.38,9,3,0
2025-06-12,STR012,16,10932.42,16.88,10,5,2
2025-07-23,STR005,10,4938.12,17.5,7,4,1
2026-04-03,STR026,17,14129.48,14.88,10,3,1
2026-05-15,STR005,13,11246.32,18.77,10,0,0
2026-03-30,STR029,11,4031.05,22.55,9,4,0
2025-08-19,STR008,17,9050.56,14.65,11,2,1
2025-07-30,STR025,14,7109.35,20.5,12,1,2
2026-02-22,STR003,10,4777.63,17.3,6,3,1
2025-06-04,STR024,7,4384.63,17.86,5,3,0
2026-03-07,STR022,20,12104.37,19.8,16,4,1
2026-01-10,STR010,10,4731.68,11.3,5,4,1
2025-08-01,STR012,8,3009.85,16.25,5,1,0
2026-01-22,STR023,15,12123.62,16.2,11,5,0
2026-04-23,STR027,11,7826.9,13.73,7,4,0
2025-06-04,STR030,15,7873.49,16.6,8,4,1
2025-09-13,STR011,11,5023.39,16.27,6,1,0
2025-06-07,STR005,15,9412.62,19.13,12,4,1
2025-10-07,STR013,12,4195.07,11.67,5,3,0
2025-11-03,STR014,19,11829.29,17.68,13,6,6
2026-04-19,STR001,8,7442.76,14.88,3,0,1
2025-06-11,STR027,16,8845.74,19.75,13,5,2
2026-04-21,STR015,17,7146.2,15.35,11,1,2
2025-06-17,STR016,16,5767.75,13.13,10,2,4
2026-01-04,STR006,15,9858.38,13.6,5,4,1
2025-12-20,STR020,13,6894.85,16.77,8,1,1
2026-05-28,STR020,12,6282.36,15.58,7,3,3
2026-03-14,STR010,16,10257.66,13.75,8,3,4
2026-01-07,STR007,8,4014.49,15.13,5,1,0
2025-08-27,STR001,12,9472.62,17.17,8,2,2
2025-10-08,STR006,19,12840.76,17.16,15,1,0
2025-08-12,STR018,12,7080.55,19.92,10,4,2
2026-01-31,STR013,16,6611.26,14.88,10,6,4
2025-08-17,STR028,11,7498.56,15.91,6,2,0
2026-01-17,STR018,13,5731.61,15.23,6,5,0
2026-03-22,STR007,11,2241.43,14.64,7,2,0
2026-04-06,STR002,10,6046.36,14.2,7,2,0
2025-11-29,STR019,10,3625.5,15.6,7,2,1
2025-12-22,STR025,15,5178.3,22.87,11,5,1
2025-07-25,STR027,10,5233.52,13.3,5,3,1
2026-05-01,STR025,10,8573.05,19.1,7,2,0
2026-01-11,STR011,4,3391.13,25.75,4,0,0
2025-11-15,STR011,10,5577.56,20.3,4,2,2
2026-01-06,STR007,13,11143.56,16.92,8,1,1
2025-12-25,STR006,13,4647.65,15.85,7,1,2
2026-01-27,STR019,16,7556.68,15.19,7,3,0
2026-03-19,STR014,19,12329.04,12.58,13,6,1
2026-01-26,STR008,12,9191.08,12.08,5,4,2
2025-09-01,STR025,14,12143.61,20.5,9,5,1
2026-04-20,STR013,14,5033.66,12.0,7,2,0
2025-11-20,STR016,14,6146.8,20.43,11,0,0
2025-06-13,STR020,18,5779.18,16.5,11,3,2
2026-02-10,STR003,19,6585.98,19.21,12,5,0
2026-03-05,STR014,13,9090.16,17.62,12,1,1
2026-01-20,STR023,5,2497.13,14.6,3,1,0
2025-12-22,STR021,14,8257.84,15.21,6,1,1
2025-07-10,STR005,12,7695.6,14.67,8,4,0
2025-09-07,STR029,17,9050.69,17.88,10,4,2
2025-08-05,STR028,13,4873.92,20.15,8,5,0
2025-06-11,STR025,14,6263.69,15.14,9,3,3
2025-06-29,STR028,9,4273.29,17.11,7,2,0
2026-02-07,STR025,16,11695.54,16.0,11,7,1
2026-05-28,STR014,10,7389.29,24.9,8,1,1
2025-11-14,STR025,7,3434.74,19.14,5,3,0
2025-12-01,STR013,10,4484.99,14.9,7,1,0
2025-08-23,STR010,10,5612.5,20.7,8,2,2
2025-08-11,STR023,17,6521.54,14.29,9,5,3
2026-03-26,STR020,15,5538.97,16.4,10,3,0
2025-12-30,STR013,18,10440.48,17.28,11,2,1
2025-09-29,STR005,18,9156.5,14.56,10,5,1
2025-11-05,STR024,20,8175.55,14.65,12,7,3
2025-07-08,STR007,10,6286.2,12.7,5,3,0
2026-02-23,STR024,20,9592.06,15.2,12,1,4
2025-09-21,STR011,13,5108.25,20.62,8,1,2
2026-02-27,STR020,16,6324.3,14.06,9,1,2
2025-06-04,STR007,8,5530.03,22.5,5,2,1
2026-03-27,STR024,15,7702.92,18.47,10,3,2
2026-01-15,STR015,19,12217.52,15.05,12,3,1
2025-12-02,STR029,7,8455.2,13.86,3,0,1
2026-01-25,STR008,19,6331.05,16.37,9,8,0
2026-01-09,STR015,10,6935.59,18.6,9,4,0
2026-04-24,STR001,16,4208.51,19.06,10,5,3
2026-02-20,STR008,19,10400.9,17.0,12,5,4
2026-05-17,STR017,15,10465.56,17.13,7,6,1
2025-11-29,STR023,9,3646.99,18.44,5,3,0
2026-01-23,STR030,7,2396.33,13.71,4,3,1
2026-04-18,STR008,13,4958.78,18.31,9,3,1
2025-11-20,STR003,7,2590.43,13.14,3,4,0
2025-06-13,STR029,14,6498.66,17.07,7,4,2
2026-02-01,STR028,13,4971.08,17.38,10,4,2
2025-07-09,STR005,9,4712.12,10.33,4,3,0
2025-10-19,STR029,11,7191.46,16.09,8,2,1
2025-07-25,STR011,16,11567.7,20.56,11,3,1
2026-05-11,STR025,10,5139.29,11.7,3,4,2
2026-04-04,STR004,10,3734.5,15.2,4,3,0
2026-01-04,STR010,12,6605.88,14.75,9,4,1
2025-10-05,STR008,13,6498.45,18.23,11,3,4
2026-03-08,STR001,22,11426.37,14.14,11,1,2
2025-12-06,STR008,13,7563.6,18.46,11,2,1
2025-07-29,STR015,14,9313.74,14.0,8,6,0
2026-02-13,STR012,18,10409.58,12.11,9,2,4
2026-03-25,STR016,13,7864.13,15.54,8,5,1
2025-06-25,STR002,14,6502.91,14.29,7,4,4
2025-12-14,STR022,11,6902.84,17.55,7,1,3
2026-05-29,STR029,10,7355.73,14.3,7,2,0
2025-07-13,STR029,10,7141.34,12.1,5,1,1
2026-02-12,STR016,20,10244.79,16.75,13,7,1
2026-05-25,STR026,11,8351.4,18.36,7,1,2
2026-01-19,STR017,12,6898.06,12.92,4,3,0
2025-11-29,STR018,17,8901.62,15.71,13,3,1
2025-07-10,STR006,9,3935.96,18.78,6,3,0
2025-08-22,STR010,12,8493.03,16.92,6,0,0
2025-09-06,STR021,19,12484.27,15.05,10,7,2
2025-07-04,STR029,7,2868.58,21.29,7,0,1
2025-11-12,STR009,16,5770.82,15.06,7,4,1
2026-04-09,STR018,12,5287.09,16.75,10,5,1
2026-03-13,STR015,10,6213.09,18.0,6,1,1
2026-04-22,STR008,18,8566.51,16.06,8,2,4
2025-10-14,STR009,11,4848.8,23.36,7,1,1
2026-03-23,STR002,9,8414.23,18.89,8,1,2
2025-07-12,STR023,11,5223.71,16.0,4,1,1
2025-12-11,STR025,19,6977.03,15.37,10,3,3
2025-12-02,STR010,14,5699.83,16.5,10,2,1
2025-07-30,STR023,9,5723.23,18.56,5,3,1
2025-11-17,STR010,8,4678.26,15.38,4,4,1
2026-05-14,STR027,13,8576.26,15.0,9,3,3
2025-12-23,STR030,12,7438.97,13.58,6,2,3
2025-11-05,STR027,14,10752.99,17.21,8,3,0
2026-03-14,STR009,15,7628.57,18.4,10,4,1
2025-09-10,STR024,15,8046.81,14.6,7,1,5
2025-11-09,STR010,14,9407.71,17.93,13,2,2
2025-06-06,STR008,11,3267.08,12.27,3,3,3
2026-03-17,STR027,12,7771.76,18.42,10,1,0
2026-05-24,STR030,11,11363.87,14.64,7,5,1
2026-04-01,STR019,16,13366.86,16.31,11,2,1
2025-08-26,STR022,15,5916.68,11.6,7,2,2
2025-08-18,STR009,15,9212.05,21.47,9,4,1
2025-11-27,STR008,15,6433.89,18.27,11,1,3
2025-08-04,STR016,15,9778.64,17.33,8,4,0
2025-07-10,STR025,7,6779.13,19.43,4,1,1
2026-05-31,STR011,11,4530.76,18.27,8,3,2
2026-01-27,STR011,17,8726.91,17.18,12,6,0
2026-04-08,STR005,9,5941.04,14.44,5,1,0
2025-06-12,STR022,10,5094.68,15.4,5,3,1
2026-04-30,STR006,19,6854.83,14.42,9,1,2
2026-05-12,STR005,18,7325.78,19.67,16,5,0
2026-03-04,STR002,11,5308.45,18.36,5,5,0
2025-06-13,STR006,12,6371.36,13.17,6,3,4
2026-05-04,STR017,18,6641.9,17.44,12,3,2
2025-11-09,STR012,9,5353.57,16.11,6,1,2
2025-08-04,STR018,10,4241.86,20.5,9,4,2
2026-04-19,STR015,21,9561.61,19.19,13,2,5
2026-05-26,STR013,13,12869.13,19.0,9,2,0
2026-03-09,STR003,14,7034.21,15.14,9,1,1
2026-02-09,STR026,17,10654.73,16.41,11,4,5
2025-08-04,STR026,18,8835.66,18.44,15,2,3
2026-05-05,STR029,15,10445.77,14.6,10,6,4
2025-11-26,STR027,16,8309.93,15.19,9,4,0
2026-05-25,STR025,17,8211.5,17.82,12,4,2
2025-10-01,STR013,19,9115.74,15.0,10,6,2
2025-09-03,STR012,11,9131.96,19.09,8,2,0
2026-06-01,STR019,20,8935.15,16.55,11,7,2
2025-12-15,STR005,9,5974.26,11.89,3,1,0
2025-12-17,STR030,14,8481.21,17.29,10,2,0
2025-06-05,STR019,12,3976.46,12.75,8,2,2
2025-12-22,STR014,16,9377.13,12.13,7,1,0
2025-12-12,STR013,12,9492.03,17.58,7,5,0
2025-09-01,STR001,12,9321.21,23.5,10,2,1
2025-12-10,STR002,15,11719.5,14.27,5,4,0
2025-12-14,STR021,14,7666.55,16.86,7,4,0
2025-10-26,STR020,13,7632.83,12.54,6,4,0
2026-02-17,STR019,13,6462.51,14.38,9,6,2
2025-06-06,STR016,13,7507.47,13.92,7,1,2
2025-09-10,STR017,8,3689.9,12.13,4,1,3
2025-11-07,STR011,18,10254.82,15.72,11,3,6
2025-07-08,STR008,17,11450.1,16.65,10,2,2
2025-11-14,STR028,15,8356.2,16.07,6,0,2
2025-06-18,STR012,12,5802.73,18.83,8,3,4
2025-09-29,STR004,8,3787.51,12.0,4,2,1
2026-01-07,STR003,10,5659.68,19.1,10,1,0
2026-05-24,STR020,17,7194.05,16.59,10,2,3
2025-08-07,STR002,13,4523.71,20.92,8,4,1
2025-08-10,STR004,15,6344.71,15.6,8,3,4
2025-10-02,STR030,15,7917.72,17.07,11,3,3
2026-03-15,STR011,12,6903.85,12.67,6,4,0
2026-02-12,STR024,11,6844.22,18.45,6,2,0
2025-07-28,STR023,14,6794.77,17.0,9,2,5
2026-03-01,STR027,8,3189.88,21.88,7,4,2
2026-03-18,STR001,9,3627.68,13.11,4,1,1
2026-01-23,STR025,12,5440.02,14.83,7,2,0
2025-06-14,STR008,7,4890.44,19.71,5,2,0
2025-09-04,STR017,13,10384.1,17.31,7,4,1
2026-01-13,STR004,18,10639.38,15.39,10,4,0
2026-05-03,STR022,12,3498.89,18.17,9,2,4
2026-03-29,STR013,19,16381.06,17.11,13,4,0
2025-11-22,STR025,17,8217.74,13.24,8,3,1
2026-05-06,STR001,16,9493.62,21.56,12,4,3
2025-07-23,STR011,11,7379.73,17.45,9,1,1
2025-11-16,STR021,18,8840.44,18.11,12,5,1
2025-12-13,STR020,10,4307.29,14.7,7,2,1
2025-10-04,STR001,16,9113.78,15.06,7,3,3
2026-02-27,STR009,13,3184.93,16.92,10,1,3
2026-03-06,STR005,5,1884.18,13.2,4,1,2
2025-11-30,STR022,9,5020.38,18.0,5,3,1
2025-09-13,STR028,10,2855.96,13.6,7,3,2
2025-06-26,STR006,11,7687.3,14.64,6,2,2
2025-08-22,STR014,12,4108.28,19.42,8,3,1
2025-08-16,STR009,21,13381.28,16.52,14,8,5
2025-08-15,STR008,17,9248.16,15.59,11,4,4
2025-12-20,STR012,16,8139.93,14.75,7,5,1
2025-08-04,STR004,6,2090.03,15.33,4,1,0
2025-11-09,STR024,12,5544.57,21.0,12,4,3
2025-09-25,STR009,13,7251.25,19.46,9,2,1
2026-03-18,STR015,17,8174.22,17.82,12,5,1
2025-07-07,STR012,13,5615.21,17.23,7,4,2
2025-12-27,STR022,18,8524.41,18.83,11,4,2
2025-09-24,STR027,15,8209.44,14.27,9,3,0
2025-09-12,STR018,11,2018.44,18.45,8,3,1
2026-05-02,STR021,13,7631.52,17.0,9,3,3
2026-01-30,STR004,7,3784.33,19.43,6,1,0
2025-12-12,STR015,18,10828.21,16.72,11,4,2
2025-12-04,STR019,13,10904.36,11.85,5,3,2
2025-11-27,STR015,10,5222.77,17.5,7,0,0
2026-02-15,STR012,8,3013.2,14.5,5,1,1
2025-07-04,STR007,13,8101.49,20.38,7,1,2
2025-08-16,STR018,12,5026.18,11.25,4,2,0
2025-12-04,STR029,17,12960.3,18.35,10,2,1
2025-11-16,STR026,18,10306.11,16.5,11,1,1
2025-06-04,STR008,19,9256.43,21.58,13,0,1
2025-09-15,STR029,10,3679.68,13.7,3,3,0
2026-03-27,STR014,12,4680.16,20.83,9,5,2
2025-09-14,STR002,19,9076.2,14.16,12,2,1
2025-06-15,STR006,11,4766.73,20.36,7,0,2
2026-03-13,STR001,8,5909.01,18.5,5,2,0
2026-01-14,STR005,12,3942.48,13.75,4,0,0
2026-05-22,STR004,14,5378.5,18.5,10,2,2
2025-08-18,STR029,11,6188.07,15.55,5,4,0
2025-08-25,STR010,8,6495.03,14.25,5,1,3
2026-04-19,STR014,7,2061.64,15.14,6,1,0
2025-06-27,STR021,14,9005.88,17.21,8,4,2
2026-02-02,STR030,17,8324.31,11.88,6,2,1
2026-03-11,STR028,12,11313.17,19.25,9,1,1
2026-03-16,STR004,16,6717.39,19.38,10,1,1
2025-11-24,STR008,13,8139.76,16.85,8,2,1
2025-12-09,STR020,12,6219.9,15.25,6,3,0
2025-08-05,STR010,17,8210.35,20.47,13,5,3
2026-03-12,STR022,9,5902.55,17.78,5,1,1
2025-11-24,STR028,13,5298.1,23.31,13,3,1
2026-02-09,STR015,10,4022.6,12.4,7,5,2
2026-01-09,STR009,10,5226.78,15.8,7,2,0
2026-03-27,STR017,20,9996.43,16.4,11,3,4
2025-06-09,STR001,16,4847.16,18.56,11,1,1
2026-05-28,STR018,14,7792.1,14.07,8,2,0
2026-02-04,STR029,7,3827.6,13.86,6,4,0
2025-09-09,STR004,13,5502.41,13.62,7,3,1
2026-03-21,STR024,12,6122.05,14.42,8,2,1
2025-10-25,STR005,13,7696.89,13.46,7,4,0
2025-06-21,STR008,11,5468.3,14.73,5,0,1
2025-10-08,STR013,8,3066.9,16.5,7,1,1
2025-06-22,STR012,11,9109.68,16.0,4,2,1
2026-03-22,STR015,17,6913.31,21.59,13,2,1
2025-11-22,STR026,8,2898.91,17.38,5,2,1
2026-05-01,STR022,11,7461.28,17.91,9,5,0
2025-11-19,STR014,13,11490.4,12.92,6,3,1
2025-12-05,STR010,17,6240.45,16.06,9,2,1
2025-06-07,STR023,13,6107.82,17.31,8,5,0
2025-12-12,STR030,11,4917.9,16.82,8,1,1
2025-11-28,STR005,16,6316.47,16.88,10,1,2
2026-01-29,STR026,18,7806.64,17.17,12,5,2
2025-11-17,STR006,16,8021.02,15.5,10,4,2
2025-10-10,STR025,8,2962.29,24.13,6,0,0
2026-04-10,STR027,14,6720.08,20.57,10,4,1
2025-12-09,STR013,12,9270.83,16.92,6,5,0
2026-04-21,STR010,14,8433.36,12.86,5,5,1
2025-12-05,STR030,11,6449.32,21.0,7,0,1
2026-01-15,STR005,10,4449.85,18.4,7,1,2
2025-11-07,STR018,6,2753.8,17.5,3,1,0
2025-06-14,STR009,9,4810.55,20.22,8,2,0
2026-03-09,STR019,7,3672.7,24.43,5,1,0
2025-11-14,STR011,12,8244.47,15.67,7,3,0
2025-12-30,STR019,7,4389.67,21.71,4,1,2
2026-05-09,STR029,16,6730.13,18.38,13,3,1
2025-12-08,STR006,15,5631.57,18.67,10,4,2
2026-03-10,STR016,5,1379.96,21.6,3,0,1
2025-06-12,STR027,9,3924.81,23.56,8,0,1
2025-07-23,STR021,18,7974.37,17.39,10,3,4
2025-07-05,STR007,15,8138.37,18.4,12,6,2
2026-02-20,STR003,14,3318.54,14.57,7,2,1
2026-06-02,STR020,11,5475.51,15.45,4,2,1
2026-05-12,STR026,18,10749.26,16.22,12,3,6
2026-03-26,STR021,9,4078.82,13.33,5,4,1
2025-12-23,STR016,14,5340.01,21.29,12,3,0
2025-11-14,STR006,11,4776.72,16.0,9,4,0
2026-04-09,STR023,9,4943.16,18.67,6,2,1
2025-07-16,STR028,14,6980.21,14.93,7,7,2
2026-01-17,STR005,10,5810.02,12.8,5,3,0
2025-10-19,STR005,6,2787.52,12.67,2,2,1
2026-01-07,STR005,17,7326.96,17.59,12,2,4
2026-04-01,STR003,12,4214.77,16.25,9,2,1
2026-03-16,STR017,8,5173.03,18.63,5,3,1
2025-06-18,STR030,12,7496.64,16.17,8,2,1
2025-09-22,STR023,12,9402.39,11.58,4,3,1
2025-09-16,STR030,11,7186.97,12.91,5,1,1
2025-08-07,STR020,11,5123.67,16.55,5,1,1
2026-02-27,STR006,13,11813.4,13.0,8,3,2
2026-04-22,STR026,10,6327.26,14.0,6,0,0
2025-07-25,STR010,9,3739.19,11.11,2,1,1
2026-03-24,STR012,10,9191.4,13.5,5,2,1
2025-11-25,STR014,14,6796.94,14.29,6,1,1
2026-03-23,STR025,10,4883.29,12.8,4,3,0
2025-10-14,STR014,8,3700.9,13.75,6,5,1
2026-03-02,STR015,9,5029.13,14.33,5,1,0
2025-09-03,STR013,9,5796.73,15.22,5,5,1
2026-04-06,STR009,10,4601.28,23.3,8,1,1
2025-08-16,STR006,8,1694.09,16.25,5,2,2
2026-04-26,STR015,10,3110.57,19.0,7,1,2
2026-03-03,STR015,10,3358.35,14.6,7,2,1
2025-08-01,STR015,18,12691.52,14.61,9,1,1
2025-06-14,STR026,11,2205.56,12.91,6,3,0
2025-11-14,STR012,10,6491.86,19.5,10,2,2
2025-10-23,STR020,11,4153.34,15.73,5,5,1
2026-03-19,STR016,14,7661.14,14.21,9,7,1
2026-05-17,STR006,12,5858.19,15.83,8,1,3
2025-06-08,STR029,10,4434.2,18.6,10,2,3
2026-02-17,STR026,11,6185.3,17.09,8,2,1
2025-10-02,STR024,5,3018.38,10.6,1,3,2
2026-03-04,STR006,18,9618.78,19.39,15,4,3
2026-04-29,STR008,14,11127.4,17.29,8,1,2
2025-09-18,STR006,9,5244.96,15.11,3,0,0
2025-09-05,STR021,9,3918.02,17.89,6,2,0
2025-11-07,STR001,7,4112.6,19.14,5,2,2
2025-08-29,STR028,13,5821.47,13.92,6,5,1
2026-05-16,STR029,10,8228.41,23.8,9,2,1
2025-08-25,STR007,11,6533.33,18.0,6,2,0
2025-08-21,STR013,4,1854.94,13.25,3,0,0
2026-05-31,STR003,10,3987.86,15.5,6,2,1
2025-08-16,STR004,11,4738.09,21.27,9,1,3
2025-07-02,STR022,10,4205.51,11.2,5,2,1
2026-01-26,STR011,7,2988.96,25.57,4,0,0
2026-03-15,STR006,10,6377.18,16.3,5,1,1
2025-12-17,STR006,12,3627.55,18.08,6,5,1
2026-02-03,STR024,11,4418.09,13.09,7,3,2
2025-11-03,STR007,5,2387.44,10.0,1,1,0
2026-02-03,STR009,12,9155.05,17.58,9,3,1
2026-04-13,STR026,5,1213.12,15.0,3,2,1
2025-12-18,STR022,4,3225.73,19.5,2,0,1
2025-12-16,STR001,5,3727.05,9.2,1,2,1
2025-12-21,STR007,10,4357.73,11.6,3,3,1
2026-04-27,STR006,15,12249.83,14.47,8,0,2
2026-03-02,STR018,14,5250.27,14.64,8,4,1
2025-09-15,STR017,17,10982.18,14.0,7,7,1
2026-04-28,STR004,24,13015.05,15.63,12,5,2
2026-03-06,STR026,10,6238.01,12.3,3,2,1
2025-06-12,STR001,16,5852.05,20.56,13,1,3
2025-10-16,STR021,13,3045.95,17.31,8,3,0
2025-10-22,STR001,16,6917.28,14.25,9,3,0
2026-05-29,STR002,14,5409.54,16.29,8,1,2
2026-01-12,STR008,6,2547.08,10.5,1,0,0
2025-08-07,STR015,17,7452.35,15.41,10,5,1
2026-04-26,STR026,14,8351.61,20.21,10,2,0
2025-06-12,STR010,13,3925.07,15.31,9,4,1
2025-12-04,STR022,15,4629.0,19.27,9,5,2
2026-04-10,STR023,16,5756.9,14.94,8,2,0
2026-05-21,STR028,21,9970.53,17.19,13,4,2
2025-11-24,STR004,14,5407.7,23.43,11,1,1
2025-09-11,STR001,14,6128.23,15.14,9,3,0
2025-09-30,STR029,17,4934.51,18.06,11,3,3
2025-09-03,STR021,14,7320.09,20.93,11,3,1
2025-10-06,STR014,11,7223.6,13.36,6,2,4
2026-02-05,STR005,10,3207.56,10.8,2,4,1
2025-06-07,STR007,11,5424.07,14.55,6,4,2
2026-02-11,STR025,12,7270.16,19.58,9,1,1
2026-03-28,STR015,14,5595.65,13.86,7,4,1
2025-11-30,STR023,12,5519.62,18.25,9,3,1
2025-07-24,STR001,17,8317.13,19.94,13,4,1
2025-09-26,STR003,10,4259.09,15.7,7,1,1
2026-02-18,STR016,10,5745.49,12.2,5,0,2
2026-01-28,STR009,10,4012.66,16.9,6,2,0
2026-02-15,STR005,13,8173.82,14.77,8,3,0
2025-10-24,STR006,18,7502.32,13.67,9,3,0
2025-09-13,STR007,11,9735.98,17.09,7,1,2
2025-12-04,STR011,14,10155.15,13.36,6,3,1
2026-01-29,STR006,10,4936.22,17.5,7,4,1
2026-03-08,STR012,13,9951.48,15.92,8,5,3
2025-06-15,STR016,14,12269.46,16.29,10,4,2
2026-06-03,STR028,18,14003.84,17.0,13,3,2
2026-01-21,STR029,14,9356.46,13.86,6,3,2
2026-03-17,STR022,6,3777.74,16.5,4,1,0
2026-04-05,STR012,11,8073.98,17.0,8,3,1
2025-06-21,STR030,13,6671.22,21.54,11,4,3
2026-04-28,STR002,17,6870.79,14.0,8,8,2
2026-03-06,STR019,17,7957.27,18.18,11,4,2
2026-02-10,STR015,15,6894.63,14.53,7,3,0
2025-10-28,STR029,11,4335.82,20.36,7,2,3
2025-10-01,STR029,15,6973.19,20.4,12,2,2
2025-09-01,STR011,13,6666.4,14.46,8,7,0
2026-01-29,STR007,15,12117.77,11.53,5,2,2
2025-08-01,STR028,19,8959.98,16.0,10,4,5
2025-09-05,STR022,20,8534.96,18.6,14,5,3
2025-07-12,STR007,12,5921.29,16.0,7,5,1
2025-06-26,STR004,11,5551.44,13.09,5,3,0
2025-12-06,STR027,15,8969.27,17.6,8,4,1
2025-06-26,STR025,12,7117.51,17.33,9,4,0
2025-10-22,STR030,22,12251.08,14.55,13,8,4
2025-12-06,STR021,13,6291.69,11.92,8,5,1
2025-12-07,STR029,13,6242.44,20.85,10,2,1
2026-02-13,STR016,13,5200.42,20.69,9,1,1
2025-08-29,STR026,14,7285.93,19.86,10,1,3
2026-03-15,STR022,15,5366.62,16.0,9,3,2
2025-11-01,STR015,18,11404.99,18.67,13,2,3
2026-04-23,STR013,11,4040.89,18.82,9,1,0
2025-10-24,STR027,21,11880.47,18.48,16,8,1
2025-10-12,STR015,17,9598.17,15.47,10,2,2
2026-05-21,STR010,21,10334.58,17.0,15,4,1
2025-08-06,STR017,17,10803.19,20.06,12,7,1
2025-11-25,STR030,21,11995.46,17.57,14,3,3
2026-05-13,STR014,14,4407.88,16.79,11,1,1
2026-01-30,STR007,16,5787.09,12.25,7,5,1
2026-04-11,STR010,11,6587.5,13.73,6,4,1
2025-12-26,STR024,11,4280.46,20.27,8,2,0
2026-02-01,STR029,23,11021.47,15.35,12,5,2
2025-10-21,STR013,13,5829.07,16.08,8,2,2
2025-10-20,STR015,24,15211.31,14.63,15,6,1
2025-12-29,STR006,17,5560.89,17.88,16,2,1
2026-04-12,STR002,10,4664.55,18.5,7,4,0
2026-03-13,STR020,15,7819.16,16.73,10,2,0
2026-03-15,STR013,13,8159.73,18.0,11,3,0
2025-08-17,STR016,17,7544.34,17.35,13,4,4
2025-09-01,STR014,16,9538.11,14.06,8,5,1
2025-10-22,STR008,15,7342.6,14.8,7,8,2
2026-03-04,STR005,13,3281.47,15.23,8,2,0
2025-11-25,STR003,16,9724.28,16.0,13,3,5
2025-07-18,STR030,13,5241.9,16.15,8,1,2
2025-07-15,STR029,20,13683.69,18.1,12,5,1
2025-08-09,STR030,18,8624.63,12.39,9,5,3
2025-12-24,STR015,20,10427.38,18.4,15,2,1
2025-11-03,STR009,17,7616.7,14.41,8,3,2
2026-03-19,STR008,17,12137.54,15.0,9,4,0
2025-08-30,STR010,13,6742.21,17.15,13,5,0
2025-09-20,STR006,12,9340.1,15.67,7,1,1
2026-01-19,STR010,20,9011.77,19.5,13,0,2
2026-05-25,STR012,8,6487.67,11.0,3,1,3
2025-09-29,STR011,9,3106.45,16.44,6,2,0
2026-02-09,STR011,15,6455.68,13.0,9,5,4
2025-10-01,STR006,16,8932.98,19.94,11,2,0
2025-11-01,STR001,17,8874.78,14.12,9,8,1
2026-03-05,STR001,17,6180.55,15.53,10,5,1
2026-03-27,STR011,13,4377.29,14.92,8,2,0
2025-12-08,STR010,13,10201.73,17.08,11,2,1
2026-02-19,STR015,13,4059.1,15.08,8,1,1
2025-12-16,STR006,11,2969.72,12.91,6,0,0
2025-12-26,STR007,11,6763.16,16.91,6,5,1
2026-04-12,STR004,13,5589.63,16.69,9,4,0
2026-03-07,STR009,15,9822.63,10.67,4,6,4
2026-03-12,STR030,16,10181.99,16.63,8,0,2
2026-01-17,STR022,8,3059.63,16.38,6,1,0
2025-10-20,STR023,16,11825.12,14.75,10,1,0
2026-01-06,STR005,15,7723.64,15.6,8,1,0
2025-12-15,STR006,12,5702.09,21.08,6,2,3
2026-01-22,STR005,8,4326.91,16.5,4,2,1
2025-09-20,STR014,12,7720.1,13.08,6,2,1
2026-04-04,STR015,17,10026.54,17.18,12,4,3
2025-07-31,STR030,16,6908.36,19.56,12,7,0
2025-09-04,STR003,19,6941.07,13.58,8,1,0
2026-02-05,STR025,14,5247.64,17.43,9,4,1
2026-04-09,STR026,16,11549.88,18.19,13,2,0
2025-09-26,STR029,12,3724.56,18.33,7,0,1
2026-05-09,STR011,13,6326.95,16.31,7,1,2
2025-08-02,STR002,19,6775.39,16.53,9,5,3
2025-12-11,STR019,12,11477.08,16.33,7,4,0
2025-12-21,STR019,10,4334.37,20.8,6,1,0
2025-07-01,STR016,20,9216.23,15.15,14,5,1
2025-11-13,STR012,14,7778.22,23.5,10,3,3
2026-02-10,STR010,10,5220.49,13.8,5,3,2
2025-08-15,STR030,14,13242.11,18.93,8,5,1
2026-02-23,STR003,21,11179.11,15.0,12,7,2
2026-01-08,STR015,14,5301.84,17.36,13,5,2
2025-10-07,STR022,15,6701.97,18.73,11,5,5
2026-02-17,STR016,12,5061.54,14.83,7,1,2
2026-01-07,STR016,13,6618.73,20.08,10,3,1
2026-02-23,STR007,16,7485.27,15.94,14,1,3
2026-04-02,STR009,20,10492.69,15.3,14,5,2
2026-04-19,STR017,8,5318.62,11.63,5,1,1
2026-01-28,STR006,12,4657.95,15.25,6,1,1
2026-01-03,STR023,17,5480.43,14.94,12,4,1
2026-04-30,STR001,17,9018.98,17.41,9,3,2
2025-08-29,STR027,17,7156.74,15.29,11,6,0
2025-12-17,STR019,15,7288.11,18.8,13,3,0
2025-06-20,STR004,6,1673.25,21.33,5,1,0
2026-03-31,STR018,15,6064.42,16.0,9,2,2
2026-05-16,STR025,14,7962.12,15.36,7,3,0
2025-11-17,STR011,14,8070.22,16.14,8,1,0
2026-03-11,STR019,20,11625.55,20.55,15,8,0
2026-05-20,STR004,16,7120.7,16.88,12,5,0
2025-11-16,STR006,13,5718.99,11.31,5,2,1
2026-05-05,STR002,13,5060.15,15.62,9,3,1
2026-01-22,STR008,15,8181.45,20.27,9,1,2
2026-02-25,STR009,14,5968.59,13.79,6,6,1
2026-03-06,STR004,15,10094.21,19.0,12,1,1
2026-01-25,STR001,16,8121.47,14.38,7,4,1
2025-12-07,STR009,12,6646.64,17.08,5,2,0
2026-04-01,STR026,12,3430.48,16.83,6,5,2
2025-12-08,STR015,16,7179.06,17.0,10,1,2
2026-05-23,STR014,12,6466.97,14.42,7,0,0
2025-06-27,STR001,20,10616.31,15.7,12,3,3
2025-09-06,STR022,11,6556.6,13.0,6,3,2
2025-12-16,STR023,12,3975.85,15.83,7,2,1
2025-07-19,STR004,14,7669.6,19.93,10,4,1
2025-12-28,STR027,16,7337.88,16.0,8,3,4
2025-12-18,STR008,17,7448.37,17.71,10,6,1
2026-03-30,STR022,15,7421.93,15.8,9,3,1
2025-07-02,STR001,17,6758.73,13.29,8,5,0
2025-12-15,STR007,12,8529.88,11.83,6,1,2
2025-10-18,STR001,15,12878.07,16.87,8,2,0
2026-03-16,STR021,15,6660.07,14.93,10,4,1
2025-11-03,STR002,10,7371.59,21.0,7,3,1
2026-05-20,STR018,16,9002.97,15.63,8,5,1
2025-08-30,STR027,13,7638.65,14.77,6,2,2
2026-01-17,STR006,13,7839.98,17.08,6,5,2
2026-04-02,STR027,12,3624.82,27.0,10,2,3
2025-09-06,STR018,14,6411.5,15.86,7,4,2
2026-04-29,STR011,13,8855.29,18.0,8,3,1
2025-10-02,STR021,15,6345.42,19.47,11,1,1
2026-04-26,STR006,10,5548.35,13.4,4,2,0
2025-09-05,STR029,13,6985.7,18.92,10,3,1
2025-08-21,STR019,15,6085.28,20.0,12,4,6
2025-08-16,STR027,18,6095.87,17.72,12,3,2
2026-01-24,STR015,13,4240.24,14.62,5,4,0
2025-12-29,STR028,16,10015.48,16.5,12,3,1
2025-12-24,STR006,15,9737.94,18.0,12,4,4
2025-08-19,STR005,16,8318.64,13.69,6,4,0
2025-11-14,STR004,15,7934.31,16.33,7,3,4
2025-07-09,STR023,12,6715.81,13.75,5,0,1
2026-04-17,STR026,11,6841.89,13.36,6,0,1
2025-09-14,STR017,15,8245.66,16.47,6,3,0
2025-10-03,STR005,12,5871.05,16.58,10,2,2
2026-01-14,STR020,11,10077.63,20.73,7,1,0
2026-04-18,STR004,16,7367.62,19.31,11,1,1
2025-09-10,STR004,17,11952.08,17.59,12,6,2
2025-11-30,STR004,15,7990.72,14.33,7,3,0
2025-07-17,STR027,7,4510.89,13.43,5,1,2
2026-05-16,STR026,13,6418.93,12.38,6,4,2
2025-06-06,STR024,13,8354.81,11.46,5,2,1
2025-07-08,STR021,14,8684.4,17.57,10,4,0
2026-02-21,STR020,15,9543.36,15.47,10,2,1
2025-12-22,STR001,19,7556.13,18.74,14,2,2
2026-04-19,STR012,17,6137.39,17.0,10,2,1
2025-06-30,STR011,13,8016.44,15.46,9,5,2
2025-12-25,STR004,14,6260.98,22.07,11,2,2
2026-05-13,STR018,10,6570.42,20.7,8,2,0
2026-02-17,STR003,12,6406.12,17.0,7,1,1
2025-12-12,STR020,16,8201.82,18.63,10,4,1
2025-06-03,STR012,17,9482.57,19.76,13,5,2
2025-07-08,STR030,18,7322.15,20.11,13,5,1
2025-08-13,STR019,11,5132.49,17.27,8,1,0
2025-09-04,STR005,10,7045.19,18.0,8,3,0
2025-07-23,STR024,13,5869.43,17.31,8,3,1
2026-04-27,STR019,16,12164.1,11.31,6,1,3
2026-02-19,STR012,15,6811.03,17.73,11,5,2
2025-09-08,STR015,18,6909.15,17.72,11,3,0
2026-02-11,STR024,17,7503.66,19.41,13,4,2
2025-07-12,STR011,15,6525.52,24.27,14,4,1
2025-09-19,STR026,17,7289.29,17.76,9,2,5
2025-06-19,STR007,13,4040.52,11.0,5,5,0
2025-10-10,STR008,12,10381.17,17.08,7,4,1
2025-12-24,STR025,12,7409.91,14.75,9,3,2
2026-05-03,STR009,19,15831.82,16.74,12,6,2
2025-06-21,STR028,11,6414.38,22.45,9,2,0
2025-08-10,STR001,12,6648.92,19.08,9,2,2
2026-05-10,STR024,13,9661.67,15.31,5,4,1
2025-08-25,STR021,12,5715.18,20.0,8,2,2
2025-09-21,STR004,9,5718.97,12.11,3,4,2
2025-10-15,STR026,19,9385.94,12.95,8,5,4
2025-08-05,STR019,12,5127.69,14.75,8,2,1
2025-07-15,STR030,17,9580.5,17.12,10,2,4
2025-07-06,STR013,19,8665.51,22.79,15,5,4
2026-04-11,STR009,10,3668.95,12.1,5,2,0
2026-01-12,STR017,12,7604.46,18.5,9,2,1
2025-09-23,STR001,16,6878.49,16.88,11,2,2
2025-07-09,STR008,17,8453.38,17.47,10,3,2
2025-06-16,STR030,13,5140.55,14.77,9,3,2
2025-06-17,STR017,23,13279.59,15.74,16,4,1
2026-05-11,STR001,10,4812.36,15.6,7,3,2
2025-10-22,STR022,13,8276.06,21.15,11,2,0
2025-12-06,STR022,26,20634.72,18.0,15,3,3
2025-09-19,STR017,9,4763.37,16.44,4,4,0
2025-07-03,STR002,14,5225.52,16.64,9,2,2
2026-04-15,STR022,18,6590.87,14.44,12,2,2
2025-11-05,STR016,13,5935.51,15.0,9,2,1
2025-09-26,STR007,19,9246.02,18.95,15,2,0
2025-09-09,STR008,23,19561.09,12.74,7,5,3
2026-02-07,STR001,15,6480.53,14.93,7,4,0
2025-10-13,STR017,17,8689.16,16.35,11,4,1
2025-11-14,STR020,15,9599.05,21.4,11,4,1
2026-05-29,STR001,16,12003.41,14.06,10,2,3
2025-12-03,STR002,15,9540.3,20.07,10,3,1
2025-12-04,STR017,13,7321.94,18.46,8,2,1
2026-04-14,STR003,13,5828.53,22.15,13,1,2
2025-07-07,STR009,11,6625.64,16.18,7,1,0
2025-08-04,STR006,12,3872.28,12.67,3,1,1
2026-03-15,STR027,9,6511.72,14.33,4,0,1
2025-06-17,STR023,12,3792.13,14.25,5,2,0
2025-12-09,STR001,17,9308.8,19.94,14,2,0
2026-03-31,STR016,17,6935.12,14.12,11,4,3
2026-04-17,STR027,16,7395.41,14.13,11,4,2
2026-05-26,STR004,12,5350.95,15.25,6,1,0
2025-07-23,STR010,10,6342.26,22.7,6,1,2
2026-02-04,STR005,13,7301.44,17.38,12,2,1
2025-11-08,STR016,22,10168.21,15.27,10,6,4
2025-12-23,STR025,19,11359.66,16.95,11,5,3
2025-09-27,STR003,13,7819.66,11.77,6,6,1
2025-07-14,STR026,19,7747.44,13.89,10,5,0
2025-10-19,STR011,14,5926.51,14.86,9,2,1
2025-10-05,STR015,13,6921.22,17.0,8,3,2
2026-01-13,STR009,14,6579.24,22.07,11,5,2
2025-12-20,STR011,6,1427.07,20.67,4,1,0
2025-06-07,STR025,22,11117.3,18.09,15,3,0
2026-01-04,STR012,10,7065.21,14.9,6,0,0
2025-09-30,STR019,10,4313.1,15.1,5,1,1
2025-12-24,STR019,7,2146.86,14.29,5,1,0
2025-08-26,STR023,14,10565.88,17.36,9,2,0
2026-04-21,STR016,12,7428.46,19.33,8,4,1
2025-07-25,STR009,16,7534.51,16.13,11,0,0
2025-07-23,STR019,12,11308.71,19.0,12,2,0
2026-01-03,STR008,16,5935.94,12.13,8,7,0
2026-06-01,STR002,22,11227.13,17.86,15,8,5
2026-02-17,STR029,15,6262.16,16.87,9,3,2
2026-01-13,STR022,14,6814.75,14.21,8,0,2
2026-02-17,STR004,10,5600.81,16.9,4,1,0
2026-05-08,STR024,16,6645.54,15.94,8,3,3
2025-11-07,STR015,14,4895.27,15.21,8,5,0
2026-04-14,STR020,20,11323.15,15.65,11,8,2
2026-01-29,STR021,9,4918.99,16.11,5,1,1
2026-01-29,STR024,14,7430.99,17.71,11,1,1
2025-08-24,STR021,16,9591.74,16.88,10,3,3
2026-01-08,STR028,25,11394.58,16.8,19,5,3
2025-09-23,STR006,13,8466.59,19.92,9,2,2
2025-07-18,STR002,20,9848.37,13.2,12,6,3
2025-10-31,STR012,11,5503.19,14.36,5,2,2
2026-03-25,STR009,15,6237.12,13.8,7,3,4
2025-10-24,STR023,9,5792.9,18.0,7,5,5
2025-12-16,STR013,10,3500.18,23.8,7,1,2
2025-07-29,STR028,10,3993.63,13.3,6,2,0
2025-08-15,STR009,8,4450.59,15.5,3,1,1
2025-06-29,STR018,12,7113.15,16.25,7,0,1
2025-11-05,STR026,15,6509.3,15.6,8,3,1
2025-09-22,STR027,10,2077.57,14.6,5,1,1
2026-03-24,STR004,18,10903.62,14.72,11,5,2
2026-02-03,STR002,7,5493.34,16.14,6,2,0
2026-03-31,STR013,15,7765.45,16.13,10,2,0
2026-01-14,STR002,15,7396.94,15.4,11,2,0
2026-02-07,STR012,12,2645.06,22.0,10,2,1
2025-06-05,STR002,12,6483.08,14.0,5,2,0
2026-05-15,STR003,13,7106.81,14.85,7,4,0
2026-01-04,STR007,11,4152.52,16.09,6,4,0
2026-02-10,STR002,7,3650.73,14.29,4,1,1
2025-08-17,STR003,11,3682.3,13.73,8,2,3
2025-09-16,STR020,10,3887.35,20.1,7,4,1
2026-01-17,STR020,13,4929.15,17.54,8,4,1
2026-02-12,STR008,9,3812.0,16.89,5,1,1
2025-06-09,STR015,10,4542.06,19.0,8,3,3
2026-02-13,STR013,18,11659.08,17.44,14,3,2
2026-03-19,STR024,11,7883.15,20.55,9,3,2
2026-01-24,STR028,21,9057.28,15.1,12,4,2
2025-07-26,STR023,16,11959.95,16.19,8,6,2
2026-02-10,STR013,12,3152.29,18.92,8,2,2
2026-03-03,STR006,13,3449.32,20.85,11,1,3
2026-02-14,STR015,10,4522.9,17.6,7,0,2
2025-07-02,STR005,10,3761.57,16.5,5,1,1
2025-06-25,STR009,17,4869.19,14.59,11,6,3
2025-06-08,STR011,11,5013.25,12.36,6,2,1
2025-10-27,STR013,14,5322.04,14.57,11,3,2
2025-08-18,STR030,10,4670.62,13.4,5,4,2
2025-09-10,STR023,12,9589.09,16.75,5,2,0
2025-09-01,STR004,15,8176.51,14.4,8,3,1
2026-02-26,STR024,23,9949.99,16.3,16,4,2
2025-12-23,STR019,12,7575.44,19.67,11,1,1
2026-05-26,STR014,17,6132.13,13.18,9,7,2
2025-11-08,STR024,13,6021.77,16.92,9,3,2
2025-12-09,STR005,11,3830.73,16.36,8,3,1
2025-10-20,STR013,14,4119.05,16.57,7,3,5
2025-06-15,STR028,9,3135.51,20.67,6,2,0
2025-07-31,STR011,13,7186.72,15.31,11,2,1
2026-03-11,STR011,11,6750.85,14.64,5,1,1
2026-04-18,STR006,13,7068.62,24.92,11,2,3
2026-01-16,STR008,10,3041.0,13.8,4,2,2
2026-04-26,STR004,15,10325.78,14.2,8,4,4
2026-01-01,STR014,8,3814.18,16.0,5,2,1
2026-05-20,STR008,21,10251.12,16.1,14,2,2
2026-05-24,STR025,11,6453.77,16.91,8,0,2
2025-11-16,STR028,11,9060.41,15.0,7,1,1
2026-03-14,STR018,15,9745.59,19.67,10,3,1
2025-09-20,STR001,12,4675.57,13.17,5,4,4
2026-02-27,STR025,8,6470.18,26.13,6,2,1
2025-11-17,STR029,15,9261.36,19.27,13,6,4
2025-08-28,STR005,15,8714.27,19.87,11,2,1
2026-01-10,STR030,12,7799.13,17.83,8,2,0
2025-12-03,STR030,13,6920.48,15.23,9,3,2
2026-04-20,STR016,14,6241.36,13.36,7,1,0
2025-08-11,STR027,14,5105.97,16.5,9,4,2
2025-07-16,STR006,11,4082.31,20.09,6,1,2
2026-01-17,STR013,9,4419.91,23.33,7,2,2
2025-06-20,STR024,10,3832.5,17.8,8,2,2
2025-12-15,STR013,15,11766.99,16.27,8,3,2
2025-10-07,STR005,9,3117.8,20.67,7,3,1
2026-03-25,STR024,15,9241.2,19.13,10,6,2
2026-05-03,STR010,11,4299.85,14.45,5,0,0
2025-11-10,STR021,14,8016.77,20.36,9,5,6
2026-03-30,STR003,15,4450.7,20.93,13,6,2
2025-12-25,STR002,13,5949.37,19.38,10,3,1
2026-03-22,STR012,7,2978.81,23.86,7,1,2
2025-10-18,STR023,13,6258.93,15.38,7,6,0
2025-08-19,STR030,10,5143.85,15.7,5,0,0
2025-10-27,STR029,12,5565.66,17.17,8,4,0
2025-08-29,STR014,14,7124.5,16.14,8,4,2
2025-12-11,STR028,16,7657.72,15.94,12,2,2
2025-08-14,STR006,9,10265.95,14.44,5,2,1
2025-12-14,STR001,9,4391.8,15.78,4,0,0
2026-05-15,STR027,13,10588.87,16.54,10,1,1
2026-04-09,STR011,12,5786.52,22.75,8,2,4
2025-07-28,STR024,11,4795.96,14.91,5,3,2
2025-07-07,STR004,20,12137.13,13.65,11,2,1
2026-03-28,STR020,6,4581.24,10.0,1,1,0
2026-01-27,STR015,16,8960.98,15.31,8,6,2
2025-07-12,STR015,10,7778.52,12.7,5,0,0
2026-01-30,STR005,18,7857.96,15.89,10,5,3
2026-03-09,STR001,15,8845.38,19.47,10,2,2
2025-12-07,STR020,18,7891.12,18.06,10,7,2
2026-05-04,STR020,12,7559.48,18.08,9,3,1
2026-06-02,STR011,9,8565.79,17.11,7,2,2
2025-12-30,STR004,13,7352.22,18.46,10,3,0
2025-12-06,STR029,9,6130.02,25.0,7,1,0
2026-04-27,STR009,12,5295.04,13.25,5,3,1
2025-11-24,STR024,13,7843.8,17.31,7,3,1
2025-06-11,STR023,10,3023.99,15.3,9,3,2
2025-09-30,STR027,11,8317.18,19.18,10,2,0
2026-02-06,STR009,10,2901.85,14.7,5,3,2
2026-03-31,STR022,14,13610.95,17.14,11,4,2
2026-03-04,STR030,8,4513.8,14.88,6,2,0
2026-03-17,STR003,14,11517.38,15.0,9,2,1
2026-03-06,STR010,16,11314.7,14.75,8,5,2
2025-06-13,STR018,14,11397.07,20.07,10,4,3
2026-02-23,STR017,14,6653.62,21.57,11,2,1
2025-10-29,STR012,9,5487.9,14.56,4,1,1
2026-06-03,STR025,16,8714.42,15.56,10,4,1
2026-03-23,STR027,10,3398.3,19.3,6,4,1
2025-07-31,STR005,9,3821.13,19.44,7,5,0
2025-12-21,STR011,14,8360.44,14.29,10,4,1
2025-07-25,STR022,13,6310.39,12.85,6,0,2
2026-02-17,STR017,10,7183.3,14.5,6,4,0
2025-06-14,STR018,18,6623.53,17.78,9,2,1
2026-01-06,STR016,16,9658.0,14.31,10,3,2
2026-01-18,STR029,16,12882.12,16.25,10,3,3
2026-03-19,STR009,12,4180.14,16.42,6,3,3
2025-11-25,STR010,12,6549.16,18.08,6,3,2
2025-08-13,STR001,14,9946.76,14.5,7,4,2
2025-07-18,STR017,9,5435.73,17.0,6,0,2
2025-07-26,STR003,13,8522.34,18.38,10,4,0
2025-07-21,STR020,13,5323.84,13.08,9,2,2
2026-05-15,STR001,11,6007.32,24.45,10,3,1
2026-03-29,STR026,15,7865.28,14.13,7,4,1
2025-12-13,STR015,20,6934.33,14.55,13,2,1
2026-01-03,STR015,12,5959.41,18.75,9,2,1
2025-12-30,STR029,12,8600.89,15.83,8,5,0
2026-04-05,STR024,15,9337.5,18.13,8,4,0
2025-11-03,STR005,16,7901.06,15.88,11,2,3
2025-11-10,STR006,13,7154.68,19.15,9,2,2
2026-01-29,STR002,13,10023.14,14.31,7,0,1
2025-12-04,STR026,13,4902.62,15.15,7,3,1
2025-07-07,STR007,15,6619.34,14.13,4,4,2
2025-12-27,STR004,9,7291.04,12.11,5,0,3
2025-12-18,STR004,14,10764.65,20.57,9,2,1
2025-12-13,STR013,9,3281.68,9.78,2,2,1
2026-04-30,STR008,18,12247.96,16.5,13,2,1
2025-08-15,STR010,14,7437.07,17.71,9,3,1
2025-11-13,STR017,14,10515.05,15.36,8,4,1
2025-11-15,STR025,15,6775.92,20.33,11,5,1
2025-10-28,STR002,19,9656.15,19.84,13,2,1
2026-03-10,STR024,11,4729.72,11.09,3,0,3
2025-06-15,STR022,10,3268.86,18.7,9,1,1
2025-12-11,STR026,13,3632.07,13.0,7,2,2
2025-11-29,STR015,12,5702.65,15.08,8,2,1
2026-01-25,STR005,12,3796.91,16.75,7,1,1
2025-11-30,STR006,13,2810.97,14.69,7,1,2
2025-11-02,STR002,11,6490.84,15.55,5,2,1
2026-01-19,STR009,12,4846.34,13.33,6,2,1
2025-12-20,STR009,10,5648.09,19.7,8,3,2
2025-06-16,STR029,24,13040.84,17.83,18,7,2
2025-07-11,STR005,10,6025.09,20.3,5,3,2
2026-03-26,STR014,13,5871.28,17.08,8,3,2
2025-12-31,STR013,17,11540.37,17.0,10,1,0
2026-04-13,STR016,16,7744.51,20.0,9,4,2
2025-06-22,STR002,10,2596.61,14.2,6,2,1
2025-07-26,STR021,11,10602.95,21.64,8,2,1
2026-05-14,STR024,9,4410.26,13.67,6,3,0
2025-09-22,STR028,7,2881.42,18.86,5,2,1
2025-08-21,STR020,16,5273.18,15.31,8,2,0
2026-02-16,STR015,12,10722.3,17.92,9,2,0
2025-10-22,STR027,14,5150.58,13.64,7,2,1
2025-07-12,STR009,6,1656.14,15.67,3,5,1
2025-11-27,STR023,20,9466.39,15.35,8,4,1
2025-11-27,STR011,11,5193.28,19.45,7,2,0
2026-04-16,STR005,7,2149.95,14.14,5,1,1
2025-06-19,STR006,11,5438.33,16.82,7,0,0
2025-08-26,STR003,14,9052.99,18.5,10,0,2
2026-05-31,STR026,12,9240.3,11.83,5,3,2
2025-09-25,STR014,11,4862.08,11.45,6,1,1
2026-02-06,STR007,16,9385.54,14.94,9,1,3
2025-10-04,STR016,14,6182.09,13.43,7,5,2
2025-07-31,STR026,14,8496.46,17.36,8,7,2
2026-01-10,STR015,9,3565.73,18.11,7,3,2
2026-05-21,STR029,12,4720.52,14.92,9,2,4
2026-03-30,STR023,7,2615.75,25.0,7,1,0
2026-05-29,STR016,13,8098.82,19.46,7,2,2
2025-07-31,STR009,16,7923.29,18.31,11,6,0
2025-09-20,STR011,11,3076.01,17.55,8,1,2
2025-10-25,STR003,18,8166.38,18.22,15,2,0
2025-10-29,STR021,7,2456.7,13.0,2,0,0
2025-06-11,STR024,14,6901.88,19.0,10,2,0
2025-10-12,STR007,15,8433.81,17.87,8,4,1
2025-06-19,STR009,18,11369.44,21.67,14,1,0
2025-06-18,STR015,14,10314.48,15.29,7,4,2
2025-07-16,STR001,11,5759.68,20.09,7,4,2
2026-01-20,STR013,16,7906.51,15.75,10,3,1
2025-11-04,STR004,11,7549.18,12.82,3,2,0
2025-08-24,STR017,13,10251.99,17.54,8,0,2
2026-05-25,STR013,10,7162.4,17.6,6,3,0
2026-06-02,STR002,16,6099.3,21.19,14,2,2
2025-10-27,STR011,12,7770.24,17.17,8,3,2
2025-08-04,STR011,15,6991.95,17.33,8,2,1
2025-12-21,STR018,9,4535.58,15.78,5,2,0
2026-03-04,STR020,15,10600.18,18.6,10,7,0
2026-05-30,STR008,22,11234.01,17.64,15,3,2
2026-01-07,STR014,12,5750.24,17.67,6,2,1
2025-12-23,STR029,7,5725.36,21.0,5,2,0
2025-06-06,STR013,18,5290.19,16.22,11,4,1
2025-11-02,STR015,11,5839.64,18.18,8,3,0
2026-02-01,STR005,15,10691.64,21.67,10,5,1
2026-02-23,STR006,14,9015.89,24.36,11,6,0
2026-05-30,STR013,15,4222.13,20.47,10,2,2
2026-03-15,STR028,15,7788.85,15.6,10,4,2
2025-09-25,STR021,20,9196.09,16.85,14,3,1
2025-11-18,STR010,13,5892.7,13.77,8,4,0
2025-10-25,STR011,11,3820.25,13.18,6,0,1
2026-02-26,STR026,12,7244.87,15.42,5,6,3
2025-07-01,STR018,17,6767.43,11.82,8,2,2
2025-12-28,STR029,14,5523.31,18.29,8,1,2
2026-03-24,STR009,10,3089.2,10.3,3,2,0
2026-05-08,STR026,12,4928.99,18.58,8,3,0
2025-06-08,STR022,12,6960.68,14.75,7,3,1
2025-12-10,STR008,13,5335.25,13.31,7,3,2
2025-07-06,STR009,15,4494.88,15.0,7,2,2
2026-01-23,STR018,10,4536.51,14.4,6,1,3
2025-09-15,STR014,9,5392.68,14.67,5,1,1
2025-12-09,STR017,15,7554.79,14.87,11,3,2
2025-06-23,STR015,16,10586.12,18.81,10,0,1
2026-04-27,STR020,15,4965.59,12.67,6,4,1
2025-06-06,STR015,15,8141.89,15.87,7,1,1
2025-12-02,STR030,15,6283.67,18.13,10,5,0
2025-09-21,STR005,17,7658.28,19.0,10,0,2
2026-02-05,STR021,11,8761.78,19.09,8,4,1
2026-04-28,STR025,14,10245.91,18.93,11,5,0
2025-06-29,STR019,11,4731.85,20.82,7,3,2
2025-08-12,STR017,18,9623.14,16.28,12,5,1
2026-05-25,STR028,8,2877.47,17.25,7,2,1
2025-06-03,STR026,13,4350.83,16.46,7,3,0
2026-04-19,STR009,17,7764.17,17.94,13,3,1
2026-01-15,STR006,14,10348.79,21.43,10,3,1
2025-07-25,STR007,12,7947.15,13.08,6,2,1
2026-04-10,STR025,15,5923.95,18.2,11,5,0
2026-04-06,STR011,17,9227.63,15.76,10,4,2
2025-06-17,STR019,9,3752.97,13.56,3,2,1
2025-07-24,STR013,12,4179.84,14.58,8,2,2
2026-04-13,STR013,10,7483.33,13.1,6,0,0
2025-10-04,STR018,15,5862.19,15.33,10,2,3
2025-12-09,STR006,12,6460.52,16.33,9,4,3
2025-08-04,STR024,7,1718.58,12.0,4,1,1
2025-08-06,STR030,11,5188.99,16.0,6,2,1
2026-04-26,STR001,6,1959.91,14.67,4,2,1
2026-03-10,STR025,8,6311.73,19.5,6,2,1
2025-08-31,STR027,10,5541.95,17.9,8,2,2
2025-09-18,STR025,9,5490.09,15.44,5,4,1
2025-12-12,STR027,12,5451.61,20.42,8,1,0
2025-06-06,STR012,10,8779.31,23.9,8,0,1
2025-10-24,STR018,10,6097.71,13.9,7,1,0
2025-08-18,STR026,9,6053.42,13.44,4,3,1
2025-12-21,STR024,13,8507.45,15.08,6,2,2
2025-10-26,STR015,9,8026.78,18.67,9,2,0
2025-09-11,STR029,14,6892.8,19.79,10,5,4
2025-08-03,STR018,16,11143.43,16.69,12,1,1
2025-12-30,STR028,13,6697.58,13.69,8,6,0
2026-01-24,STR004,16,12469.63,15.5,9,5,1
2025-09-19,STR019,11,5736.95,14.0,8,2,1
2026-03-29,STR027,11,6547.65,18.27,9,3,0
2025-11-02,STR018,16,11261.91,16.25,9,1,1
2026-05-08,STR011,16,11229.72,16.25,12,5,2
2025-09-22,STR013,14,7024.99,14.29,8,2,2
2025-11-24,STR011,11,6952.63,16.45,9,0,1
2025-06-16,STR008,15,6912.39,17.93,12,2,5
2026-05-18,STR023,7,3597.03,22.86,6,3,1
2026-05-11,STR018,12,5786.31,11.92,4,2,1
2026-04-06,STR014,6,4627.84,15.67,5,2,1
2026-01-03,STR018,18,11652.19,22.61,15,6,2
2025-09-23,STR026,10,4092.95,10.5,4,1,1
2026-01-23,STR011,11,9258.24,16.82,6,2,1
2026-04-03,STR017,10,5684.93,14.8,6,1,1
2025-10-15,STR021,15,8644.13,16.6,10,5,2
2026-03-10,STR001,14,10683.28,15.07,9,4,0
2025-07-29,STR024,7,5348.15,11.86,3,0,1
2026-01-10,STR012,10,2513.16,15.6,7,1,1
2025-07-03,STR012,13,4625.89,18.31,10,2,0
2026-05-17,STR026,8,2074.78,14.75,4,2,0
2026-03-01,STR001,11,8629.66,16.82,8,4,2
2025-07-07,STR026,11,4843.16,17.91,7,3,0
2026-01-07,STR011,10,2388.34,17.3,7,0,0
2025-06-17,STR002,12,5748.77,19.33,10,2,0
2025-12-22,STR010,9,5347.23,19.44,7,1,1
2025-10-28,STR001,14,5226.59,21.93,12,1,0
2025-10-27,STR023,12,8117.04,20.0,9,5,1
2025-07-06,STR005,17,6719.84,18.53,11,2,2
2025-09-30,STR025,13,6330.8,19.23,11,4,2
2025-10-05,STR009,7,3038.29,25.86,5,0,2
2025-10-19,STR027,15,6704.08,18.67,9,4,0
2025-10-25,STR001,12,3867.31,16.17,8,3,1
2026-03-26,STR016,12,3184.43,16.5,7,3,3
2025-07-13,STR004,13,5947.32,11.92,8,3,2
2025-06-17,STR011,7,4383.04,16.71,5,1,1
2026-03-13,STR026,10,8042.24,11.1,4,2,1
2026-03-25,STR014,17,7787.54,13.65,7,3,4
2026-03-18,STR007,11,4230.59,17.0,5,4,2
2025-12-02,STR011,14,4509.17,16.43,11,2,0
2026-04-29,STR007,10,7506.27,17.1,6,2,3
2025-08-08,STR030,10,3750.22,17.0,7,1,1
2025-08-10,STR005,11,5663.05,20.18,7,4,1
2025-07-10,STR012,16,6403.11,20.0,13,3,0
2025-10-26,STR009,11,5427.69,15.82,8,3,2
2026-04-19,STR027,15,6089.63,17.0,10,4,1
2026-02-20,STR026,16,9626.53,14.69,9,2,1
2026-03-17,STR023,13,5389.94,14.15,8,5,3
2026-02-03,STR004,16,6613.17,14.06,8,2,1
2025-10-16,STR008,6,2256.73,16.67,4,1,0
2025-11-25,STR022,14,9244.85,18.14,9,0,1
2026-03-23,STR018,11,8192.19,22.45,8,1,1
2025-09-18,STR014,15,7441.1,18.6,11,4,1
2026-03-03,STR017,8,6119.51,17.13,5,2,1
2026-04-14,STR021,12,4283.01,20.25,10,2,2
2025-06-06,STR027,15,4971.47,16.27,10,4,1
2026-04-28,STR023,7,4103.61,14.71,2,2,2
2025-08-19,STR002,11,5500.59,19.18,8,2,0
2025-11-06,STR012,11,3886.78,16.45,8,1,2
2025-08-05,STR013,10,3747.44,18.8,4,1,1
2026-04-06,STR013,10,5518.22,18.4,7,2,1
2026-05-07,STR012,9,4885.01,16.67,5,0,0
2026-05-07,STR007,10,3656.51,13.3,6,1,4
2025-08-03,STR030,7,2098.71,27.14,5,1,0
2025-09-02,STR010,16,5505.78,20.06,13,3,0
2025-09-23,STR015,12,4490.76,15.17,7,2,2
2025-09-27,STR015,8,1766.35,17.25,6,0,2
2025-09-03,STR019,7,4648.59,14.57,3,3,0
2025-09-26,STR027,14,7568.63,14.29,7,3,2
2025-12-04,STR009,9,5728.21,10.44,2,1,2
2025-10-30,STR021,16,11518.8,18.31,11,2,1
2026-02-09,STR012,12,4990.79,16.17,10,4,1
2025-06-26,STR018,8,3401.59,15.88,6,0,2
2026-03-03,STR020,12,8252.58,18.17,9,4,1
2025-10-29,STR015,12,8285.31,15.08,7,3,3
2025-06-22,STR004,12,5219.31,19.67,9,3,0
2025-08-07,STR022,12,5129.49,14.42,5,2,0
2026-05-20,STR026,11,5389.85,13.55,5,3,1
2026-04-19,STR008,14,8662.26,18.79,9,5,1
2025-06-17,STR018,12,10578.77,13.08,5,1,1
2026-04-23,STR002,12,4298.93,11.33,5,4,3
2025-08-14,STR024,10,5115.2,15.6,6,1,1
2025-11-23,STR023,7,4125.34,13.0,4,3,2
2025-11-23,STR013,14,7226.8,20.57,10,4,1
2025-09-07,STR023,17,9132.55,21.06,11,7,2
2025-12-04,STR008,9,5263.97,17.78,6,2,2
2026-01-14,STR017,17,13880.8,16.53,11,2,0
2025-06-12,STR004,9,3983.01,20.78,6,0,1
2026-04-17,STR012,10,3869.7,18.5,5,0,1
2026-03-26,STR005,6,4155.23,14.33,3,1,0
2025-09-08,STR020,19,14880.93,15.32,14,2,2
2025-09-28,STR003,15,7126.15,14.6,9,1,4
2025-06-11,STR016,15,7831.02,13.4,9,1,1
2025-07-03,STR007,3,1012.0,9.67,0,1,0
2025-11-21,STR007,14,8849.35,13.21,7,7,2
2026-02-28,STR015,8,2394.42,15.25,5,1,0
2025-12-20,STR003,12,5272.05,18.17,8,4,0
2026-01-13,STR006,13,5946.35,19.62,8,2,2
2025-06-09,STR019,14,6287.13,15.07,9,3,1
2025-11-30,STR016,9,5953.28,14.67,4,1,0
2025-12-04,STR018,11,4573.64,17.91,7,4,0
2025-10-14,STR005,10,2832.08,17.4,8,3,0
2026-02-28,STR021,13,9682.33,19.0,8,2,5
2026-04-26,STR008,10,5550.78,17.3,8,3,1
2025-08-02,STR014,12,4128.65,14.58,6,2,1
2025-08-21,STR009,14,14415.79,17.07,8,2,4
2026-02-23,STR011,12,6055.15,14.75,7,2,1
2026-02-17,STR001,15,8780.45,16.0,9,2,1
2025-09-12,STR001,9,4747.2,22.11,8,1,1
2026-01-28,STR022,11,5893.19,25.82,10,0,1
2025-07-19,STR012,15,9546.08,17.53,8,1,1
2026-01-11,STR021,9,3272.81,14.89,4,2,1
2025-11-17,STR019,8,3348.89,15.88,4,0,1
2025-12-09,STR027,11,4398.89,18.45,6,2,0
2026-02-01,STR027,14,3484.04,14.43,9,2,1
2025-08-17,STR001,13,8245.22,15.31,8,1,0
2025-08-03,STR019,14,5927.48,15.07,11,2,2
2026-01-15,STR002,9,4285.44,15.56,4,0,1
2026-05-23,STR023,12,8268.13,11.42,6,3,1
2025-06-23,STR012,9,5635.17,15.56,5,2,0
2026-02-27,STR008,12,9219.66,14.0,8,6,2
2025-07-08,STR001,10,7364.18,18.3,7,3,1
2026-04-08,STR008,15,5925.88,12.8,7,2,1
2025-08-11,STR003,12,4131.52,12.5,5,1,3
2025-12-01,STR010,6,1595.94,18.17,3,0,0
2026-02-05,STR019,12,6835.13,16.33,7,3,1
2026-01-04,STR021,13,4226.53,17.62,10,5,1
2026-01-01,STR025,15,6121.04,17.53,12,3,1
2025-12-01,STR021,15,5525.15,13.6,7,5,2
2025-09-17,STR025,16,6461.64,19.56,12,3,0
2026-05-19,STR008,8,2750.17,14.75,6,2,1
2026-01-22,STR015,11,8487.75,12.82,8,1,4
2025-08-08,STR007,12,5762.39,17.92,8,1,2
2025-12-06,STR013,11,4712.13,16.09,7,3,2
2025-06-25,STR005,7,5271.95,11.86,2,2,0
2025-08-03,STR014,9,7206.59,12.44,4,0,1
2025-08-17,STR022,6,1808.46,18.5,3,2,0
2026-03-20,STR026,14,10565.65,15.21,11,4,0
2025-06-10,STR018,11,7171.14,14.73,7,4,2
2025-12-03,STR009,12,5625.69,14.08,7,1,1
2025-12-31,STR018,8,3633.11,21.25,6,1,0
2026-01-10,STR016,14,7029.5,16.14,6,3,1
2026-04-23,STR008,9,4377.63,13.33,5,2,2
2025-10-02,STR007,13,4496.63,14.38,7,5,2
2026-03-30,STR019,11,9361.6,15.45,6,1,0
2025-09-27,STR011,12,6248.45,14.58,7,2,2
2025-08-14,STR003,8,5121.22,17.13,3,0,2
2026-05-18,STR018,12,4552.03,22.08,10,5,0
2025-06-15,STR001,10,3102.88,18.7,7,1,1
2026-01-08,STR011,10,2534.84,15.2,7,2,1
2025-08-15,STR011,10,7155.9,17.4,6,3,1
2025-10-03,STR016,10,4095.56,12.0,5,2,1
2025-06-18,STR027,17,9609.47,18.59,11,2,1
2025-11-04,STR006,10,4715.28,15.7,5,2,1
2026-04-20,STR014,16,4454.18,15.94,12,1,1
2025-10-06,STR001,9,3634.19,16.56,4,0,1
2025-11-24,STR003,8,2540.36,22.13,5,4,3
2026-04-22,STR005,10,8589.53,11.1,3,1,0
2026-04-06,STR030,12,4779.14,13.58,6,7,3
2025-08-21,STR001,10,3926.21,20.1,6,1,1
2025-08-27,STR012,8,3570.51,11.5,3,3,0
2025-09-21,STR016,17,10037.75,20.24,13,4,0
2026-03-29,STR025,8,3896.59,17.88,8,2,0
2026-02-26,STR018,5,616.73,15.4,3,2,0
2026-05-16,STR016,18,11115.35,19.22,12,7,4
2025-11-22,STR001,11,5411.38,14.36,5,3,0
2025-07-12,STR029,14,7800.21,14.21,8,0,1
2025-09-27,STR005,12,5293.42,17.92,10,2,2
2025-06-09,STR010,7,7542.24,12.86,2,2,0
2026-03-22,STR024,16,8780.99,13.38,10,4,3
2026-03-03,STR027,11,8519.96,14.36,8,2,0
2025-06-06,STR006,11,6300.02,14.0,7,4,0
2026-05-31,STR018,9,2824.79,19.67,6,1,3
2026-02-15,STR021,14,7736.86,16.21,8,7,1
2026-02-02,STR021,8,3262.7,18.75,6,0,2
2025-08-19,STR023,6,2839.03,18.0,4,2,0
2025-06-09,STR005,9,3768.75,15.67,5,1,1
2026-04-08,STR010,6,2877.07,15.0,6,1,0
2025-09-30,STR013,10,4009.35,14.8,5,2,0
2025-07-14,STR009,9,4071.01,12.11,5,1,0
2026-01-01,STR026,18,9510.86,14.72,8,5,2
2025-10-12,STR021,17,10190.63,14.82,11,4,2
2025-06-26,STR005,7,2840.15,19.71,4,1,0
2025-07-28,STR028,6,4796.91,20.5,4,2,1
2026-03-06,STR014,6,4034.41,15.33,3,3,0
2026-02-11,STR010,5,1454.27,11.6,3,0,0
2025-08-09,STR006,11,6800.81,16.64,5,2,1
2026-04-16,STR003,12,5781.84,19.17,10,1,4
2026-05-18,STR027,8,3574.2,19.0,4,0,0
2025-09-08,STR003,10,8720.74,13.9,7,3,2
2025-12-23,STR012,13,7486.39,17.69,8,3,0
2026-04-22,STR027,12,7616.97,17.08,9,2,0
2026-06-03,STR017,10,5123.73,14.7,8,1,1
2025-12-14,STR004,17,9404.65,16.76,11,3,5
2026-02-06,STR024,16,5312.48,14.75,8,2,2
2025-09-07,STR024,18,10349.45,17.94,13,5,3
2026-04-01,STR010,10,6849.23,12.0,3,1,0
2025-09-09,STR001,13,7842.46,17.08,9,3,1
2026-03-12,STR019,15,5978.23,13.8,8,6,2
2026-05-30,STR016,19,8461.18,14.37,11,7,2
2026-05-11,STR004,10,3446.0,16.0,5,1,3
2025-08-15,STR022,17,8427.25,19.0,13,2,3
2026-01-18,STR024,14,8619.28,12.64,7,5,3
2026-02-26,STR008,13,6336.4,14.38,8,0,0
2025-10-05,STR005,13,4555.72,14.69,5,3,1
2025-10-30,STR019,11,8869.04,17.55,7,3,3
2025-12-18,STR024,19,10059.18,13.95,13,2,2
2025-12-23,STR024,14,5324.64,20.0,9,5,1
2025-09-09,STR002,14,7317.03,16.57,8,1,1
2025-06-18,STR013,12,5260.11,18.83,10,3,1
2026-02-27,STR004,11,5580.01,15.82,7,2,1
2025-08-09,STR014,10,4442.36,13.9,6,2,1
2025-09-24,STR023,18,11183.75,20.61,14,3,1
2025-09-01,STR022,12,5133.72,14.75,10,2,3
2025-07-01,STR007,24,16292.56,15.21,17,5,3
2025-12-03,STR024,14,8791.2,15.79,9,2,3
2026-03-21,STR009,14,7582.88,16.43,9,3,2
2025-11-27,STR012,9,5232.51,14.89,4,4,1
2025-07-19,STR015,12,10060.7,21.42,10,5,0
2026-03-30,STR009,17,11244.26,11.82,8,3,1
2025-08-25,STR026,15,6978.79,13.93,10,3,1
2025-12-02,STR005,15,5125.87,18.87,8,4,2
2025-06-08,STR030,19,14032.32,12.95,9,3,1
2026-04-14,STR008,12,5985.35,15.5,5,2,0
2026-06-01,STR009,9,4347.93,18.0,5,2,1
2025-10-19,STR008,15,9697.13,16.13,7,2,1
2025-12-18,STR012,10,3359.08,13.4,5,4,2
2026-01-18,STR022,17,9284.39,12.47,6,4,2
2025-08-29,STR020,12,7826.8,11.83,5,4,0
2025-09-30,STR022,14,6650.19,18.07,10,2,0
2026-04-21,STR004,19,12043.63,19.32,12,4,2
2026-05-02,STR013,19,10299.98,17.95,13,3,0
2026-04-06,STR028,10,3328.69,12.3,6,2,2
2025-09-15,STR013,12,5962.94,14.75,5,2,1
2025-10-26,STR025,11,5821.81,17.18,8,3,1
2025-06-30,STR004,20,10040.12,14.5,11,3,0
2026-04-07,STR028,17,8582.42,17.18,10,6,2
2026-03-04,STR003,16,10034.65,16.19,10,6,4
2025-11-04,STR011,13,5046.13,15.23,7,2,1
2025-12-27,STR021,12,4080.46,19.17,10,3,2
2025-09-06,STR010,12,3266.67,15.33,6,2,1
2026-03-19,STR001,6,2306.28,17.33,3,2,2
2025-10-07,STR019,17,10491.82,12.24,8,2,2
2026-04-22,STR002,17,5701.96,13.35,10,4,1
2026-01-06,STR021,14,12402.5,18.0,11,3,0
2026-04-02,STR024,14,5985.33,18.93,10,3,2
2026-03-21,STR026,15,5319.5,17.67,6,4,3
2025-07-27,STR009,10,3870.99,19.0,6,2,0
2026-06-03,STR023,20,5775.36,16.55,13,3,3
2025-12-21,STR030,21,8196.14,18.48,16,5,2
2026-04-13,STR003,13,8545.03,11.69,6,4,1
2025-12-23,STR023,11,7596.34,12.73,6,2,1
2025-10-30,STR027,17,11764.32,15.76,10,7,2
2026-02-04,STR010,6,2120.48,17.0,5,0,0
2026-03-24,STR013,11,3272.06,19.73,7,3,2
2025-11-26,STR017,13,8887.1,14.62,5,0,1
2025-12-08,STR008,12,10101.03,15.0,6,2,0
2026-05-01,STR027,15,8617.67,12.2,7,3,1
2025-12-15,STR014,8,5840.41,18.0,5,3,1
2025-06-25,STR004,17,6577.79,17.06,12,5,0
2026-06-01,STR017,16,6310.35,19.75,14,2,1
2025-09-09,STR024,11,4727.93,15.64,8,2,2
2026-03-03,STR003,18,9508.97,15.83,11,3,2
2026-01-22,STR010,20,6717.5,16.35,12,3,2
2026-05-12,STR027,12,9210.78,15.0,6,3,2
2026-05-16,STR002,17,7714.3,17.94,13,0,4
2026-05-23,STR024,12,7307.52,18.17,10,5,1
2026-04-03,STR018,11,7914.55,16.55,6,3,3
2025-07-31,STR022,11,3758.53,22.73,9,5,1
2025-09-11,STR002,18,10619.83,17.83,13,3,1
2025-10-03,STR023,11,7153.17,13.09,8,3,1
2025-09-03,STR004,19,10276.17,13.74,10,4,3
2025-09-23,STR021,10,6121.86,13.3,7,1,2
2026-04-12,STR024,10,4616.81,18.5,7,4,0
2025-07-14,STR022,12,5849.59,20.5,9,2,1
2026-04-10,STR004,9,3482.4,15.22,3,4,0
2025-12-10,STR005,13,3767.27,15.85,10,1,3
2026-03-15,STR026,12,7526.85,19.33,7,5,1
2025-11-21,STR027,16,6799.84,21.69,13,3,4
2026-04-18,STR012,14,9449.03,10.57,5,2,2
2025-10-03,STR024,20,8471.83,14.6,9,2,0
2026-02-14,STR027,9,3504.53,19.22,5,0,2
2025-11-20,STR028,11,4751.76,13.0,6,1,2
2025-12-30,STR022,17,9457.54,16.71,10,1,1
2025-07-17,STR029,16,7961.98,15.75,10,2,0
2025-08-23,STR027,16,6583.17,18.38,9,1,1
2026-04-11,STR012,10,5299.42,18.3,8,2,1
2025-07-24,STR025,10,5181.98,13.2,5,2,0
2025-11-17,STR007,14,7958.76,17.5,8,5,1
2026-02-22,STR025,15,8600.8,14.6,11,4,1
2025-09-01,STR015,8,7163.88,22.25,6,2,0
2025-10-04,STR011,12,5076.41,17.42,6,4,3
2026-04-20,STR007,22,7425.1,14.23,14,5,4
2025-10-23,STR026,13,7004.63,19.62,8,4,0
2025-09-27,STR012,10,4678.76,20.8,7,0,0
2026-02-25,STR027,21,12685.59,15.19,11,2,4
2025-10-08,STR030,12,8398.54,13.92,7,3,3
2025-06-30,STR008,17,10120.54,16.65,11,4,1
2025-06-19,STR013,18,10158.98,19.28,16,1,1
2026-03-16,STR015,15,4459.02,19.2,10,4,1
2026-01-22,STR013,11,5790.11,13.55,5,1,3
2025-11-19,STR016,16,11048.39,17.38,12,6,1
2025-06-07,STR012,13,8390.89,16.62,6,1,2
2026-02-19,STR003,6,2646.6,18.5,3,1,0
2025-07-21,STR004,11,4576.11,15.0,4,5,1
2025-10-08,STR024,14,7044.6,15.14,6,3,1
2026-04-05,STR004,20,14784.85,19.2,14,6,1
2025-06-23,STR010,10,4911.62,19.3,5,2,2
2025-11-23,STR029,11,5627.26,16.09,9,6,2
2026-05-28,STR017,14,7424.02,17.21,9,3,1
2025-08-19,STR024,16,6496.04,13.0,7,3,2
2025-10-20,STR005,12,8077.34,17.17,8,1,3
2026-03-21,STR006,8,6874.42,22.63,8,2,0
2026-01-12,STR015,17,7591.47,14.12,12,4,2
2025-11-13,STR029,11,4991.46,13.64,6,3,1
2026-05-08,STR016,11,4851.85,16.27,6,2,3
2026-03-04,STR015,12,4862.93,14.58,6,4,3
2026-03-17,STR004,13,6060.64,15.62,10,2,2
2026-02-12,STR005,9,5189.79,13.22,5,0,2
2026-05-15,STR011,11,7468.5,17.36,6,0,2
2025-09-17,STR020,10,5547.58,17.5,8,3,0
2025-09-12,STR028,16,8886.56,13.5,10,4,0
2026-04-18,STR018,13,8099.55,15.46,7,1,1
2026-04-25,STR004,16,8075.97,13.69,7,2,4
2025-06-24,STR023,16,6617.34,14.94,8,2,2
2026-02-12,STR002,13,5712.1,12.31,6,3,2
2026-05-28,STR016,12,5595.33,13.5,6,0,2
2026-02-01,STR001,13,9116.17,16.77,6,5,0
2025-08-22,STR005,23,12617.39,14.39,15,2,2
2025-10-24,STR015,24,14839.69,14.71,15,5,1
2025-12-14,STR009,10,5288.55,15.6,7,2,1
2026-03-23,STR023,16,6717.68,18.0,11,0,1
2025-11-26,STR022,6,2250.06,13.17,4,2,1
2025-09-02,STR007,16,5391.46,17.31,12,5,4
2026-04-02,STR002,13,7281.9,14.23,8,2,0
2026-01-05,STR002,11,3988.43,18.36,8,3,0
2026-03-23,STR030,14,11117.83,14.71,6,1,2
2025-12-27,STR028,16,9043.49,16.19,10,5,1
2025-10-21,STR025,13,10535.36,12.92,7,4,1
2025-12-23,STR002,17,5330.01,17.24,13,2,1
2025-06-03,STR001,17,7637.1,14.47,9,5,1
2026-03-07,STR026,23,11714.96,13.04,9,3,3
2026-04-24,STR002,14,5848.96,18.21,10,4,1
2025-12-20,STR002,12,3802.66,16.17,9,4,1
2025-09-30,STR030,17,10628.6,19.35,11,6,2
2026-01-05,STR011,15,4227.14,16.6,10,3,3
2026-05-07,STR018,14,9147.88,15.5,8,1,2
2026-02-16,STR021,19,8184.17,16.47,9,4,3
2026-05-25,STR008,16,7793.51,15.44,9,2,2
2025-08-02,STR007,14,7284.11,26.14,13,7,2
2025-09-11,STR025,13,7321.01,13.15,9,1,2
2025-12-03,STR016,18,10870.4,12.72,8,5,0
2026-05-27,STR023,20,7910.53,18.35,14,5,0
2025-07-30,STR010,14,7959.92,15.43,5,4,0
2025-06-14,STR030,8,5025.62,20.38,6,2,1
2025-10-02,STR027,18,8564.34,14.0,8,3,3
2025-09-03,STR010,9,7161.18,23.56,8,3,0
2025-10-30,STR005,11,5306.39,19.0,7,1,0
2025-10-02,STR026,11,6511.44,18.82,10,2,1
2025-06-28,STR016,14,4260.2,13.79,7,2,1
2025-10-20,STR011,19,7094.63,18.26,12,7,1
2025-10-11,STR005,21,12308.95,12.95,7,5,1
2025-12-05,STR025,11,3345.11,15.73,6,3,0
2025-10-10,STR020,14,9439.73,14.5,6,3,1
2025-08-29,STR002,10,3311.27,12.0,4,2,2
2026-02-13,STR011,11,4958.65,19.09,7,2,1
2025-08-24,STR003,15,9228.47,17.33,8,3,1
2026-01-24,STR025,18,10003.48,13.61,9,3,3
2025-09-18,STR011,13,10645.6,15.38,8,5,3
2026-04-27,STR002,14,9491.82,13.79,9,5,0
2026-05-24,STR014,11,4577.52,15.36,9,2,1
2026-01-04,STR028,15,6627.7,16.07,7,4,3
2025-06-05,STR004,17,6485.3,13.35,8,5,0
2026-03-03,STR009,17,8675.64,17.18,10,3,0
2025-06-23,STR013,8,4294.86,14.13,4,1,0
2025-10-03,STR014,11,4648.56,16.45,8,3,0
2025-06-26,STR012,14,4843.84,18.36,10,4,1
2025-12-10,STR017,10,4078.24,15.9,6,1,0
2026-04-19,STR013,9,8436.08,15.89,5,0,1
2026-03-10,STR008,14,5530.41,18.64,9,2,0
2026-04-21,STR011,13,7914.27,15.23,6,3,0
2025-06-13,STR025,13,7353.07,17.0,9,3,1
2026-05-05,STR014,14,5446.31,16.0,7,4,1
2026-01-27,STR022,24,12558.33,15.67,12,4,3
2025-11-23,STR020,12,8030.27,15.25,8,3,1
2025-10-30,STR001,14,3831.78,19.79,10,2,1
2026-03-08,STR007,14,3648.59,15.07,10,3,0
2026-02-09,STR021,17,7641.34,15.06,12,1,2
2025-07-12,STR016,8,6124.3,17.38,5,3,0
2025-08-13,STR015,11,5070.47,16.18,8,3,0
2025-12-31,STR012,16,10015.18,14.5,9,4,3
2026-04-08,STR020,17,6203.99,18.29,11,4,1
2026-04-09,STR027,10,5119.12,21.9,8,3,2
2025-10-26,STR026,19,12857.36,17.68,12,4,5
2025-08-08,STR020,9,5174.54,12.56,5,3,0
2026-01-04,STR005,10,4544.3,15.7,7,2,3
2025-08-12,STR021,13,9775.68,15.46,5,3,1
2025-08-04,STR001,13,6020.03,15.15,9,7,3
2026-02-12,STR018,12,7193.86,19.67,8,4,1
2025-10-05,STR023,10,4761.2,13.5,5,1,1
2026-05-04,STR018,9,4547.59,20.11,5,3,1
2025-06-29,STR004,11,3969.07,15.27,7,6,1
2026-01-27,STR010,17,11136.97,22.82,12,3,0
2025-11-30,STR002,10,4750.43,19.6,7,0,1
2025-12-03,STR022,16,9154.99,19.31,10,4,0
2025-07-20,STR017,13,6043.05,11.15,6,1,0
2026-05-06,STR018,10,6998.54,13.4,5,3,0
2025-11-05,STR013,15,11918.29,15.2,7,2,3
2025-12-19,STR013,7,2302.34,13.43,3,3,1
2026-03-14,STR016,9,4818.44,19.56,6,1,0
2025-07-14,STR014,9,3438.05,15.78,8,4,4
2025-09-15,STR030,10,2239.71,19.1,7,0,1
2025-09-26,STR026,18,9276.16,17.89,10,1,3
2025-10-26,STR016,11,5792.77,19.18,6,3,1
2025-09-16,STR026,11,4393.01,20.27,6,2,2
2026-01-16,STR017,11,3469.33,13.36,7,2,1
2025-11-15,STR014,12,6857.4,17.08,9,1,0
2025-12-21,STR029,8,2745.22,16.0,6,2,1
2026-05-13,STR017,17,6744.33,15.53,11,3,0
2026-03-25,STR001,22,13811.65,17.27,14,2,0
2025-08-12,STR014,7,4147.51,16.43,5,2,0
2026-02-25,STR021,14,8377.61,20.0,8,4,0
2025-06-18,STR026,10,3528.17,15.0,6,0,1
2026-03-17,STR009,14,5441.71,19.64,10,2,0
2026-01-03,STR016,11,5090.39,19.91,6,5,2
2025-11-18,STR022,14,9513.25,16.43,10,5,2
2025-10-31,STR026,20,9327.06,16.3,12,4,1
2025-07-20,STR001,13,10833.94,16.15,10,0,1
2026-02-04,STR007,21,8352.85,15.9,16,5,2
2026-03-17,STR029,13,9835.79,14.62,8,3,2
2026-01-09,STR027,12,3942.56,15.25,7,2,0
2025-06-23,STR005,17,5758.5,15.24,8,3,1
2026-03-31,STR019,9,3459.62,16.22,5,2,2
2025-06-07,STR006,16,10325.0,16.44,12,3,2
2025-07-24,STR007,12,9234.06,12.92,7,0,1
2026-04-14,STR016,12,7431.02,13.92,8,3,0
2025-08-24,STR008,16,6323.33,19.31,11,4,2
2025-10-12,STR010,14,5472.04,17.86,11,2,1
2025-07-18,STR018,10,4391.01,14.4,5,4,2
2025-07-16,STR021,14,6064.61,17.36,9,3,1
2026-03-09,STR024,14,6475.79,17.86,10,1,1
2026-01-30,STR015,13,7837.96,19.77,8,1,2
2026-05-22,STR026,18,8819.45,16.11,12,2,3
2025-09-10,STR029,18,10704.7,11.83,6,3,2
2026-02-01,STR011,17,8823.25,18.82,10,4,1
2025-07-03,STR020,15,5298.07,12.47,7,3,2
2026-05-18,STR013,16,8162.85,13.25,5,3,0
2026-01-18,STR015,16,8831.87,14.06,11,4,2
2025-07-07,STR016,17,7426.49,19.06,12,4,0
2025-06-06,STR023,23,9783.26,17.43,15,1,0
2025-11-01,STR025,11,4318.91,11.73,3,3,1
2025-07-06,STR012,5,530.07,15.8,4,0,1
2025-07-08,STR009,14,12445.28,13.43,9,4,1
2025-06-29,STR024,11,4103.17,16.0,5,1,1
2025-06-25,STR030,11,5208.55,13.27,5,3,3
2026-03-27,STR018,11,5970.36,10.82,4,2,1
2026-03-12,STR013,12,8420.16,19.42,8,2,2
2026-05-27,STR015,19,10573.74,15.95,10,6,1
2025-12-29,STR002,14,6960.95,14.64,7,4,2
2025-10-25,STR019,6,1867.53,13.0,3,0,0
2025-07-08,STR029,14,5576.2,13.21,9,5,2
2025-10-20,STR021,15,7140.24,12.67,8,3,2
2026-01-26,STR010,15,7285.61,18.33,11,3,3
2025-12-29,STR021,10,6225.22,20.2,8,4,2
2025-11-22,STR002,13,11475.97,14.92,9,2,0
2026-03-24,STR016,15,8198.96,13.6,8,2,1
2025-09-22,STR016,11,4612.88,16.18,8,2,0
2026-04-25,STR008,14,9823.39,15.93,8,1,2
2025-10-27,STR008,18,7814.53,14.94,9,4,2
2026-04-17,STR001,14,9900.65,11.93,6,3,0
2025-08-13,STR007,15,6258.81,20.53,10,3,1
2026-03-22,STR022,13,4675.64,15.31,8,2,3
2025-12-31,STR021,20,13478.86,16.9,12,4,4
2025-08-25,STR009,15,5844.79,15.87,7,3,3
2025-06-07,STR024,16,11586.0,16.69,8,8,2
2025-07-08,STR002,8,5934.19,19.13,6,1,1
2025-07-10,STR026,15,7977.78,16.67,9,6,1
2026-05-31,STR029,16,7584.45,15.5,10,3,0
2026-02-14,STR010,13,4463.93,14.23,9,5,2
2025-06-19,STR016,13,8773.57,22.69,10,1,1
2025-12-27,STR013,17,10304.74,15.41,8,1,2
2026-02-17,STR012,7,3383.26,12.86,4,0,3
2025-11-27,STR002,14,6175.16,16.21,5,4,0
2025-12-06,STR006,14,8476.61,18.93,8,3,3
2025-09-27,STR001,9,3629.71,22.22,7,2,2
2025-12-28,STR021,17,6921.74,20.76,14,4,3
2026-04-01,STR024,13,7182.15,15.15,9,1,2
2026-01-10,STR004,14,8087.63,15.5,9,5,3
2026-02-03,STR021,19,8386.93,19.58,13,5,2
2026-04-17,STR005,9,3330.16,11.89,5,2,1
2025-11-29,STR022,27,8391.06,16.3,17,3,0
2025-09-09,STR007,12,8928.52,12.17,7,1,1
2025-12-05,STR029,12,6682.05,15.33,5,4,1
2025-08-01,STR008,13,7220.85,21.46,10,4,3
2025-10-01,STR005,12,5507.33,18.92,8,0,0
2026-04-22,STR009,12,5455.62,14.5,6,4,1
2025-11-25,STR006,12,9706.23,17.83,9,4,1
2026-02-23,STR001,11,4731.0,17.0,5,2,1
2026-02-06,STR002,12,8348.65,13.33,4,2,0
2026-03-21,STR028,12,5828.32,16.75,6,3,1
2025-11-12,STR023,16,8195.63,20.44,11,5,3
2025-08-04,STR012,10,2028.07,16.6,7,0,0
2025-11-13,STR014,13,5484.74,17.08,9,1,2
2025-09-14,STR030,14,6683.07,19.29,9,2,1
2025-07-21,STR010,9,6245.1,14.22,4,2,0
2026-05-15,STR019,16,6445.96,14.94,6,0,2
2025-10-26,STR022,6,2200.11,16.17,3,1,2
2025-11-16,STR020,10,6525.46,15.0,8,3,1
2025-10-22,STR028,8,1882.45,15.5,4,1,0
2025-12-24,STR001,17,12135.52,14.76,7,3,2
2026-01-21,STR017,19,9473.83,18.79,12,2,2
2026-05-05,STR001,12,4614.4,14.58,8,2,0
2025-12-08,STR014,12,7321.43,12.67,5,1,0
2025-06-14,STR020,14,6312.94,16.71,9,3,2
2025-08-04,STR015,12,5173.73,15.0,8,2,0
2026-03-27,STR020,11,8244.5,16.09,8,0,0
2025-06-05,STR003,14,6750.68,21.93,10,3,3
2025-08-11,STR009,14,9218.64,14.79,6,4,1
2026-04-16,STR001,15,7709.23,18.93,10,2,3
2025-11-25,STR021,5,3579.26,18.4,3,2,0
2025-08-19,STR014,8,5089.4,20.25,6,1,0
2026-01-21,STR014,18,10075.6,14.22,9,3,1
2026-04-14,STR025,9,8341.23,21.78,8,1,1
2025-12-11,STR023,15,6935.2,17.2,10,1,3
2025-08-13,STR008,11,8842.23,17.27,6,2,2
2025-09-20,STR007,9,4895.72,16.56,8,2,0
2026-04-17,STR030,14,6760.25,11.86,6,2,0
2026-02-02,STR018,17,10256.55,13.82,9,5,0
2025-12-04,STR002,14,11030.25,19.0,10,2,0
2025-08-14,STR012,16,6622.82,20.81,11,4,0
2026-05-14,STR017,21,11473.77,16.05,16,0,3
2026-01-21,STR011,12,5445.86,16.92,8,2,1
2025-08-20,STR024,16,7127.03,17.63,11,1,2
2026-02-26,STR014,12,10515.14,14.58,6,3,2
2026-04-04,STR010,14,6900.09,19.07,9,5,0
2025-11-08,STR029,11,5453.75,14.73,4,1,1
2025-07-14,STR021,10,4400.64,16.4,7,1,0
2026-05-28,STR015,11,5611.98,15.73,5,2,2
2025-12-07,STR019,11,5503.09,14.0,7,2,0
2025-08-20,STR001,10,9297.75,9.4,2,1,0
2026-01-23,STR027,11,3222.0,13.91,7,1,2
2026-03-13,STR017,14,6738.89,16.64,9,4,0
2026-05-22,STR008,14,5668.68,16.29,10,1,2
2025-07-08,STR015,10,5304.73,15.1,8,0,1
2025-06-13,STR004,17,11951.15,18.94,10,4,2
2025-11-11,STR013,13,9087.42,19.38,8,3,1
2025-06-17,STR026,14,4113.41,15.0,7,2,3
2025-10-01,STR015,13,5176.05,13.23,7,3,1
2026-02-07,STR030,17,8622.9,15.65,10,1,2
2026-01-03,STR011,16,9287.26,16.19,8,1,2
2025-10-02,STR022,15,9648.33,18.47,10,2,2
2026-03-22,STR006,11,4085.14,15.18,7,4,0
2025-12-21,STR012,19,6570.21,16.68,12,3,2
2025-08-25,STR030,21,10684.59,13.62,11,5,5
2025-11-30,STR008,11,3975.55,14.64,8,4,1
2026-04-30,STR010,9,3876.01,18.44,7,2,1
2025-12-22,STR024,16,4807.68,15.81,10,8,0
2025-09-25,STR001,16,8534.24,14.63,7,1,0
2025-09-17,STR017,20,11517.65,16.45,13,2,0
2026-03-22,STR028,12,3605.35,20.5,8,3,3
2025-09-19,STR004,8,4748.51,15.25,6,2,0
2025-06-30,STR016,6,1470.88,22.33,5,1,1
2025-07-28,STR029,10,4590.83,21.7,7,2,2
2025-09-10,STR028,9,4201.76,19.67,6,1,1
2026-06-01,STR001,12,5390.69,13.75,5,4,0
2026-04-06,STR024,10,4181.19,18.0,6,1,0
2025-09-30,STR020,5,2210.87,24.8,4,0,0
2025-10-06,STR011,14,12398.62,15.57,10,3,2
2025-06-22,STR024,13,5710.89,14.0,8,3,3
2026-03-01,STR028,17,7553.97,17.0,14,6,1
2026-02-12,STR003,11,3140.48,19.18,6,2,1
2025-09-21,STR018,17,10237.13,20.29,13,4,2
2025-07-05,STR021,16,5152.54,16.06,10,1,2
2026-05-12,STR019,11,3887.93,20.18,9,3,1
2026-02-09,STR019,16,7799.4,17.56,10,6,2
2026-02-18,STR020,12,5226.26,13.83,8,5,1
2026-05-25,STR002,14,6882.0,19.71,9,1,2
2025-06-06,STR003,15,5896.46,21.4,11,1,3
2025-07-12,STR021,15,11493.84,17.8,9,3,0
2026-04-18,STR029,18,11539.33,16.22,12,3,2
2026-02-19,STR007,10,3026.83,20.3,7,2,2
2025-07-09,STR001,12,5886.31,16.42,7,3,0
2025-10-30,STR004,14,9641.81,16.86,5,3,1
2025-10-05,STR007,18,8485.49,15.39,11,3,1
2026-04-07,STR006,13,5684.68,12.85,4,2,1
2026-04-11,STR024,13,5620.09,14.31,8,1,1
2026-01-14,STR029,9,4492.79,19.67,5,3,1
2025-09-29,STR018,14,5362.93,17.14,9,6,1
2025-11-06,STR024,11,7585.19,15.73,8,3,0
2026-03-26,STR011,13,7028.95,22.46,11,3,1
2025-12-10,STR004,12,7347.96,15.5,8,3,1
2026-04-26,STR014,12,4159.15,15.92,8,1,1
2025-06-22,STR008,7,4205.63,11.0,2,1,0
2026-01-07,STR024,13,6949.26,17.0,9,2,1
2026-02-03,STR015,18,9678.54,18.39,11,2,0
2026-04-23,STR017,14,4416.82,14.86,9,2,0
2025-10-28,STR022,17,4819.66,15.12,9,0,2
2025-10-26,STR008,15,9126.38,15.4,11,5,1
2025-12-20,STR004,8,5203.77,17.75,5,1,0
2026-04-29,STR004,10,4495.49,17.0,8,1,0
2025-08-15,STR021,10,5265.72,17.2,7,2,0
2025-06-21,STR015,14,9417.24,17.07,11,2,1
2025-12-13,STR024,13,9378.66,17.38,8,5,0
2025-11-10,STR017,10,5088.37,13.7,5,3,1
2025-10-08,STR001,13,6962.51,18.08,9,7,1
2025-10-07,STR007,12,4853.62,15.83,9,2,2
2026-03-07,STR018,14,6053.24,14.5,8,4,1
2025-09-24,STR030,16,6500.8,16.88,10,1,1
2025-09-23,STR002,13,13125.51,14.62,10,4,1
2026-04-28,STR017,17,5564.75,18.59,10,5,3
2025-10-05,STR025,11,5298.74,13.0,8,1,1
2026-04-17,STR010,19,7826.32,13.58,12,3,4
2026-04-13,STR004,7,2306.4,12.71,2,2,1
2025-10-09,STR004,14,7765.35,15.0,5,1,0
2025-07-19,STR022,16,9376.57,13.06,8,2,1
2026-04-15,STR020,10,5675.48,16.9,6,3,1
2025-11-13,STR009,13,7244.86,21.38,10,1,0
2026-04-12,STR013,12,4570.57,18.58,8,3,2
2025-09-26,STR012,12,4419.81,17.0,6,3,2
2026-05-24,STR007,17,9011.4,14.47,11,4,3
2025-06-08,STR020,11,2300.18,17.64,8,3,0
2025-07-15,STR020,15,7032.05,18.0,10,5,4
2025-07-06,STR001,14,11394.23,20.29,8,5,1
2026-04-24,STR014,15,12904.11,18.4,12,4,1
2025-11-01,STR021,21,8804.72,17.14,14,6,6
2026-03-14,STR026,15,4437.41,17.4,12,3,2
2026-04-17,STR014,15,8328.99,14.2,8,3,2
2026-05-18,STR019,21,8806.58,16.29,11,6,3
2025-08-27,STR016,14,6172.25,16.71,7,2,2
2025-08-09,STR028,13,7478.4,14.62,8,3,1
2026-05-01,STR019,14,5555.0,15.14,11,4,1
2026-04-15,STR006,14,7324.31,16.0,11,4,1
2025-07-22,STR028,17,9622.02,17.29,13,6,2
2026-01-27,STR020,10,3983.81,14.3,8,1,1
2025-09-30,STR026,14,8314.82,15.36,8,1,1
2025-08-17,STR005,11,4241.88,12.73,3,4,1
2026-03-13,STR007,13,7061.13,16.69,8,4,1
2025-12-19,STR026,12,6767.68,12.67,6,1,3
2026-02-21,STR006,18,6875.33,19.78,10,4,1
2026-04-06,STR001,9,5344.56,13.11,6,4,0
2026-02-22,STR001,12,7729.14,18.0,7,3,0
2026-01-19,STR026,9,3241.4,15.44,6,5,1
2025-10-08,STR025,7,3440.5,11.14,3,0,0
2025-08-06,STR010,8,2787.17,15.88,7,2,2
2025-10-11,STR007,15,9149.27,18.93,10,2,3
2025-11-28,STR016,14,4959.14,16.64,10,3,3
2025-12-22,STR016,13,7923.7,15.54,6,2,2
2026-05-15,STR025,17,10652.19,18.0,9,4,2
2025-07-26,STR018,15,5976.3,19.87,14,5,2
2025-06-07,STR015,16,8318.18,15.5,11,1,3
2025-11-06,STR007,14,6712.16,16.64,9,1,3
2026-02-16,STR020,12,4759.08,17.0,9,3,5
2026-04-29,STR009,16,8659.54,15.0,10,5,2
2025-12-27,STR023,11,7409.67,15.09,6,1,0
2025-11-10,STR013,10,6747.68,13.0,3,1,1
2026-03-27,STR004,6,4214.81,12.0,3,1,2
2026-02-23,STR029,8,8029.94,13.0,6,1,1
2025-07-03,STR030,13,7181.52,16.31,7,3,2
2025-08-20,STR002,14,7562.55,20.36,8,3,2
2025-07-15,STR003,15,7923.05,17.73,11,4,1
2025-12-10,STR003,13,5150.24,19.08,11,2,2
2026-03-21,STR003,8,5616.11,11.0,2,2,2
2026-05-31,STR005,12,5436.25,13.58,5,2,1
2025-09-01,STR023,12,6075.85,16.58,7,3,1
2026-01-26,STR016,15,9181.43,20.0,10,1,1
2025-11-26,STR011,19,10416.65,17.79,11,4,2
2026-05-23,STR009,11,5103.85,12.82,6,2,2
2025-10-20,STR016,16,10272.65,14.69,5,2,0
2025-12-18,STR011,11,5834.7,16.45,6,0,0
2025-07-13,STR002,9,7384.17,16.67,5,2,0
2025-07-25,STR006,18,8073.51,18.67,13,2,1
2026-04-05,STR028,17,9463.61,18.06,10,3,5
2026-01-13,STR021,9,4804.75,16.67,5,2,0
2025-12-25,STR028,6,2670.41,13.0,3,1,0
2026-05-31,STR014,12,2401.96,18.67,9,6,1
2026-05-21,STR007,12,5076.2,16.25,7,1,2
2025-08-25,STR002,8,7655.15,17.38,5,1,0
2026-04-07,STR013,20,7410.29,17.45,15,5,3
2025-08-31,STR021,19,8358.62,18.53,12,6,2
2026-05-11,STR015,11,8044.97,19.91,6,3,1
2025-07-12,STR005,14,7009.34,20.43,8,2,1
2025-08-25,STR018,18,7383.21,12.83,9,3,1
2026-03-08,STR020,21,8926.93,16.62,15,3,3
2026-05-08,STR029,11,8172.89,14.0,7,3,2
2026-01-12,STR025,8,6286.6,26.25,6,0,0
2025-07-12,STR030,18,4903.77,14.11,9,7,3
2026-01-13,STR030,17,11987.37,13.41,6,4,2
2025-07-11,STR017,9,5710.68,13.11,4,2,3
2025-09-13,STR012,15,7178.73,14.2,6,1,3
2026-04-05,STR021,13,5777.28,15.15,6,1,0
2026-02-10,STR004,10,3382.38,12.8,6,1,0
2025-10-22,STR003,19,13815.16,18.11,12,1,1
2025-07-28,STR013,14,8622.55,20.14,11,5,2
2025-08-21,STR008,13,10327.11,20.77,9,3,1
2025-07-18,STR015,11,5123.87,19.73,9,1,2
2025-12-14,STR013,16,5341.64,14.56,7,4,0
2025-11-28,STR026,13,3346.93,13.62,5,2,1
2026-01-02,STR012,13,12795.94,16.85,11,2,2
2025-09-30,STR009,13,7721.7,16.46,7,2,3
2026-04-07,STR030,15,7043.42,16.53,9,1,2
2025-07-16,STR023,7,4303.45,16.29,3,3,1
2026-03-21,STR016,13,6567.94,14.85,7,2,1
2026-04-12,STR022,18,16191.69,15.28,12,5,2
2025-12-24,STR011,9,4634.25,15.33,5,3,0
2025-10-27,STR006,10,7090.01,12.7,4,2,1
2025-06-06,STR026,10,4022.13,28.2,8,2,1
2026-05-11,STR026,13,4741.6,21.62,10,2,3
2026-05-26,STR001,9,5974.52,14.89,6,2,4
2025-07-12,STR018,16,6584.64,16.88,12,5,2
2025-06-24,STR018,13,6868.53,22.92,11,0,1
2025-09-06,STR015,10,4961.15,11.1,4,1,0
2025-11-26,STR016,10,6347.01,15.1,6,1,0
2025-10-20,STR001,11,4581.91,15.73,7,3,0
2026-05-02,STR007,17,10767.71,16.94,15,3,1
2026-01-09,STR011,9,6028.24,18.56,6,1,0
2025-12-03,STR025,15,6070.86,15.87,11,2,2
2025-06-30,STR028,13,7073.68,16.0,9,4,2
2025-07-26,STR009,12,5185.46,20.83,10,5,0
2025-07-19,STR021,18,9324.69,16.72,10,3,2
2025-11-10,STR024,13,9878.47,15.46,7,2,2
2025-11-11,STR012,10,4309.25,16.7,5,3,1
2025-07-12,STR014,13,6462.52,22.46,8,4,0
2025-10-31,STR005,9,3475.45,16.78,5,1,0
2026-02-16,STR010,11,7624.74,22.18,8,4,1
2025-08-29,STR017,12,6388.92,12.67,8,1,3
2026-05-29,STR024,6,4759.59,11.0,2,1,0
2025-09-26,STR016,19,9772.12,16.05,10,2,5
2025-09-05,STR007,12,4166.12,15.08,7,1,0
2025-06-27,STR023,8,5345.94,20.5,6,2,1
2025-07-19,STR030,11,4501.91,16.55,5,2,1
2026-02-26,STR010,10,5603.45,23.5,8,2,0
2026-03-02,STR026,11,8214.34,11.64,4,2,0
2025-09-07,STR006,10,5503.94,23.3,9,3,2
2025-12-26,STR017,12,5412.48,19.25,9,2,2
2026-04-30,STR024,10,4452.85,19.3,7,2,1
2025-07-16,STR025,9,4028.77,15.0,3,1,1
2026-01-31,STR025,11,3165.6,20.18,9,3,2
2026-01-20,STR019,11,6111.55,16.64,6,3,3
2025-11-23,STR010,14,8501.46,16.36,7,4,2
2025-06-19,STR027,17,8912.59,12.41,6,5,2
2026-06-03,STR011,15,10169.4,13.0,6,1,3
2026-03-02,STR005,21,9249.88,17.67,13,3,2
2025-12-14,STR015,12,4500.44,14.83,9,2,2
2026-03-20,STR013,12,6089.98,19.58,10,1,0
2026-03-06,STR008,8,3740.78,14.88,3,0,1
2026-05-27,STR026,11,8048.92,22.55,9,3,1
2026-05-24,STR013,13,7473.21,13.92,6,2,3
2025-10-01,STR026,16,8749.8,20.06,11,6,1
2025-08-26,STR007,12,9849.17,17.33,8,0,1
2026-05-11,STR016,13,6731.6,15.31,7,1,3
2025-08-29,STR012,16,9331.64,15.25,7,2,3
2025-12-02,STR015,9,5806.35,19.44,6,2,2
2025-11-07,STR019,13,6519.51,15.46,9,3,3
2025-06-04,STR017,12,6663.54,13.5,5,5,2
2025-08-21,STR021,10,5748.8,18.2,6,2,0
2025-08-03,STR026,11,5888.36,17.64,5,3,2
2026-05-21,STR002,14,4109.25,17.71,8,3,1
2025-06-08,STR012,12,6124.4,20.92,6,1,0
2026-01-19,STR005,9,3666.96,11.78,3,3,2
2025-11-19,STR026,19,8716.85,18.05,13,3,1
2026-02-14,STR009,18,9130.34,14.28,11,6,3
2026-03-03,STR030,10,8598.64,15.9,8,2,0
2025-06-27,STR005,17,8082.52,21.53,11,3,4
2025-11-09,STR022,13,6332.12,12.92,8,1,0
2026-03-19,STR007,6,2049.86,17.33,3,1,0
2025-12-02,STR009,15,8706.73,21.0,13,0,2
2025-09-22,STR007,14,8413.5,18.36,8,2,1
2026-01-15,STR007,14,7677.24,18.21,9,2,2
2025-09-16,STR017,16,9414.71,18.5,9,2,1
2025-12-05,STR002,9,5138.76,21.44,6,4,0
2026-03-16,STR030,15,5436.78,13.27,9,3,1
2025-12-03,STR008,10,3851.14,16.4,6,4,0
2026-04-19,STR016,15,8770.4,17.07,7,3,3
2025-11-19,STR017,6,4481.25,10.67,2,2,0
2026-05-11,STR017,12,6257.63,15.92,11,4,3
2026-04-08,STR006,11,7656.03,15.64,6,1,3
2025-10-08,STR017,9,2474.41,14.56,3,0,2
2025-07-09,STR004,6,2485.0,10.83,2,1,1
2025-06-26,STR020,14,10541.58,16.64,8,2,1
2026-01-04,STR003,11,3899.88,20.0,7,4,1
2025-12-29,STR027,5,3304.96,19.8,3,0,0
2025-09-01,STR005,12,5800.91,13.58,7,3,1
2025-06-04,STR003,11,7561.74,21.09,9,4,1
2026-05-28,STR024,13,7433.6,18.08,6,3,0
2025-08-02,STR008,10,3254.31,17.7,7,1,0
2025-10-26,STR028,16,4814.91,16.0,8,3,1
2026-03-14,STR001,13,5501.49,18.46,9,2,1
2026-03-01,STR022,9,3356.26,19.89,7,0,1
2026-02-21,STR014,16,6396.28,17.94,11,4,4
2025-06-24,STR013,14,8934.44,12.36,6,6,3
2026-05-01,STR001,15,5664.62,14.07,9,4,2
2025-09-14,STR001,6,1706.89,17.5,6,1,1
2025-12-01,STR005,16,5615.76,16.94,9,6,1
2026-05-21,STR015,9,3167.73,15.22,5,0,0
2025-09-24,STR017,15,5577.23,16.93,10,5,1
2026-03-22,STR018,7,5085.48,19.0,5,2,1
2025-11-16,STR019,11,9780.85,16.36,8,3,1
2025-09-19,STR015,7,2264.42,16.43,5,2,0
2026-05-24,STR002,7,7353.12,12.0,3,0,0
2025-07-30,STR017,6,3305.41,18.0,4,0,1
2026-05-02,STR026,11,5911.17,16.36,9,4,0
2025-07-21,STR015,8,2965.54,18.13,6,1,1
2025-06-30,STR019,11,3478.93,12.91,9,5,3
2025-09-14,STR012,11,4326.19,19.55,7,3,2
2025-08-29,STR001,10,4467.28,20.2,6,4,0
2025-08-06,STR007,10,8510.31,17.6,4,3,1
2026-01-17,STR011,9,6096.74,16.89,5,1,0
2025-11-14,STR017,9,4311.9,12.89,4,3,1
2025-11-20,STR030,11,8389.3,18.64,8,1,1
2025-11-04,STR016,11,3249.25,13.91,8,2,0
2026-02-03,STR011,20,6833.95,17.2,14,8,2
2025-09-14,STR021,10,6209.09,20.9,6,3,3
2025-06-21,STR013,9,6422.49,15.33,5,1,3
2025-07-12,STR013,4,1950.34,21.0,3,2,0
2025-10-31,STR011,12,5111.21,17.17,8,6,1
2025-11-18,STR013,9,4596.26,11.22,3,3,0
2025-07-13,STR009,11,5503.37,16.73,8,2,3
2026-02-02,STR007,10,2824.17,15.5,7,3,0
2026-01-30,STR012,7,3824.58,11.71,3,1,0
2026-04-06,STR029,16,14861.07,16.63,11,2,2
2026-03-15,STR012,7,1014.83,13.29,4,2,3
2025-08-12,STR002,17,8097.23,17.41,13,3,3
2025-08-05,STR018,8,2289.54,12.38,6,1,0
2025-07-05,STR015,9,4861.0,14.89,6,2,3
2025-09-29,STR027,11,3094.57,11.18,3,1,1
2025-09-21,STR023,5,1761.44,18.4,4,1,1
2026-03-28,STR027,12,8244.83,14.58,6,1,1
2026-03-09,STR027,13,4104.29,15.77,7,3,1
2025-08-10,STR021,12,7744.55,15.33,7,2,1
2026-05-09,STR019,10,2357.8,19.6,9,4,1
2026-04-13,STR018,8,4936.3,15.63,4,0,2
2025-10-31,STR028,15,10922.07,16.87,9,3,3
2025-11-12,STR027,12,2710.91,16.67,8,4,1
2026-01-18,STR013,8,2473.61,14.0,5,2,0
2025-11-16,STR004,9,3060.62,16.89,7,5,2
2025-11-07,STR007,11,6257.52,15.27,6,2,0
2026-05-02,STR027,13,4088.64,14.0,8,2,0
2025-11-26,STR020,10,3813.89,15.9,7,1,1
2025-07-12,STR003,9,2932.79,22.78,8,3,0
2025-10-25,STR014,13,7213.28,21.54,11,3,2
2025-07-17,STR003,9,5173.98,17.11,5,1,0
2025-09-13,STR005,11,6163.81,22.55,8,2,1
2025-11-21,STR010,12,5831.68,22.42,10,2,1
2025-07-13,STR008,13,9588.56,17.31,9,2,2
2026-03-03,STR008,11,7000.4,17.27,9,2,1
2026-02-25,STR005,7,1722.32,18.0,4,4,0
2026-02-16,STR022,10,3820.41,10.8,3,2,1
2026-05-04,STR028,11,5128.39,18.82,7,1,1
2025-09-09,STR021,8,5298.79,12.63,3,0,1
2026-02-02,STR003,9,4822.12,17.11,4,1,2
2026-04-22,STR016,14,7987.18,18.29,8,5,1
2025-11-18,STR014,13,6394.94,12.31,7,4,1
2026-01-15,STR011,11,6657.56,16.0,7,0,1
2025-12-17,STR022,10,5261.63,15.7,5,3,1
2025-09-20,STR030,16,9394.43,13.88,8,4,1
2026-04-29,STR030,8,3629.01,15.5,6,2,0
2026-01-24,STR009,11,5465.41,15.45,6,2,0
2025-07-03,STR008,12,6566.37,14.33,3,1,2
2026-02-19,STR013,4,1084.76,17.75,3,2,1
2025-06-28,STR002,6,2098.03,22.0,5,3,2
2025-12-02,STR025,8,3721.71,13.25,3,1,1
2025-08-17,STR002,3,2370.47,13.0,2,1,1
2026-03-10,STR002,9,11796.11,14.0,4,2,1
2026-04-25,STR011,7,5284.24,18.43,5,3,2
2025-09-12,STR016,11,4397.73,13.36,5,4,0
2026-02-08,STR006,19,9278.85,21.79,13,5,0
2025-07-11,STR028,14,10728.85,16.57,8,6,1
2025-07-13,STR010,18,12653.56,15.67,9,2,1
2026-02-14,STR023,20,10080.57,14.05,10,5,2
2025-06-13,STR028,18,6209.8,16.89,12,3,3
2025-06-28,STR013,10,3371.03,14.1,4,2,2
2025-09-28,STR009,14,4773.18,20.71,11,4,1
2025-06-16,STR004,8,2310.08,14.75,4,1,2
2026-03-14,STR024,16,10496.59,16.06,7,3,7
2025-10-22,STR017,15,8634.18,16.67,9,3,2
2025-12-06,STR026,19,12314.08,18.05,14,3,3
2025-12-21,STR005,18,8748.72,21.72,16,3,1
2025-10-29,STR026,17,11867.27,20.12,12,3,3
2026-03-24,STR018,15,9065.48,13.73,7,4,3
2025-07-27,STR025,13,6399.25,18.85,10,2,0
2026-05-24,STR011,13,5711.84,18.77,9,3,1
2026-03-09,STR025,16,7722.47,18.63,12,2,4
2025-12-14,STR029,9,7856.8,23.67,7,3,1
2025-09-18,STR023,7,3848.42,11.14,3,1,1
2026-03-01,STR017,11,4616.72,19.91,9,2,1
2025-11-17,STR018,12,4373.75,19.25,8,2,1
2025-06-23,STR017,13,7789.57,16.77,8,3,4
2025-10-25,STR012,13,9110.0,15.62,7,2,1
2025-11-08,STR006,17,8953.56,16.94,10,2,1
2026-02-24,STR026,15,7061.07,13.73,7,2,2
2026-04-07,STR004,17,5506.8,15.35,9,3,2
2025-10-11,STR026,17,12331.29,16.41,9,4,4
2026-05-06,STR014,14,6529.14,13.21,7,3,1
2025-11-14,STR014,13,4056.14,16.92,7,4,1
2025-12-10,STR024,14,7059.66,20.57,11,2,0
2025-11-01,STR027,11,6679.12,17.55,7,2,2
2026-04-24,STR011,11,12405.19,16.55,6,2,2
2025-06-11,STR026,22,13701.02,16.14,14,4,2
2025-10-30,STR014,9,3476.35,18.44,6,4,1
2026-01-27,STR001,20,11562.24,16.45,13,3,1
2025-07-19,STR007,19,11392.48,20.37,15,6,2
2026-03-09,STR005,14,10445.95,16.5,8,4,1
2025-10-12,STR024,21,8261.46,17.1,14,3,2
2026-03-23,STR026,15,7389.88,19.13,10,4,2
2025-12-08,STR022,15,6093.4,12.67,9,2,0
2025-07-27,STR001,14,6333.98,14.71,11,3,1
2025-12-28,STR014,12,6376.11,22.67,9,3,0
2026-02-21,STR005,14,9128.61,18.5,10,4,1
2026-05-06,STR011,14,6386.45,16.14,10,4,1
2025-07-02,STR002,12,4788.15,14.17,6,3,4
2025-10-31,STR009,10,4462.23,13.0,5,1,0
2026-02-27,STR024,12,5191.83,20.42,9,2,0
2025-09-02,STR023,11,4297.54,15.45,6,3,0
2025-07-03,STR028,16,8527.54,16.19,12,2,1
2026-05-22,STR027,10,5709.99,14.8,5,1,0
2025-06-05,STR011,11,4293.27,16.82,6,3,2
2025-12-10,STR025,12,8494.76,15.42,5,2,0
2026-03-12,STR015,17,9636.5,17.12,11,5,2
2025-12-13,STR002,18,7358.8,16.39,14,4,2
2026-01-21,STR022,18,10768.63,16.33,12,5,2
2025-08-20,STR012,16,6887.5,18.63,11,2,3
2026-05-19,STR016,10,4161.52,18.3,6,2,0
2025-07-14,STR015,17,8834.14,20.47,14,2,1
2025-06-25,STR001,7,2632.54,12.43,3,1,1
2025-09-23,STR025,14,4375.66,13.5,9,4,1
2025-10-04,STR019,18,10699.77,16.06,11,6,2
2026-05-30,STR006,9,4752.64,25.11,6,2,0
2026-03-01,STR008,19,11844.72,20.95,12,0,0
2026-03-16,STR007,20,14222.21,20.4,15,0,2
2025-10-04,STR027,15,6232.36,17.73,11,4,1
2026-05-12,STR016,19,10305.75,15.26,10,5,0
2025-07-22,STR018,17,9556.72,18.76,15,3,1
2026-04-17,STR020,16,11222.93,15.19,9,3,0
2026-03-17,STR007,14,6641.74,17.36,10,2,1
2025-06-23,STR022,14,7652.45,18.14,9,2,4
2025-09-21,STR010,14,7601.13,12.86,8,3,3
2025-10-06,STR015,16,7689.35,16.81,11,2,1
2026-04-05,STR003,9,3087.6,15.56,6,1,1
2025-12-05,STR007,18,8104.16,18.11,12,3,2
2026-05-06,STR029,8,2629.2,21.5,5,2,0
2026-02-05,STR013,15,11699.89,19.27,10,4,2
2025-08-26,STR013,8,3923.89,13.63,5,1,1
2025-12-24,STR021,14,6141.62,15.71,7,4,0
2025-07-29,STR029,15,7767.77,16.27,10,1,3
2026-05-10,STR011,18,13677.56,14.67,10,3,1
2026-02-05,STR006,13,8785.29,19.54,10,3,2
2025-10-14,STR012,13,6041.54,15.54,7,2,2
2025-11-22,STR006,11,7074.95,17.55,9,1,0
2026-01-02,STR017,8,3023.13,14.13,6,0,0
2025-11-21,STR021,15,5476.4,16.53,8,2,2
2025-07-31,STR017,10,6599.35,19.3,6,5,3
2025-07-06,STR006,19,8546.99,13.37,12,1,3
2025-09-10,STR030,18,6215.01,18.06,10,2,1
2025-11-30,STR026,16,9450.44,12.38,6,4,0
2026-05-14,STR006,10,3230.55,17.2,7,2,1
2026-01-09,STR023,15,7657.16,18.53,11,0,2
2025-10-31,STR006,8,2358.22,13.75,6,2,1
2025-09-12,STR024,14,7757.42,16.86,8,1,2
2026-02-02,STR010,18,10504.37,21.83,16,5,3
2026-02-11,STR008,11,4338.9,15.27,7,4,0
2025-06-24,STR003,23,15868.24,16.17,18,3,4
2025-11-06,STR019,21,8257.6,17.81,14,6,5
2025-12-27,STR016,11,3969.49,13.45,5,2,0
2026-05-20,STR023,11,6118.93,17.73,8,3,1
2026-05-07,STR019,8,6957.16,17.38,5,1,1
2025-07-14,STR001,12,7496.6,13.92,6,3,0
2025-08-10,STR011,17,16334.61,17.76,8,6,1
2026-01-09,STR008,13,8719.72,20.54,7,1,0
2026-01-08,STR027,16,11225.05,18.44,9,4,3
2026-04-04,STR012,16,4597.11,15.94,10,1,2
2025-08-14,STR008,17,7776.0,17.71,14,5,2
2025-12-29,STR024,19,9181.25,17.0,14,3,2
2025-12-31,STR019,17,9059.31,15.18,13,0,2
2025-06-26,STR027,17,10304.8,14.88,10,4,2
2025-08-18,STR027,19,11710.85,20.16,16,7,0
2025-08-21,STR023,13,7763.85,16.85,6,0,2
2025-10-29,STR018,14,8479.39,16.0,10,3,1
2026-03-23,STR006,15,10189.14,14.07,8,3,2
2025-07-02,STR020,10,4388.55,16.7,6,0,1
2026-04-18,STR019,12,7413.72,17.83,8,1,1
2025-10-07,STR020,12,7322.78,17.08,8,3,1
2026-01-31,STR029,9,5990.71,12.56,6,2,0
2026-03-01,STR005,11,6259.9,19.55,8,2,0
2025-11-06,STR005,14,5034.88,14.86,6,2,1
2026-04-20,STR020,10,6525.13,24.9,9,2,0
2026-02-21,STR016,9,9699.61,16.33,4,2,2
2025-12-17,STR018,12,4836.43,14.67,9,3,1
2025-12-03,STR028,11,5438.27,17.09,7,4,0
2025-11-25,STR007,12,6075.16,12.67,6,3,3
2025-07-03,STR017,15,10877.29,14.33,6,4,2
2026-02-24,STR018,19,7267.71,15.74,13,5,2
2025-09-15,STR009,13,8772.55,17.15,9,2,1
2025-07-15,STR012,10,3884.62,15.4,4,1,1
2025-12-01,STR001,12,3975.97,13.17,4,1,4
2025-12-31,STR026,12,6359.37,16.75,9,6,1
2025-11-09,STR009,15,6607.71,15.73,8,2,0
2025-11-06,STR004,14,5810.1,16.14,9,4,0
2025-07-28,STR003,22,9088.59,17.64,11,2,0
2025-12-27,STR014,20,8643.16,13.0,11,7,1
2025-11-05,STR021,11,6161.82,19.91,8,2,0
2026-01-10,STR007,14,10439.69,13.93,9,3,0
2025-10-03,STR026,13,8046.61,14.69,9,3,0
2025-12-26,STR021,15,8214.99,20.87,13,5,3
2026-04-07,STR017,21,13287.26,17.43,13,6,2
2026-04-20,STR010,15,8216.44,24.13,12,3,2
2025-09-13,STR019,16,8947.48,15.56,11,3,3
2026-01-17,STR026,10,5872.75,15.1,6,1,0
2025-08-21,STR026,13,6999.27,15.15,7,2,2
2025-09-19,STR010,17,7447.73,17.24,12,2,0
2026-02-17,STR011,14,8377.48,14.21,9,1,0
2026-03-23,STR028,18,11061.18,15.72,11,3,2
2026-04-05,STR018,12,8443.97,17.75,6,2,2
2025-11-09,STR019,18,10633.08,20.78,12,7,3
2025-07-06,STR008,11,3608.88,14.18,5,2,0
2026-05-09,STR018,15,11247.54,20.0,8,5,1
2026-02-13,STR027,14,8153.64,14.14,9,3,0
2025-07-29,STR020,11,10842.04,15.09,7,4,0
2025-09-02,STR016,20,9134.27,19.6,13,2,1
2026-05-15,STR007,16,8482.97,19.44,11,4,5
2026-02-18,STR017,12,5805.2,19.5,11,0,2
2026-06-01,STR006,16,6761.36,15.38,8,2,1
2025-10-20,STR026,13,7360.22,17.31,9,2,0
2026-01-28,STR027,14,5672.13,21.79,11,2,4
2026-05-23,STR005,11,4620.09,21.0,8,3,0
2025-11-11,STR019,11,7204.04,15.36,6,1,0
2025-11-08,STR018,7,3884.51,16.0,4,1,0
2026-04-23,STR007,14,6309.75,17.5,9,4,1
2026-04-24,STR030,13,4442.18,14.62,7,2,2
2026-03-29,STR011,13,4446.07,20.08,13,1,1
2026-03-29,STR007,16,10727.12,14.0,8,2,1
2025-09-30,STR001,19,8674.49,16.89,14,4,2
2025-12-13,STR027,8,2624.66,19.88,7,1,0
2025-09-23,STR003,16,5951.31,17.06,10,3,2
2026-01-16,STR018,15,11006.82,15.4,8,3,1
2025-09-28,STR029,16,6347.69,18.19,10,2,0
2026-03-02,STR017,11,4339.29,18.0,8,3,2
2025-08-25,STR028,16,6385.89,15.88,10,7,2
2026-05-02,STR030,13,4671.09,15.0,7,3,3
2025-11-19,STR020,10,5697.66,17.1,7,1,0
2025-12-15,STR017,13,6261.1,15.15,9,3,1
2025-11-18,STR025,22,9263.08,17.68,14,3,1
2026-03-23,STR007,16,5921.27,11.94,9,3,3
2025-10-13,STR029,9,3361.6,17.56,7,2,3
2025-07-25,STR008,13,7733.22,14.54,7,2,3
2026-03-07,STR028,15,6036.12,13.4,5,3,2
2026-02-04,STR022,7,2285.02,25.71,5,2,1
2026-04-27,STR018,15,7823.22,15.13,8,4,2
2025-10-17,STR030,9,2867.49,19.11,6,1,0
2025-08-20,STR020,13,7480.06,17.23,8,2,3
2025-07-13,STR003,14,8607.13,11.93,8,2,1
2025-12-22,STR020,15,9809.11,16.53,9,2,2
2025-10-04,STR013,11,5080.49,16.09,9,4,1
2025-09-16,STR006,18,9065.34,14.11,9,3,1
2026-05-18,STR024,15,5252.98,15.47,12,6,4
2026-05-06,STR021,12,9527.53,14.58,6,2,1
2026-04-25,STR018,20,11598.13,14.8,10,5,3
2025-08-23,STR020,8,2146.21,20.25,6,1,1
2025-12-17,STR015,16,9675.31,15.81,10,5,3
2025-12-08,STR025,12,4165.2,16.58,9,2,0
2025-09-16,STR008,10,4950.82,14.0,6,3,1
2026-04-24,STR005,17,13498.85,18.65,11,6,3
2025-07-23,STR022,11,5100.03,13.82,5,1,1
2026-03-25,STR023,9,2273.72,17.78,7,4,2
2026-02-10,STR021,14,6710.21,15.07,8,4,1
2025-11-18,STR020,15,6188.54,16.33,8,2,0
2025-08-12,STR020,15,8221.72,14.2,11,4,5
2026-01-10,STR021,18,8733.02,17.67,12,3,2
2025-07-13,STR024,13,7034.06,13.54,5,3,3
2025-09-13,STR017,16,7403.38,15.63,12,4,1
2026-03-19,STR023,15,9053.43,15.47,12,2,4
2026-02-06,STR014,12,5770.8,19.5,9,3,2
2025-10-11,STR018,17,5805.76,16.29,10,2,1
2025-11-09,STR008,9,5905.33,16.33,5,0,0
2025-12-01,STR015,19,11064.21,15.37,15,4,2
2026-03-21,STR011,18,7728.61,14.56,8,5,2
2025-08-05,STR009,8,4741.08,19.75,6,2,1
2026-05-05,STR021,11,4820.21,15.09,6,2,1
2026-03-03,STR019,10,6047.29,15.6,7,3,0
2026-01-23,STR021,15,9783.67,22.53,10,4,2
2026-01-11,STR020,8,3533.1,19.25,5,5,1
2026-04-01,STR025,10,6052.58,15.4,6,2,0
2025-09-21,STR028,14,12860.65,19.64,11,3,1
2026-05-19,STR012,9,6221.02,12.78,5,2,1
2026-03-01,STR007,16,5462.59,14.69,13,3,2
2025-06-08,STR010,11,2542.37,12.64,6,2,0
2026-02-17,STR027,9,7053.4,13.22,6,2,2
2026-03-12,STR003,13,5685.01,17.85,6,4,2
2025-07-24,STR021,14,5743.92,13.5,8,5,2
2026-03-07,STR002,9,2582.09,15.56,5,1,1
2026-05-15,STR017,13,7233.87,16.92,8,2,0
2026-03-28,STR002,16,4737.56,17.88,12,6,2
2026-06-01,STR030,12,4201.98,15.75,7,3,2
2025-11-29,STR029,12,7914.73,15.67,5,2,0
2026-05-01,STR018,12,5289.93,16.5,8,2,3
2026-05-01,STR008,21,14484.13,12.81,11,10,3
2026-02-08,STR030,11,5827.35,11.27,4,3,1
2026-01-27,STR002,18,7100.4,17.94,13,5,4
2025-11-06,STR014,15,8173.25,18.6,8,2,1
2026-01-13,STR013,19,14076.66,16.53,9,5,1
2025-09-23,STR018,10,2624.81,20.3,5,2,1
2025-11-21,STR003,12,5817.43,17.33,8,3,1
2026-03-11,STR010,11,5399.31,17.09,6,2,1
2026-04-18,STR011,16,10283.43,15.25,11,2,0
2025-11-22,STR022,14,5326.94,16.64,9,2,5
2025-06-28,STR020,13,5937.31,13.38,10,3,2
2025-12-09,STR030,12,6663.96,17.08,7,2,1
2025-06-05,STR006,7,6071.54,13.71,6,1,1
2026-03-17,STR024,9,3674.45,11.89,4,3,1
2026-01-26,STR012,17,6113.22,17.18,12,2,2
2026-02-19,STR016,13,8293.11,14.62,4,5,2
2025-06-19,STR017,12,6186.03,12.33,7,4,1
2026-04-21,STR017,10,8647.32,15.5,6,0,1
2025-09-28,STR006,7,3275.53,12.86,5,1,1
2025-11-23,STR005,13,5584.24,14.15,7,4,2
2026-03-22,STR017,9,4312.82,15.22,5,0,0
2026-01-25,STR025,12,8520.62,13.0,7,3,2
2025-08-06,STR009,15,9358.41,17.07,8,3,1
2026-06-01,STR011,14,10675.43,15.0,9,3,1
2025-12-05,STR001,19,7291.34,15.58,14,7,1
2025-11-28,STR018,13,5785.98,17.23,10,0,0
2025-09-02,STR002,11,5387.26,19.73,8,0,2
2025-08-29,STR021,12,4289.95,16.42,8,4,1
2025-11-10,STR003,13,4005.75,16.23,8,3,2
2026-01-16,STR026,11,5539.19,13.0,5,3,1
2025-08-31,STR011,15,7581.54,18.8,9,3,0
2025-11-28,STR006,17,11542.69,17.71,10,2,0
2025-12-11,STR004,15,6193.45,15.27,10,2,1
2026-04-22,STR029,15,4316.68,12.73,5,5,2
2025-12-23,STR001,15,10146.87,14.53,9,3,2
2026-03-04,STR014,9,3408.64,15.22,6,1,2
2025-11-02,STR021,8,4148.11,15.88,6,5,2
2025-09-03,STR003,9,3755.43,17.33,5,2,3
2026-03-18,STR002,14,5770.04,17.21,8,2,3
2025-06-04,STR019,11,3893.1,20.0,9,2,0
2026-01-25,STR016,9,5183.75,14.11,4,4,2
2026-01-18,STR025,12,4963.68,12.25,6,2,1
2025-07-17,STR018,13,6755.88,19.46,7,2,1
2025-12-09,STR025,17,7666.14,13.53,8,4,3
2026-02-26,STR022,12,4547.38,14.42,5,1,4
2026-01-07,STR023,15,10108.24,21.13,10,2,2
2026-03-30,STR020,10,6278.77,20.5,6,2,3
2025-11-11,STR005,14,4806.59,17.86,9,2,1
2026-02-20,STR001,16,14339.65,15.81,8,3,3
2026-01-02,STR019,11,7291.28,18.45,6,2,1
2026-01-02,STR027,15,7767.65,15.47,7,1,1
2025-12-30,STR015,13,6073.43,15.92,10,4,3
2025-07-28,STR030,16,6451.2,12.0,6,5,1
2026-01-28,STR030,11,6209.67,10.73,3,1,1
2025-06-30,STR012,12,9912.1,14.08,7,3,2
2025-09-27,STR010,11,6049.24,21.91,9,2,1
2025-10-20,STR009,10,5500.08,16.8,7,1,2
2026-02-11,STR012,13,5638.51,19.69,11,5,1
2026-03-25,STR004,10,3032.06,14.6,6,1,4
2026-04-20,STR011,13,8542.64,15.54,8,1,2
2026-02-04,STR006,18,8162.85,15.72,9,2,0
2025-09-24,STR009,10,4504.32,24.6,7,2,0
2026-04-20,STR019,17,6476.34,18.59,13,2,2
2025-11-05,STR029,12,7253.1,17.33,7,3,0
2025-11-27,STR010,13,7591.89,21.23,9,2,2
2025-11-02,STR006,13,10650.44,14.77,8,2,1
2025-12-15,STR011,15,9126.71,13.33,8,3,0
2025-09-15,STR025,16,12903.18,16.94,9,4,0
2026-04-15,STR021,12,4785.98,19.83,7,1,0
2025-12-19,STR020,10,4840.69,15.4,5,3,0
2025-08-26,STR030,12,6905.44,16.08,7,0,3
2026-04-06,STR003,18,9035.22,17.78,13,4,2
2026-04-04,STR021,17,11943.01,15.12,10,2,1
2025-08-07,STR004,18,12054.54,15.39,13,7,3
2026-01-29,STR017,20,11217.75,14.95,12,2,2
2025-12-14,STR010,19,9354.9,13.95,12,6,3
2025-07-10,STR008,14,7202.19,14.29,6,4,1
2025-09-10,STR003,17,11741.5,16.24,10,2,1
2025-09-15,STR027,15,13777.24,21.13,13,1,2
2025-06-27,STR002,13,5181.19,14.23,6,1,1
2025-11-15,STR015,17,5788.18,17.47,11,4,3
2025-08-22,STR024,7,8255.46,17.29,2,2,1
2025-08-13,STR023,14,10212.65,18.57,8,1,2
2025-09-16,STR012,9,5869.28,14.67,6,3,1
2026-03-13,STR004,12,6988.99,15.42,7,1,2
2025-11-02,STR007,9,8890.93,12.0,3,1,0
2025-08-02,STR022,7,3796.25,20.29,7,3,1
2026-04-13,STR028,18,9488.55,17.83,10,4,1
2025-06-24,STR005,12,9498.52,20.58,10,2,2
2025-08-15,STR029,13,3931.77,14.31,5,4,0
2026-01-14,STR026,21,9230.75,11.29,8,3,4
2025-11-21,STR020,16,6832.25,15.69,8,3,1
2025-11-12,STR011,14,7554.14,18.64,9,1,1
2025-11-05,STR005,15,7200.48,15.27,9,2,3
2025-07-22,STR010,10,4291.73,14.0,3,4,0
2026-01-23,STR029,10,5786.89,15.4,9,2,1
2025-10-04,STR021,10,8496.64,15.7,4,1,0
2025-10-03,STR011,15,8511.23,17.2,8,2,3
2026-03-28,STR017,12,6042.95,13.42,7,1,1
2025-07-14,STR029,10,13390.0,18.1,5,2,2
2025-07-04,STR021,14,9779.89,13.93,8,3,0
2026-02-04,STR016,16,9051.67,17.56,8,4,2
2025-12-20,STR018,13,5471.34,15.08,8,2,1
2025-09-25,STR019,14,5900.74,12.79,9,3,1
2025-08-28,STR016,20,11057.18,15.6,13,3,3
2025-10-03,STR009,9,3712.82,13.67,4,1,1
2025-08-01,STR010,12,5324.04,16.0,7,1,2
2026-03-05,STR030,12,5577.61,11.5,6,1,3
2026-05-29,STR025,11,6391.67,23.09,7,5,3
2025-11-16,STR010,16,8288.32,15.69,12,3,1
2025-10-16,STR016,17,9361.43,19.24,11,3,0
2025-07-26,STR004,18,9940.65,16.33,11,2,2
2025-12-13,STR026,18,7168.88,13.78,7,4,0
2026-03-30,STR013,12,7257.9,14.92,8,4,0
2026-01-21,STR023,14,8148.28,20.43,10,2,0
2025-06-13,STR022,16,6939.66,12.56,7,2,1
2025-09-07,STR015,14,6637.35,15.0,9,0,2
2025-07-15,STR019,15,4957.0,19.33,11,2,2
2026-05-04,STR010,18,12339.79,14.67,12,1,3
2025-06-14,STR027,15,6761.04,12.47,5,3,2
2026-03-01,STR026,10,6206.27,13.5,5,3,2
2025-08-24,STR001,16,9111.18,15.31,9,5,2
2025-12-23,STR026,10,5554.38,14.4,4,1,3
2026-05-23,STR002,14,7870.83,18.07,10,4,0
2026-04-13,STR009,13,4483.53,19.54,8,5,1
2026-01-02,STR011,9,4242.37,14.44,7,3,1
2025-07-22,STR016,14,6707.45,15.64,9,2,2
2026-01-18,STR027,18,10312.7,14.22,8,0,2
2025-06-05,STR012,12,6873.02,15.42,7,2,3
2026-04-14,STR011,18,11318.97,16.94,10,5,1
2026-02-18,STR018,14,12714.31,17.29,9,2,2
2026-05-08,STR008,8,6592.86,16.38,4,1,1
2025-08-19,STR006,18,11698.12,17.22,12,5,2
2025-11-18,STR028,12,6552.17,13.58,7,3,0
2025-09-29,STR010,16,7768.67,17.94,11,6,3
2025-06-15,STR019,13,9989.35,17.62,6,4,1
2025-08-11,STR012,16,5905.58,17.44,9,4,5
2025-09-09,STR030,15,9544.25,23.33,14,3,1
2025-12-10,STR019,12,7524.18,16.33,7,4,2
2025-07-06,STR020,16,8117.79,15.75,10,4,0
2026-01-17,STR002,16,7250.3,14.25,8,3,3
2026-05-15,STR002,19,6932.46,14.0,9,4,1
2025-08-04,STR027,15,6101.22,21.2,9,4,2
2025-08-25,STR019,15,8700.75,16.0,7,4,1
2025-08-01,STR021,16,11678.72,15.56,9,2,0
2026-05-30,STR026,17,7568.99,20.06,12,4,1
2026-04-14,STR013,13,9976.74,18.46,6,2,3
2025-08-20,STR013,9,3326.8,10.89,3,2,1
2025-12-28,STR001,16,7028.46,15.56,10,3,1
2025-12-31,STR016,10,6377.5,14.8,4,3,1
2026-05-12,STR029,12,4308.52,15.83,7,4,1
2026-05-19,STR027,16,8188.19,13.94,6,2,1
2026-04-03,STR015,15,5689.1,17.4,10,4,3
2025-08-02,STR021,10,5401.23,15.9,7,3,0
2026-05-04,STR026,13,5974.14,18.38,9,4,0
2025-06-05,STR018,10,3516.63,13.0,3,4,2
2026-03-10,STR019,17,6975.98,15.47,11,3,0
2026-02-24,STR004,15,8943.87,18.93,11,6,4
2025-12-24,STR022,10,6355.6,25.0,8,3,1
2025-10-13,STR014,10,7632.27,16.4,6,2,0
2025-08-01,STR023,10,6006.01,19.3,8,4,2
2025-07-31,STR016,11,5310.02,15.0,8,2,0
2026-05-29,STR028,18,7130.28,15.06,13,7,3
2025-12-19,STR003,5,1158.56,15.8,3,2,1
2025-10-27,STR005,13,6106.48,19.0,8,0,1
2026-04-08,STR011,12,5732.55,18.67,8,1,1
2026-04-02,STR004,11,4994.12,15.91,5,2,2
2026-04-28,STR021,11,4938.6,19.45,7,2,0
2025-09-13,STR016,21,12197.63,15.19,13,2,4
2025-08-06,STR012,15,8133.33,20.93,11,3,2
2025-07-19,STR005,14,8046.27,11.93,8,1,1
2025-08-03,STR010,8,2684.86,14.75,4,4,0
2026-01-13,STR016,14,9629.04,17.71,9,4,4
2026-04-27,STR023,8,4423.45,17.13,4,3,0
2026-01-11,STR029,21,10330.25,18.38,16,3,6
2025-11-16,STR008,15,5225.9,18.27,11,3,2
2025-11-13,STR010,17,9767.07,15.76,10,2,1
2025-10-22,STR015,12,4715.16,14.33,5,3,1
2025-10-08,STR010,11,7056.46,15.91,5,0,2
2025-12-04,STR016,11,5489.32,13.82,4,4,0
2025-11-26,STR003,21,10883.04,14.05,10,1,1
2025-06-29,STR030,14,9064.0,16.29,9,1,0
2026-03-18,STR010,13,8371.24,14.62,7,4,1
2026-02-15,STR015,13,10343.33,19.23,9,2,1
2026-01-31,STR014,16,11574.08,18.38,10,2,5
2025-10-10,STR018,15,9675.03,19.53,11,3,1
2025-07-07,STR010,14,5957.97,20.21,11,3,2
2026-01-15,STR022,9,4005.64,13.56,5,2,2
2026-02-14,STR029,7,1800.76,29.0,7,2,1
2026-04-17,STR016,11,4659.79,29.0,9,4,2
2026-03-20,STR001,19,10451.41,17.68,11,4,1
2025-12-17,STR029,14,9002.1,15.57,6,3,0
2025-09-04,STR009,14,7053.19,11.43,5,1,2
2025-09-03,STR016,13,8525.57,15.85,10,1,0
2026-02-19,STR029,15,7896.61,14.8,8,5,1
2026-04-27,STR003,15,6266.24,16.27,11,5,2
2026-03-06,STR002,13,3793.05,19.0,12,4,2
2025-07-27,STR026,19,10517.3,14.89,14,3,1
2025-10-31,STR001,12,6709.82,15.42,7,1,0
2025-10-06,STR002,17,8702.76,15.0,10,7,2
2026-03-10,STR004,19,9180.25,12.47,8,6,1
2025-08-11,STR020,15,8205.63,18.0,13,2,1
2025-06-21,STR024,16,6801.56,17.0,12,4,1
2025-08-28,STR012,15,7336.96,15.6,12,4,0
2025-08-24,STR029,15,7232.02,13.4,6,3,0
2026-03-27,STR005,15,8399.15,16.6,6,4,1
2025-12-03,STR021,17,9900.39,16.41,11,2,2
2025-07-20,STR023,15,10547.53,15.2,9,5,3
2026-04-07,STR016,10,7129.54,19.5,9,2,0
2026-04-28,STR026,15,5319.53,13.07,7,4,0
2025-12-08,STR027,10,3790.13,14.7,5,1,1
2026-03-15,STR020,10,7180.98,13.7,6,4,1
2026-04-22,STR030,16,10988.54,13.44,9,3,3
2025-07-10,STR009,10,5101.1,16.8,8,2,1
2025-11-11,STR021,6,4368.29,15.17,5,2,0
2025-08-05,STR023,11,7425.42,14.18,5,1,0
2026-01-16,STR007,11,5875.33,14.18,6,3,0
2025-06-25,STR011,15,8082.5,20.13,9,2,4
2025-06-30,STR022,12,4694.09,13.17,8,2,1
2026-01-06,STR001,19,7889.0,14.42,11,4,2
2026-01-08,STR030,9,2593.76,18.78,6,5,1
2026-06-02,STR015,15,5387.04,17.53,11,1,0
2026-04-12,STR015,15,6856.36,18.93,10,1,0
2025-06-26,STR002,15,8888.06,18.47,9,4,1
2026-02-08,STR018,16,10002.93,14.56,10,3,3
2026-02-28,STR011,15,7441.32,17.47,12,5,1
2026-03-07,STR019,17,10263.1,16.94,11,4,3
2025-07-19,STR026,13,5664.76,18.15,8,5,0
2026-03-26,STR028,8,3377.34,12.25,4,2,1
2025-06-27,STR016,21,8266.62,13.81,10,1,4
2026-01-23,STR026,13,6677.93,19.15,9,5,2
2025-08-09,STR027,8,3782.97,14.75,6,2,1
2025-09-30,STR007,17,8776.87,16.82,10,3,0
2025-08-31,STR012,8,5686.85,18.5,6,1,1
2026-05-30,STR021,17,9779.69,17.0,9,6,2
2025-12-21,STR020,14,7224.35,11.36,8,3,4
2025-10-12,STR014,12,6096.98,20.33,10,4,0
2025-09-01,STR027,9,3341.9,14.67,6,2,1
2025-08-21,STR010,11,7603.31,14.27,8,2,2
2025-09-15,STR015,8,4500.06,17.75,5,2,0
2025-07-08,STR025,21,13029.62,12.05,9,3,2
2026-04-25,STR015,14,3165.74,15.71,8,2,1
2025-10-08,STR027,11,2745.52,20.09,9,2,0
2025-06-07,STR013,12,6201.61,19.92,7,3,2
2026-05-02,STR018,15,11372.53,18.07,12,3,1
2025-10-04,STR014,15,11181.61,16.53,10,3,0
2026-05-25,STR009,16,12653.71,12.81,9,3,2
2025-12-28,STR022,7,5393.74,9.57,1,1,2
2026-04-17,STR006,15,11244.48,18.53,9,4,3
2025-10-24,STR021,16,8067.35,16.25,9,3,1
2026-04-13,STR025,17,6164.24,15.53,12,4,3
2026-01-27,STR027,12,9339.4,16.92,9,2,1
2026-05-27,STR008,16,16692.4,19.63,12,5,1
2026-06-01,STR007,15,7342.12,12.0,5,3,2
2026-02-11,STR011,20,10285.67,16.7,15,1,1
2026-05-27,STR027,16,10251.66,17.69,12,5,3
2026-01-29,STR014,7,6633.62,14.43,4,2,1
2026-05-27,STR018,17,9510.0,18.12,9,4,4
2026-04-15,STR002,15,6728.97,22.13,13,5,4
2026-03-04,STR010,10,5194.91,13.1,7,4,1
2025-07-12,STR025,13,2842.5,14.08,9,4,0
2025-10-10,STR024,14,5438.26,14.0,10,2,1
2025-07-12,STR028,19,11498.39,13.32,8,6,1
2026-05-21,STR001,11,7821.62,17.82,7,2,2
2026-03-25,STR017,13,8359.12,15.92,9,3,2
2025-06-11,STR009,20,12688.75,16.1,13,4,2
2026-04-10,STR011,11,7377.43,19.73,7,1,1
2026-01-28,STR018,11,7912.47,21.91,6,2,0
2025-11-16,STR001,11,3413.65,14.09,5,2,2
2025-08-02,STR023,12,7152.5,15.33,7,1,2
2025-12-11,STR020,13,9208.81,23.85,10,3,1
2026-05-06,STR019,14,6033.35,20.21,9,3,1
2026-03-27,STR022,14,3566.91,17.07,11,4,1
2025-12-11,STR007,11,9645.98,15.45,8,1,1
2025-07-22,STR006,19,11160.36,21.74,13,2,2
2025-12-15,STR002,13,6531.1,15.31,7,4,0
2025-09-07,STR011,8,5021.31,21.13,6,1,0
2025-06-12,STR021,18,6676.33,15.83,12,10,1
2026-05-04,STR002,9,2909.75,17.78,5,1,0
2026-01-09,STR019,10,10050.75,16.9,6,2,1
2026-02-24,STR021,9,3341.61,11.22,4,1,0
2025-10-14,STR021,15,5707.64,19.0,10,4,2
2025-10-22,STR011,11,2928.51,18.36,5,1,1
2025-12-02,STR006,15,3506.42,17.0,11,1,1
2025-10-27,STR025,13,5244.09,18.23,9,3,2
2025-10-26,STR017,11,6102.85,13.0,7,4,1
2026-02-19,STR002,10,6458.06,16.5,7,3,0
2025-12-01,STR011,10,5361.81,18.2,7,2,2
2026-01-16,STR016,14,6470.49,15.86,11,3,1
2025-08-19,STR013,12,3334.66,11.25,4,2,1
2026-04-08,STR013,10,5449.81,17.6,7,1,0
2026-01-18,STR001,6,5274.33,14.0,2,0,0
2026-05-25,STR022,9,4264.54,17.11,8,0,0
2025-11-08,STR026,11,2848.17,19.64,7,1,1
2026-03-31,STR012,14,8875.54,16.21,10,2,2
2025-08-11,STR005,25,9763.9,14.48,13,4,0
2025-08-24,STR018,12,5434.04,17.42,7,2,0
2026-03-27,STR015,10,3806.96,15.6,6,3,0
2026-04-02,STR010,11,7160.42,12.55,6,1,0
2025-08-27,STR030,11,9290.2,13.82,7,1,2
2026-02-03,STR003,9,4100.69,14.78,4,4,1
2025-06-16,STR027,14,9701.34,15.21,8,4,1
2025-10-21,STR011,8,6383.38,11.88,3,2,0
2025-08-15,STR017,7,4789.69,19.0,5,1,1
2026-03-24,STR006,6,6242.2,12.67,5,1,2
2025-09-19,STR003,9,2554.97,15.11,5,1,0
2026-02-04,STR030,14,6800.1,13.29,7,3,3
2025-09-13,STR030,9,2488.5,11.67,6,3,2
2025-08-07,STR028,13,3566.06,16.31,10,5,1
2025-09-05,STR018,18,7847.16,16.61,11,4,1
2026-01-13,STR001,16,9538.88,16.31,10,8,2
2025-07-24,STR015,10,3309.9,19.9,8,3,1
2026-05-22,STR001,11,3685.01,14.73,7,2,0
2025-09-11,STR004,12,4786.68,18.0,8,3,2
2025-09-09,STR005,19,9495.95,18.63,13,2,2
2026-03-29,STR017,18,7910.84,14.72,11,6,0
2026-05-09,STR016,14,5117.61,13.64,8,3,1
2026-04-24,STR027,13,5591.74,21.23,11,3,3
2025-12-12,STR021,17,7726.42,17.41,9,4,1
2026-02-11,STR028,10,8599.7,15.5,7,5,2
2025-09-19,STR023,15,7244.13,16.73,8,1,1
2026-01-18,STR020,12,4284.66,12.92,6,2,1
2026-01-23,STR001,13,7216.1,17.15,8,5,1
2025-07-10,STR019,10,2407.42,21.4,6,1,2
2026-02-25,STR029,13,7054.01,12.77,5,1,2
2025-11-10,STR009,12,5429.76,13.92,6,3,1
2025-07-30,STR012,12,7551.68,16.17,8,1,1
2025-12-24,STR018,15,4285.88,16.53,11,2,1
2026-05-02,STR017,8,1508.82,20.5,5,0,2
2025-12-23,STR011,13,8685.1,13.69,7,1,1
2026-01-10,STR001,9,5648.79,15.44,5,3,0
2026-05-28,STR004,10,7371.18,13.3,5,2,0
2025-12-07,STR027,13,8616.88,20.08,11,3,3
2026-04-12,STR014,8,7261.64,18.75,7,1,0
2025-12-16,STR029,16,12413.29,19.63,10,3,3
2025-12-20,STR019,23,10939.67,16.52,14,7,2
2025-11-20,STR011,13,6351.78,12.92,6,2,2
2025-08-27,STR027,17,9412.16,15.94,12,5,3
2025-10-30,STR012,9,2980.62,17.22,6,2,2
2026-04-27,STR008,14,8249.55,16.29,11,3,0
2025-11-28,STR030,10,6223.51,16.1,6,3,0
2026-02-28,STR013,9,7283.49,19.56,8,2,0
2025-10-18,STR007,15,9776.16,15.87,7,3,1
2025-11-12,STR026,16,12354.46,14.69,8,3,1
2026-05-26,STR018,17,6745.34,15.76,10,5,1
2026-05-12,STR006,15,5612.93,14.6,10,5,3
2026-02-05,STR012,7,2931.22,14.0,6,1,1
2025-07-14,STR018,5,4038.46,10.8,1,0,0
2025-11-08,STR019,12,8494.38,17.08,9,0,1
2025-09-05,STR004,11,5810.24,13.27,5,2,1
2025-12-26,STR012,15,6584.59,20.67,11,5,0
2025-10-18,STR016,21,11872.53,13.71,9,5,2
2025-08-01,STR022,7,2859.21,19.29,6,1,1
2025-11-01,STR016,15,7910.75,20.13,11,5,3
2025-12-01,STR020,17,9322.36,19.65,11,1,2
2025-08-20,STR030,8,2295.82,27.25,7,0,0
2025-09-21,STR021,8,5143.53,21.38,7,4,0
2026-02-23,STR018,17,9272.07,17.18,11,1,1
2026-03-24,STR020,13,7117.33,17.85,8,2,1
2025-06-17,STR015,12,5688.87,15.25,8,5,2
2026-01-11,STR026,11,7904.81,16.0,6,5,2
2026-02-19,STR005,10,5215.32,22.6,7,2,1
2026-05-14,STR004,11,5230.62,12.91,4,2,1
2025-08-12,STR003,16,8572.33,17.69,13,3,2
2026-02-07,STR023,12,8634.69,11.83,5,3,1
2025-09-24,STR029,12,10162.9,22.08,9,4,1
2026-04-18,STR016,9,3700.41,12.33,5,2,1
2025-12-06,STR002,17,9063.14,16.41,8,1,1
2025-09-11,STR016,8,1901.27,15.38,3,1,0
2025-07-12,STR002,16,8696.44,18.25,11,1,2
2025-08-23,STR012,10,6177.77,18.5,6,4,0
2025-08-22,STR029,21,7508.96,19.81,14,2,0
2026-05-06,STR004,11,7384.46,15.36,5,1,2
2025-12-09,STR024,8,4587.86,18.38,6,0,0
2025-08-27,STR007,16,13123.09,18.44,9,2,0
2025-11-10,STR014,11,4571.55,17.0,8,1,1
2025-08-22,STR028,8,7199.88,18.0,5,1,2
2025-11-26,STR014,7,7934.58,22.29,7,1,1
2025-06-11,STR007,6,2829.68,17.5,6,3,1
2026-01-28,STR021,11,7042.92,16.27,7,3,1
2026-02-18,STR022,12,3649.22,17.83,7,2,0
2025-06-22,STR021,15,5836.98,21.4,12,1,3
2025-07-05,STR025,18,13289.04,15.33,10,6,2
2026-05-12,STR028,5,4507.08,25.8,5,2,2
2026-01-14,STR028,14,6381.03,16.21,10,1,0
2025-08-28,STR015,11,7472.28,12.55,4,2,2
2026-05-02,STR010,13,9568.65,15.69,9,2,2
2026-01-13,STR026,10,5445.08,15.2,6,4,0
2026-04-14,STR007,14,7571.85,12.93,7,3,1
2025-09-23,STR024,12,9193.21,20.25,9,2,0
2025-06-28,STR026,17,8443.05,14.71,9,7,2
2025-09-22,STR009,7,3709.15,19.57,6,1,1
2025-09-12,STR019,8,3634.45,11.75,5,4,1
2026-01-16,STR006,11,7780.97,14.45,3,2,2
2025-07-25,STR018,13,8012.75,15.46,7,2,1
2025-06-09,STR012,17,7607.86,13.82,10,5,2
2026-04-23,STR003,13,4159.2,18.0,9,1,2
2026-02-20,STR014,5,4825.19,19.8,5,2,0
2025-06-09,STR018,14,6035.96,17.93,8,3,1
2026-02-25,STR006,16,5559.06,14.31,10,4,1
2025-06-10,STR015,6,2628.48,27.17,6,0,0
2025-10-26,STR007,10,7083.09,20.5,8,2,1
2026-04-20,STR015,13,7279.47,14.62,5,4,1
2025-06-08,STR019,12,8821.14,17.0,8,4,1
2025-06-06,STR017,15,7702.1,18.87,10,6,0
2025-08-02,STR001,11,6786.16,14.36,5,2,0
2026-01-10,STR028,10,2285.29,22.7,6,3,1
2026-04-07,STR027,10,5714.61,16.8,7,1,0
2026-02-15,STR006,9,6362.92,21.33,8,1,1
2026-03-29,STR014,16,8871.76,19.38,12,5,1
2026-02-05,STR030,18,12274.63,16.0,12,6,0
2025-11-20,STR001,8,4061.17,23.88,6,1,1
2026-03-30,STR010,13,5854.77,14.08,9,4,2
2025-11-12,STR013,7,3198.75,15.71,5,1,0
2025-06-14,STR011,10,4423.23,15.6,5,1,0
2026-01-12,STR027,12,5444.86,15.0,6,0,1
2025-12-17,STR010,11,4595.9,21.73,7,2,1
2026-05-26,STR024,13,6289.14,15.08,8,1,3
2026-05-07,STR026,11,5167.66,12.45,6,1,0
2026-03-31,STR006,10,2543.79,15.2,5,1,2
2026-02-17,STR007,15,5932.8,12.87,5,5,1
2025-11-08,STR013,8,2273.89,14.25,4,0,0
2025-09-17,STR018,10,3815.0,21.4,8,3,2
2026-06-02,STR025,12,5772.12,15.17,5,3,1
2026-02-20,STR009,11,5308.99,17.64,9,2,1
2025-12-18,STR016,8,3820.55,15.5,4,0,0
2025-10-17,STR019,6,7751.16,19.83,5,1,0
2025-09-17,STR003,13,4538.53,13.31,6,1,3
2025-07-18,STR009,11,4273.24,10.27,3,2,0
2026-04-27,STR028,14,8465.76,17.93,10,2,1
2025-07-17,STR021,13,8515.46,15.23,7,2,3
2025-07-17,STR005,10,5141.91,19.1,5,2,0
2025-07-20,STR020,14,9032.45,15.93,9,5,1
2026-04-28,STR029,8,4145.35,17.13,5,1,0
2025-06-12,STR025,10,3570.74,15.2,10,1,1
2025-11-19,STR024,13,7294.36,14.08,4,1,2
2025-12-11,STR022,12,6597.03,16.42,7,2,0
2026-02-26,STR019,15,8945.42,13.53,7,1,2
2025-09-13,STR004,9,3388.24,17.78,8,4,0
2025-12-13,STR004,6,3515.95,15.17,4,2,1
2025-06-20,STR020,9,3796.49,20.67,8,2,0
2025-10-09,STR021,13,8230.57,12.85,4,2,1
2025-10-10,STR022,12,6925.69,16.75,7,1,1
2025-08-02,STR030,8,3633.45,16.13,6,0,2
2026-01-19,STR007,10,3051.66,16.2,6,5,1
2026-02-26,STR006,9,3761.48,16.78,5,3,3
2025-11-16,STR027,9,4068.98,13.78,8,0,3
2026-03-31,STR004,7,6008.1,14.0,2,1,0
2026-02-18,STR019,8,1872.64,15.75,5,1,1
2026-03-29,STR004,10,2956.66,23.9,9,2,1
2026-02-18,STR025,9,4977.37,19.11,5,4,0
2025-08-03,STR006,10,3849.44,16.3,5,3,1
2025-08-14,STR028,12,5869.63,20.58,8,3,3
2025-12-11,STR017,14,9213.18,18.86,9,2,2
2026-01-12,STR007,13,4424.7,16.77,5,2,2
2025-06-14,STR003,21,9981.33,17.62,12,1,3
2025-07-04,STR018,9,7050.76,16.22,4,1,2
2026-04-06,STR018,10,6698.08,15.2,5,1,1
2025-07-09,STR022,7,3964.46,15.0,6,3,0
2025-12-06,STR016,20,13457.43,18.75,14,4,5
2026-04-21,STR020,16,9121.19,16.0,10,3,2
2026-01-05,STR021,11,6409.35,18.36,8,2,1
2025-10-05,STR017,19,9986.2,15.58,9,5,1
2026-02-24,STR020,13,7631.74,17.92,7,3,0
2025-09-02,STR025,16,9228.81,16.38,7,4,3
2025-12-03,STR013,12,6322.23,20.08,8,2,4
2025-08-03,STR020,9,1977.22,13.22,5,3,1
2026-05-08,STR005,14,8107.09,15.5,9,4,2
2025-12-21,STR006,13,6655.05,15.92,9,1,0
2025-09-08,STR008,9,5485.92,20.89,6,0,1
2026-04-24,STR008,15,8729.37,18.2,8,1,0
2025-09-04,STR020,12,9829.5,16.58,9,3,0
2025-10-17,STR010,14,9400.91,16.79,7,4,1
2026-02-24,STR024,16,8483.79,22.13,12,8,2
2026-01-22,STR009,18,10575.72,14.39,5,5,2
2026-05-21,STR006,11,3788.42,20.64,10,4,1
2025-10-22,STR004,14,7502.7,12.21,6,2,2
2025-09-22,STR005,16,9201.01,17.63,13,5,4
2025-06-04,STR020,11,4039.55,16.64,5,4,1
2025-11-14,STR027,16,5009.69,16.75,11,3,0
2025-10-30,STR013,21,14543.53,15.57,14,3,2
2025-10-17,STR006,16,8502.25,13.94,10,1,1
2026-03-20,STR025,12,6263.9,16.42,8,0,0
2026-01-09,STR006,11,5726.69,15.91,7,1,3
2026-01-02,STR026,14,8286.04,18.5,8,4,1
2025-09-07,STR021,14,6834.15,13.43,7,2,1
2025-06-30,STR007,12,6633.66,13.33,8,5,1
2025-09-26,STR019,17,8527.31,18.88,13,3,3
2025-09-23,STR009,16,9107.86,14.38,8,4,0
2026-03-14,STR023,15,9778.37,18.0,9,5,2
2025-08-05,STR012,12,7695.22,14.42,4,4,1
2026-04-30,STR020,20,5731.94,17.7,13,5,2
2026-01-04,STR022,15,7272.76,15.33,8,1,1
2025-10-13,STR016,16,10091.62,15.13,10,2,2
2025-09-14,STR028,12,4333.61,12.42,6,4,1
2026-05-29,STR018,14,8361.83,12.29,4,2,2
2026-03-18,STR029,18,10147.87,17.39,14,2,0
2025-06-07,STR017,17,12954.4,15.94,15,5,1
2026-01-24,STR030,11,5400.95,16.64,9,1,2
2026-03-11,STR016,24,9041.44,17.96,15,6,4
2025-10-17,STR009,11,6768.65,22.55,9,3,0
2025-07-09,STR014,15,8314.7,15.8,9,1,1
2025-06-21,STR019,18,8931.52,18.28,15,5,2
2025-11-05,STR008,17,10118.88,14.47,12,5,2
2026-04-14,STR002,14,7082.22,14.29,5,2,0
2026-04-20,STR021,12,7137.11,18.08,9,2,0
2026-04-30,STR023,15,8111.72,20.27,11,5,1
2025-10-06,STR006,15,8949.56,20.07,10,4,1
2026-06-03,STR020,10,5677.93,19.1,6,2,2
2025-11-18,STR009,13,9067.41,17.62,8,1,3
2025-07-10,STR010,9,2272.66,21.67,7,2,0
2026-06-03,STR006,19,9666.36,16.47,11,4,2
2026-06-02,STR013,18,12125.58,20.67,12,4,0
2025-08-13,STR029,14,9356.42,15.5,8,3,3
2026-01-15,STR004,8,2943.42,9.88,2,1,1
2025-06-27,STR015,14,8068.97,16.5,11,2,2
2025-09-03,STR006,16,4662.67,16.44,11,2,3
2025-06-29,STR026,15,9336.21,15.4,9,3,1
2025-08-09,STR007,22,12093.88,15.32,13,6,4
2026-02-07,STR026,19,8768.29,12.79,8,3,2
2026-01-16,STR001,15,6775.32,15.67,8,3,0
2025-11-03,STR011,15,6839.09,13.13,7,6,2
2025-12-11,STR006,14,8972.08,19.07,10,4,2
2026-02-13,STR014,18,10693.78,15.61,9,1,2
2025-07-31,STR015,16,9488.94,15.25,9,3,2
2025-10-11,STR010,13,5679.26,15.08,9,3,1
2026-01-17,STR009,16,7439.6,17.13,11,2,3
2025-09-13,STR009,20,8415.67,13.85,10,4,4
2025-11-24,STR005,16,7530.52,16.31,11,3,2
2025-10-04,STR028,15,7728.49,16.73,9,3,3
2026-04-16,STR026,12,4402.67,12.33,5,2,0
2026-02-06,STR020,20,10506.71,18.2,14,2,2
2025-11-13,STR006,15,6237.45,15.8,10,2,3
2025-09-11,STR011,14,6070.83,17.93,10,4,1
2025-07-08,STR004,9,3294.2,19.89,6,1,1
2026-02-07,STR021,10,6451.41,17.2,7,2,0
2025-12-02,STR023,12,6112.3,13.42,6,2,1
2026-05-23,STR012,16,5259.16,18.81,13,2,1
2025-10-23,STR022,6,4522.52,11.17,2,0,1
2025-07-11,STR002,18,7138.53,18.06,13,8,0
2025-09-09,STR026,14,5330.7,10.64,3,3,0
2026-02-08,STR025,13,5045.15,16.23,5,4,0
2025-08-03,STR027,11,4353.51,16.27,7,2,1
2025-10-26,STR001,16,5834.76,13.94,9,3,2
2026-01-31,STR022,16,11183.37,15.63,10,4,2
2025-11-19,STR015,12,9747.24,13.5,6,3,1
2025-08-21,STR025,14,6403.92,11.71,6,1,1
2026-05-26,STR007,10,5777.29,21.6,6,2,0
2026-03-26,STR019,17,8585.46,14.65,10,1,1
2025-12-16,STR025,14,6279.45,17.71,10,4,2
2025-07-08,STR023,21,7870.47,13.43,11,4,2
2026-03-31,STR017,18,14620.21,19.94,15,4,2
2025-12-02,STR007,11,4943.97,19.09,8,5,0
2025-11-23,STR018,15,8792.8,16.87,11,2,4
2025-11-30,STR021,8,10832.5,16.38,5,3,2
2026-04-25,STR014,18,10512.52,16.56,11,5,2
2026-02-15,STR013,22,8907.69,18.82,14,4,4
2026-02-17,STR028,14,6633.99,14.57,9,5,0
2025-11-26,STR018,23,11397.04,22.43,16,5,3
2025-06-15,STR023,14,5994.67,19.07,8,4,4
2025-09-10,STR008,10,2234.85,14.0,6,4,0
2025-07-05,STR029,11,3104.71,13.18,5,4,1
2025-08-01,STR007,15,8938.99,20.33,10,3,3
2025-06-05,STR026,13,5815.34,12.69,7,2,1
2025-12-06,STR007,11,4031.84,11.73,7,2,1
2025-09-19,STR013,14,6565.18,16.07,8,5,3
2025-10-10,STR009,20,11317.84,17.7,12,4,2
2026-03-13,STR030,16,6274.97,17.25,12,5,1
2025-08-03,STR022,15,7523.1,18.33,10,4,2
2026-01-20,STR029,13,5252.09,16.08,5,5,3
2025-06-11,STR021,10,5241.87,14.5,4,3,0
2025-08-21,STR029,17,7304.05,16.35,10,4,3
2026-05-30,STR024,18,7573.42,15.89,9,1,2
2025-08-09,STR015,15,6985.14,13.8,7,3,5
2025-09-13,STR020,12,4343.85,21.08,7,3,0
2025-06-25,STR017,10,4203.47,14.7,7,4,1
2025-12-12,STR025,12,6137.63,17.67,9,1,1
2025-09-15,STR010,12,6503.61,14.5,8,0,0
2026-03-22,STR027,15,4271.6,15.73,9,3,2
2025-06-03,STR014,20,9863.18,20.0,13,3,3
2026-01-07,STR019,18,7352.11,15.72,11,6,2
2025-12-14,STR006,15,9872.04,17.67,11,4,2
2025-12-11,STR012,15,6342.64,16.87,8,3,2
2026-03-15,STR015,12,6671.11,16.25,7,1,1
2026-01-22,STR026,13,9640.19,17.38,9,3,0
2025-09-10,STR013,12,4656.12,11.83,5,2,0
2025-12-28,STR026,11,9607.89,18.09,11,1,0
2025-07-16,STR029,19,8683.72,15.05,10,4,2
2026-01-18,STR007,16,5084.57,14.38,9,0,2
2025-06-13,STR003,12,4941.61,14.0,3,1,1
2026-05-23,STR020,11,5711.83,17.09,6,5,1
2025-09-09,STR018,10,4490.64,26.2,7,2,0
2025-07-01,STR011,12,9776.08,16.25,8,5,0
2025-10-24,STR004,14,7098.57,15.36,7,2,0
2025-06-26,STR021,13,7600.29,22.77,11,0,3
2026-02-12,STR012,17,6229.68,19.24,15,6,0
2026-02-01,STR015,14,8422.73,12.36,7,0,2
2025-11-13,STR020,13,6951.96,16.08,9,4,2
2026-01-14,STR007,15,7472.82,18.2,11,2,3
2026-02-16,STR024,9,3968.62,14.56,3,3,1
2025-11-14,STR022,11,3553.03,16.0,6,1,2
2026-01-17,STR024,14,8777.91,17.64,8,1,1
2025-06-09,STR026,16,10113.38,16.94,10,2,1
2025-10-24,STR022,13,4451.25,15.92,6,1,0
2025-10-24,STR012,19,5909.92,14.89,13,4,4
2026-03-14,STR014,16,11877.32,10.56,5,4,4
2025-11-07,STR027,12,8166.58,15.75,9,3,1
2025-10-14,STR013,13,3334.29,19.46,8,2,2
2025-08-27,STR013,22,11352.52,15.0,9,7,2
2025-10-13,STR025,20,9355.99,15.35,14,4,3
2025-07-10,STR015,14,5426.53,15.93,9,4,0
2026-03-05,STR010,10,4383.28,14.7,6,2,2
2025-09-05,STR003,17,12517.09,16.82,10,4,1
2026-03-09,STR009,18,9507.52,17.22,12,4,0
2025-07-05,STR004,10,3751.73,16.1,7,2,0
2025-11-05,STR028,14,3532.51,17.57,8,3,1
2025-07-09,STR003,13,10595.5,13.92,6,2,0
2026-02-20,STR012,18,9176.94,17.17,12,6,3
2025-09-05,STR026,10,3705.28,13.3,5,2,2
2025-10-03,STR021,17,5946.13,20.59,13,4,0
2026-02-14,STR022,9,4012.88,15.33,7,1,0
2026-04-14,STR017,21,12862.74,14.48,15,5,3
2025-09-02,STR006,15,7537.75,13.87,9,3,3
2025-12-05,STR018,10,4949.84,15.8,6,0,0
2025-06-24,STR020,7,3365.63,11.57,3,2,0
2026-04-08,STR022,13,2963.57,17.92,8,4,0
2026-04-23,STR029,11,5993.31,14.91,8,2,1
2025-12-27,STR019,19,11678.48,15.53,12,3,1
2026-04-02,STR003,15,8278.36,16.33,11,4,1
2026-04-21,STR025,9,2658.5,15.56,7,3,0
2025-09-28,STR019,10,5253.85,15.0,5,2,2
2025-09-14,STR005,9,3881.22,19.0,7,4,2
2025-07-03,STR018,23,8521.04,14.13,14,4,2
2025-10-06,STR024,14,7580.18,15.29,7,3,2
2026-02-03,STR020,17,9906.98,16.41,8,1,2
2025-07-11,STR020,18,9078.71,14.06,13,7,1
2026-05-07,STR015,12,5438.85,22.75,9,4,1
2026-05-31,STR008,12,5524.81,15.33,8,5,0
2025-06-17,STR006,10,6087.0,15.7,8,4,1
2025-09-11,STR021,14,9588.94,18.5,11,5,1
2025-06-18,STR005,13,6078.79,16.85,7,1,1
2026-05-17,STR029,16,5835.61,12.94,9,5,1
2025-10-01,STR003,13,3603.51,13.08,7,1,1
2025-09-23,STR028,23,10563.29,14.87,15,4,1
2026-05-06,STR012,9,6479.1,27.89,9,1,1
2026-04-01,STR021,14,4506.03,20.21,12,3,5
2025-12-16,STR028,10,7497.36,15.1,8,0,0
2026-05-22,STR010,16,11364.0,16.25,9,0,1
2026-02-15,STR019,10,3923.5,19.2,7,0,2
2026-03-03,STR001,15,7537.91,17.13,10,3,1
2026-01-31,STR028,21,14144.54,12.81,9,4,3
2026-05-24,STR015,8,2835.37,15.0,5,1,1
2025-08-31,STR023,13,4715.77,14.62,10,3,1
2025-07-25,STR003,25,10274.62,14.24,17,4,1
2026-05-23,STR026,11,4821.7,16.27,8,2,1
2025-07-15,STR018,10,7040.5,22.9,9,4,2
2026-04-19,STR011,14,9485.48,23.36,14,3,1
2026-05-27,STR025,16,7306.35,16.94,10,4,2
2026-01-03,STR003,15,9442.39,13.07,8,2,1
2026-04-29,STR003,11,10222.79,15.09,7,2,1
2025-11-15,STR019,11,6077.63,19.09,7,3,1
2025-07-28,STR011,19,7594.4,18.11,13,5,3
2026-02-19,STR014,7,1468.15,23.57,5,1,0
2025-07-01,STR025,11,4911.37,17.0,8,1,1
2025-08-28,STR014,10,5628.44,18.1,7,3,1
2025-09-05,STR025,13,7531.8,15.69,7,1,1
2026-02-16,STR011,18,7222.93,18.0,13,5,0
2025-08-30,STR022,14,7041.35,19.86,9,2,1
2025-09-10,STR022,13,4844.43,20.85,10,3,1
2025-07-16,STR017,14,7071.67,15.36,11,6,2
2025-07-22,STR005,9,8910.54,15.44,7,2,2
2025-06-21,STR025,15,5839.66,18.27,8,1,3
2026-02-25,STR004,15,14247.5,11.6,6,4,0
2025-08-23,STR024,10,4800.98,16.8,6,4,0
2025-10-19,STR013,9,5823.94,15.67,7,2,0
2026-02-19,STR022,17,9447.21,21.82,11,4,4
2025-10-13,STR015,18,11521.85,15.67,10,3,2
2025-12-19,STR002,11,6834.27,14.27,4,3,1
2026-03-22,STR029,22,13015.66,14.55,9,4,5
2025-08-17,STR024,12,9132.7,18.25,7,3,1
2025-12-31,STR001,11,8273.68,14.27,5,0,5
2026-05-31,STR022,12,5080.33,19.92,8,4,1
2025-12-08,STR009,9,4248.53,20.44,7,1,1
2025-08-19,STR007,17,8131.77,20.47,10,4,1
2026-05-30,STR001,7,2460.89,16.43,4,0,0
2025-10-09,STR019,20,8147.07,14.8,10,4,2
2026-02-05,STR003,16,10309.04,15.38,10,5,2
2026-02-12,STR022,16,8389.06,14.5,8,4,1
2026-04-13,STR001,13,5396.06,16.15,9,3,1
2026-01-22,STR012,6,1737.22,24.83,4,0,1
2025-09-15,STR001,13,7515.95,18.77,10,3,5
2025-12-18,STR023,20,9057.29,17.5,11,4,2
2026-05-19,STR021,20,13418.47,18.75,13,5,3
2026-06-02,STR017,12,6326.85,14.67,5,2,2
2025-07-19,STR024,7,1613.3,17.71,5,0,2
2026-04-15,STR015,10,2880.74,19.2,6,3,1
2025-08-30,STR002,17,10557.11,18.35,10,4,2
2026-01-03,STR024,14,6508.99,14.0,9,2,3
2025-08-20,STR025,9,4796.53,13.78,5,2,1
2025-06-10,STR030,23,9789.01,17.7,16,4,5
2026-03-21,STR020,16,8884.39,15.56,9,2,0
2025-12-13,STR003,14,5697.04,17.36,9,3,2
2025-10-09,STR025,19,8876.48,14.84,12,3,4
2026-02-07,STR020,11,4375.32,14.09,6,3,1
2025-07-06,STR021,7,1835.75,20.86,5,1,0
2026-02-07,STR016,14,8830.69,16.43,8,2,0
2026-05-20,STR011,8,2888.95,16.0,5,3,1
2026-02-21,STR025,11,7231.97,15.36,6,3,1
2025-10-29,STR022,12,5037.84,11.75,5,4,0
2025-09-25,STR002,13,5946.91,13.69,10,1,3
2025-10-04,STR008,16,5965.6,17.38,12,3,2
2025-12-07,STR004,13,6305.37,12.15,6,2,2
2025-10-18,STR008,13,11245.92,15.31,7,2,3
2025-11-17,STR027,15,4970.68,16.2,8,2,2
2026-03-24,STR019,18,13440.34,17.83,10,3,0
2026-02-27,STR027,15,7561.58,12.87,7,4,2
2026-03-10,STR022,15,7711.83,17.87,10,6,1
2026-01-27,STR014,14,6982.28,15.57,8,3,2
2025-11-02,STR016,15,9892.65,18.6,9,1,2
2026-02-02,STR019,16,8731.64,19.25,11,6,0
2026-03-01,STR029,12,4104.96,14.08,6,2,1
2025-11-03,STR010,10,4032.12,18.9,6,3,1
2025-10-02,STR018,17,6777.12,18.82,10,2,1
2026-05-22,STR021,17,6094.02,19.0,11,3,1
2026-02-06,STR027,10,2992.14,14.3,6,0,2
2025-06-22,STR003,10,6977.96,12.2,6,2,1
2025-06-27,STR007,12,5859.59,15.42,6,3,1
2025-10-26,STR024,13,8879.12,15.54,9,2,2
2025-10-06,STR026,11,5766.67,15.0,7,4,2
2025-12-05,STR019,17,8773.82,16.24,11,5,0
2026-05-16,STR014,9,3373.36,19.22,7,1,0
2025-08-11,STR007,15,5577.45,18.07,9,1,3
2025-12-14,STR025,17,7195.18,16.18,10,6,3
2025-07-22,STR025,10,5136.47,18.1,6,2,2
2025-08-05,STR005,22,16555.04,15.45,11,6,3
2026-01-09,STR014,11,5795.15,15.0,6,3,0
2025-11-29,STR030,15,5269.79,14.87,7,3,3
2026-04-12,STR003,15,13013.53,17.33,8,4,0
2025-11-11,STR024,13,4956.71,16.08,9,2,0
2025-12-09,STR008,12,8567.37,16.67,8,2,1
2025-08-18,STR006,16,9361.04,21.06,13,2,0
2025-07-05,STR014,13,4959.24,21.15,12,1,0
2025-11-02,STR001,17,7677.88,16.94,12,4,2
2026-01-21,STR004,12,4226.05,17.08,8,3,0
2025-10-20,STR025,10,6591.39,16.5,8,2,0
2025-12-23,STR004,10,2689.97,14.1,6,3,2
2025-06-15,STR004,10,6193.81,17.0,8,4,1
2025-09-29,STR025,12,3835.4,17.33,9,3,1
2025-09-16,STR015,16,6614.17,14.25,9,2,4
2025-07-01,STR005,22,12116.87,17.55,18,6,0
2025-08-30,STR018,11,4182.84,18.64,8,4,0
2026-04-23,STR020,11,9086.15,18.27,7,1,2
2025-10-16,STR005,13,5180.72,16.31,7,1,1
2026-02-13,STR017,10,3660.97,18.2,6,3,0
2025-09-08,STR016,19,14033.04,17.21,10,5,2
2025-07-30,STR027,11,4841.06,16.91,6,3,2
2025-12-09,STR026,12,5078.33,17.67,9,2,2
2026-05-30,STR015,15,8097.72,17.0,10,4,0
2025-10-16,STR025,11,3626.54,21.09,9,2,2
2026-03-15,STR010,12,6998.5,13.5,6,2,0
2025-06-07,STR022,10,5685.33,13.4,4,2,2
2026-02-05,STR001,8,3731.82,14.5,4,3,1
2025-11-03,STR015,20,7577.47,13.55,12,5,2
2025-06-16,STR026,20,5047.67,19.7,14,6,0
2025-09-19,STR014,15,10226.69,16.13,10,2,1
2026-04-22,STR004,15,6937.56,17.8,9,1,1
2025-11-21,STR015,14,4203.84,18.79,10,5,1
2025-11-19,STR004,18,8865.75,13.72,12,5,3
2025-11-15,STR009,11,5060.11,17.27,6,6,0
2025-10-04,STR020,21,12667.36,19.24,15,7,1
2026-03-07,STR008,20,10642.23,14.6,11,3,3
2026-04-04,STR018,16,14140.13,17.69,11,1,3
2025-06-10,STR029,14,9630.56,19.21,7,1,4
2026-01-23,STR014,10,6928.05,17.2,8,1,1
2025-10-15,STR019,12,5974.34,19.0,9,4,3
2026-01-11,STR010,9,3953.79,18.67,8,2,0
2025-12-22,STR005,17,8932.83,15.12,10,2,1
2026-01-01,STR022,12,6433.38,14.92,4,1,2
2026-03-08,STR017,12,7015.92,22.33,9,3,1
2026-03-12,STR014,13,8069.63,17.0,10,4,2
2026-02-15,STR016,18,11498.03,15.89,8,3,3
2025-12-08,STR011,9,4920.33,14.33,5,2,0
2026-03-17,STR015,12,4992.92,17.17,9,2,1
2026-03-27,STR007,11,9094.03,14.91,7,3,1
2025-11-04,STR030,15,9131.52,14.0,8,3,1
2026-02-01,STR014,14,8331.01,17.93,10,5,2
2025-11-21,STR030,11,7885.3,13.64,5,3,0
2026-04-24,STR013,12,9120.16,20.25,7,0,0
2025-12-06,STR004,10,4225.92,17.6,6,2,0
2025-12-18,STR007,17,8205.83,15.41,11,4,1
2026-03-14,STR021,9,4168.99,14.11,6,2,1
2025-11-01,STR005,9,5215.11,17.89,7,3,0
2025-09-19,STR021,14,5819.07,14.57,5,3,3
2026-05-17,STR013,17,9804.46,16.76,10,4,3
2026-03-04,STR001,13,5100.69,15.77,10,3,0
2026-03-09,STR006,9,6429.82,20.0,7,1,1
2025-09-01,STR016,19,11464.3,16.53,15,2,0
2025-06-03,STR023,14,6420.84,13.79,6,3,1
2025-10-01,STR001,11,7159.46,13.36,6,1,2
2025-12-16,STR021,12,5613.23,14.92,5,2,1
2025-07-13,STR022,20,8324.99,14.55,13,4,1
2025-07-25,STR023,12,2863.08,19.58,7,2,3
2025-07-31,STR020,14,5967.86,12.86,9,4,1
2025-09-27,STR024,15,11883.14,12.87,7,3,0
2025-10-15,STR008,14,6770.89,22.71,10,4,3
2026-05-19,STR030,9,5229.64,17.0,8,1,1
2025-12-29,STR005,20,10032.07,15.85,11,3,1
2026-01-19,STR013,13,5974.7,21.54,10,4,2
2025-10-26,STR011,14,6972.94,16.79,10,1,0
2025-09-23,STR011,10,3734.15,17.9,8,2,1
2026-05-23,STR013,19,9131.37,14.68,12,6,2
2025-06-12,STR009,9,6187.02,20.44,6,2,0
2026-04-26,STR024,16,6395.85,13.81,9,2,1
2025-11-28,STR001,9,2186.71,16.78,9,3,1
2026-05-13,STR024,10,5480.13,15.4,6,2,0
2026-06-02,STR016,16,7010.66,15.38,12,3,2
2025-06-04,STR021,13,6215.39,15.69,7,1,3
2025-10-05,STR027,10,4140.4,19.9,8,3,0
2026-05-09,STR004,9,4092.23,14.44,5,1,0
2026-05-06,STR017,9,3195.95,13.33,5,2,0
2026-03-18,STR004,9,4365.98,14.67,5,3,0
2026-02-05,STR017,17,7488.32,16.59,12,1,2
2025-06-11,STR015,17,9767.68,15.82,11,3,2
2026-02-10,STR011,16,5841.32,12.31,9,3,2
2026-01-14,STR015,11,7855.82,23.91,7,3,2
2026-02-13,STR006,11,6109.1,20.36,7,3,0
2026-04-17,STR011,20,6819.05,18.25,13,5,2
2026-03-18,STR023,9,4037.75,15.22,7,3,2
2026-01-27,STR030,12,5034.42,13.58,8,0,2
2026-01-09,STR028,16,4231.37,16.13,7,1,2
2025-12-06,STR018,12,5403.09,16.67,8,4,2
2025-11-27,STR027,16,7808.57,17.0,7,6,1
2025-11-27,STR028,19,10653.66,16.84,12,5,3
2025-07-21,STR006,9,6086.74,21.0,6,2,1
2025-10-01,STR025,14,7833.94,15.14,7,2,2
2026-02-16,STR027,16,7284.7,15.0,8,5,1
2025-08-11,STR029,9,4759.19,19.56,7,0,1
2025-09-16,STR016,12,5884.33,20.0,8,4,0
2026-02-12,STR009,19,14485.58,18.05,11,5,1
2026-05-10,STR010,15,14090.23,16.8,11,6,0
2026-03-07,STR014,8,6113.08,20.5,3,2,3
2025-09-01,STR020,13,6081.76,14.15,7,5,4
2025-08-08,STR026,11,7053.43,13.18,4,2,0
2025-10-07,STR004,18,9504.45,15.17,10,6,0
2025-10-14,STR006,17,7253.67,13.76,8,5,1
2026-06-03,STR004,8,5634.49,20.0,4,2,3
2025-07-13,STR021,16,9182.45,17.0,14,2,1
2026-02-07,STR011,11,5187.75,17.55,7,4,1
2025-07-31,STR004,17,6369.55,13.0,8,5,0
2026-05-02,STR024,16,7617.8,18.94,8,4,1
2025-11-25,STR015,12,4950.02,13.33,6,1,3
2025-10-04,STR023,17,10351.17,19.41,13,3,0
2025-07-02,STR009,13,6912.92,13.46,8,3,0
2026-03-10,STR009,13,6488.54,17.62,8,2,2
2026-01-28,STR007,13,6852.02,16.77,10,3,2
2025-07-29,STR027,11,5816.05,14.36,7,4,1
2026-05-05,STR004,7,3139.6,15.57,5,3,0
2025-10-31,STR023,20,10746.47,17.7,11,4,2
2025-10-02,STR017,11,6591.41,15.27,6,2,0
2025-10-19,STR026,11,3947.12,11.82,4,1,0
2025-10-22,STR005,16,8995.06,17.88,11,5,0
2025-07-02,STR003,11,6482.68,17.55,8,3,3
2025-09-20,STR029,12,5459.61,14.58,8,3,0
2025-06-03,STR018,12,3700.23,13.08,5,2,0
2025-10-05,STR011,13,4632.6,16.0,7,2,1
2026-04-25,STR022,9,5788.12,15.89,4,2,0
2026-03-13,STR019,17,9299.28,18.35,11,2,1
2025-07-24,STR014,7,2538.08,19.71,6,1,1
2026-05-01,STR007,17,8187.96,15.76,9,4,3
2026-05-29,STR004,16,8729.96,16.81,10,2,1
2026-05-20,STR019,14,6687.34,12.79,7,2,2
2026-03-13,STR003,14,6807.3,15.57,9,5,1
2026-01-04,STR014,13,5302.26,17.54,11,4,1
2026-01-20,STR028,15,4418.67,16.53,11,2,0
2025-06-05,STR025,8,4810.31,12.88,4,1,0
2025-10-05,STR012,14,9407.25,19.21,10,3,4
2026-02-08,STR015,11,4408.25,21.27,8,3,0
2025-09-22,STR008,8,3710.7,15.75,5,3,0
2026-04-11,STR030,19,9070.65,17.42,10,4,1
2026-03-05,STR022,16,5485.07,14.63,7,2,1
2025-07-16,STR015,19,9121.16,14.26,10,1,1
2025-09-19,STR011,13,7687.56,15.54,8,1,0
2025-11-25,STR027,13,4944.82,18.38,8,2,2
2026-03-28,STR011,18,7428.8,18.0,13,4,2
2025-06-22,STR029,20,9706.11,19.05,13,4,2
2025-08-16,STR029,12,8430.99,16.08,8,4,2
2025-12-17,STR016,11,5762.67,14.82,6,4,1
2026-04-06,STR023,15,8437.24,15.93,11,4,0
2025-08-30,STR001,14,5487.13,19.71,10,3,2
2026-05-04,STR003,10,4934.34,15.4,4,2,2
2025-09-23,STR023,11,4905.52,11.64,4,2,1
2025-06-12,STR007,10,6108.81,23.3,9,5,1
2025-12-04,STR007,10,5007.71,16.4,7,2,1
2025-12-02,STR022,11,7375.96,17.82,9,3,2
2025-12-03,STR001,13,6869.08,21.38,11,2,3
2025-07-04,STR019,14,6322.35,18.86,10,1,3
2025-07-09,STR024,16,12708.49,19.25,11,3,2
2026-01-22,STR029,16,6509.81,17.75,12,3,3
2026-04-05,STR007,11,4303.14,13.91,6,1,4
2025-06-30,STR009,21,9470.83,17.24,17,3,4
2025-11-03,STR003,10,6872.49,18.1,8,5,1
2026-05-27,STR003,15,8697.07,16.87,9,6,2
2026-04-01,STR020,12,7143.61,16.08,6,2,1
2026-05-30,STR030,11,3539.78,15.27,5,2,0
2026-02-22,STR023,13,7329.56,15.54,6,4,1
2025-11-20,STR012,21,6618.17,16.76,13,6,5
2026-04-24,STR009,16,7549.92,16.75,9,5,0
2025-10-13,STR005,17,13001.7,16.12,11,5,2
2025-09-22,STR017,16,8253.87,13.13,7,4,0
2025-12-26,STR008,11,7221.36,17.09,6,2,2
2025-12-19,STR022,17,13722.65,14.88,9,0,2
2025-07-23,STR030,10,5725.68,16.4,7,2,1
2026-05-22,STR009,10,2891.36,20.2,6,3,0
2025-09-11,STR030,14,5746.16,19.07,11,2,3
2025-09-18,STR027,22,15547.01,19.18,15,7,2
2026-01-01,STR029,14,4129.29,17.21,10,4,1
2025-12-05,STR027,12,5193.84,22.17,10,2,2
2026-01-15,STR021,10,6797.12,13.2,4,3,1
2025-06-30,STR021,13,8484.02,15.85,7,0,3
2026-01-06,STR020,9,4414.02,19.11,6,2,2
2025-12-08,STR024,10,5017.41,13.9,9,2,0
2025-10-20,STR018,11,5144.47,13.09,7,4,1
2026-01-26,STR018,14,5450.71,19.57,9,4,2
2025-07-13,STR013,10,3558.65,15.3,6,2,1
2025-09-12,STR017,10,4666.41,12.6,5,1,1
2026-03-07,STR010,11,3469.37,12.18,6,3,0
2026-01-25,STR030,12,5064.06,18.42,9,3,2
2025-06-03,STR006,7,2979.79,22.57,5,1,1
2026-05-24,STR008,18,11841.07,13.28,7,5,1
2026-03-27,STR023,10,6298.35,17.4,7,2,0
2026-06-02,STR029,10,5964.8,14.6,7,3,2
2025-11-19,STR009,10,3255.03,15.2,7,0,1
2026-04-24,STR020,14,9439.51,18.29,4,3,1
2026-01-24,STR008,10,8288.06,14.3,7,3,2
2026-04-26,STR016,10,3308.32,16.5,6,3,2
2025-11-10,STR027,13,9017.23,11.77,5,4,3
2025-08-01,STR018,14,7622.01,20.86,8,2,1
2026-03-17,STR008,16,6602.21,15.69,8,4,2
2025-08-20,STR014,16,5150.81,11.94,6,0,1
2025-08-14,STR030,12,9137.77,12.08,4,3,2
2025-09-26,STR020,10,9535.08,11.9,4,5,1
2025-06-15,STR012,11,7238.93,14.0,7,4,0
2025-10-14,STR030,17,6461.31,20.29,13,4,4
2025-09-19,STR007,18,9211.08,18.89,12,5,1
2026-05-25,STR018,13,9549.95,15.38,9,4,0
2026-01-14,STR004,13,7693.49,15.54,7,1,2
2025-06-07,STR027,19,10889.56,18.63,11,3,2
2026-03-15,STR024,13,8688.68,13.15,8,6,1
2026-03-26,STR030,21,6456.53,17.0,16,6,2
2025-07-18,STR008,10,3768.66,15.2,6,2,0
2026-05-08,STR028,9,3602.16,15.78,5,3,0
2026-04-16,STR024,15,5844.02,19.67,10,4,1
2026-03-27,STR030,11,5280.2,14.0,5,6,1
2026-02-12,STR023,13,9861.04,13.54,7,1,1
2025-07-22,STR030,13,6628.54,13.62,5,1,2
2026-05-10,STR001,12,8634.8,18.5,8,1,1
2025-12-28,STR006,11,5320.59,12.64,5,5,1
2026-04-27,STR012,14,9919.51,17.79,10,4,2
2025-06-08,STR023,21,6497.43,16.62,11,2,4
2025-08-07,STR011,14,11442.5,20.43,11,6,2
2026-05-17,STR010,16,13061.99,15.31,8,2,2
2026-03-11,STR001,12,3488.99,20.0,8,2,1
2025-10-01,STR017,10,4275.97,15.5,4,1,2
2026-06-02,STR004,16,8664.37,14.75,10,5,1
2025-10-09,STR008,12,7062.69,17.33,9,1,1
2026-02-11,STR015,15,10080.4,17.27,9,7,1
2025-10-29,STR006,15,9580.79,21.33,11,2,1
2025-06-06,STR020,12,5465.72,18.92,9,2,1
2026-02-20,STR023,11,3468.3,13.36,6,2,3
2025-06-22,STR030,14,7466.48,18.07,9,3,1
2026-02-25,STR030,11,11518.41,18.91,8,0,0
2025-07-05,STR009,7,3948.6,13.29,5,0,0
2025-11-13,STR002,10,4199.71,20.8,7,1,1
2025-09-19,STR012,15,5363.88,18.0,10,6,1
2026-03-30,STR002,10,5530.47,21.0,8,4,0
2026-05-05,STR018,13,8968.26,18.15,8,2,2
2025-12-20,STR010,13,5330.25,20.85,9,1,2
2026-05-15,STR024,6,1160.56,15.67,4,1,1
2025-11-13,STR028,13,7144.89,13.08,5,3,0
2025-07-27,STR011,10,8394.66,20.7,7,2,1
2026-03-28,STR024,11,4140.6,16.18,7,3,2
2025-12-09,STR022,16,9279.35,11.94,7,7,2
2025-12-31,STR030,19,6946.26,14.11,12,6,2
2025-11-13,STR015,10,2621.14,17.7,6,2,1
2026-04-19,STR010,20,9002.04,16.8,13,4,2
2025-09-03,STR005,19,7685.2,17.42,12,2,3
2025-10-17,STR005,14,8345.35,13.93,7,7,3
2025-10-05,STR018,13,5415.38,16.62,10,1,0
2026-02-18,STR027,12,6502.81,17.0,7,4,1
2025-12-14,STR030,13,6354.19,14.23,7,1,0
2025-11-07,STR004,10,4515.46,13.2,3,2,1
2025-12-26,STR027,6,4268.43,11.83,2,0,0
2025-09-24,STR001,15,16082.35,13.8,8,1,0
2026-06-03,STR003,9,6818.36,16.11,5,4,1
2026-04-02,STR015,11,4686.78,14.82,6,0,1
2025-07-20,STR025,14,7498.28,15.43,10,0,0
2025-06-17,STR027,11,3969.73,19.09,7,1,0
2025-10-03,STR017,13,6356.73,14.92,7,3,1
2025-09-17,STR023,10,8027.04,15.8,7,3,1
2025-10-18,STR011,8,3354.88,10.25,2,2,2
2026-05-18,STR004,12,5038.38,16.25,9,3,2
2026-01-15,STR016,15,7831.18,13.47,9,3,3
2025-08-09,STR021,11,7964.49,16.09,8,1,1
2026-05-07,STR009,11,5064.02,18.73,7,2,1
2025-06-06,STR021,16,8344.23,17.38,11,5,2
2026-02-25,STR001,13,7800.56,12.69,7,4,3
2025-10-19,STR006,17,12072.84,15.0,6,3,1
2026-04-11,STR005,10,4323.29,14.8,6,5,0
2025-11-14,STR018,12,5332.87,11.25,7,2,0
2025-10-07,STR021,11,6236.19,16.18,7,1,2
2025-06-13,STR026,11,3198.98,14.18,5,4,1
2026-06-02,STR012,9,3453.41,17.33,7,3,2
2025-06-25,STR027,10,3510.15,18.9,5,2,2
2025-08-06,STR006,16,5747.36,18.44,12,3,1
2026-03-13,STR013,12,7180.93,14.08,7,2,2
2025-12-13,STR005,11,4154.36,19.27,8,4,0
2025-10-18,STR030,13,6508.31,19.38,9,3,3
2025-07-01,STR001,16,7155.07,18.88,12,5,5
2026-02-12,STR006,14,5809.83,12.93,5,1,3
2025-09-20,STR003,10,9666.97,15.8,8,4,3
2025-09-12,STR030,10,6666.56,12.3,5,2,1
2025-11-21,STR024,10,7961.56,13.7,3,1,0
2026-05-14,STR020,10,6912.12,22.2,6,1,1
2025-10-31,STR008,17,8619.43,20.71,11,5,0
2026-03-08,STR005,7,5354.07,17.86,4,0,0
2025-07-07,STR018,14,5740.09,16.86,10,4,1
2025-08-14,STR019,20,9844.94,15.4,12,3,1
2025-09-08,STR009,13,8245.59,16.08,8,2,0
2025-09-13,STR023,15,7166.55,14.8,7,3,2
2025-11-11,STR014,8,2803.32,14.25,4,0,2
2026-03-22,STR026,6,2848.7,19.0,5,2,0
2025-09-03,STR014,10,4836.02,15.3,5,2,1
2025-07-03,STR003,18,7832.25,15.83,12,3,1
2025-12-31,STR009,5,5258.57,24.2,4,2,0
2025-09-23,STR014,9,4884.45,16.78,8,3,0
2025-11-21,STR011,17,10002.95,18.12,9,3,2
2026-04-02,STR011,14,8472.66,15.29,9,1,0
2025-10-06,STR008,14,7846.73,17.36,9,2,2
2026-03-28,STR001,11,5156.69,17.45,5,3,1
2026-01-21,STR026,21,8248.11,19.33,16,6,0
2026-03-24,STR017,20,7553.19,12.65,10,4,2
2025-07-21,STR007,6,2571.22,11.33,3,1,1
2026-02-28,STR016,7,2205.33,10.14,1,2,0
2025-06-21,STR023,13,6820.78,18.08,9,4,2
2026-01-01,STR028,7,2336.9,17.71,5,0,1
2026-05-26,STR012,17,5440.01,16.71,11,3,1
2026-05-07,STR030,13,6131.74,19.38,9,2,3
2025-12-09,STR021,10,4311.92,20.3,8,1,0
2026-03-17,STR030,16,5523.27,16.31,10,3,1
2025-07-09,STR009,12,4676.37,12.0,5,2,2
2026-01-02,STR013,18,7756.68,15.56,12,4,1
2026-05-18,STR015,10,5385.9,18.6,6,2,1
2026-02-20,STR022,10,5148.9,17.9,8,2,2
2025-08-20,STR011,11,7039.02,17.36,7,5,1
2026-02-22,STR007,10,3874.79,19.3,10,5,0
2026-04-22,STR010,15,9338.84,16.47,9,4,2
2026-03-11,STR012,11,5115.69,18.27,8,1,1
2025-07-14,STR004,9,5251.72,15.44,4,3,1
2026-01-31,STR008,13,7051.6,14.31,9,0,1
2026-04-07,STR026,18,12536.53,16.28,10,7,0
2025-08-29,STR011,9,6994.31,22.33,8,3,2
2025-09-10,STR012,12,13712.5,16.0,8,1,0
2025-11-08,STR010,10,3163.96,12.8,5,3,1
2025-10-11,STR004,13,6179.14,14.0,5,1,1
2026-05-27,STR012,16,5139.96,15.63,10,2,3
2026-01-07,STR017,10,4768.15,16.9,7,1,1
2026-03-29,STR002,6,3139.97,19.67,4,1,1
2025-06-10,STR025,12,7439.59,18.08,6,1,1
2026-04-12,STR019,4,2039.07,11.75,2,0,2
2025-09-06,STR001,12,6676.82,13.25,7,1,1
2025-07-11,STR030,9,8072.23,21.0,7,1,1
2025-12-13,STR014,11,7567.96,13.91,5,2,1
2025-08-24,STR023,9,3658.95,13.22,6,2,0
2025-06-19,STR012,8,5371.89,14.75,5,2,2
2026-03-19,STR006,11,8366.02,15.45,6,2,2
2025-07-18,STR025,9,5430.28,16.56,6,1,1
2026-04-06,STR005,14,7030.51,15.79,7,2,2
2026-05-20,STR017,16,6527.16,15.5,10,1,0
2025-07-07,STR029,12,5303.46,19.5,9,5,2
2025-08-23,STR026,10,3109.77,19.9,7,2,0
2026-05-24,STR018,10,4639.47,20.5,4,3,1
2026-04-13,STR006,13,6070.8,18.0,7,2,2
2025-07-16,STR014,9,9198.75,25.44,8,2,2
2026-04-28,STR001,15,9900.01,16.13,9,7,2
2025-12-19,STR025,18,7148.43,20.06,12,2,4
2026-03-04,STR029,13,7725.24,17.77,8,1,2
2025-08-07,STR024,12,5349.18,20.42,9,2,2
2026-05-07,STR001,8,3969.15,15.25,3,0,1
2025-11-25,STR001,3,884.99,20.67,2,0,1
2025-08-23,STR015,8,3176.45,18.63,6,3,0
2026-03-24,STR021,13,3737.28,17.0,8,3,2
2026-01-05,STR015,14,5954.42,17.71,9,4,2
2025-11-05,STR011,9,4237.82,19.0,7,3,2
2025-06-28,STR021,8,5321.2,19.75,5,2,0
2026-01-11,STR016,14,7160.47,17.14,8,5,1
2026-03-02,STR014,9,6998.6,15.33,5,2,1
2025-08-22,STR008,6,2193.02,11.83,3,3,1
2025-11-24,STR026,15,6418.23,18.6,10,2,0
2025-07-27,STR022,12,9716.52,20.5,9,1,1
2026-04-20,STR012,7,2373.42,15.29,6,2,0
2025-08-30,STR030,12,5884.23,15.92,10,2,1
2025-12-21,STR004,11,5028.6,17.0,9,2,1
2025-12-13,STR030,8,5050.66,18.75,5,2,1
2026-01-23,STR020,7,3846.65,12.14,3,1,0
2025-10-05,STR014,13,6279.5,13.0,7,2,2
2025-06-25,STR028,12,7370.93,11.58,5,0,2
2025-08-21,STR006,16,6807.66,13.56,8,2,2
2025-12-10,STR023,12,6997.71,16.0,7,3,1
2025-08-17,STR011,16,12671.36,15.06,9,3,2
2026-06-03,STR005,15,7464.28,16.33,8,3,1
2025-11-27,STR009,14,6050.89,16.43,9,6,0
2025-12-12,STR014,8,6056.1,12.13,4,1,1
2026-05-13,STR011,13,5679.69,17.62,9,6,2
2026-03-18,STR024,21,8868.8,15.19,12,3,2
2026-05-03,STR006,13,11131.86,18.15,7,5,0
2025-08-18,STR005,7,3112.83,15.43,5,4,0
2025-10-10,STR006,18,9706.36,12.61,7,3,3
2025-12-21,STR003,12,5094.93,17.75,9,3,1
2026-03-01,STR006,13,9205.2,13.54,7,2,3
2026-02-05,STR009,9,3084.56,11.89,2,3,0
2026-04-07,STR015,13,4933.49,19.08,9,3,0
2026-03-29,STR023,16,11097.49,19.0,10,4,0
2025-11-25,STR020,18,9036.49,15.06,10,3,0
2025-07-26,STR011,20,7866.83,15.25,11,4,2
2025-07-16,STR003,18,10036.88,14.39,10,6,1
2025-07-31,STR010,12,5210.88,13.58,4,1,2
2026-05-09,STR017,9,3290.8,12.89,5,1,1
2025-07-09,STR002,7,2881.78,12.71,3,0,0
2025-12-04,STR030,21,9909.76,14.76,10,2,2
2025-09-04,STR016,19,6258.0,14.11,7,1,3
2026-01-28,STR017,17,7857.3,17.65,12,4,0
2026-02-15,STR030,13,6668.55,17.54,10,1,3
2026-03-05,STR009,16,8559.23,18.63,13,2,2
2025-08-04,STR009,12,8871.37,21.58,8,1,1
2026-04-09,STR030,11,7081.82,20.0,8,2,1
2025-11-15,STR007,15,7580.75,14.8,9,3,2
2026-02-06,STR025,9,3173.63,13.0,7,2,1
2025-07-17,STR008,12,7700.46,13.75,7,0,1
2025-09-25,STR018,13,8726.06,14.54,7,2,3
2025-07-05,STR026,15,7942.06,20.53,11,4,0
2026-03-22,STR010,14,6166.49,19.86,11,4,4
2026-05-01,STR029,16,7438.84,15.81,12,5,2
2025-06-21,STR002,15,4553.64,18.6,12,2,2
2025-07-06,STR002,14,7323.0,17.36,8,3,2
2025-11-23,STR024,14,7346.99,21.0,10,5,0
2025-11-10,STR010,9,4088.12,22.0,7,3,0
2026-03-16,STR001,13,7861.61,14.69,7,2,3
2025-10-13,STR026,16,5576.94,13.5,9,4,2
2025-11-07,STR002,7,2790.96,14.57,2,5,0
2025-06-26,STR028,16,6022.94,20.13,12,0,0
2026-05-16,STR008,6,4225.17,24.33,5,1,1
2025-09-18,STR026,18,8806.91,14.22,10,5,3
2026-02-08,STR017,14,4749.39,15.57,11,1,3
2025-11-30,STR020,9,3697.14,21.33,8,1,2
2025-09-26,STR028,21,10110.82,14.43,13,3,1
2025-10-20,STR003,17,6692.72,15.59,8,1,2
2026-01-27,STR008,11,5919.46,19.09,6,0,0
2026-02-09,STR004,14,5871.91,12.5,8,4,0
2026-04-29,STR005,12,5437.6,15.67,9,2,3
2025-11-17,STR013,16,5412.43,18.63,12,7,1
2025-07-27,STR017,26,14063.89,18.62,17,7,1
2025-12-19,STR011,16,4709.15,15.81,8,0,0
2026-02-25,STR011,10,2976.33,18.7,6,2,1
2025-06-19,STR028,17,7151.97,18.47,11,2,1
2025-06-27,STR009,11,6113.86,20.0,8,4,2
2025-08-08,STR028,18,6209.83,14.11,9,4,1
2026-04-18,STR009,19,11718.66,16.26,11,3,0
2026-02-11,STR021,21,9052.78,13.95,13,4,0
2026-01-08,STR014,8,2447.33,20.13,5,2,1
2026-01-20,STR024,10,3751.02,15.9,6,5,0
2025-06-18,STR017,8,2401.7,18.13,6,1,2
2025-11-15,STR006,15,6652.45,14.07,8,3,1
2026-03-07,STR024,13,4342.95,18.54,7,0,1
2025-11-13,STR011,17,8874.29,16.06,12,4,3
2025-08-19,STR016,10,4595.75,15.8,7,4,1
2026-05-12,STR007,15,10565.22,18.27,13,1,2
2026-01-17,STR016,18,10749.9,18.94,13,3,5
2026-02-12,STR004,6,2469.71,11.17,3,1,0
2025-12-20,STR029,18,10281.6,16.39,13,4,1
2026-04-01,STR016,16,6996.35,21.25,13,5,2
2025-06-16,STR007,13,7811.23,16.38,8,4,2
2025-06-14,STR012,9,4103.1,17.44,6,1,0
2026-04-24,STR015,13,9039.67,13.15,6,1,0
2026-01-26,STR003,14,10098.36,15.71,7,2,1
2026-03-04,STR022,12,6471.81,17.75,5,3,1
2026-04-29,STR006,17,8415.88,16.76,9,4,2
2026-01-31,STR030,13,9431.65,15.92,9,2,0
2025-11-13,STR021,15,8149.93,18.6,12,3,2
2026-01-31,STR024,16,8493.99,18.56,10,4,1
2025-08-10,STR016,19,9178.97,15.11,11,3,0
2026-05-25,STR021,12,8255.67,18.67,7,3,1
2025-12-24,STR007,18,14567.9,16.33,10,3,4
2025-11-01,STR024,13,4487.26,17.62,9,3,2
2026-04-07,STR008,14,5195.48,15.71,9,3,0
2026-01-02,STR004,20,7666.91,18.35,13,2,1
2026-03-22,STR011,12,3299.56,16.17,8,5,2
2025-07-21,STR013,13,7327.72,14.62,7,1,0
2026-03-18,STR011,19,9407.2,16.68,11,3,0
2025-10-09,STR022,12,3676.3,16.75,6,4,0
2025-07-16,STR013,14,4344.79,13.71,6,0,1
2026-03-21,STR015,14,10130.93,15.0,8,3,1
2026-05-26,STR030,16,8599.88,15.44,13,3,5
2025-12-10,STR001,12,2800.55,12.08,5,2,2
2026-03-24,STR025,13,5219.48,14.38,6,4,1
2026-03-06,STR012,12,9147.89,20.08,9,1,1
2026-05-19,STR020,13,6129.88,15.15,7,1,0
2026-04-10,STR010,22,12334.99,15.14,13,1,0
2026-01-23,STR019,11,9268.79,16.55,7,2,0
2025-08-28,STR009,12,7985.74,13.67,7,2,1
2026-01-10,STR008,13,7116.95,17.62,8,1,1
2026-03-02,STR013,15,7167.18,16.73,10,5,1
2025-06-03,STR027,13,7521.92,20.92,9,2,4
2025-07-03,STR010,20,15338.62,13.9,11,5,2
2025-10-23,STR021,20,6161.1,14.75,10,4,1
2025-12-27,STR007,13,6632.78,15.69,10,5,0
2026-04-16,STR021,21,9875.39,18.24,12,1,1
2026-05-22,STR028,15,6380.08,13.93,9,1,1
2025-09-10,STR005,13,6866.93,15.23,7,2,4
2025-08-17,STR006,16,11782.25,14.5,9,5,1
2026-03-26,STR002,12,4615.85,11.25,6,2,2
2025-12-26,STR022,13,7845.9,19.0,9,5,1
2025-10-16,STR029,21,7461.88,16.05,15,5,1
2026-02-11,STR001,21,10393.48,16.95,14,4,0
2025-12-24,STR004,17,11697.83,15.65,14,1,2
2025-06-24,STR008,6,1423.47,17.0,4,1,1
2025-12-29,STR030,15,9474.6,16.93,12,5,4
2025-12-15,STR027,16,9356.5,14.38,7,5,0
2026-03-24,STR028,13,4228.55,17.15,9,2,4
2025-09-28,STR024,17,7378.3,20.24,12,1,1
2025-06-05,STR001,16,6906.29,16.19,11,1,2
2025-06-30,STR030,13,6539.07,14.23,7,0,0
2025-09-13,STR022,17,7672.8,15.94,8,8,2
2026-03-09,STR020,18,11974.34,21.39,16,4,0
2026-03-01,STR014,15,9272.8,13.53,8,1,1
2025-06-27,STR011,19,8998.9,18.0,13,2,1
2026-02-16,STR029,14,5969.4,13.86,10,2,2
2025-10-10,STR002,18,9183.37,15.94,10,3,1
2025-07-08,STR019,12,6170.68,16.0,8,4,3
2026-03-24,STR005,14,11478.85,14.0,8,2,0
2025-07-18,STR016,17,7626.91,19.47,12,3,6
2026-02-01,STR022,17,8280.9,17.18,10,0,2
2025-06-28,STR007,18,9023.99,14.33,7,5,1
2025-07-29,STR026,13,8765.35,13.62,7,2,3
2026-04-03,STR025,15,8957.38,13.6,10,4,2
2026-03-18,STR027,12,7284.17,11.25,4,3,2
2025-10-23,STR028,9,2328.0,14.78,5,1,1
2025-12-17,STR021,21,14742.53,14.76,8,2,1
2025-12-30,STR018,19,8637.48,16.26,15,3,0
2026-01-30,STR024,14,5705.3,17.93,7,2,1
2026-03-10,STR017,16,4445.25,17.5,12,6,1
2025-07-05,STR030,17,8629.82,18.24,14,2,0
2025-10-09,STR003,13,8939.67,15.31,8,4,2
2025-12-26,STR003,11,7279.81,21.09,7,2,1
2026-01-18,STR012,7,5539.12,14.86,5,0,0
2025-12-02,STR004,14,8021.98,20.07,9,4,0
2026-01-10,STR023,10,6609.2,19.6,6,1,1
2026-01-14,STR006,16,8632.38,14.06,10,3,3
2025-11-03,STR025,10,6334.14,17.9,8,4,0
2026-01-27,STR007,11,7505.96,17.82,8,1,3
2026-05-04,STR022,12,6162.52,12.5,5,5,3
2025-10-28,STR013,13,6229.34,16.46,8,4,2
2025-08-09,STR019,15,10189.35,14.27,8,3,1
2025-10-08,STR021,14,5388.07,17.71,10,1,1
2026-05-06,STR030,17,11228.48,15.41,11,2,3
2026-02-27,STR019,12,5940.68,17.5,9,4,1
2026-05-23,STR028,9,5754.59,19.33,8,1,1
2026-04-10,STR030,8,7682.08,15.75,4,1,2
2026-05-24,STR010,10,6117.45,19.0,8,3,0
2026-01-02,STR028,22,10114.75,20.82,14,4,1
2026-03-17,STR001,19,7089.2,16.79,14,3,4
2025-08-27,STR018,15,10673.01,21.4,11,6,1
2025-12-06,STR030,14,7103.41,14.86,8,5,1
2025-07-28,STR017,10,2944.07,13.0,5,1,1
2026-05-23,STR025,12,6699.3,16.75,6,0,1
2026-05-24,STR017,13,6950.67,14.77,4,1,0
2025-11-04,STR024,16,5214.48,16.06,11,1,3
2025-08-29,STR019,20,9024.47,20.15,15,6,2
2025-11-24,STR017,16,6687.58,15.88,9,2,3
2025-08-08,STR015,15,8134.91,16.67,12,4,1
2026-04-04,STR020,17,10826.83,15.65,10,6,0
2025-08-14,STR002,12,8960.35,14.67,7,1,3
2026-02-27,STR022,8,4508.94,11.5,3,2,1
2025-09-02,STR011,15,8853.62,17.33,9,3,3
2026-01-23,STR005,8,2707.86,12.5,5,3,1
2025-09-25,STR023,19,8109.58,19.21,14,7,5
2025-12-11,STR024,12,5358.9,12.83,5,1,1
2025-08-05,STR007,8,5327.36,15.88,4,1,1
2025-09-18,STR021,14,7149.84,23.07,10,4,3
2026-04-15,STR003,14,8348.93,19.0,11,4,0
2026-01-15,STR017,10,3339.49,11.9,4,2,1
2025-10-22,STR006,15,4401.52,15.87,7,5,1
2026-02-11,STR004,9,2203.97,18.22,8,3,0
2026-04-30,STR002,9,3622.42,20.89,7,4,0
2026-03-24,STR008,13,8276.27,18.0,9,3,0
2026-05-30,STR012,15,6648.43,16.87,12,2,2
2026-05-11,STR013,19,12529.05,17.63,17,2,3
2025-12-01,STR023,7,5030.21,16.29,4,1,0
2025-11-24,STR029,22,7917.55,14.18,10,1,3
2026-02-13,STR018,15,5695.62,19.8,12,4,3
2025-08-30,STR028,16,16066.36,17.0,9,4,3
2025-10-19,STR003,11,5355.89,15.18,5,3,0
2026-01-12,STR010,7,2668.34,23.43,5,2,2
2025-06-20,STR018,15,7375.29,16.53,7,6,1
2026-05-29,STR006,21,16059.74,17.76,14,1,2
2025-08-02,STR004,15,7241.83,17.27,9,3,2
2026-02-25,STR028,12,8167.18,14.67,8,2,0
2026-05-16,STR018,15,8360.62,14.27,9,5,0
2025-11-05,STR012,9,3580.02,17.33,4,4,1
2025-09-02,STR001,14,10780.22,21.0,9,3,2
2026-01-19,STR016,18,12155.28,17.67,13,4,2
2025-07-24,STR011,15,7959.98,13.8,10,5,1
2026-01-09,STR030,11,4979.65,14.55,5,1,0
2026-05-26,STR010,10,2232.91,14.6,7,2,3
2025-06-07,STR010,18,10894.01,16.89,14,5,0
2025-10-12,STR026,11,4652.29,20.0,7,1,0
2025-11-19,STR002,15,7601.72,11.67,6,2,1
2025-07-31,STR013,10,2846.77,18.4,4,1,1
2025-09-24,STR002,11,4333.29,13.36,8,3,1
2026-04-08,STR007,13,4929.09,18.62,10,2,3
2025-10-08,STR003,14,9392.51,17.29,10,4,1
2025-11-10,STR020,16,4251.48,17.06,9,4,0
2026-03-22,STR016,16,9508.85,13.38,9,5,1
2025-12-25,STR019,15,5894.17,16.73,12,5,2
2026-05-10,STR029,11,8260.57,16.36,6,2,2
2025-08-18,STR018,18,9461.29,20.33,13,3,3
2026-04-08,STR021,13,4046.91,16.0,8,2,3
2026-02-23,STR023,10,5908.27,14.5,6,3,1
2026-03-13,STR027,14,5850.41,19.93,11,3,1
2026-02-15,STR025,20,7373.17,19.8,14,6,2
2026-02-14,STR017,16,7334.65,13.75,11,4,0
2026-05-26,STR019,11,6486.84,11.27,3,5,1
2025-08-11,STR002,6,4438.06,17.17,4,1,0
2026-04-11,STR015,11,4343.2,15.09,5,3,0
2026-03-04,STR009,16,7365.64,16.25,9,6,0
2026-04-13,STR008,9,2228.58,16.56,7,5,1
2025-11-22,STR028,12,5512.45,14.58,5,1,2
2025-09-09,STR017,18,9644.33,16.0,11,5,1
2025-12-08,STR021,17,6170.59,15.47,10,6,0
2026-01-15,STR026,8,2970.26,22.88,5,2,0
2025-11-30,STR024,17,7807.16,20.0,11,2,2
2026-03-10,STR005,15,8045.44,17.73,11,1,2
2026-03-13,STR021,9,5974.46,16.33,8,4,0
2026-05-26,STR008,19,7585.46,14.84,12,5,0
2025-11-12,STR029,6,1210.3,20.33,5,1,1
2026-02-20,STR030,14,8305.54,12.71,8,2,2
2025-07-28,STR019,22,11480.86,16.55,14,5,3
2026-04-25,STR007,13,5052.99,11.92,6,2,2
2025-07-26,STR019,11,4926.04,16.0,9,3,1
2025-10-02,STR004,16,6497.74,18.75,11,1,3
2025-09-20,STR010,13,5776.48,15.77,8,2,2
2026-02-18,STR010,10,7316.57,19.0,8,4,0
2026-03-13,STR010,21,12549.63,16.14,14,4,1
2025-12-10,STR014,10,5615.41,14.6,5,2,1
2026-03-05,STR005,22,7963.63,17.32,12,1,1
2026-02-06,STR012,12,5973.33,17.17,7,4,1
2025-06-23,STR016,12,8189.26,17.42,9,1,1
2026-04-09,STR010,10,3856.86,17.9,8,3,1
2026-05-26,STR025,12,8293.84,16.5,8,1,1
2025-12-12,STR012,14,4623.9,15.93,7,4,2
2026-02-20,STR006,14,7946.74,12.71,9,4,1
2025-12-02,STR024,7,1678.88,14.0,3,1,0
2026-02-03,STR017,17,8349.52,13.0,9,2,3
2026-02-21,STR021,13,8476.49,20.62,11,2,3
2026-05-24,STR026,12,3322.59,14.58,9,1,1
2025-09-17,STR006,13,10095.13,14.31,6,3,2
2025-12-30,STR020,16,8455.54,20.0,9,2,1
2026-05-10,STR006,18,7845.39,19.28,13,2,3
2025-06-22,STR025,11,6777.23,16.27,8,2,2
2025-12-19,STR029,12,8832.12,14.42,6,2,1
2026-02-23,STR012,13,8006.8,16.62,9,0,1
2026-01-12,STR024,12,5440.16,12.25,6,2,1
2026-02-01,STR017,11,4431.83,13.64,4,1,1
2026-04-04,STR022,9,5283.93,14.11,6,2,0
2026-05-18,STR026,11,5052.66,19.18,9,3,2
2025-07-11,STR029,16,13935.66,14.31,11,3,1
2025-10-23,STR029,13,7704.09,18.85,9,3,2
2025-11-09,STR004,16,10947.09,16.13,7,3,0
2025-07-02,STR029,16,6499.77,15.56,12,5,2
2025-06-29,STR005,18,9596.81,13.28,10,6,0
2026-02-21,STR017,16,10870.42,16.75,8,4,1
2025-10-13,STR019,10,6780.6,16.7,6,0,0
2026-01-28,STR002,18,10949.81,20.72,13,3,3
2025-07-18,STR021,12,4663.83,15.67,9,4,0
2025-08-25,STR014,21,9913.13,13.86,9,5,1
2026-02-06,STR018,16,4753.9,14.0,8,5,1
2025-12-08,STR016,14,8938.45,14.93,10,3,2
2025-07-04,STR027,16,7495.33,19.88,10,5,3
2026-05-01,STR011,16,9661.77,15.81,7,2,1
2025-10-01,STR010,22,9549.66,17.27,13,4,2
2025-10-20,STR017,15,7436.06,16.4,10,4,2
2025-11-18,STR018,9,6239.05,11.44,4,3,2
2025-09-05,STR014,9,4501.66,16.78,7,3,1
2025-09-27,STR009,11,7705.57,16.09,7,3,0
2026-01-13,STR029,13,5090.42,16.15,10,1,2
2025-11-20,STR026,8,3965.79,13.75,3,2,1
2026-03-16,STR016,11,4297.27,14.18,5,3,1
2026-02-22,STR012,16,9892.53,12.25,5,3,1
2025-08-31,STR024,15,11396.75,16.07,9,5,0
2026-02-25,STR010,14,6561.98,18.64,8,2,1
2026-05-27,STR020,15,8218.96,16.6,9,5,2
2026-06-03,STR027,10,4320.01,15.8,7,2,2
2025-09-27,STR029,12,8077.24,18.75,7,2,0
2025-10-04,STR002,17,6476.82,13.65,10,4,6
2025-12-20,STR017,17,11543.62,17.41,14,3,2
2025-09-20,STR016,12,4341.4,17.83,8,1,0
2025-07-23,STR027,9,4268.36,13.22,6,2,4
2025-12-31,STR020,14,8467.63,19.29,7,3,1
2026-03-05,STR017,16,6173.24,24.63,13,3,0
2026-02-25,STR024,15,6591.33,17.8,8,5,1
2025-06-13,STR027,13,8171.74,14.92,7,4,1
2026-01-14,STR027,21,9715.84,13.62,11,3,2
2025-06-30,STR024,12,5496.61,15.0,7,2,3
2025-12-19,STR030,15,8268.06,12.93,9,4,2
2026-05-10,STR028,14,10818.29,17.71,12,5,0
2026-05-17,STR021,9,4716.04,11.56,5,3,1
2026-02-13,STR005,13,6989.08,15.85,9,6,3
2025-06-12,STR002,12,4058.87,17.0,7,0,1
2026-03-16,STR020,8,3952.59,17.63,6,1,0
2026-03-28,STR004,16,10251.42,17.0,10,2,2
2025-11-16,STR017,7,5188.66,22.29,6,1,2
2025-07-26,STR029,13,6153.87,16.85,9,5,1
2025-11-29,STR003,16,5429.01,19.31,9,3,3
2026-03-20,STR028,8,2139.26,24.25,6,5,0
2026-02-09,STR005,17,6825.73,15.59,10,4,3
2026-04-28,STR010,16,7726.8,16.38,13,4,0
2025-11-25,STR025,5,861.66,11.0,1,1,1
2025-11-04,STR018,15,10160.02,14.27,9,2,1
2026-01-07,STR002,15,5681.65,18.6,8,2,1
2026-04-02,STR021,11,7624.37,14.91,6,1,2
2025-09-14,STR003,16,7671.78,15.5,9,4,1
2025-08-09,STR020,16,14614.91,14.44,6,6,2
2026-02-03,STR010,17,9709.12,18.65,12,2,0
2025-09-20,STR012,12,5602.14,19.25,10,3,1
2025-09-13,STR027,9,2719.54,16.67,7,0,1
2026-01-20,STR011,9,3247.22,17.0,5,2,1
2025-10-28,STR018,14,9748.86,19.36,10,1,1
2026-05-09,STR013,12,6877.06,18.92,9,2,0
2026-04-27,STR014,15,6672.96,16.47,8,4,0
2025-09-14,STR026,13,7139.82,13.38,7,2,1
2026-03-27,STR012,9,4299.4,18.0,6,1,2
2026-03-26,STR007,9,5085.86,17.33,4,3,0
2026-03-29,STR020,21,13203.93,16.76,11,2,1
2026-02-09,STR006,11,4285.88,13.64,5,2,1
2026-05-04,STR005,9,5176.6,18.56,5,0,1
2026-04-21,STR027,12,7108.45,19.67,8,3,2
2025-06-05,STR005,17,12195.74,17.29,12,3,3
2025-08-22,STR013,16,8158.35,15.81,11,6,1
2025-07-18,STR014,7,3418.06,12.43,2,3,1
2026-05-08,STR013,19,9149.19,17.84,11,3,2
2026-02-16,STR018,12,6575.73,15.92,8,2,2
2025-11-14,STR008,13,7864.28,17.0,8,3,3
2026-03-10,STR020,15,9712.32,19.4,13,5,1
2026-02-18,STR011,12,4275.47,17.5,10,3,0
2025-10-13,STR018,14,8384.7,13.71,7,0,1
2026-05-07,STR003,13,7172.37,18.15,10,3,3
2025-08-21,STR012,11,4012.63,13.64,6,3,2
2025-09-19,STR022,11,4967.77,17.55,6,1,0
2026-01-18,STR009,10,6976.81,11.5,1,4,0
2025-12-07,STR026,19,10721.29,17.58,13,3,1
2025-08-14,STR004,12,6468.68,16.92,9,3,2
2025-07-06,STR011,18,9040.16,17.56,14,3,2
2025-07-01,STR003,12,6207.38,15.0,9,4,0
2026-02-01,STR004,18,7783.97,12.44,8,4,2
2026-05-11,STR006,15,5581.57,16.73,10,2,2
2025-10-22,STR010,14,5405.0,17.29,9,5,0
2026-03-17,STR010,17,8207.04,19.06,14,1,1
2025-09-17,STR024,10,4264.54,19.6,5,2,2
2025-11-14,STR005,9,5257.1,16.89,4,3,0
2026-03-09,STR014,12,5151.75,17.75,5,1,1
2026-04-29,STR002,21,10802.14,19.33,14,2,2
2026-03-18,STR005,20,12280.85,16.8,11,4,1
2026-01-26,STR019,13,7008.16,22.46,9,3,2
2025-06-14,STR006,17,7832.51,16.88,10,4,2
2025-08-13,STR020,16,8272.38,16.13,10,5,2
2026-06-01,STR024,7,3904.46,18.57,6,2,0
2025-12-25,STR001,12,6029.61,23.83,11,1,1
2025-12-14,STR011,14,8848.55,15.79,7,4,3
2025-06-07,STR014,16,11375.12,15.88,10,5,2
2025-12-29,STR016,13,10275.31,18.85,9,3,3
2026-01-04,STR029,15,9694.36,12.4,8,3,2
2026-04-14,STR010,13,6038.27,23.0,10,0,1
2026-05-02,STR008,17,8286.64,16.12,10,1,4
2025-06-14,STR021,10,5324.19,14.2,6,4,2
2025-07-20,STR018,13,6997.71,19.08,9,0,1
2026-03-17,STR026,17,8990.03,17.82,12,5,4
2025-07-19,STR009,10,5132.53,12.0,3,4,2
2025-06-15,STR018,12,3973.13,15.58,5,2,2
2025-07-20,STR015,14,9418.09,18.14,8,6,0
2025-09-05,STR002,18,10984.76,15.89,9,3,2
2026-04-18,STR027,13,4789.61,14.15,5,1,1
2025-11-16,STR014,17,6388.31,14.65,10,2,3
2025-10-01,STR030,10,2315.43,19.2,8,5,2
2025-11-27,STR006,10,7379.92,14.5,6,5,3
2026-04-10,STR015,17,6843.01,15.0,10,0,1
2026-04-16,STR008,13,6385.35,15.46,7,2,1
2026-01-12,STR012,18,7276.74,16.89,13,2,2
2025-09-22,STR012,16,9841.29,20.19,13,5,0
2026-01-05,STR030,8,4789.82,18.0,5,2,0
2026-01-31,STR009,19,10474.61,13.89,11,4,2
2026-02-09,STR025,14,6877.47,16.86,9,0,2
2025-08-12,STR004,19,9677.07,22.84,16,3,0
2025-11-28,STR021,11,7939.72,23.82,8,4,3
2025-11-23,STR009,10,5978.63,16.3,6,3,3
2026-01-15,STR020,14,6704.07,14.0,9,3,1
2025-07-03,STR023,14,7777.71,14.64,11,6,2
2026-02-14,STR026,20,9623.87,16.5,10,5,1
2025-09-07,STR017,11,4486.61,18.91,8,1,1
2025-07-19,STR011,14,8715.59,18.64,9,3,0
2025-07-18,STR020,13,10224.03,15.46,8,3,1
2026-02-01,STR007,11,5065.62,13.09,6,1,0
2026-01-01,STR019,15,3227.01,16.47,7,1,2
2025-12-28,STR030,15,8585.53,20.27,7,4,0
2025-09-14,STR016,18,9802.88,16.33,10,3,1
2026-03-28,STR010,9,7056.21,19.67,6,2,0
2025-11-07,STR016,20,11877.28,19.35,16,8,1
2025-11-16,STR024,8,3988.02,15.38,6,3,0
2025-08-16,STR016,16,9114.21,13.31,7,1,1
2025-06-24,STR006,7,3400.53,20.43,4,1,1
2026-04-05,STR027,19,6863.27,15.16,14,3,1
2025-06-21,STR005,18,7871.01,17.17,9,3,1
2025-12-02,STR027,8,4238.3,19.38,4,1,0
2026-04-02,STR023,12,7107.62,15.75,5,3,0
2026-05-31,STR023,9,4025.04,13.11,4,3,1
2025-12-27,STR002,15,9027.25,13.6,9,6,2
2025-12-11,STR029,13,5712.47,15.85,10,3,1
2026-05-24,STR016,12,6482.2,14.33,7,3,1
2025-08-17,STR025,7,5595.22,20.0,7,2,1
2025-07-13,STR025,14,5622.9,14.36,7,4,1
2025-07-11,STR009,18,8114.54,16.33,8,4,0
2026-05-27,STR016,14,7265.01,23.64,12,5,4
2026-03-16,STR011,15,9997.3,14.47,8,2,2
2025-10-02,STR019,12,3444.68,22.0,9,3,3
2026-04-23,STR025,8,5760.06,21.75,5,2,2
2026-02-24,STR009,12,7535.32,20.33,6,1,4
2025-07-24,STR016,9,4311.36,20.22,8,1,0
2025-09-16,STR001,15,10440.62,15.6,7,3,1
2025-08-17,STR021,15,6329.87,11.67,7,2,2
2025-07-25,STR013,11,10315.97,17.91,6,2,1
2025-08-28,STR025,16,6268.28,19.69,13,4,2
2026-02-17,STR015,14,6383.72,16.64,7,2,0
2026-02-27,STR016,15,10217.92,19.67,11,2,2
2026-05-02,STR022,13,7650.03,13.69,6,0,1
2025-11-14,STR029,17,7066.65,17.53,11,4,3
2025-06-25,STR020,12,5580.65,17.0,8,3,3
2026-01-28,STR015,17,6957.59,16.18,13,4,2
2025-08-28,STR013,12,8067.16,17.0,8,1,1
2026-04-02,STR005,13,7752.71,15.46,7,2,0
2025-08-14,STR026,14,11326.7,16.86,10,2,2
2025-11-06,STR017,18,10815.79,21.39,11,8,3
2025-06-28,STR010,8,4016.67,18.75,5,2,0
2026-04-05,STR006,11,3432.41,12.36,6,4,1
2025-09-19,STR025,12,7668.24,22.17,9,2,0
2025-07-02,STR023,13,6363.77,20.46,9,2,2
2025-11-22,STR029,13,4654.93,14.38,8,4,1
2025-12-05,STR020,11,5502.88,11.18,3,2,2
2025-07-23,STR020,14,4617.51,13.0,9,3,0
2026-05-07,STR024,11,6601.51,16.55,5,2,0
2026-01-06,STR024,14,5183.74,15.0,9,2,2
2025-10-29,STR027,11,8320.23,18.82,9,3,0
2026-02-23,STR027,21,11376.17,16.1,12,4,0
2026-03-15,STR002,13,10478.64,16.31,7,3,2
2025-10-17,STR021,10,5044.34,21.3,7,1,1
2026-03-29,STR001,13,4326.74,17.31,7,2,1
2026-03-12,STR011,15,9951.24,14.0,9,3,2
2025-11-25,STR011,9,5139.38,12.78,6,1,1
2026-03-06,STR025,13,9613.28,18.85,8,1,2
2025-10-07,STR014,18,7901.38,13.17,8,3,2
2026-02-26,STR005,19,14144.27,15.47,13,5,2
2026-04-26,STR022,12,6540.02,15.33,5,5,0
2026-01-07,STR027,13,7433.68,17.15,9,6,2
2025-08-19,STR025,12,8062.52,17.75,11,4,2
2026-03-14,STR002,15,12072.73,15.47,8,4,1
2025-06-19,STR005,14,4014.93,19.36,10,2,0
2026-05-03,STR011,8,4200.5,19.25,7,1,5
2025-11-24,STR016,15,5464.97,14.93,9,5,4
2025-06-20,STR030,11,4600.72,17.0,8,2,0
2026-02-25,STR019,13,6931.9,14.54,6,3,0
2026-05-13,STR001,9,5919.34,17.22,6,2,0
2025-07-22,STR024,20,12761.71,15.5,11,4,3
2025-11-26,STR013,14,7864.66,15.64,11,3,2
2026-01-12,STR006,10,5436.72,21.2,7,3,1
2025-12-28,STR010,10,6003.13,11.2,3,1,0
2026-04-07,STR022,14,4462.21,14.86,8,4,2
2026-01-18,STR030,14,5943.08,22.5,12,6,1
2025-10-30,STR015,17,8956.91,14.24,10,4,2
2025-07-23,STR018,8,4931.57,15.13,4,1,2
2025-11-24,STR018,15,6720.53,15.6,9,3,3
2025-12-27,STR024,17,11650.41,16.41,11,1,0
2025-10-01,STR002,7,3358.21,15.57,4,0,1
2025-12-03,STR015,13,5992.13,13.54,6,2,3
2026-01-11,STR014,13,5229.39,21.46,10,3,1
2026-04-16,STR023,19,9595.47,18.16,12,5,3
2025-08-17,STR020,13,7872.33,15.38,11,2,1
2026-03-08,STR028,8,4814.39,19.5,6,3,0
2026-03-22,STR014,17,10786.42,16.47,11,5,1
2025-10-14,STR017,14,6641.3,20.07,11,5,2
2026-05-19,STR003,8,3261.29,20.5,5,0,1
2026-03-01,STR020,15,5795.68,15.13,10,3,1
2025-07-22,STR004,8,2426.66,12.38,4,0,0
2025-08-10,STR006,9,6629.66,15.44,7,1,2
2026-02-26,STR007,13,5389.3,10.85,5,2,0
2026-02-03,STR013,15,9692.58,16.93,8,3,0
2026-02-12,STR020,12,6088.64,17.42,7,1,1
2026-02-05,STR007,10,5657.61,11.2,3,3,1
2025-11-24,STR006,15,7788.02,18.27,9,1,3
2025-12-23,STR020,15,7650.02,15.47,10,1,1
2026-02-27,STR011,13,6891.82,16.31,9,1,0
2026-01-24,STR027,16,8029.93,14.88,11,7,0
2025-11-23,STR027,12,8429.0,16.92,7,2,0
2026-01-03,STR007,11,4490.49,14.27,6,2,2
2025-12-28,STR016,12,3798.89,14.92,6,3,2
2025-07-04,STR026,16,7725.49,18.75,12,3,2
2025-06-25,STR029,16,10290.26,20.81,10,4,2
2026-03-30,STR011,11,5659.94,12.82,6,1,0
2025-09-04,STR008,16,8528.62,15.13,9,4,3
2026-05-29,STR022,11,3265.7,15.09,6,2,3
2026-01-13,STR005,16,6314.66,17.75,9,4,4
2025-07-30,STR018,13,7614.9,12.38,5,3,3
2025-07-01,STR027,11,3028.39,19.0,6,1,1
2025-06-13,STR005,11,3346.57,14.36,7,4,0
2026-01-03,STR028,15,4521.6,16.27,11,2,3
2025-10-02,STR001,18,11703.39,18.06,11,4,5
2026-03-21,STR002,9,4261.61,17.67,5,5,0
2026-04-23,STR023,15,11636.79,22.33,13,3,1
2026-02-18,STR004,14,6777.32,16.64,7,2,1
2025-09-26,STR025,10,3859.51,14.7,4,1,2
2026-03-19,STR026,8,4197.14,18.5,5,1,0
2026-03-12,STR012,14,11800.88,18.29,10,4,2
2025-08-16,STR003,15,8503.49,17.67,9,4,1
2025-12-08,STR005,10,4247.63,13.6,5,1,1
2025-12-29,STR017,14,6985.89,13.43,6,3,1
2026-03-16,STR013,16,7125.55,22.19,13,3,1
2025-10-16,STR017,11,9126.93,12.82,4,2,1
2025-09-21,STR027,14,4600.47,19.0,9,3,2
2026-04-14,STR027,13,4660.79,14.69,9,1,2
2025-12-09,STR018,8,3988.28,14.88,4,3,2
2025-11-17,STR023,16,9133.44,16.75,10,3,2
2026-04-03,STR021,6,3560.59,18.17,3,0,1
2025-10-23,STR012,11,5987.06,16.82,7,0,1
2026-05-12,STR009,16,8759.89,14.88,10,1,3
2025-11-29,STR007,13,6709.27,14.23,7,1,3
2025-09-11,STR020,11,5124.49,19.0,9,5,2
2026-04-04,STR006,9,6129.54,16.67,5,1,1
2026-05-09,STR020,10,6210.13,20.1,6,4,0
2026-01-04,STR015,20,9493.99,15.8,12,5,2
2025-11-04,STR026,12,6628.61,18.92,9,2,1
2025-09-19,STR027,24,10006.37,14.88,15,4,1
2025-12-15,STR008,14,9465.48,15.86,9,5,6
2025-09-25,STR028,12,5774.64,17.42,8,1,1
2025-08-30,STR014,20,11142.48,16.7,13,3,2
2026-04-11,STR007,15,5301.04,14.0,8,5,0
2026-04-24,STR010,13,6431.7,15.62,6,4,1
2025-11-06,STR013,15,11584.84,14.6,8,1,3
2025-07-27,STR029,12,4554.94,12.5,5,3,1
2025-11-09,STR013,10,5571.87,18.1,8,5,1
2025-07-16,STR002,13,6889.22,16.54,9,2,1
2026-01-28,STR014,9,2985.61,14.78,5,1,1
2025-12-09,STR015,8,5515.28,8.88,0,1,0
2026-01-15,STR001,16,7441.92,15.25,8,4,2
2025-06-11,STR013,10,2172.97,16.2,4,0,0
2025-10-16,STR015,12,9121.67,16.33,5,4,1
2025-11-05,STR023,15,5581.79,17.07,8,3,0
2025-10-25,STR006,11,4580.56,17.36,8,2,2
2025-12-31,STR004,12,10227.31,18.83,8,3,0
2025-10-08,STR007,10,4954.43,13.8,6,3,0
2026-02-03,STR029,14,5492.95,14.43,8,1,1
2026-05-31,STR007,13,5833.8,15.23,8,2,1
2026-05-07,STR005,20,9368.75,15.6,14,2,2
2025-07-30,STR006,15,7198.3,17.67,7,1,1
2025-11-29,STR002,12,5710.29,14.25,7,3,4
2025-10-12,STR025,5,4234.81,15.8,3,0,0
2025-12-11,STR010,12,9265.12,17.58,11,3,1
2025-09-14,STR007,19,11010.66,13.63,11,3,0
2025-06-20,STR021,13,5272.35,15.92,8,3,1
2025-08-01,STR006,16,9194.31,20.0,14,2,3
2025-12-31,STR029,14,10088.03,16.36,8,2,0
2026-04-10,STR008,11,7833.56,16.64,8,3,1
2025-07-10,STR030,6,3985.12,21.17,6,1,0
2025-07-04,STR025,12,3119.73,14.42,8,5,0
2025-07-23,STR001,13,7114.78,14.54,9,2,0
2025-09-21,STR029,13,8228.18,15.46,8,4,4
2026-04-07,STR018,11,7692.4,17.45,7,2,2
2025-08-27,STR028,13,6731.06,20.92,10,1,4
2025-10-10,STR010,15,6741.3,20.4,12,2,2
2026-02-10,STR018,11,4072.87,16.36,6,3,0
2026-03-24,STR023,17,7989.47,19.88,13,2,1
2026-03-29,STR006,12,5435.99,15.08,8,2,0
2026-04-24,STR025,12,3739.65,15.5,7,1,1
2025-06-24,STR014,11,4046.26,16.45,6,3,1
2026-05-25,STR015,12,4048.08,20.17,10,2,3
2026-03-05,STR029,15,5783.4,13.73,7,5,1
2025-10-14,STR016,12,8060.8,14.17,6,1,1
2025-12-25,STR016,8,5867.45,16.38,4,2,0
2025-09-13,STR018,8,4978.42,24.5,7,1,3
2025-10-31,STR020,9,3829.4,15.78,6,2,1
2026-05-18,STR005,15,5921.07,15.8,8,1,2
2026-05-07,STR010,11,8764.84,19.27,9,3,1
2026-04-29,STR017,9,6420.26,22.78,6,4,0
2026-02-02,STR013,11,8604.8,15.27,6,0,1
2026-05-11,STR011,13,3995.78,15.31,5,4,0
2025-06-08,STR021,10,3327.44,10.3,2,0,1
2025-07-01,STR023,8,4503.44,11.38,4,2,0
2025-06-29,STR002,11,6654.72,17.55,7,6,2
2025-08-30,STR012,11,4922.34,22.82,9,1,0
2026-01-24,STR018,15,5212.8,14.07,6,2,1
2025-10-22,STR009,10,8560.81,16.5,5,1,0
2025-12-02,STR001,9,5062.27,14.0,5,1,0
2025-06-14,STR023,15,6481.54,11.47,7,4,1
2025-11-06,STR002,10,3499.08,12.5,5,2,0
2026-01-28,STR020,9,2441.07,17.89,6,4,1
2026-03-08,STR004,10,4938.81,17.9,7,4,1
2025-09-14,STR004,7,4294.08,16.14,4,2,1
2025-10-14,STR023,18,6753.83,19.22,14,4,3
2025-10-25,STR018,17,10185.87,16.41,11,4,1
2026-03-16,STR028,14,7198.33,17.21,9,4,3
2025-08-31,STR020,8,4556.02,12.63,3,3,1
2026-04-25,STR001,6,1662.75,18.17,4,1,1
2025-11-25,STR019,8,3786.16,21.25,6,2,0
2025-07-15,STR013,12,8850.25,17.58,6,3,2
2025-12-27,STR015,21,10721.41,16.33,15,4,2
2026-04-07,STR020,11,5449.7,20.09,8,7,2
2025-11-19,STR013,15,8351.83,16.0,10,3,1
2026-02-20,STR011,15,10267.21,15.6,11,2,2
2025-08-09,STR023,13,6564.05,20.62,6,4,4
2025-06-05,STR027,10,5444.63,14.2,4,1,0
2025-06-09,STR009,12,4770.13,13.92,7,5,0
2026-04-17,STR009,12,5453.18,18.83,10,2,4
2025-08-13,STR021,9,4351.12,13.56,6,1,0
2025-06-04,STR022,16,6982.92,18.38,12,2,3
2026-03-24,STR024,13,6119.08,13.85,9,3,0
2025-11-16,STR005,8,4627.69,10.13,1,1,1
2025-09-11,STR027,17,7919.11,22.24,14,6,2
2026-03-12,STR026,22,10234.24,16.23,13,3,2
2026-02-09,STR024,16,8076.22,16.94,10,2,4
2025-12-29,STR014,17,8826.78,17.12,11,2,5
2025-10-09,STR009,8,2413.4,16.0,6,0,1
2026-02-09,STR023,10,5105.27,18.4,6,1,0
2025-09-23,STR020,6,2269.74,11.83,2,0,0
2026-01-16,STR009,16,6288.56,14.69,12,2,2
2025-06-08,STR028,21,11571.77,15.19,9,1,3
2025-11-29,STR016,11,7414.93,14.09,4,2,3
2025-11-08,STR003,13,4850.6,17.85,10,1,0
2026-04-21,STR022,14,4565.44,19.64,8,5,0
2026-01-28,STR013,12,6282.03,14.33,8,3,0
2026-04-05,STR011,18,6402.37,13.28,8,1,3
2025-12-22,STR003,9,6411.34,17.0,5,3,0
2025-11-24,STR022,9,3712.2,12.22,5,1,1
2026-05-11,STR022,7,5320.87,17.0,5,3,0
2025-08-17,STR009,12,6895.0,21.08,8,4,1
2026-03-28,STR013,10,6736.87,14.2,7,2,2
2026-03-02,STR011,9,3389.23,19.78,7,3,0
2026-03-05,STR026,11,4667.91,20.64,9,4,1
2025-09-25,STR005,13,7527.64,17.0,11,6,2
2026-02-08,STR014,14,9076.82,18.07,10,1,3
2026-05-08,STR025,8,4393.79,15.0,5,2,1
2025-06-10,STR021,11,10035.09,19.27,8,2,1
2025-09-27,STR025,12,4839.18,18.75,9,4,2
2025-09-03,STR011,10,14810.8,18.3,7,2,0
2025-09-20,STR008,7,2428.88,23.86,6,1,0
2026-04-29,STR019,10,9289.12,18.1,4,2,0
2025-12-18,STR029,6,2904.24,22.17,3,1,0
2026-01-08,STR016,12,4221.3,14.5,6,1,0
2026-05-12,STR020,14,10329.93,19.29,10,4,0
2025-07-15,STR007,11,6274.82,15.0,6,4,2
2026-04-28,STR011,8,4467.87,14.13,5,1,1
2025-10-19,STR018,11,6982.27,15.82,6,3,1
2025-09-11,STR005,11,4191.03,10.82,3,1,4
2025-07-15,STR009,8,2572.75,22.25,7,0,0
2025-09-24,STR021,16,8307.32,16.94,8,8,1
2026-04-20,STR004,10,8209.12,12.1,5,2,1
2025-07-21,STR017,13,5136.48,20.54,11,1,0
2026-02-10,STR023,14,7392.89,16.21,9,2,1
2026-01-16,STR015,9,7691.79,21.56,7,5,0
2026-05-13,STR020,8,4721.87,14.63,6,2,1
2025-09-13,STR025,5,3616.32,16.6,3,1,0
2025-07-20,STR013,13,8200.31,19.08,9,2,1
2025-10-18,STR004,12,4554.06,18.83,9,3,0
2026-04-17,STR007,11,3113.85,16.09,7,4,3
2025-07-09,STR028,4,3531.13,17.75,2,0,0
2025-07-16,STR020,8,2362.47,21.25,6,2,1
2025-08-31,STR009,10,4352.71,11.8,6,2,1
2025-11-07,STR008,8,4702.42,12.38,4,3,3
2026-05-06,STR020,8,6122.88,19.0,5,0,1
2025-07-02,STR028,11,5920.94,17.09,4,1,0
2025-09-30,STR002,18,6647.62,15.39,12,4,0
2025-12-29,STR011,11,8139.77,20.82,8,3,0
2025-09-29,STR015,16,9557.07,15.38,10,4,1
2025-12-17,STR020,17,7825.8,18.24,13,3,1
2026-01-27,STR004,14,8181.85,16.79,9,4,0
2026-04-12,STR009,15,5080.54,17.53,9,3,5
2026-02-11,STR020,20,10125.42,18.1,12,2,2
2026-04-15,STR001,14,6339.62,15.5,8,2,1
2025-12-15,STR012,20,9721.11,18.7,16,8,1
2025-08-19,STR012,11,4847.22,13.0,5,1,1
2026-02-21,STR024,22,10534.36,15.68,15,6,1
2025-10-16,STR007,10,4575.83,15.2,7,1,0
2025-09-07,STR005,20,12589.36,17.0,12,4,2
2025-09-28,STR010,15,6372.32,20.67,10,1,1
2025-11-04,STR028,13,7219.87,15.08,9,3,2
2025-06-26,STR029,20,8170.61,15.6,11,4,3
2025-06-15,STR021,10,3894.01,22.9,7,2,1
2026-01-02,STR010,15,8328.64,18.47,10,1,2
2025-08-30,STR008,14,4800.64,14.21,11,5,1
2025-12-21,STR023,13,6120.94,21.08,12,3,1
2026-02-18,STR023,13,7615.74,17.69,9,1,1
2026-04-07,STR019,15,11962.4,13.87,10,2,3
2026-04-04,STR002,17,9323.13,19.76,14,2,2
2026-02-11,STR007,16,8429.09,15.06,10,3,2
2026-02-04,STR001,23,12600.48,16.78,15,3,2
2026-04-30,STR028,15,5169.7,16.0,10,2,0
2025-11-24,STR027,19,11733.43,15.68,12,2,2
2025-10-29,STR008,11,4330.6,20.27,9,1,0
2025-10-22,STR024,18,12983.73,16.39,11,3,1
2025-11-16,STR023,17,8936.35,14.47,11,3,0
2025-07-18,STR026,12,4084.07,14.08,8,2,1
2025-12-29,STR025,13,6220.22,17.31,9,1,2
2025-12-02,STR028,14,9003.41,15.21,10,0,1
2025-07-23,STR029,8,3042.3,22.5,6,3,2
2026-05-19,STR029,19,10018.0,19.63,14,3,2
2025-11-10,STR002,14,7363.74,21.71,10,6,1
2025-12-11,STR016,16,6263.23,12.69,9,2,3
2025-06-28,STR024,17,8105.19,18.35,12,3,2
2026-04-21,STR013,18,9385.11,14.22,12,3,2
2025-10-03,STR010,22,15006.19,17.91,16,5,5
2025-10-29,STR002,11,8902.84,19.55,6,3,1
2026-04-29,STR027,13,6359.02,13.77,6,2,1
2025-10-09,STR016,15,7982.31,13.93,7,3,1
2025-11-15,STR027,16,10041.05,16.75,9,2,3
2025-11-14,STR013,13,4746.26,15.77,7,2,0
2026-01-17,STR028,18,8346.75,17.78,12,2,1
2026-04-16,STR018,22,13467.59,15.86,14,4,3
2026-04-24,STR004,11,5383.82,16.27,8,3,0
2025-10-07,STR026,15,8340.97,14.13,10,3,2
2026-05-08,STR017,19,13545.14,15.42,10,4,3
2025-08-22,STR006,11,3822.5,18.27,6,3,1
2026-03-02,STR021,11,6551.55,10.45,3,4,1
2026-05-10,STR016,19,7891.79,20.79,14,1,1
2025-06-06,STR014,14,4452.69,13.29,9,5,1
2025-07-05,STR023,9,4049.22,18.56,5,1,0
2025-12-13,STR023,20,10536.41,15.0,11,1,2
2026-01-24,STR002,13,5097.12,17.92,9,1,1
2026-05-02,STR028,15,7228.86,16.53,9,6,0
2026-05-15,STR016,10,4851.71,19.2,9,1,0
2026-01-07,STR029,9,2654.62,18.11,7,2,3
2025-06-18,STR029,14,5017.28,14.93,6,4,1
2026-03-03,STR018,11,6658.03,19.45,8,1,1
2025-09-18,STR007,10,4643.64,19.4,6,0,1
2026-04-04,STR019,20,8205.52,17.85,17,4,1
2025-08-20,STR015,11,10198.96,15.36,5,2,2
2026-01-11,STR022,18,5952.33,16.61,12,4,1
2026-01-25,STR024,10,6348.51,18.2,8,3,2
2026-05-24,STR005,14,8003.59,15.29,8,5,1
2025-07-25,STR029,10,4327.6,15.7,7,3,2
2025-09-18,STR018,14,8338.59,18.43,11,3,1
2026-03-31,STR029,14,5848.09,17.29,11,3,0
2026-01-27,STR028,15,8366.72,17.87,11,5,3
2025-07-26,STR030,16,8182.07,15.25,9,5,5
2025-08-01,STR030,14,10139.84,15.36,9,1,2
2026-02-28,STR022,20,10591.32,13.85,13,3,2
2026-04-26,STR018,12,6672.39,14.17,6,1,3
2025-09-08,STR019,17,7740.92,16.65,11,4,0
2025-09-11,STR022,12,4346.22,13.42,5,4,0
2025-08-10,STR018,7,3868.57,11.71,3,2,1
2026-04-04,STR017,16,6900.44,17.69,11,5,1
2025-11-19,STR022,10,5444.93,15.6,7,4,0
2025-12-27,STR001,18,11337.55,15.11,10,5,2
2026-04-28,STR005,14,11386.11,16.71,9,2,2
2025-09-03,STR001,10,4483.99,16.3,8,1,1
2025-06-25,STR019,16,5635.93,18.19,11,4,2
2026-05-28,STR009,17,9655.75,13.88,10,2,3
2025-07-23,STR006,12,4823.32,18.17,9,5,1
2025-11-15,STR026,17,10364.61,22.29,11,4,2
2025-08-08,STR014,15,8219.2,18.33,10,1,2
2025-09-01,STR003,7,4168.36,22.0,6,1,1
2025-07-24,STR029,16,8492.19,19.44,12,1,1
2026-04-07,STR003,6,2887.59,20.0,6,3,1
2025-10-25,STR016,13,8268.72,14.15,7,2,3
2026-02-07,STR017,17,7518.26,15.71,8,3,1
2026-01-08,STR007,17,7769.61,17.59,9,4,1
2025-10-27,STR010,16,7416.49,14.06,11,7,3
2026-01-04,STR008,12,6171.95,16.5,7,3,1
2026-01-22,STR001,26,10978.69,17.58,16,4,2
2026-02-02,STR009,13,6755.84,13.08,8,4,2
2025-07-04,STR011,13,5359.54,14.31,6,3,3
2025-06-23,STR011,7,2054.93,15.86,3,0,2
2026-01-11,STR027,12,3784.7,16.92,8,3,1
2025-10-19,STR021,16,8491.05,15.69,7,1,1
2025-09-04,STR010,10,6361.37,17.9,8,1,1
2025-11-30,STR009,15,7985.99,19.33,11,4,0
2025-12-21,STR001,10,7124.81,13.9,8,2,1
2025-07-18,STR012,12,4513.52,13.67,5,1,3
2025-09-29,STR026,18,12654.04,17.06,9,2,1
2025-06-27,STR029,21,11260.8,12.52,10,2,2
2025-06-21,STR021,11,4750.81,15.91,6,5,0
2025-12-30,STR002,12,3239.91,14.5,8,3,0
2025-12-22,STR011,13,7839.09,17.38,9,1,1
2026-06-01,STR016,7,2427.14,18.57,6,0,3
2026-02-06,STR005,16,8252.03,21.13,12,4,2
2025-12-22,STR022,18,9801.54,15.44,10,5,2
2026-03-26,STR001,13,5615.05,21.46,10,3,4
2025-09-15,STR020,19,12119.85,17.79,9,3,3
2025-11-07,STR003,16,4761.91,15.75,8,3,1
2026-05-12,STR014,11,6429.94,15.64,8,2,0
2025-12-14,STR012,12,8056.52,20.08,9,4,0
2025-08-07,STR017,19,10411.84,17.0,14,1,1
2025-06-25,STR013,10,3777.01,18.1,9,1,2
2026-04-07,STR014,11,6507.7,14.0,5,4,1
2025-08-04,STR010,12,5601.48,15.25,7,1,3
2025-06-18,STR001,13,5583.28,17.31,7,0,1
2025-07-06,STR003,10,3841.91,16.0,7,2,1
2025-10-11,STR006,17,9429.97,16.41,11,2,1
2026-01-21,STR001,20,7778.18,16.75,13,7,1
2025-09-27,STR002,29,16018.43,13.24,14,8,3
2025-09-30,STR021,20,11263.78,18.2,14,6,3
2025-09-23,STR017,18,8645.87,15.11,14,5,2
2026-04-14,STR029,13,4456.16,13.85,7,2,0
2025-12-21,STR025,12,5904.17,19.58,10,1,1
2025-11-23,STR012,10,4326.9,22.6,8,3,3
2025-08-07,STR008,12,7541.85,15.33,8,3,0
2026-02-08,STR029,15,11472.84,16.87,7,4,1
2025-09-19,STR006,13,5587.06,19.69,10,2,2
2026-04-15,STR028,16,13884.08,16.25,11,6,1
2026-04-16,STR007,15,10060.77,17.8,13,4,2
2026-02-16,STR006,14,10187.79,16.57,7,8,3
2025-10-05,STR030,13,4232.39,15.31,9,2,0
2025-06-11,STR002,9,4261.45,19.11,7,2,0
2026-02-06,STR003,12,9535.49,15.83,7,1,3
2026-01-07,STR015,22,12016.28,11.95,11,4,2
2026-02-06,STR029,20,7505.64,15.65,9,6,1
2026-06-01,STR021,12,4855.29,21.58,9,2,2
2025-07-07,STR006,16,6016.8,14.88,9,4,2
2026-01-29,STR025,13,7730.57,17.23,10,3,2
2025-08-16,STR020,13,4631.76,18.85,10,0,1
2026-02-24,STR002,15,5745.28,18.93,10,2,1
2025-07-07,STR023,18,10509.94,16.17,10,3,0
2026-01-17,STR027,13,4934.72,18.54,11,5,0
2025-06-29,STR029,21,8881.77,16.52,15,3,2
2026-03-31,STR001,19,9932.82,19.11,13,2,2
2025-09-09,STR011,17,11233.28,14.18,11,4,1
2025-07-22,STR019,9,2732.3,17.22,6,2,0
2025-06-29,STR006,8,6082.69,13.5,5,3,1
2025-10-28,STR008,15,6486.03,15.2,9,4,0
2025-11-24,STR009,23,14118.65,14.83,15,10,2
2025-09-22,STR019,13,6441.83,15.46,9,2,1
2025-08-22,STR009,13,5712.32,14.54,9,3,0
2026-01-18,STR002,18,11519.18,19.72,12,3,0
2025-11-20,STR010,11,5190.85,17.82,6,6,2
2025-06-11,STR003,20,8158.51,18.85,15,2,1
2026-01-21,STR021,14,6205.15,14.43,10,2,1
2025-08-15,STR027,14,7382.54,18.57,10,1,1
2026-03-15,STR019,15,5533.96,15.33,9,3,0
2025-07-05,STR003,13,9080.42,18.85,13,1,3
2026-02-12,STR013,12,5602.97,13.58,6,2,1
2025-08-28,STR026,13,5634.93,18.77,10,3,0
2025-08-14,STR029,15,8273.47,15.4,10,4,1
2025-12-27,STR008,10,7639.31,17.9,7,2,1
2026-03-09,STR017,13,6704.84,16.62,9,2,0
2025-07-26,STR010,14,6953.22,15.71,12,4,1
2026-01-21,STR002,18,9887.88,21.78,14,2,1
2025-09-07,STR013,16,6258.25,14.75,12,3,2
2026-01-27,STR017,10,4447.98,13.1,5,1,0
2025-09-17,STR009,17,8273.15,17.18,11,7,3
2025-09-07,STR007,9,6262.05,13.89,4,0,1
2025-10-25,STR026,10,4407.89,17.1,5,1,0
2026-05-15,STR029,22,13039.33,15.14,15,3,3
2025-11-18,STR017,12,7453.52,10.92,5,1,1
2025-08-31,STR017,7,5714.53,16.29,5,1,1
2026-04-18,STR024,8,6646.86,14.25,3,1,0
2026-02-26,STR017,8,4598.85,16.63,5,1,1
2025-12-16,STR027,22,10597.73,16.0,12,5,2
2025-08-16,STR005,12,5076.0,20.17,8,1,2
2025-11-15,STR004,15,7804.04,11.47,7,4,1
2025-12-26,STR015,12,4518.22,18.33,9,4,1
2026-02-02,STR023,17,8558.79,15.65,9,3,1
2026-05-13,STR025,20,11651.4,16.7,10,3,2
2026-04-12,STR010,10,4013.19,14.3,6,2,2
2025-12-12,STR022,10,6046.43,14.4,6,2,0
2026-03-24,STR011,22,18248.6,14.32,12,4,1
2026-03-04,STR004,15,8867.82,13.0,8,5,0
2026-04-22,STR014,13,6037.22,14.0,7,1,3
2026-01-03,STR025,15,8300.4,13.6,5,3,0
2026-05-14,STR029,11,4264.52,16.09,9,1,1
2025-12-22,STR012,18,8522.78,18.22,12,2,3
2025-12-06,STR028,12,10522.87,14.92,7,1,0
2026-04-20,STR017,17,7097.02,17.47,13,9,2
2025-09-29,STR022,20,10779.55,15.7,14,3,2
2025-09-27,STR007,14,9384.6,13.43,7,5,1
2025-09-18,STR004,18,9555.34,18.39,11,5,1
2025-10-06,STR022,11,3545.66,19.45,9,1,1
2025-08-11,STR017,12,4380.4,19.92,11,1,0
2026-01-27,STR018,16,10213.67,16.63,8,4,1
2026-04-09,STR017,13,7377.64,22.54,11,2,0
2025-11-23,STR017,10,5952.77,19.7,7,1,2
2026-04-25,STR023,15,7284.48,17.67,12,4,1
2025-09-03,STR018,16,14060.75,12.94,9,4,1
2025-11-25,STR004,14,9379.83,13.5,6,4,0
2025-10-26,STR012,8,3313.19,13.0,5,0,2
2025-07-28,STR004,16,7262.07,19.5,11,5,5
2026-05-28,STR019,17,8931.25,13.24,9,3,2
2025-06-05,STR016,17,8310.86,17.53,10,3,1
2026-02-28,STR030,14,5230.18,15.71,9,6,2
2026-05-19,STR024,11,7587.8,17.09,9,2,1
2025-07-22,STR008,9,6465.89,11.67,4,3,0
2026-05-21,STR020,15,6901.34,14.6,11,3,1
2025-08-23,STR017,7,4012.19,14.71,3,4,0
2025-12-15,STR004,13,11304.47,15.23,7,1,2
2025-07-19,STR025,10,3790.07,17.6,7,3,0
2026-02-20,STR024,13,8647.06,17.69,9,3,1
2025-06-28,STR030,15,4659.6,13.13,7,5,1
2026-04-23,STR015,14,5112.27,16.21,10,2,1
2025-10-01,STR024,14,4353.86,11.43,6,4,2
2026-03-19,STR010,11,7965.71,13.36,6,2,0
2025-07-11,STR021,13,6158.15,16.23,9,4,0
2025-08-24,STR030,14,9872.37,15.86,8,4,0
2025-06-12,STR008,11,6362.79,17.27,5,3,2
2025-10-08,STR018,13,7389.87,17.77,8,4,1
2025-09-15,STR018,14,6004.0,18.57,11,3,0
2026-05-21,STR019,12,4845.12,17.0,7,1,2
2025-09-19,STR029,15,7140.5,18.47,7,3,2
2025-11-16,STR013,15,5019.71,15.07,11,3,0
2025-10-06,STR021,11,6715.37,16.45,7,1,1
2025-10-23,STR005,12,5429.74,16.75,11,4,2
2025-11-08,STR028,17,7041.2,18.12,14,6,4
2025-10-30,STR010,8,2124.65,21.25,5,1,1
2026-02-17,STR021,17,8398.53,19.53,10,0,2
2026-04-13,STR027,17,9902.78,19.59,14,4,3
2025-07-14,STR025,12,5523.3,15.58,5,2,1
2026-01-19,STR008,11,5663.8,13.91,7,2,0
2026-03-03,STR010,11,6562.52,15.91,5,1,0
2025-11-18,STR019,9,5341.6,18.22,8,2,1
2025-12-25,STR007,13,5908.52,11.46,5,1,2
2025-10-26,STR005,11,6374.07,16.91,9,4,0
2026-05-19,STR001,10,2832.45,11.2,5,1,1
2026-03-12,STR001,15,11024.24,20.33,10,2,0
2025-07-05,STR011,16,6877.04,21.5,11,4,1
2026-04-09,STR014,15,5911.66,22.13,10,2,2
2025-06-16,STR010,10,4335.7,13.3,5,4,0
2026-02-06,STR010,18,9024.62,17.06,14,2,0
2025-12-27,STR011,9,2478.46,13.11,4,3,0
2026-03-24,STR015,12,5553.2,15.58,6,4,3
2026-03-07,STR030,17,10252.32,15.76,11,5,1
2025-06-13,STR011,21,7570.07,14.43,12,6,3
2026-01-26,STR022,17,8615.5,14.59,12,5,0
2025-11-20,STR005,11,7978.92,15.55,6,2,2
2025-11-14,STR030,15,8474.51,20.93,12,1,1
2026-02-04,STR024,6,1120.56,10.0,2,0,1
2025-06-26,STR015,14,6208.6,17.71,8,5,2
2025-11-22,STR009,13,3687.22,16.38,8,4,3
2025-10-27,STR030,16,10617.68,19.13,8,2,1
2025-06-17,STR007,15,10177.52,17.8,11,1,3
2026-05-13,STR021,14,8792.42,14.5,7,2,2
2026-04-01,STR013,10,4932.87,14.3,5,3,2
2026-02-24,STR019,12,3963.76,22.0,9,0,0
2025-07-29,STR001,11,5797.9,21.45,8,2,0
2025-11-05,STR017,17,15807.94,18.65,9,3,3
2025-06-07,STR018,17,9734.3,15.06,8,4,1
2025-11-11,STR030,10,3894.85,19.1,6,0,0
2025-06-29,STR017,8,4663.55,12.88,4,4,0
2025-08-17,STR026,20,9180.47,15.3,15,6,1
2026-03-30,STR007,11,5874.4,18.36,6,2,0
2025-08-31,STR028,13,8493.45,13.08,8,3,0
2025-11-23,STR026,13,8460.75,12.69,4,5,5
2025-08-30,STR005,17,11704.86,13.94,9,3,3
2026-01-05,STR019,10,4054.9,13.8,7,3,0
2025-11-18,STR006,15,8467.44,16.73,8,3,0
2025-09-20,STR028,16,9854.21,21.81,11,2,0
2025-08-27,STR024,13,8969.32,17.69,9,7,1
2025-08-15,STR028,13,7633.7,17.46,9,4,2
2026-02-13,STR004,17,7899.7,18.76,13,2,1
2026-04-11,STR003,16,7671.45,16.69,11,3,0
2025-12-13,STR007,13,6595.01,15.69,9,2,1
2025-07-17,STR023,10,3083.01,16.0,6,0,2
2025-07-04,STR024,14,6030.35,15.07,5,0,1
2025-07-30,STR002,23,9314.08,17.61,14,4,3
2025-09-12,STR007,14,10265.9,14.93,9,3,0
2026-01-15,STR029,14,6079.19,14.79,10,2,2
2026-01-03,STR013,18,10573.64,16.83,10,4,0
2025-07-03,STR027,12,5957.57,12.0,6,2,1
2026-03-01,STR003,14,6573.08,13.64,8,4,1
2025-10-07,STR024,10,9291.72,14.0,6,0,2
2025-08-28,STR023,9,2598.13,10.78,4,3,2
2025-07-26,STR017,14,8159.99,13.71,8,4,1
2026-02-25,STR013,16,10167.62,12.63,9,5,4
2025-09-21,STR022,19,10031.36,18.42,13,3,2
2025-10-30,STR006,15,4928.96,17.93,12,3,1
2025-09-23,STR012,19,13366.45,14.47,13,6,2
2025-07-28,STR021,12,6272.22,14.75,8,1,1
2025-07-02,STR026,13,5469.43,15.54,9,2,1
2025-11-28,STR003,16,9170.36,18.19,11,7,1
2025-06-26,STR014,10,6731.71,20.7,7,1,2
2025-07-12,STR020,15,5530.28,13.2,6,1,2
2025-12-19,STR007,9,5369.1,12.22,5,2,1
2025-07-10,STR003,14,5501.58,21.5,9,7,2
2026-03-24,STR003,14,11014.96,14.21,9,3,2
2025-09-06,STR013,14,3907.52,16.07,9,2,2
2026-03-16,STR002,16,6381.58,15.63,11,4,0
2025-12-25,STR009,15,9358.99,20.93,10,3,1
2025-06-10,STR001,15,7245.74,18.73,12,3,3
2025-10-12,STR009,23,9971.39,14.78,15,6,2
2025-09-11,STR007,12,9384.75,19.25,7,2,2
2025-12-14,STR016,15,6206.17,21.6,11,1,1
2025-07-04,STR013,19,8967.68,11.16,5,3,6
2026-03-06,STR015,14,6447.35,17.0,10,1,2
2026-01-26,STR017,16,7196.56,15.25,9,5,1
2025-08-05,STR003,16,10376.83,17.69,8,2,4
2026-03-12,STR018,16,9602.32,14.44,7,3,1
2026-05-28,STR007,12,6487.29,18.0,10,2,1
2026-03-08,STR008,15,5853.28,14.47,9,4,1
2026-05-31,STR017,16,6734.54,19.63,13,5,3
2025-08-02,STR027,11,5655.37,16.73,7,4,1
2026-05-18,STR007,13,8079.06,19.77,9,3,1
2025-08-20,STR008,11,2661.81,17.09,6,2,2
2025-06-29,STR020,13,7543.95,20.0,8,2,4
2025-06-24,STR001,17,8582.73,14.94,8,7,1
2025-11-10,STR016,17,8007.67,17.0,11,4,1
2026-05-15,STR026,15,5986.78,19.4,9,2,3
2025-11-04,STR010,16,9280.76,14.38,9,5,2
2025-07-26,STR025,11,3414.57,14.0,8,1,0
2026-02-18,STR001,14,4003.65,18.29,10,4,3
2025-07-07,STR003,17,6247.54,18.18,12,2,2
2026-01-15,STR024,10,4175.94,12.2,4,2,1
2026-05-28,STR025,16,7060.49,16.63,7,3,3
2025-10-27,STR015,12,2809.02,13.5,5,3,1
2026-04-03,STR010,16,9500.91,13.88,8,2,3
2025-07-28,STR005,15,6774.51,16.2,9,6,0
2026-03-03,STR029,11,4417.44,17.0,9,3,1
2025-10-16,STR020,11,4827.7,14.73,7,1,0
2026-04-12,STR027,15,4928.62,16.27,10,2,0
2025-12-12,STR008,15,11785.55,19.53,10,4,4
2025-08-23,STR001,6,2740.04,25.17,5,1,1
2025-10-24,STR008,17,10582.04,15.94,14,3,4
2025-08-08,STR006,19,9964.11,16.53,13,3,0
2026-02-22,STR011,11,5815.88,19.64,7,1,0
2025-07-06,STR025,14,8288.75,15.07,8,2,1
2025-06-23,STR026,17,9078.85,15.12,12,3,2
2025-06-21,STR006,14,7869.76,16.71,9,3,0
2025-12-04,STR004,13,6227.74,18.85,11,4,1
2025-06-30,STR005,17,9047.43,19.47,13,0,3
2026-04-10,STR021,11,5326.64,13.0,7,0,0
2025-09-17,STR029,18,6239.93,18.11,13,1,0
2025-06-17,STR001,13,4625.44,15.15,9,2,1
2025-06-07,STR002,12,6205.39,14.08,5,1,4
2025-08-22,STR018,12,4099.46,15.67,5,1,1
2025-07-21,STR008,10,3708.32,12.7,6,1,1
2026-01-20,STR021,20,10951.34,21.35,17,2,3
2025-06-12,STR020,16,8824.5,18.0,11,2,1
2025-07-14,STR023,16,4479.76,16.25,10,5,1
2026-01-01,STR004,21,13212.15,14.81,12,3,3
2026-03-13,STR028,13,6246.71,13.62,5,2,1
2026-05-30,STR029,9,2828.76,11.44,4,3,1
2025-11-24,STR014,15,8696.75,12.53,8,4,3
2026-01-09,STR025,11,5186.05,19.45,10,3,2
2026-04-12,STR025,14,7051.36,13.93,7,3,1
2026-03-11,STR013,12,4506.56,18.67,8,3,1
2026-02-02,STR001,19,6260.0,18.53,10,2,2
2026-04-21,STR008,13,7943.65,21.62,7,4,2
2025-10-14,STR028,10,4745.29,17.2,7,1,3
2025-10-10,STR007,13,6883.52,19.92,8,1,3
2025-07-02,STR015,14,6075.62,13.93,10,1,1
2025-06-16,STR020,15,7407.29,14.07,10,2,2
2025-10-06,STR029,12,7643.99,15.75,8,1,1
2025-12-12,STR011,13,7153.61,17.77,8,4,1
2026-04-08,STR009,13,6318.88,16.62,8,2,1
2025-06-30,STR015,20,8059.02,18.1,12,1,1
2026-05-11,STR010,10,2894.51,13.5,5,2,1
2026-05-29,STR019,12,7287.39,21.33,10,4,0
2025-10-28,STR027,9,3060.63,13.22,3,0,2
2026-03-13,STR029,21,8272.07,16.81,14,6,4
2026-03-13,STR012,13,10532.61,16.15,6,3,1
2026-01-11,STR018,7,3692.07,18.29,7,0,1
2025-06-23,STR028,18,9632.53,16.44,11,3,3
2025-08-01,STR004,16,7543.51,17.25,12,0,2
2025-09-14,STR014,14,6813.37,16.29,8,2,1
2025-10-11,STR022,13,5020.69,18.85,9,2,1
2025-07-14,STR005,11,4925.52,20.82,6,2,1
2026-02-23,STR004,9,6670.71,16.67,4,1,2
2026-02-05,STR029,12,4273.86,18.08,8,2,1
2025-10-06,STR023,9,4997.81,18.33,6,3,0
2025-11-30,STR005,17,8897.86,16.18,10,1,1
2026-05-10,STR026,13,8195.52,14.31,6,4,2
2025-12-13,STR001,13,6224.69,14.23,7,3,1
2025-07-14,STR002,10,5492.69,11.2,4,3,1
2026-04-20,STR022,13,5845.43,13.31,8,2,1
2025-09-08,STR010,14,4298.19,18.64,11,3,0
2025-09-14,STR010,13,6514.48,15.92,7,3,0
2026-01-10,STR027,13,4094.68,13.46,6,4,1
2025-06-12,STR019,12,6956.84,17.17,7,2,3
2025-09-23,STR010,14,5648.28,19.79,10,2,2
2026-01-25,STR013,9,6791.8,23.44,9,1,1
2025-07-10,STR028,21,8251.38,16.48,15,4,1
2026-04-01,STR027,10,4821.59,14.3,4,2,1
2026-04-15,STR027,11,8273.86,19.09,7,3,0
2025-09-10,STR020,12,7835.24,18.33,8,2,3
2026-04-24,STR024,14,9491.5,12.86,5,2,1
2026-02-01,STR030,17,13316.49,18.53,12,3,3
2025-09-27,STR027,12,8900.03,21.0,11,2,1
2026-05-30,STR028,10,4817.63,18.9,7,4,0
2025-08-21,STR018,12,7468.59,19.83,8,1,0
2026-05-08,STR018,14,10821.74,14.43,5,5,2
2025-11-29,STR005,14,10294.39,17.43,7,5,3
2025-09-06,STR003,13,5261.7,14.38,6,5,1
2026-02-24,STR011,15,9174.57,19.33,11,3,1
2025-06-22,STR018,15,10047.05,21.93,12,4,2
2025-10-02,STR025,13,9875.52,13.92,6,4,2
2026-03-14,STR025,15,7887.06,14.07,9,3,1
2025-09-17,STR026,16,9309.31,15.38,10,3,2
2025-06-22,STR017,9,4586.17,15.89,7,3,1
2026-02-04,STR018,16,7809.83,15.94,12,3,1
2025-08-24,STR004,24,12612.51,16.0,13,6,2
2026-02-15,STR024,14,9747.74,21.57,8,1,2
2025-07-04,STR003,12,7793.59,14.17,7,2,3
2025-11-06,STR018,19,8493.26,14.84,10,5,3
2025-12-17,STR012,16,12285.91,14.25,11,3,6
2025-10-24,STR016,19,12407.73,14.68,10,6,1
2026-01-31,STR010,19,12140.53,16.32,8,5,1
2025-11-17,STR022,10,5084.87,13.2,7,1,0
2026-05-27,STR010,10,5545.94,17.9,7,4,2
2026-03-29,STR018,15,7293.94,19.27,11,3,1
2025-07-10,STR023,8,1709.18,18.75,5,1,2
2025-07-27,STR030,17,7590.54,21.0,13,2,1
2026-01-06,STR026,16,6061.02,18.06,9,7,2
2025-09-27,STR026,16,9405.67,17.19,12,4,1
2025-08-02,STR024,13,8304.86,21.23,12,4,1
2026-06-02,STR007,14,6935.74,22.07,11,3,0
2025-09-25,STR015,15,4961.94,15.87,10,3,2
2025-08-31,STR016,17,11775.54,14.59,9,3,4
2026-04-09,STR019,13,7054.19,15.77,9,2,3
2026-01-17,STR015,17,9734.89,12.82,9,1,1
2026-02-21,STR015,10,4109.29,15.6,6,1,2
2025-08-09,STR003,12,6656.45,15.83,6,3,2
2025-08-16,STR026,12,7349.49,22.08,7,3,1
2026-03-12,STR006,16,12396.75,23.31,13,2,0
2025-10-04,STR030,15,11562.77,19.13,10,4,1
2026-01-16,STR003,13,8524.22,19.31,9,4,0
2026-01-19,STR001,13,8299.47,16.0,7,4,0
2026-04-22,STR017,16,7048.84,18.75,12,2,1
2026-01-09,STR012,15,7263.59,19.93,11,2,1
2025-10-23,STR002,13,4693.25,16.54,7,0,4
2025-07-25,STR028,12,8173.62,14.58,6,1,1
2026-01-18,STR003,12,5461.5,17.5,8,2,0
2026-04-12,STR007,14,6568.05,16.07,7,4,0
2025-07-22,STR027,13,8418.63,18.0,12,5,2
2025-09-18,STR012,14,5237.57,14.86,6,4,0
2025-11-03,STR027,12,9184.57,15.08,8,2,0
2025-09-25,STR010,18,6905.06,18.94,12,4,2
2026-04-25,STR026,10,5040.19,12.8,5,2,2
2026-05-23,STR022,21,16345.59,17.95,15,4,3
2025-11-13,STR005,15,6868.2,19.2,8,3,0
2025-07-27,STR003,15,10087.12,14.33,11,5,4
2026-05-08,STR007,13,7440.81,11.77,6,2,3
2026-03-14,STR012,13,6774.92,17.54,10,2,1
2025-08-04,STR007,15,3452.46,22.87,13,4,0
2026-05-12,STR010,11,6380.89,16.73,7,2,2
2025-12-03,STR023,15,7876.52,14.27,11,6,1
2025-06-15,STR009,23,9740.19,15.0,13,4,1
2026-01-21,STR003,10,6043.16,25.7,9,3,1
2025-06-28,STR017,10,5362.44,15.2,6,1,1
2026-04-09,STR001,10,6411.11,19.1,6,3,3
2026-01-30,STR003,15,11472.76,15.53,10,3,2
2026-05-08,STR021,16,12572.77,13.44,6,6,2
2026-01-15,STR008,11,4222.02,17.0,8,1,0
2025-07-30,STR029,12,6471.32,15.33,4,1,4
2026-05-23,STR017,11,5275.51,13.09,5,1,2
2026-03-12,STR005,12,9480.76,19.42,8,2,2
2026-01-15,STR012,13,5961.94,15.92,6,2,2
2025-08-07,STR013,10,5801.25,17.5,8,2,2
2026-05-23,STR004,14,8690.32,14.14,7,0,2
2026-03-04,STR026,12,5081.41,18.83,7,4,1
2025-06-18,STR016,12,3752.24,19.83,9,5,1
2025-08-02,STR009,14,12612.99,15.86,8,3,1
2026-03-02,STR016,3,1456.48,14.67,2,0,1
2026-02-11,STR017,15,6175.65,14.2,8,2,2
2025-08-29,STR005,7,5548.88,20.0,5,0,0
2025-12-08,STR026,16,6262.66,16.0,8,2,1
2026-03-07,STR006,16,11646.48,17.88,13,1,1
2026-01-13,STR020,15,7828.68,22.07,12,3,1
2025-07-03,STR026,12,5015.53,18.0,10,1,0
2025-11-20,STR022,13,5280.77,16.46,9,6,2
2026-05-20,STR006,11,3743.34,15.73,9,3,0
2025-12-24,STR028,16,10942.22,14.94,9,2,2
2026-04-11,STR028,10,3548.12,18.0,9,3,1
2026-02-24,STR005,10,4860.37,16.2,7,1,0
2025-08-19,STR018,12,5970.09,15.83,9,2,0
2025-06-14,STR015,11,3104.53,23.55,10,4,2
2025-10-02,STR010,15,6983.47,16.13,10,4,2
2025-09-19,STR018,8,3711.61,17.25,6,2,2
2026-04-04,STR009,16,9170.32,19.56,13,3,5
2025-09-24,STR016,15,9565.46,14.0,11,3,2
2025-08-09,STR029,16,8250.24,12.44,10,3,0
2025-12-23,STR018,23,10692.54,18.61,16,4,3
2026-05-08,STR015,12,6913.43,21.33,10,2,0
2026-03-04,STR025,11,4560.79,14.91,6,0,1
2025-07-21,STR014,11,5142.07,18.09,7,0,0
2025-06-21,STR001,12,5602.22,18.58,9,5,0
2025-11-18,STR026,4,1605.63,10.75,1,2,0
2025-06-27,STR017,13,10529.02,18.77,6,3,1
2025-10-24,STR017,14,7754.36,17.93,9,1,2
2025-11-09,STR005,14,7344.06,17.86,10,6,0
2026-03-22,STR009,8,3817.75,12.25,4,1,2
2026-03-06,STR027,14,6438.48,15.29,9,3,2
2026-05-04,STR024,9,2537.6,15.56,6,1,1
2025-12-12,STR002,6,3760.8,12.5,3,0,0
2025-12-30,STR021,9,5385.45,12.78,5,2,0
2026-01-24,STR013,15,8295.19,20.47,12,2,3
2025-12-18,STR006,17,6896.92,17.24,10,0,1
2025-09-16,STR011,12,8423.21,18.33,10,7,1
2025-11-20,STR018,14,8270.12,18.71,13,4,1
2026-05-27,STR014,14,10325.54,13.64,9,3,0
2025-09-16,STR005,11,5844.96,14.36,8,3,2
2025-07-22,STR001,10,8846.95,17.8,6,2,2
2026-04-27,STR010,10,5410.54,12.9,7,3,0
2026-02-13,STR025,14,6589.63,17.79,10,2,2
2025-06-30,STR027,15,5556.08,14.73,6,3,2
2026-02-19,STR010,21,14321.26,14.67,11,1,5
2025-11-25,STR017,20,12084.55,14.65,13,5,3
2025-12-03,STR020,14,5564.71,20.29,11,1,1
2025-10-09,STR020,16,6600.53,15.44,12,6,2
2026-01-16,STR010,17,8073.0,16.29,9,2,2
2026-04-03,STR019,15,6777.49,20.93,9,2,1
2025-07-08,STR003,10,6014.72,15.7,8,1,2
2026-06-02,STR030,14,4848.44,16.64,10,1,1
2025-09-27,STR013,16,14168.56,17.13,12,3,4
2025-11-21,STR026,11,7483.51,16.91,5,3,3
2026-05-28,STR022,6,3655.05,13.17,4,1,0
2025-12-31,STR028,12,7712.53,18.75,8,3,1
2026-01-23,STR024,12,4616.67,17.0,6,1,1
2025-06-30,STR003,12,7392.25,13.08,5,4,1
2026-01-25,STR021,16,8272.16,18.63,11,1,2
2025-08-10,STR020,10,5278.02,13.3,4,2,0
2025-09-15,STR019,12,5319.92,11.17,4,3,2
2026-05-06,STR008,11,5275.66,17.91,6,3,0
2026-05-12,STR018,11,9067.81,16.36,6,2,1
2025-08-31,STR002,13,6791.36,12.77,4,2,1
2025-09-02,STR017,11,4595.67,13.18,7,1,2
2026-04-22,STR020,13,7386.53,16.31,10,1,1
2025-09-28,STR025,10,4146.77,18.2,6,4,2
2025-06-17,STR024,18,9027.94,13.33,11,6,2
2025-09-10,STR018,9,5978.88,20.56,8,3,1
2026-01-01,STR018,9,5279.26,17.22,5,1,3
2025-11-12,STR014,10,3773.72,16.1,5,3,0
2025-08-08,STR019,14,7421.37,20.29,10,5,1
2025-11-11,STR020,13,7317.32,17.08,7,2,3
2026-03-26,STR023,16,8719.69,17.19,9,3,2
2026-05-13,STR016,13,8047.76,18.31,8,2,0
2025-08-27,STR021,13,4896.38,13.85,9,1,1
2025-12-17,STR008,16,5737.87,15.56,9,3,2
2026-05-14,STR005,15,6586.93,12.6,7,2,0
2025-08-06,STR025,15,6758.58,17.07,10,4,2
2025-12-12,STR017,10,2294.65,14.1,6,2,0
2026-03-25,STR003,13,3811.89,18.0,9,2,2
2026-03-01,STR015,15,5100.94,13.93,6,5,3
2025-06-30,STR010,5,1781.88,23.2,5,4,0
2026-04-18,STR007,20,12502.34,15.85,12,4,2
2025-10-09,STR028,13,5122.43,13.23,8,0,0
2026-03-30,STR027,8,8196.12,13.88,4,1,1
2025-09-10,STR007,16,10927.81,19.25,11,2,2
2026-01-21,STR006,17,8760.98,14.24,9,3,2
2025-12-01,STR004,14,4504.42,14.07,6,2,2
2025-08-08,STR012,17,8540.33,14.71,11,7,3
2025-09-02,STR026,16,11483.8,19.19,12,4,1
2026-01-08,STR017,11,5330.76,18.82,8,3,1
2025-07-10,STR018,10,5973.86,21.0,7,4,2
2026-05-25,STR005,18,13629.16,16.39,11,2,2
2026-05-09,STR026,16,6654.36,16.13,14,5,0
2025-09-25,STR022,9,4153.49,13.11,4,1,1
2026-03-23,STR015,6,2880.88,15.0,3,3,2
2025-08-26,STR015,11,6777.02,16.55,5,1,2
2026-02-07,STR006,11,4525.95,11.45,5,2,0
2026-03-29,STR029,16,5642.81,18.19,10,2,0
2026-04-26,STR010,14,5006.27,17.07,9,1,2
2026-04-07,STR023,15,10348.94,15.6,10,4,1
2026-05-02,STR009,11,10548.19,9.27,1,5,1
2025-06-08,STR008,10,5333.08,13.7,5,1,1
2026-02-22,STR015,14,7443.32,16.14,7,0,1
2026-01-17,STR017,7,1455.37,16.43,6,3,2
2025-12-18,STR018,11,7227.34,11.0,4,4,1
2026-01-26,STR026,19,7392.65,15.32,11,6,3
2025-06-23,STR008,10,3109.92,15.9,8,1,1
2026-03-03,STR024,9,3483.68,22.11,8,2,0
2026-04-12,STR001,7,6513.47,16.86,5,3,0
2026-02-24,STR023,10,6033.95,16.0,7,3,1
2026-02-04,STR017,13,5632.24,22.62,8,2,0
2025-11-27,STR016,18,10055.97,15.39,10,3,2
2025-10-25,STR008,18,8537.21,17.44,15,2,1
2026-01-02,STR009,9,3711.64,16.67,7,0,0
2025-09-01,STR028,11,5085.06,11.64,5,3,0
2025-12-30,STR005,8,1961.02,22.0,6,1,1
2026-02-01,STR023,10,7391.25,22.1,8,1,0
2026-02-13,STR009,9,3803.27,16.33,9,3,0
2026-04-21,STR006,10,2819.0,16.6,6,2,1
2025-06-09,STR024,13,8289.11,18.85,8,2,1
2025-10-13,STR023,10,9099.62,12.7,4,0,2
2025-10-30,STR025,12,5585.89,13.75,5,1,2
2025-07-24,STR003,9,7523.73,18.89,6,5,1
2025-11-30,STR013,11,6342.47,17.09,6,1,2
2025-08-18,STR019,10,4651.07,17.8,8,2,1
2025-07-30,STR009,14,7897.01,19.64,10,1,2
2025-07-19,STR008,15,7703.94,16.87,10,2,1
2026-04-15,STR023,10,3285.49,18.1,7,2,0
2025-06-21,STR012,14,6827.4,14.71,8,1,2
2025-10-17,STR007,15,9358.54,18.8,10,5,1
2026-04-20,STR003,10,2107.55,14.3,5,2,1
2026-04-25,STR009,4,2552.56,18.0,2,1,1
2026-04-04,STR029,11,6561.3,13.73,7,2,1
2025-06-20,STR015,10,2972.94,18.8,6,5,0
2026-05-13,STR029,15,4253.36,18.33,11,3,2
2025-08-25,STR006,8,5109.58,17.13,7,1,1
2026-05-09,STR015,11,5501.13,15.55,8,2,3
2026-04-30,STR027,7,2376.8,15.57,4,0,0
2026-01-12,STR003,8,3150.46,13.63,2,3,2
2025-10-23,STR004,9,5309.82,15.33,8,2,1
2026-01-05,STR016,11,4125.75,13.91,5,0,1
2026-02-19,STR030,9,5044.83,17.33,7,4,0
2025-11-10,STR015,5,1023.44,14.0,2,0,0
2026-01-20,STR005,13,5396.48,16.69,8,3,1
2025-11-04,STR027,13,5596.58,13.46,5,4,0
2026-03-11,STR017,9,2456.03,18.67,4,4,1
2025-12-07,STR021,18,10554.16,13.11,8,1,2
2026-02-23,STR013,14,5376.55,17.0,7,6,4
2025-07-27,STR018,8,2076.39,17.5,6,0,1
2025-11-28,STR014,5,2771.45,23.4,5,0,1
2025-11-30,STR014,7,3978.4,16.29,4,3,0
2025-06-20,STR014,15,6540.71,12.27,5,1,2
2025-08-26,STR001,10,5211.97,14.3,6,3,3
2026-05-14,STR007,13,10691.99,21.08,11,2,1
2026-03-05,STR024,15,9044.03,21.4,11,2,2
2025-08-28,STR018,8,8107.3,23.0,7,1,0
2025-11-07,STR006,11,7154.82,17.91,8,3,0
2025-10-16,STR013,14,10915.22,18.57,8,3,1
2026-01-08,STR006,10,6535.41,18.5,8,4,0
2026-01-07,STR004,10,5226.17,18.3,6,2,0
2025-11-16,STR029,5,1963.95,16.6,2,0,1
2026-04-27,STR025,10,6941.47,20.4,7,4,2
2026-02-11,STR030,11,6714.94,16.09,6,1,3
2025-06-08,STR014,9,8428.05,12.67,5,0,1
2025-12-07,STR005,8,2591.29,17.25,6,0,1
2025-09-11,STR028,9,7604.01,16.56,7,0,1
2026-03-15,STR005,13,4175.84,19.23,9,2,0
2025-12-10,STR007,10,4446.82,26.1,9,1,1
2026-03-11,STR008,5,3180.62,16.2,2,0,0
2025-07-25,STR021,12,8939.55,21.25,9,3,1
2025-09-02,STR024,9,2704.34,16.56,6,1,0
2025-07-27,STR021,10,8140.89,18.3,6,3,0
2025-11-30,STR003,14,9052.73,16.71,9,5,0
2025-06-24,STR028,12,4208.31,12.83,6,1,2
2026-05-25,STR010,6,2697.01,13.0,4,3,0
2025-11-07,STR025,7,4265.94,11.71,3,3,0
2025-08-23,STR029,10,6855.8,13.1,5,5,0
2026-03-06,STR030,13,6023.16,16.54,9,2,0
2025-12-22,STR026,10,4641.26,17.7,5,3,1
2025-10-28,STR012,10,5724.54,19.1,8,3,3
2026-03-29,STR016,6,5256.46,11.83,2,3,0
2026-05-22,STR013,10,9153.25,23.8,8,1,2
2026-05-20,STR013,10,6010.83,21.7,7,2,0
2025-12-07,STR007,3,893.62,13.0,1,0,1
2026-05-06,STR026,16,6237.5,20.5,11,3,1
2026-05-21,STR016,10,3945.08,14.8,6,3,3
2026-05-02,STR011,12,6212.71,16.58,7,4,0
2026-04-17,STR008,9,6669.59,15.44,7,3,1
2025-09-05,STR019,21,8947.23,16.48,10,2,3
2026-02-12,STR010,13,9681.5,18.46,10,3,3
2025-07-31,STR029,20,10469.43,13.8,11,2,2
2025-10-17,STR024,14,8902.99,19.79,8,0,2
2026-01-27,STR024,15,4814.23,15.4,8,5,2
2025-11-03,STR012,19,10619.75,13.26,10,3,3
2026-01-06,STR017,11,4947.52,15.27,6,4,0
2025-07-30,STR001,12,6800.62,17.33,9,4,1
2025-07-13,STR016,19,11502.82,16.68,16,4,2
2026-03-27,STR029,9,7086.41,13.89,4,3,0
2025-11-07,STR026,12,6843.54,25.25,10,1,0
2025-10-22,STR019,17,8807.8,18.82,13,4,3
2025-07-20,STR029,13,5802.72,13.77,8,2,2
2025-07-08,STR005,10,6104.85,17.4,8,5,0
2025-10-25,STR025,12,4875.07,18.33,11,1,1
2026-03-01,STR012,17,8432.94,20.35,12,1,4
2026-05-26,STR017,11,7108.32,22.45,8,2,1
2026-02-08,STR012,14,3924.65,17.14,12,6,1
2025-11-01,STR014,15,7956.69,16.13,9,5,1
2025-06-26,STR009,6,1795.02,19.33,4,1,1
2025-10-25,STR010,22,14973.95,15.14,15,2,1
2025-07-24,STR026,10,4879.91,10.9,4,2,1
2025-11-02,STR023,19,11601.38,16.47,11,7,4
2025-07-03,STR029,13,5062.29,19.69,10,2,2
2025-12-20,STR015,14,8790.68,15.0,6,2,0
2026-01-17,STR014,17,9610.34,14.35,7,6,1
2026-01-12,STR021,9,2858.26,18.56,6,3,1
2026-05-28,STR013,11,3198.04,19.0,8,0,3
2026-06-01,STR027,10,4296.94,12.9,6,1,1
2026-03-04,STR007,7,2852.87,14.71,5,0,0
2026-03-07,STR016,12,4544.49,14.58,7,2,0
2025-06-27,STR019,16,8542.99,13.38,10,2,0
2025-09-21,STR014,13,6658.74,22.0,8,0,2
2026-04-13,STR021,16,5239.66,18.0,9,3,1
2025-09-23,STR016,9,4303.97,13.78,6,3,0
2026-04-06,STR008,17,7589.3,20.29,10,6,5
2025-08-25,STR020,14,3593.17,17.07,9,3,3
2025-09-07,STR019,15,6033.88,15.13,7,4,1
2026-02-25,STR016,14,5205.32,15.21,9,3,1
2026-03-12,STR029,11,9453.36,13.18,6,3,2
2025-10-14,STR020,8,6502.28,13.75,5,0,1
2026-01-02,STR007,12,7195.58,18.33,9,3,1
2026-03-10,STR015,18,12855.86,15.11,13,2,1
2026-04-11,STR019,11,3975.69,13.09,4,1,2
2026-02-19,STR027,24,13608.95,14.38,15,9,4
2026-01-09,STR026,12,6211.97,13.33,6,2,1
2025-12-26,STR016,18,6974.24,14.28,11,3,0
2025-12-19,STR010,11,3915.0,13.82,7,2,0
2025-07-04,STR010,15,7452.7,18.0,9,3,3
2025-07-11,STR024,15,9554.1,14.93,6,4,3
2025-10-21,STR010,6,3340.64,16.17,5,0,0
2026-04-11,STR011,14,8740.89,17.79,10,3,1
2025-08-04,STR003,6,1987.54,13.83,4,1,0
2026-06-01,STR004,14,8839.58,19.5,10,3,1
2026-02-27,STR010,13,8768.43,16.77,8,2,1
2025-10-16,STR018,11,3308.28,20.82,8,3,1
2026-05-14,STR030,21,12999.09,13.14,12,4,0
2026-03-31,STR023,12,2328.3,17.33,8,4,0
2025-06-23,STR021,10,3115.14,16.0,6,2,1
2025-07-15,STR016,17,9983.41,16.29,10,4,1
2025-11-23,STR002,16,10364.63,16.88,8,3,0
2026-03-18,STR019,14,5665.86,16.14,7,5,0
2026-05-14,STR008,12,4905.01,17.33,6,2,1
2025-11-14,STR019,14,9138.18,20.43,10,7,2
2025-12-22,STR006,15,9808.95,19.53,9,5,2
2025-09-05,STR008,16,12412.97,20.88,11,2,0
2025-06-25,STR015,15,6680.96,15.47,11,2,2
2026-04-24,STR021,7,6111.27,22.0,7,2,1
2026-01-11,STR023,21,9784.44,16.0,12,4,2
2026-04-11,STR022,10,6709.76,13.9,6,2,1
2025-10-31,STR014,12,3941.14,19.83,11,3,2
2026-02-27,STR028,11,3488.47,14.82,7,2,1
2026-05-18,STR030,14,7581.64,10.93,3,1,0
2025-12-04,STR015,15,6625.63,18.47,11,2,1
2026-01-24,STR016,16,7403.9,14.88,6,4,3
2025-09-08,STR022,5,3615.3,23.2,4,2,0
2026-05-02,STR019,16,4970.32,16.81,11,2,1
2026-02-02,STR017,9,4082.38,17.56,5,1,0
2025-10-28,STR026,12,6069.55,16.5,9,4,1
2025-06-30,STR017,13,6627.32,14.54,8,4,0
2026-02-04,STR028,9,6989.97,15.78,6,2,1
2026-02-24,STR012,8,2132.48,16.13,4,3,1
2025-08-16,STR008,18,9816.25,17.0,13,1,1
2026-01-08,STR019,15,7693.71,16.93,8,4,0
2026-03-17,STR012,13,8200.15,16.92,10,2,1
2025-08-24,STR025,7,2970.59,19.0,4,1,1
2025-07-23,STR013,16,9612.46,15.63,11,6,1
2025-06-21,STR017,16,9926.03,16.63,11,7,2
2025-12-05,STR003,15,8131.22,13.87,6,1,1
2025-07-18,STR013,13,8791.51,14.15,8,3,3
2026-01-07,STR008,18,11253.64,17.06,15,6,0
2026-02-15,STR017,15,4317.37,16.6,8,2,3
2026-02-19,STR006,14,8785.83,12.64,7,2,2
2025-11-07,STR017,9,3702.4,14.22,5,2,2
2025-12-17,STR017,12,5847.78,17.0,5,4,0
2026-05-13,STR008,12,5143.85,16.58,8,1,0
2025-12-01,STR019,18,9505.13,15.44,10,5,2
2025-08-17,STR019,8,2582.8,13.63,3,0,0
2025-09-26,STR010,13,13593.34,21.54,9,3,2
2025-08-06,STR022,22,14901.5,17.68,14,4,0
2025-08-26,STR009,11,5086.05,13.73,4,2,4
2025-07-30,STR007,14,2955.84,17.0,7,4,1
2025-11-19,STR011,12,4080.26,14.0,7,2,2
2025-12-05,STR016,17,10947.71,17.76,9,4,4
2026-03-11,STR018,15,9183.5,17.53,9,3,3
2025-06-05,STR010,18,5154.34,18.11,12,6,2
2026-01-28,STR029,4,1694.3,25.25,3,2,0
2025-10-10,STR003,12,4397.2,19.33,10,2,1
2026-03-22,STR021,15,9697.91,14.87,9,5,1
2026-03-10,STR010,16,8205.56,19.69,12,1,1
2026-01-19,STR014,11,8137.56,19.36,5,1,2
2025-11-29,STR010,21,12459.6,14.33,14,1,3
2025-12-18,STR015,15,6993.66,12.13,7,4,1
2026-04-10,STR017,17,9205.18,17.71,13,6,1
2025-09-26,STR008,19,11765.8,16.84,11,3,0
2026-04-10,STR003,16,4800.37,15.88,8,5,1
2026-05-22,STR002,15,8817.72,19.13,12,4,2
2026-03-06,STR018,15,6707.14,15.33,9,1,3
2026-03-27,STR026,12,8297.28,23.67,10,2,0
2026-01-20,STR025,13,3757.44,11.54,6,0,1
2025-06-03,STR005,11,6796.45,20.18,6,5,0
2025-09-08,STR024,13,5112.95,14.69,7,0,0
2025-07-13,STR001,15,8390.55,16.67,13,4,3
2025-11-20,STR006,18,8667.79,17.89,11,2,1
2026-02-20,STR007,13,3392.81,20.69,12,3,2
2025-12-31,STR025,7,5224.31,15.57,6,2,1
2026-01-30,STR017,14,7599.34,15.86,10,3,1
2026-02-08,STR019,15,9099.87,11.47,5,2,0
2025-09-01,STR013,18,8925.3,13.94,11,3,2
2025-06-16,STR018,19,12328.9,14.26,13,2,1
2025-07-27,STR019,14,5330.86,19.29,9,2,1
2025-06-04,STR018,14,8919.9,16.5,12,4,1
2026-04-16,STR006,12,5988.58,18.08,8,2,1
2026-04-28,STR016,20,8348.33,15.1,12,5,3
2025-11-11,STR029,22,11595.14,14.77,14,4,2
2025-08-28,STR020,20,10148.12,16.2,13,3,2
2026-05-02,STR012,16,10801.54,16.81,12,6,2
2025-08-20,STR028,11,2228.6,19.73,9,3,1
2025-11-17,STR004,18,6056.74,15.22,10,6,3
2026-01-08,STR024,14,5961.13,18.79,10,3,1
2026-02-14,STR002,19,9700.62,15.11,13,5,2
2026-05-01,STR002,12,9312.88,24.42,10,1,2
2025-10-29,STR030,17,10042.44,15.65,8,6,2
2025-08-25,STR008,12,7284.63,13.75,6,2,2
2026-03-19,STR005,14,8805.75,15.86,9,4,1
2026-04-02,STR020,19,13602.84,18.37,14,4,3
2025-08-22,STR012,14,6060.0,14.79,11,2,0
2025-11-05,STR003,16,8832.86,18.0,12,2,4
2026-02-21,STR011,17,7493.19,14.0,7,6,1
2025-11-02,STR013,14,7200.02,16.36,8,5,1
2026-03-25,STR005,20,13667.61,18.2,12,4,1
2026-05-21,STR011,9,3103.97,18.22,7,3,1
2026-01-04,STR018,10,5413.58,22.5,8,1,1
2025-08-10,STR010,14,11439.45,17.21,11,1,1
2026-01-18,STR011,15,7383.97,15.53,10,4,1
2025-12-05,STR011,19,8473.67,15.11,12,5,2
2025-08-22,STR016,9,2111.84,12.78,4,1,0
2026-05-17,STR030,8,2964.7,20.13,6,2,0
2025-07-26,STR008,14,5639.88,22.57,9,3,3
2026-04-19,STR029,14,5664.83,15.93,10,2,4
2025-07-26,STR026,18,8314.45,14.61,9,3,2
2025-08-27,STR003,12,7257.64,14.67,7,4,2
2026-01-16,STR014,17,7886.03,18.24,12,1,0
2026-04-23,STR030,10,3637.82,15.7,5,2,2
2025-12-19,STR012,10,4792.7,13.1,7,4,0
2025-06-25,STR010,21,11501.22,18.05,15,7,3
2025-11-30,STR001,20,9275.17,16.9,9,3,3
2025-06-06,STR028,17,8267.69,21.41,13,2,2
2025-06-27,STR014,18,8598.94,14.17,13,4,0
2026-02-25,STR015,14,7398.94,28.29,14,4,3
2025-09-04,STR026,13,4564.8,11.85,5,2,3
2025-09-11,STR024,17,8027.22,20.71,13,5,1
2026-02-06,STR011,15,6889.74,14.6,9,6,3
2025-07-02,STR011,19,10745.47,16.58,13,1,2
2025-08-13,STR011,18,8267.88,16.17,15,3,1
2026-02-09,STR003,14,5001.64,16.43,10,4,3
2026-04-19,STR021,15,7229.04,15.4,8,6,1
2025-10-17,STR029,13,3856.51,11.62,5,2,1
2026-01-05,STR022,15,9246.62,13.67,7,4,4
2026-02-02,STR022,15,7633.44,16.8,11,5,1
2026-05-07,STR027,9,3255.45,14.0,7,1,0
2025-12-10,STR015,11,4229.21,20.45,8,4,3
2026-04-09,STR006,14,9488.69,15.29,9,3,2
2025-08-26,STR008,22,11134.57,17.73,15,3,1
2025-08-10,STR012,17,9084.12,12.71,8,2,0
2026-02-27,STR023,14,9159.38,20.14,11,2,1
2025-12-04,STR025,15,9237.02,15.4,11,1,0
2026-04-15,STR004,9,3200.18,12.44,3,3,1
2025-10-31,STR030,8,5714.39,12.25,3,3,1
2025-10-10,STR013,15,6734.1,15.27,9,2,0
2025-10-25,STR024,15,5864.77,17.07,12,4,2
2025-11-02,STR029,13,4264.08,21.62,11,3,1
2025-12-13,STR011,13,5192.99,14.85,8,4,2
2026-01-19,STR002,19,12670.2,14.26,11,3,1
2026-01-03,STR010,16,6887.5,15.94,7,1,1
2025-07-22,STR012,15,8843.96,17.67,12,4,0
2026-05-25,STR016,7,2831.2,16.43,6,0,0
2025-12-22,STR018,13,6590.38,14.62,6,2,4
2026-03-06,STR029,11,6482.84,12.18,5,1,0
2026-01-27,STR003,11,3668.94,19.0,9,4,0
2026-04-15,STR018,12,3769.46,15.0,5,1,1
2026-05-03,STR027,8,3833.94,14.5,3,3,1
2026-01-22,STR011,17,8423.22,15.29,12,5,2
2026-05-15,STR018,10,3786.88,17.2,6,3,1
2026-01-04,STR002,11,4643.65,15.82,7,5,2
2026-05-18,STR008,11,5090.17,15.82,9,3,1
2025-09-15,STR023,19,8388.17,16.16,11,3,1
2026-01-26,STR020,12,7549.25,13.92,9,1,3
2025-09-22,STR014,23,13077.12,16.74,15,2,1
2025-07-09,STR015,17,6465.82,16.59,13,3,2
2026-02-28,STR023,16,9733.07,14.88,9,2,1
2026-01-17,STR008,15,6320.33,17.53,10,4,2
2025-09-01,STR006,21,10821.91,16.62,15,4,1
2025-12-09,STR007,12,4155.82,13.75,6,2,0
2026-05-22,STR012,11,2332.86,21.09,9,4,3
2025-12-21,STR010,17,10194.64,19.29,14,6,1
2025-12-14,STR026,15,7963.76,15.0,7,2,1
2026-01-16,STR005,14,4048.89,14.86,9,3,1
2025-12-17,STR024,16,7598.97,19.13,11,5,1
2026-03-17,STR025,17,7052.94,14.94,5,4,3
2025-08-29,STR003,19,6175.73,15.37,10,4,2
2026-04-26,STR005,16,7801.7,15.69,7,3,1
2025-11-17,STR030,16,9756.86,15.0,10,3,2
2025-08-30,STR013,14,6870.54,17.57,8,2,4
2026-04-27,STR021,23,8160.09,20.0,19,5,3
2025-09-20,STR009,14,7598.34,18.07,8,2,1
2025-06-11,STR029,16,8075.31,13.94,9,5,1
2026-04-29,STR018,16,6891.23,20.88,12,4,2
2025-08-28,STR027,8,2963.05,15.13,6,2,1
2025-07-27,STR007,9,4980.63,12.89,6,2,0
2026-04-06,STR021,9,3227.32,14.56,4,3,1
2026-01-10,STR024,15,6490.89,19.33,11,3,1
2026-05-08,STR001,17,7560.49,16.59,10,2,2
2026-01-20,STR001,12,4357.67,17.67,10,2,3
2026-04-25,STR025,13,6330.46,19.0,9,4,0
2025-08-04,STR028,15,5278.42,23.33,13,2,1
2026-04-10,STR001,12,5788.17,17.17,6,2,1
2026-02-07,STR029,15,12033.65,12.8,7,1,2
2026-01-19,STR003,14,6130.84,16.0,10,2,3
2026-03-21,STR013,21,14504.32,17.33,14,4,4
2026-01-15,STR003,13,4072.09,13.77,6,7,1
2025-07-20,STR006,12,5319.32,16.0,8,1,1
2025-11-04,STR025,14,10765.15,14.71,4,1,0
2026-02-07,STR014,11,4016.29,17.45,6,2,1
2025-08-26,STR002,13,8735.81,16.62,8,2,0
2026-05-27,STR029,22,8380.95,16.0,12,3,0
2026-05-22,STR023,13,5195.15,14.46,9,1,0
2025-07-23,STR015,12,7248.09,22.25,9,1,1
2025-06-03,STR010,15,11014.24,14.27,8,0,0
2026-04-05,STR001,14,8652.49,18.14,9,0,2
2025-11-21,STR006,10,8163.24,13.8,5,2,0
2025-06-14,STR004,10,5997.63,13.6,6,5,0
2026-03-09,STR021,13,5061.69,18.62,11,3,0
2025-06-18,STR002,10,2657.8,17.3,6,3,2
2025-12-27,STR009,13,7268.31,13.0,6,4,3
2025-08-09,STR025,15,4929.07,16.2,8,2,2
2026-01-14,STR009,15,6950.15,11.93,6,3,2
2025-10-23,STR006,20,9808.33,13.8,10,7,2
2025-10-14,STR027,15,7680.98,18.0,12,3,2
2025-11-27,STR029,12,4174.88,18.25,9,0,1
2025-09-28,STR020,17,5798.54,16.06,11,2,0
2026-01-08,STR023,19,13041.7,20.05,14,5,2
2026-05-30,STR014,10,7056.26,13.8,6,2,0
2025-08-20,STR007,10,5614.49,13.8,5,1,2
2025-07-03,STR009,15,7814.18,17.6,9,3,2
2026-04-17,STR029,14,5104.5,16.57,8,4,2
2025-07-14,STR027,16,9121.38,16.44,10,3,3
2025-07-20,STR028,14,8016.31,17.36,8,0,0
2026-03-19,STR013,17,9942.1,16.29,12,5,0
2025-08-07,STR006,24,9839.94,17.71,13,4,5
2026-04-05,STR005,14,7096.77,14.36,7,4,1
2026-02-12,STR019,12,8316.67,15.67,6,4,1
2025-08-26,STR025,14,5923.6,18.71,12,1,1
2025-10-18,STR029,10,3448.12,15.0,5,2,0
2025-10-02,STR023,10,4932.5,17.2,7,2,1
2026-04-15,STR025,10,4016.47,13.7,6,2,1
2025-07-17,STR016,14,5387.33,17.21,10,3,3
2026-05-20,STR002,10,4835.0,20.1,8,3,2
2025-10-28,STR020,14,6165.23,17.14,8,5,2
2025-09-10,STR025,5,2601.29,19.6,2,2,1
2026-02-27,STR017,14,12373.31,14.14,7,3,2
2025-07-28,STR010,10,3357.52,14.0,6,1,0
2025-11-25,STR005,17,8878.63,15.82,10,3,1
2026-06-02,STR026,16,6867.74,15.06,8,3,0
2025-10-17,STR001,16,8684.7,18.06,13,3,2
2026-03-23,STR016,11,6576.18,11.82,6,0,0
2026-03-23,STR012,12,5039.24,13.67,8,3,1
2026-02-09,STR013,9,5301.57,14.78,7,4,0
2026-03-21,STR014,15,9574.97,16.07,10,3,2
2026-06-03,STR001,20,9189.25,16.5,12,5,2
2025-09-21,STR007,15,9541.58,13.4,9,3,3
2026-05-30,STR020,16,5137.52,14.44,11,3,1
2026-02-10,STR007,13,9506.44,12.0,5,4,0
2025-09-07,STR002,16,6949.94,17.19,10,5,3
2025-08-01,STR025,18,9231.06,14.89,10,9,1
2025-12-27,STR012,12,8403.96,15.08,8,2,1
2026-04-05,STR008,13,7576.88,14.0,8,1,2
2026-05-20,STR027,17,6144.91,19.88,12,2,2
2026-04-05,STR017,16,7725.24,13.75,7,2,4
2026-05-21,STR003,17,10796.45,13.06,8,1,1
2025-10-03,STR018,12,3775.9,14.25,6,2,1
2025-07-08,STR014,15,5460.81,17.93,7,4,1
2026-01-08,STR003,16,6696.56,18.31,12,1,2
2025-09-21,STR003,9,2915.13,18.44,9,1,1
2025-09-03,STR023,18,7930.53,16.22,13,1,1
2025-12-31,STR024,10,7076.19,14.8,4,2,1
2025-08-05,STR004,18,8316.29,15.67,10,4,3
2026-02-01,STR008,11,5136.09,22.0,9,1,1
2025-07-09,STR021,15,7217.83,14.13,7,2,1
2026-01-08,STR008,11,4787.88,20.27,10,3,0
2026-05-19,STR023,14,4572.77,16.29,8,4,1
2026-04-19,STR007,12,4633.65,15.92,9,2,1
2025-11-24,STR020,9,4067.88,16.22,5,1,1
2026-01-08,STR012,11,5401.82,15.27,6,2,1
2025-12-24,STR008,12,5038.91,19.25,7,2,2
2025-08-12,STR005,12,9330.76,19.67,9,2,1
2025-10-05,STR013,11,5106.57,21.0,8,3,0
2025-12-19,STR008,15,6025.1,20.33,11,3,2
2026-05-23,STR016,16,5203.79,14.56,11,4,2
2025-06-10,STR026,13,7631.94,18.77,7,4,1
2026-05-06,STR003,15,12036.2,17.67,12,4,0
2025-10-02,STR009,9,4296.13,17.22,4,1,2
2026-03-17,STR014,15,7668.59,15.6,7,4,1
2025-08-08,STR001,9,3990.67,16.89,6,2,1
2025-08-07,STR021,10,9946.0,17.5,8,1,0
2025-09-07,STR009,10,3999.07,22.8,9,1,1
2026-05-01,STR021,14,7909.22,17.29,10,3,1
2025-12-27,STR027,15,9002.57,17.13,9,4,1
2026-01-17,STR007,12,6767.38,13.92,8,3,0
2025-06-03,STR019,13,5544.36,14.62,10,2,0
2026-05-19,STR011,11,10621.75,16.91,7,2,1
2026-04-25,STR010,13,5068.48,14.54,6,4,2
2026-05-29,STR007,7,5026.61,17.86,5,4,0
2025-06-11,STR018,12,5483.33,11.67,7,8,1
2025-06-29,STR008,9,3373.31,16.78,4,0,1
2025-10-08,STR008,12,6778.25,11.25,5,3,0
2026-03-21,STR029,13,8753.84,13.38,8,4,3
2026-01-19,STR012,16,5100.18,15.19,9,4,1
2026-01-05,STR001,15,6923.97,13.87,7,3,1
2026-01-05,STR008,11,6954.01,12.91,5,2,0
2026-02-27,STR012,14,6436.96,16.79,10,4,0
2026-01-13,STR008,13,4464.52,22.62,11,3,0
2026-05-20,STR012,12,7321.11,16.17,6,3,1
2025-11-09,STR028,12,6318.02,18.58,9,5,1
2025-12-21,STR016,15,7080.22,14.53,11,1,2
2026-05-03,STR015,19,13420.99,13.11,11,1,2
2026-02-16,STR017,15,7814.09,15.13,9,3,1
2025-07-17,STR014,15,9068.63,16.33,8,4,2
2025-08-31,STR004,16,4891.25,17.88,12,6,3
2026-01-20,STR016,13,9104.23,17.69,8,1,1
2025-12-19,STR014,17,8883.46,15.88,9,5,2
2025-09-09,STR009,15,7230.71,18.33,12,3,2
2026-04-16,STR015,14,6386.94,14.5,7,3,2
2025-11-22,STR017,16,13651.77,17.88,10,4,1
2026-01-31,STR026,15,8582.06,16.27,9,3,1
2025-07-28,STR001,9,5415.84,13.11,7,1,0
2026-03-28,STR018,20,11333.48,17.15,14,3,2
2025-07-07,STR027,8,3448.72,14.63,4,3,0
2025-08-13,STR024,13,8072.52,16.0,7,2,0
2025-11-23,STR001,15,8582.59,20.27,13,3,1
2025-12-25,STR024,19,11723.59,16.42,12,3,0
2025-08-15,STR005,17,7228.19,16.82,13,2,2
2026-01-19,STR022,10,5343.18,17.6,4,2,2
2026-03-10,STR006,19,7753.14,17.84,15,2,1
2025-09-12,STR005,11,5136.73,17.91,10,4,2
2025-11-04,STR009,19,11250.92,16.32,11,2,3
2025-07-08,STR022,14,10027.83,17.5,9,2,0
2025-11-11,STR008,12,4737.44,13.83,5,3,1
2025-09-18,STR029,8,4462.4,17.63,7,3,0
2026-01-06,STR027,20,13755.92,17.15,13,3,0
2025-06-13,STR002,13,10444.33,14.77,7,4,0
2026-03-29,STR024,15,9028.73,20.13,10,3,1
2025-11-12,STR015,10,5998.66,12.4,5,3,2
2026-05-14,STR018,13,4428.8,12.77,5,7,2
2025-11-19,STR001,13,5562.27,16.92,8,0,3
2026-01-24,STR017,13,7997.68,18.46,9,3,1
2025-07-18,STR019,12,9044.91,18.42,7,4,1
2025-08-23,STR023,11,5101.23,16.45,8,2,0
2025-09-02,STR015,21,10283.63,16.0,13,2,0
2026-03-29,STR019,11,4213.38,16.18,8,6,2
2025-11-12,STR028,10,4878.5,15.4,5,0,2
2025-11-30,STR025,13,4488.69,16.23,7,3,1
2025-12-25,STR014,19,10545.52,13.58,13,1,4
2025-10-25,STR030,6,2544.57,19.17,6,1,0
2025-09-17,STR008,17,7986.34,14.76,10,5,1
2025-12-20,STR007,13,8978.1,16.62,9,2,0
2026-03-21,STR022,15,5552.3,22.93,14,5,2
2025-12-18,STR003,16,7634.52,22.44,11,5,0
2025-09-09,STR014,13,4193.32,15.62,9,2,1
2025-07-13,STR012,17,11542.1,14.18,7,1,1
2026-01-23,STR012,15,8395.49,17.2,12,3,0
2026-03-08,STR024,18,7273.95,16.17,11,0,0
2025-09-20,STR017,9,5576.23,16.0,6,3,0
2025-12-15,STR019,13,6767.4,14.62,6,3,1
2025-10-14,STR024,9,5042.65,15.89,6,2,1
2025-07-14,STR017,13,4367.43,13.46,7,2,0
2025-10-16,STR030,15,8692.0,16.47,8,3,1
2026-02-03,STR018,18,11223.47,12.89,9,1,2
2025-09-06,STR023,20,8153.72,17.1,13,4,2
2026-04-08,STR012,12,6870.34,21.58,8,1,0
2026-03-24,STR001,11,4730.79,13.18,4,3,1
2026-04-10,STR005,9,3760.97,13.0,6,1,0
2026-01-14,STR011,18,8360.62,14.89,11,5,1
2026-01-07,STR025,8,5399.86,14.25,6,2,0
2026-05-16,STR009,10,6204.64,12.6,3,3,0
2026-03-13,STR005,14,6141.77,17.36,8,4,3
2025-11-15,STR022,11,6349.51,13.82,7,1,1
2025-07-23,STR012,17,8854.3,15.29,9,6,1
2025-07-07,STR008,13,6207.78,16.23,11,3,4
2025-11-26,STR004,10,3604.5,17.9,8,1,2
2025-06-12,STR015,16,7960.49,20.13,12,2,1
2025-10-24,STR025,12,6123.0,20.08,9,5,2
2026-03-06,STR016,13,6284.2,15.46,10,5,0
2026-01-21,STR015,14,7562.73,15.0,11,2,2
2026-04-09,STR016,14,7349.81,20.93,9,5,1
2025-09-21,STR015,15,9208.81,17.73,11,4,2
2025-12-22,STR017,15,8534.95,19.2,10,3,0
2025-06-29,STR014,14,7142.24,18.79,10,3,0
2025-09-28,STR016,10,6935.81,19.2,7,4,0
2025-08-07,STR026,16,7712.76,14.63,8,4,2
2025-11-19,STR007,8,6634.9,13.5,3,3,1
2026-05-09,STR028,12,6643.19,15.17,5,0,0
2026-06-02,STR006,12,8282.21,15.83,7,5,1
2026-04-24,STR028,14,7725.95,20.0,10,2,0
2025-08-19,STR020,13,4942.38,20.46,13,5,1
2025-06-30,STR006,15,9435.89,14.4,9,3,1
2026-02-13,STR010,22,10367.01,14.77,14,2,2
2025-06-23,STR009,10,4541.12,13.6,6,2,3
2025-11-28,STR009,12,8411.87,16.42,7,1,0
2025-09-15,STR016,14,6250.56,13.36,9,1,0
2025-09-06,STR016,10,3996.34,15.3,7,0,0
2025-11-02,STR025,12,7954.29,16.08,7,4,1
2025-07-03,STR016,17,5824.56,11.65,6,3,1
2025-10-10,STR001,18,10195.01,17.44,11,5,0
2026-03-09,STR023,17,10564.25,16.53,12,4,5
2026-04-11,STR027,12,9717.05,22.5,9,3,0
2025-06-10,STR024,12,7612.14,14.42,6,0,1
2026-03-01,STR025,14,5670.93,16.21,10,3,3
2025-11-22,STR016,18,4624.37,14.39,11,8,3
2025-09-07,STR012,9,4054.04,18.0,7,3,1
2026-01-12,STR029,16,3894.3,14.25,8,2,2
2025-11-14,STR016,17,13260.47,13.76,10,6,1
2025-08-07,STR019,13,11019.24,16.69,9,3,0
2025-11-29,STR017,19,9028.25,16.11,11,5,4
2025-06-27,STR010,13,5334.89,21.31,8,3,1
2025-07-01,STR017,12,3888.53,19.83,8,3,0
2026-04-21,STR012,9,2654.99,16.56,7,3,1
2026-05-13,STR028,18,11968.4,12.78,9,6,1
2025-11-29,STR001,16,11102.58,19.19,11,3,2
2025-07-29,STR013,10,8932.54,14.5,6,4,0
2025-10-29,STR014,17,5836.27,15.76,10,6,1
2025-10-08,STR028,12,7171.36,15.67,9,4,1
2025-07-27,STR008,14,8603.0,12.93,8,3,1
2026-04-21,STR009,11,4547.12,20.64,10,2,1
2026-05-21,STR018,13,5184.08,19.0,11,3,1
2026-05-30,STR023,9,4306.49,19.11,5,2,0
2025-06-08,STR005,14,9977.96,11.86,4,5,1
2025-09-27,STR023,11,4113.23,24.18,7,1,1
2025-11-01,STR004,14,6145.46,23.29,12,6,1
2025-10-12,STR028,13,9040.17,17.85,9,2,0
2025-08-05,STR022,17,5443.73,14.29,10,3,1
2026-03-31,STR014,14,6042.21,16.64,8,3,1
2026-02-18,STR021,11,5976.03,17.55,7,5,2
2025-06-24,STR011,16,7592.32,14.88,6,4,0
2026-01-24,STR010,9,3092.01,15.33,6,1,2
2026-02-19,STR025,9,5734.74,19.0,6,2,3
2026-03-03,STR023,22,10274.46,14.0,14,4,4
2026-05-12,STR022,10,3681.42,14.0,5,2,0
2026-03-08,STR029,19,8619.23,16.68,11,5,1
2026-01-14,STR022,17,6016.0,16.12,10,4,1
2026-02-17,STR020,16,8391.58,18.94,10,2,2
2025-12-03,STR004,12,4386.75,13.5,5,4,0
2026-05-31,STR009,19,7319.54,13.0,11,4,1
2025-12-10,STR016,12,4752.8,19.75,8,3,1
2026-03-10,STR014,15,5767.62,14.27,9,5,1
2025-12-29,STR020,19,7085.75,16.47,10,1,2
2025-11-05,STR007,10,5290.58,13.9,6,3,2
2026-05-28,STR011,13,8020.73,14.46,8,3,1
2026-01-08,STR009,13,6214.09,16.92,9,3,1
2025-08-01,STR019,13,6461.12,15.69,6,2,0
2025-07-31,STR012,14,7657.08,14.64,7,1,3
2025-07-10,STR001,15,9686.32,16.93,9,2,1
2026-05-10,STR018,12,6557.34,18.42,10,2,3
2025-07-08,STR006,22,13930.48,16.36,14,4,2
2025-10-01,STR018,15,5709.51,16.93,13,3,1
2025-09-26,STR024,13,10046.23,12.46,4,5,4
2026-03-09,STR028,11,5592.67,20.73,9,4,1
2026-04-07,STR025,12,5484.45,18.5,7,3,2
2025-06-22,STR013,18,9369.95,15.94,12,5,3
2026-01-25,STR002,20,12570.45,14.35,12,1,2
2026-05-25,STR006,18,10090.89,17.61,12,2,4
2025-11-13,STR027,7,4160.22,18.14,5,1,1
2025-09-07,STR030,12,8734.3,21.33,10,2,3
2026-03-16,STR025,10,3466.29,14.2,5,2,0
2025-08-27,STR004,12,5010.23,13.17,6,3,0
2025-12-16,STR014,19,11977.02,17.21,11,6,0
2025-12-26,STR004,10,3816.17,16.0,6,2,0
2026-01-17,STR021,11,5291.48,13.82,7,3,1
2025-07-24,STR023,8,9924.13,21.38,6,2,0
2026-02-04,STR002,13,7374.84,17.85,7,1,2
2025-10-18,STR012,22,10676.52,18.41,14,3,1
2025-09-08,STR027,11,6385.16,15.91,7,3,2
2025-10-18,STR005,16,4342.38,17.13,11,7,1
2026-01-16,STR023,10,5252.53,13.8,4,1,1
2025-10-03,STR020,14,12772.54,18.93,10,6,0
2025-10-24,STR009,10,3193.82,23.0,10,2,0
2025-10-11,STR013,14,8403.36,16.14,8,0,3
2025-09-01,STR024,12,8086.34,17.17,6,1,3
2025-10-10,STR029,21,9120.99,11.86,10,6,0
2026-04-16,STR016,11,7212.15,19.45,6,3,1
2025-11-08,STR017,21,14787.41,19.71,14,4,2
2025-11-23,STR028,17,6795.9,17.06,9,6,1
2025-08-07,STR027,13,6501.23,19.77,10,4,0
2026-04-25,STR002,10,3125.54,13.6,5,0,1
2025-07-23,STR016,15,13415.94,16.2,5,5,0
2025-07-02,STR019,9,7821.27,19.0,6,1,1
2026-04-25,STR021,12,5251.58,15.5,7,4,2
2025-12-06,STR020,13,9322.72,20.85,9,4,4
2026-03-08,STR018,14,9761.23,15.64,12,3,2
2026-01-25,STR010,14,5703.91,19.07,7,2,0
2025-08-14,STR001,14,7297.28,16.57,9,7,0
2025-08-01,STR027,10,4656.98,16.7,5,2,3
2026-03-08,STR010,9,6299.79,20.22,8,1,2
2026-03-11,STR025,14,6968.82,12.57,7,2,2
2025-12-18,STR017,12,7061.69,18.08,8,2,3
2026-02-06,STR015,11,3219.34,14.82,6,2,1
2025-10-20,STR008,14,3751.73,14.79,11,3,0
2025-10-08,STR016,16,5105.64,15.0,9,6,3
2025-11-04,STR020,20,12160.35,13.4,10,4,1
2025-11-10,STR019,11,3955.85,17.18,7,3,0
2026-04-07,STR012,17,6371.1,17.29,11,4,1
2025-10-13,STR004,16,10029.94,16.06,11,4,1
2026-01-05,STR024,18,9274.86,17.39,11,10,1
2025-06-11,STR020,14,10967.94,15.93,7,3,1
2026-04-18,STR021,18,7387.73,17.0,13,5,1
2025-12-27,STR029,9,6871.19,13.89,3,0,1
2025-08-13,STR005,10,5574.47,28.7,9,3,2
2026-04-30,STR012,17,12504.7,18.47,12,5,1
2025-07-16,STR019,10,4995.26,17.4,8,2,3
2025-07-11,STR027,14,9672.14,14.14,5,4,1
2026-01-20,STR017,11,6799.65,17.91,6,2,0
2025-08-25,STR013,9,3173.36,17.11,8,1,0
2025-11-26,STR023,14,8092.76,17.79,7,4,1
2026-02-15,STR008,4,2244.41,15.25,3,2,1
2025-07-09,STR012,14,8999.97,14.36,7,5,1
2026-05-16,STR003,15,8977.8,12.33,3,3,0
2025-11-23,STR014,14,4720.22,13.79,7,2,4
2025-09-27,STR004,9,5297.78,15.89,5,2,2
2026-03-11,STR014,12,3684.36,14.42,6,1,1
2026-04-20,STR002,11,4673.71,15.91,6,2,0
2025-06-20,STR008,15,6804.22,23.93,13,3,1
2026-01-08,STR021,10,5764.89,15.8,5,3,0
2025-06-07,STR021,12,6588.59,19.33,9,0,0
2025-07-07,STR013,10,3839.04,16.3,6,4,1
2025-08-20,STR026,11,3462.08,18.45,6,3,1
2026-03-28,STR030,13,6639.48,17.08,11,5,1
2026-02-23,STR009,17,7263.95,16.82,11,2,0
2025-12-18,STR019,13,5340.11,14.77,8,1,0
2025-09-05,STR027,5,3720.24,33.8,5,2,1
2026-04-11,STR021,13,4966.07,16.15,8,2,2
2026-01-18,STR008,12,4452.61,16.08,8,3,2
2026-03-15,STR016,9,3620.05,15.0,6,1,1
2025-12-25,STR022,7,3389.67,17.14,6,2,1
2025-10-23,STR007,10,3964.23,18.8,9,1,2
2025-07-04,STR023,17,10751.85,13.53,9,6,0
2026-02-04,STR025,10,5737.25,14.5,7,2,1
2025-12-17,STR005,8,2809.36,12.13,3,0,2
2025-10-08,STR009,14,6903.82,14.21,9,4,3
2025-08-07,STR030,10,5451.23,18.9,9,3,4
2025-08-13,STR003,12,4428.58,17.08,8,2,3
2025-10-10,STR005,7,5451.45,16.57,4,4,2
2025-12-12,STR016,3,1290.39,11.0,1,2,0
2025-06-13,STR014,7,7342.57,18.43,5,0,1
2025-11-28,STR028,16,7075.03,18.63,10,0,3
2026-04-06,STR025,14,6835.62,19.29,9,3,1
2026-05-10,STR012,16,4768.73,20.75,11,3,4
2026-03-17,STR021,9,3193.95,20.22,6,1,1
2026-03-21,STR019,12,7744.6,22.5,9,2,0
2026-03-20,STR021,15,5093.05,16.47,9,4,2
2026-04-02,STR013,14,8191.69,17.43,10,4,1
2025-11-01,STR010,10,3609.14,18.6,5,1,1
2025-08-24,STR016,10,4111.15,13.5,6,1,0
2026-06-03,STR010,11,2811.45,19.0,8,0,0
2025-09-04,STR028,12,7886.29,18.75,11,4,1
2025-08-04,STR021,8,3834.18,13.5,6,1,0
2026-01-26,STR006,6,7979.3,11.0,3,1,1
2025-08-14,STR027,12,5723.02,21.25,9,2,1
2026-04-08,STR028,15,6262.26,15.6,8,4,1
2025-08-22,STR003,7,6184.69,18.29,6,1,1
2025-11-11,STR015,24,16214.59,16.13,15,3,2
2026-05-20,STR015,13,10058.97,14.23,7,4,2
2025-12-16,STR022,12,3566.99,16.75,7,1,1
2025-06-18,STR003,12,6395.73,22.17,8,2,0
2025-08-16,STR007,12,5307.94,18.83,7,4,1
2025-07-19,STR014,9,4420.31,14.22,4,3,2
2026-05-24,STR021,9,5268.71,15.89,6,2,1
2025-12-01,STR030,15,8723.56,19.73,12,2,1
2025-08-05,STR014,18,7604.63,15.5,10,3,1
2026-01-11,STR025,9,3659.56,15.67,6,2,0
2025-12-03,STR029,12,5239.09,12.08,2,3,0
2025-10-18,STR013,14,6378.2,18.71,8,5,2
2025-07-20,STR024,11,2537.31,17.18,7,0,3
2026-01-18,STR026,11,4382.8,19.09,8,4,2
2026-06-01,STR015,16,6379.73,16.06,9,4,1
2026-03-16,STR009,12,6151.06,12.0,6,2,0
2026-03-24,STR007,15,10213.67,16.67,10,5,2
2025-10-31,STR024,10,4749.0,14.9,6,1,0
2025-08-16,STR022,13,7031.04,16.31,9,0,2
2026-01-08,STR022,7,2468.22,13.43,4,2,1
2026-03-18,STR022,15,3853.98,21.47,9,2,4
2025-09-13,STR006,11,5388.13,18.18,8,3,4
2026-04-15,STR005,13,6491.19,15.0,8,1,1
2025-10-27,STR019,8,4527.9,20.0,4,0,0
2026-03-18,STR008,16,10658.38,17.5,11,3,2
2025-06-17,STR009,14,6813.38,15.5,8,3,1
2026-03-06,STR001,14,5602.42,17.0,9,2,1
2025-12-30,STR011,9,5139.95,25.78,8,3,0
2026-03-07,STR003,13,8796.94,13.15,5,2,0
2026-05-22,STR025,12,4644.4,13.75,7,4,2
2025-10-25,STR007,13,6965.76,14.46,6,2,0
2025-06-09,STR025,7,3365.28,13.57,3,1,0
2025-11-09,STR018,14,9409.27,19.14,8,6,0
2025-09-17,STR021,18,9432.32,18.5,10,3,1
2026-05-21,STR024,18,11118.66,15.61,9,5,0
2025-08-12,STR001,13,7418.28,16.46,7,2,2
2025-12-22,STR029,11,5718.51,12.27,6,2,0
2025-08-16,STR014,10,6346.9,16.9,5,1,2
2026-02-06,STR019,13,8037.69,13.85,9,3,3
2025-10-12,STR012,16,5722.1,19.38,11,2,0
2025-09-16,STR022,9,4646.24,17.11,5,0,0
2026-04-09,STR020,11,3433.73,19.91,7,1,0
2026-04-27,STR026,6,2526.31,12.17,3,0,1
2025-11-19,STR025,9,3896.75,16.33,5,3,1
2025-07-26,STR022,9,5468.18,19.44,7,1,0
2026-06-01,STR003,12,6796.34,18.25,9,3,0
2025-06-16,STR022,11,4388.99,13.91,5,1,1
2026-04-30,STR005,10,4433.65,17.3,8,2,2
2025-09-19,STR001,11,4031.67,18.09,7,1,0
2025-08-17,STR027,13,6434.61,19.77,7,1,1
2026-03-07,STR005,13,8171.0,12.92,5,5,1
2025-09-13,STR001,10,3365.39,14.4,7,3,1
2025-12-20,STR014,10,6923.04,14.1,7,1,1
2025-08-27,STR026,16,7430.86,17.06,12,8,1
2025-06-23,STR019,10,4960.16,16.8,8,4,1
2025-09-15,STR022,13,8251.83,16.23,8,2,1
2026-02-24,STR014,8,4158.88,14.5,4,2,2
2026-04-07,STR011,11,6006.46,15.45,6,2,2
2025-12-06,STR011,9,2732.86,13.0,6,3,0
2025-08-20,STR016,9,4881.06,13.78,4,0,0
2025-11-09,STR030,8,3563.0,16.0,3,4,0
2026-05-25,STR024,9,5163.92,20.22,7,2,1
2026-05-01,STR003,14,9563.21,19.71,10,4,0
2026-03-20,STR029,9,4614.96,11.33,3,1,1
2025-12-29,STR023,5,1135.95,12.8,2,1,2
2026-02-14,STR006,7,2410.68,23.29,6,0,2
2026-03-22,STR023,5,3807.13,17.2,3,1,1
2026-01-03,STR030,8,4734.76,16.25,4,3,1
2026-05-26,STR003,18,10590.18,17.83,10,5,1
2025-06-16,STR006,13,6197.74,19.0,10,3,2
2026-04-13,STR024,11,5983.0,18.27,7,1,2
2026-03-25,STR007,15,8840.79,15.4,8,0,3
2025-12-11,STR003,19,8144.94,15.89,11,2,1
2026-03-21,STR004,10,4564.88,17.4,7,5,0
2025-08-28,STR024,17,9333.07,18.0,13,4,4
2025-09-29,STR013,13,4637.28,16.62,7,3,1
2025-10-09,STR023,17,11198.49,19.41,13,4,2
2025-10-06,STR017,12,4160.68,16.42,5,2,1
2025-08-16,STR013,14,8013.48,12.14,7,3,3
2026-02-15,STR023,17,8122.27,18.47,11,4,2
2026-03-14,STR030,13,7436.29,16.15,9,2,2
2026-04-07,STR009,11,7281.47,16.73,8,3,0
2025-07-20,STR008,15,10415.16,19.8,11,3,4
2025-09-27,STR017,16,11132.89,11.88,7,2,0
2025-06-16,STR002,16,8034.42,16.0,13,3,2
2026-01-15,STR018,15,8444.36,20.0,11,2,0
2025-08-27,STR015,8,1604.92,16.13,4,1,1
2026-02-16,STR026,9,7444.47,22.0,8,3,1
2025-07-30,STR003,13,6120.45,20.62,7,3,1
2026-05-20,STR024,10,5249.47,15.6,5,4,2
2026-04-23,STR028,9,5403.69,12.33,2,0,0
2025-06-07,STR001,15,8982.97,21.2,9,2,1
2025-08-22,STR023,12,9351.25,15.25,8,1,1
2025-12-17,STR027,21,8745.53,16.14,14,4,3
2026-05-02,STR015,12,4383.97,16.42,6,2,1
2025-07-28,STR016,18,12609.91,15.72,11,9,1
2025-09-16,STR028,18,10728.15,16.83,13,4,1
2026-04-13,STR007,17,6824.18,12.94,8,4,0
2025-11-04,STR021,11,8163.76,18.0,6,1,2
2025-12-06,STR023,16,6121.19,17.94,12,4,2
2025-06-12,STR003,12,2407.27,15.75,7,0,0
2025-08-15,STR006,11,7424.52,20.27,6,1,0
2025-09-14,STR015,14,8682.23,19.36,13,5,2
2025-09-05,STR001,17,4014.92,19.59,11,5,3
2025-12-19,STR005,20,6257.21,14.95,12,2,3
2025-07-25,STR016,19,8838.73,19.89,12,3,2
2026-02-05,STR004,11,6568.31,19.27,7,3,1
2025-12-06,STR001,14,8941.67,14.64,7,2,3
2026-04-09,STR007,16,5331.62,19.25,11,3,3
2025-08-31,STR003,14,6148.97,19.29,10,2,1
2025-08-30,STR011,17,8109.09,13.35,10,4,1
2026-02-23,STR030,22,10693.26,16.59,14,6,1
2026-04-24,STR012,14,6611.09,15.36,8,3,1
2026-04-23,STR021,12,3724.57,15.75,8,3,0
2025-10-27,STR012,11,5340.27,14.73,5,2,1
2026-05-31,STR024,13,8749.02,21.62,10,3,0
2025-06-14,STR001,14,7337.54,20.0,10,3,0
2026-04-22,STR001,18,13336.9,18.11,13,4,3
2026-03-20,STR009,11,6430.38,12.27,6,1,2
2026-04-08,STR019,10,2428.71,19.1,6,1,1
2025-08-01,STR002,13,7158.42,19.77,9,1,0
2026-06-01,STR012,13,4369.25,18.0,12,3,1
2026-01-25,STR018,11,8417.63,18.91,6,0,0
2026-04-03,STR002,15,8227.18,13.67,7,4,2
2025-12-04,STR028,10,5234.19,15.9,5,2,2
2025-06-29,STR023,9,4949.58,14.11,5,1,0
2026-02-01,STR012,13,9303.24,17.69,9,4,1
2025-12-05,STR013,15,6522.79,22.87,12,1,3
2025-09-13,STR013,12,6004.04,10.5,5,1,1
2025-12-20,STR026,15,9220.68,16.0,7,6,2
2026-01-02,STR008,16,7341.01,18.38,14,0,1
2026-04-18,STR013,11,5887.91,13.64,5,2,1
2025-06-24,STR017,13,11279.13,17.08,9,5,2
2026-02-19,STR028,11,3882.62,17.55,5,3,1
2025-08-12,STR008,10,6058.8,17.6,7,0,0
2025-07-10,STR007,14,9056.5,14.93,11,4,0
2025-10-21,STR019,14,9137.54,20.79,11,2,2
2025-12-13,STR021,14,8153.21,16.36,9,3,3
2025-08-08,STR013,13,6458.65,12.15,6,2,1
2026-05-12,STR025,16,5604.92,15.81,10,5,0
2025-12-01,STR003,13,3907.18,17.69,9,4,1
2026-02-25,STR008,19,9170.32,15.11,9,7,2
2026-02-21,STR008,15,7405.91,12.93,6,3,0
2026-02-05,STR024,14,8441.72,13.36,7,3,2
2025-06-09,STR008,12,4003.92,20.75,8,4,1
2026-03-05,STR008,9,3903.21,14.33,4,3,0
2026-02-17,STR014,14,4604.43,17.93,10,4,1
2025-12-01,STR024,10,4347.45,15.6,5,1,0
2026-01-01,STR011,13,5684.78,13.85,6,2,0
2026-04-10,STR018,11,6727.77,16.36,6,1,2
2026-01-14,STR012,13,6196.38,14.85,7,3,2
2026-03-16,STR014,15,9055.84,18.0,10,2,1
2025-06-23,STR006,12,4130.16,15.75,8,2,2
2026-03-08,STR014,11,6682.55,15.55,6,4,3
2026-03-23,STR021,17,8146.28,13.88,12,4,0
2025-07-18,STR028,6,2497.52,18.33,4,1,0
2025-10-31,STR015,11,5387.84,14.45,7,4,1
2026-05-04,STR006,7,2756.43,24.57,6,1,1
2026-05-04,STR015,15,8129.13,17.27,7,5,2
2025-09-27,STR030,13,5922.16,19.15,10,1,0
2026-02-14,STR005,15,6124.59,12.53,7,4,0
2025-11-10,STR028,17,7137.71,16.24,10,2,3
2025-12-15,STR018,13,10907.75,16.69,8,2,3
2025-09-29,STR006,17,6344.51,18.29,11,1,0
2026-03-12,STR028,14,9145.39,14.29,11,3,2
2026-06-03,STR009,14,6066.46,15.07,8,4,0
2025-11-15,STR010,15,6946.17,17.67,10,4,1
2026-04-26,STR028,21,8288.89,17.1,14,3,1
2025-09-23,STR022,19,7070.95,15.53,8,5,3
2026-02-05,STR018,12,5204.8,20.08,9,2,2
2025-12-30,STR030,11,4952.77,20.55,6,2,2
2026-03-27,STR006,15,8927.29,12.4,6,3,2
2026-01-04,STR013,12,7782.39,19.33,8,5,1
2025-11-09,STR016,15,9030.06,16.6,9,6,3
2026-04-05,STR013,10,3295.29,16.8,8,0,0
2025-06-21,STR011,15,6324.36,12.13,7,4,0
2025-09-12,STR009,8,3904.51,15.13,3,0,1
2025-11-02,STR017,15,11094.38,20.93,11,3,2
2026-04-23,STR022,14,10277.6,16.5,9,1,1
2026-02-04,STR019,15,7399.49,14.27,7,3,2
2026-04-12,STR005,15,10012.09,16.93,9,5,1
2025-09-16,STR010,16,7634.93,13.38,7,2,0
2025-08-11,STR019,18,5292.37,15.83,10,1,3
2025-08-15,STR016,12,8190.23,16.33,9,1,2
2026-05-05,STR015,10,4862.76,12.6,7,2,3
2026-01-11,STR017,10,4632.75,12.8,3,3,2
2025-09-20,STR005,9,5146.09,16.89,7,2,0
2025-06-05,STR015,9,2334.62,16.0,4,1,1
2025-11-19,STR018,13,6758.49,18.46,9,0,0
2025-06-30,STR014,20,7626.56,14.9,13,7,0
2025-09-04,STR025,21,9607.56,16.86,16,2,2
2025-10-22,STR026,19,7128.82,16.95,14,3,1
2025-09-29,STR019,14,6845.32,16.71,9,1,3
2025-09-05,STR011,18,11217.43,16.0,10,4,1
2025-11-05,STR018,19,7875.12,13.95,10,8,1
2025-06-18,STR018,14,9972.73,16.79,9,2,3
2026-02-22,STR005,11,5329.53,13.73,8,0,0
2025-09-13,STR026,8,3469.04,21.63,5,0,0
2025-10-04,STR009,17,9807.71,18.65,12,4,1
2025-09-25,STR020,17,11069.8,19.12,11,3,2
2026-02-28,STR025,14,6103.07,11.29,6,2,1
2026-04-29,STR028,16,7879.32,15.81,13,7,0
2026-03-27,STR019,15,10109.11,16.53,10,6,1
2025-06-19,STR030,14,11115.16,18.0,9,2,2
2025-11-21,STR019,15,11844.53,14.53,8,6,1
2026-03-18,STR003,11,3662.26,14.91,4,1,0
2025-08-22,STR030,16,12762.91,16.0,9,4,1
2025-08-02,STR012,12,5749.4,19.08,7,3,0
2026-03-01,STR002,14,4626.2,16.71,8,4,0
2025-12-11,STR005,15,5831.53,19.53,9,3,2
2026-02-18,STR003,10,5893.53,14.6,7,2,1
2025-07-29,STR014,14,8135.17,16.14,10,5,3
2025-06-10,STR023,15,5534.99,14.13,8,3,1
2025-09-26,STR005,12,6696.77,14.42,6,4,1
2025-08-24,STR006,14,4837.2,19.14,10,4,1
2025-06-19,STR022,19,7852.23,14.16,12,4,2
2026-02-28,STR026,16,6694.36,16.25,9,2,1
2025-10-20,STR029,18,9341.19,17.5,14,3,4
2026-04-28,STR020,18,5625.56,14.06,8,3,4
2025-08-09,STR008,13,7350.53,17.46,8,1,4
2026-05-11,STR028,10,3014.77,14.3,8,1,1
2026-03-05,STR018,17,6884.33,16.88,11,2,2
2026-02-20,STR020,23,9780.44,16.83,17,6,0
2025-07-13,STR028,15,7334.63,14.73,10,1,2
2026-05-04,STR007,12,4270.41,14.75,8,2,2
2025-10-19,STR012,11,4431.88,13.73,5,1,3
2026-03-04,STR021,11,8974.77,14.73,6,2,1
2026-03-10,STR021,17,9962.31,14.53,11,2,2
2025-12-31,STR027,9,4723.1,23.0,7,2,0
2025-07-02,STR024,11,3091.66,17.64,6,1,2
2026-03-08,STR025,14,4746.4,15.57,10,3,2
2025-12-31,STR006,24,12956.77,18.04,17,4,5
2025-10-22,STR021,11,7628.63,16.73,5,1,2
2026-02-02,STR008,16,6744.23,20.44,11,4,1
2025-07-06,STR015,14,7515.34,18.29,9,1,1
2025-11-16,STR015,10,6073.91,15.5,6,2,0
2025-08-13,STR025,6,1156.14,15.33,3,1,0
2026-02-07,STR004,14,6854.43,12.07,7,2,1
2025-09-28,STR021,16,9773.97,15.19,8,3,1
2025-07-04,STR004,12,4326.9,16.67,8,4,0
2025-12-01,STR028,14,6574.03,17.57,11,2,0
2026-01-04,STR030,11,5275.44,18.09,8,2,0
2026-05-03,STR023,9,4915.1,17.78,5,2,1
2026-04-25,STR029,12,5196.48,14.5,6,2,2
2026-04-08,STR026,15,6157.68,16.8,9,6,1
2025-10-29,STR020,13,10592.84,17.38,6,3,2
2025-12-04,STR012,8,5154.15,15.5,5,0,1
2025-06-24,STR009,11,7555.56,13.36,7,1,1
2025-11-22,STR004,10,3247.78,22.2,8,2,1
2026-01-06,STR012,9,4155.34,20.89,7,3,0
2025-07-14,STR012,15,8619.74,18.73,11,3,2
2025-11-13,STR013,17,9621.21,17.88,11,2,3
2025-06-27,STR024,16,7846.59,15.88,12,7,0
2026-03-02,STR027,12,10773.75,13.08,4,1,3
2025-07-10,STR002,13,7613.28,23.69,11,4,1
2025-09-25,STR025,13,7908.74,17.92,8,4,0
2026-05-06,STR015,9,3868.5,13.11,4,3,0
2025-11-07,STR030,17,10591.64,14.53,8,3,1
2025-10-21,STR016,12,8365.45,16.58,7,2,3
2025-06-16,STR012,13,6747.01,16.08,7,4,2
2025-12-08,STR023,22,7308.52,14.41,10,2,3
2026-03-12,STR027,18,5555.39,15.06,11,3,1
2025-09-17,STR022,14,6504.14,15.79,8,1,1
2025-08-04,STR017,8,2827.08,20.5,5,1,1
2026-01-07,STR026,20,13670.92,14.95,13,1,1
2025-07-27,STR002,15,3666.82,15.6,11,4,1
2025-08-05,STR029,16,7360.8,20.63,13,4,2
2025-10-12,STR013,16,7739.55,16.75,10,5,1
2026-03-19,STR004,13,5956.73,15.46,7,3,4
2025-07-30,STR004,9,6394.74,10.89,3,1,1
2025-10-02,STR002,12,5845.19,17.92,8,1,0
2026-01-02,STR015,16,6917.78,15.13,11,4,0
2026-05-17,STR027,10,3638.32,18.8,9,3,1
2026-02-03,STR012,14,7453.78,11.29,4,2,3
2025-10-19,STR009,16,7695.34,21.0,11,6,1
2026-01-11,STR001,16,6404.62,13.44,9,4,1
2025-12-22,STR007,15,6693.84,16.47,9,2,0
2025-07-15,STR025,12,7997.82,16.33,8,3,2
2026-01-19,STR020,10,4968.68,14.4,8,1,1
2025-06-24,STR007,15,6820.37,16.93,8,1,2
2025-06-29,STR001,15,6223.4,14.47,7,2,1
2026-04-30,STR016,16,8890.29,13.44,9,1,0
2025-09-18,STR030,8,5363.3,15.5,4,2,1
2025-06-28,STR028,11,5325.08,14.73,8,1,1
2025-11-10,STR001,11,9610.62,17.09,6,0,0
2025-09-08,STR005,11,10105.66,20.73,7,2,1
2026-03-15,STR007,12,6409.98,13.33,8,3,1
2026-06-03,STR002,18,10329.0,20.06,11,3,2
2026-05-14,STR015,12,6576.46,16.17,7,1,0
2026-01-26,STR027,15,9691.38,19.4,11,3,1
2026-03-28,STR028,10,7752.7,13.4,5,3,2
2025-08-06,STR013,15,4551.91,19.47,9,7,1
2026-05-17,STR028,15,5632.34,15.6,8,4,4
2025-11-28,STR002,10,4935.97,16.6,7,1,1
2025-07-22,STR013,13,6995.92,13.92,6,3,0
2025-07-19,STR016,18,7910.32,15.72,10,5,3
2025-06-07,STR004,12,5175.45,21.58,10,4,1
2025-06-25,STR024,16,8621.7,22.69,14,4,5
2025-06-22,STR011,16,8999.25,16.81,10,4,0
2025-08-08,STR017,18,8355.04,15.67,10,3,3
2026-01-06,STR008,15,6785.1,18.53,8,2,3
2025-09-29,STR002,12,6420.44,13.42,4,4,3
2026-01-02,STR001,19,12419.59,18.16,13,5,1
2025-11-12,STR019,14,6409.61,18.71,11,2,1
2025-09-24,STR005,8,3230.66,17.63,4,3,0
2026-04-08,STR015,16,9225.08,14.38,11,5,2
2025-12-30,STR009,11,10723.17,20.82,8,1,0
2026-03-17,STR002,16,7424.93,13.81,8,4,1
2025-09-30,STR008,13,5994.59,17.54,8,3,3
2026-01-23,STR016,16,7085.71,17.69,12,4,2
2026-02-10,STR026,16,5530.68,16.13,10,3,2
2026-03-26,STR006,17,10076.84,16.41,10,3,4
2026-03-17,STR020,21,7088.79,15.19,16,5,2
2026-02-04,STR013,18,11930.07,16.61,12,5,0
2025-11-09,STR021,17,9866.24,16.88,11,3,3
2025-08-14,STR005,12,5081.94,13.92,6,3,1
2026-01-20,STR009,14,8262.29,13.57,9,4,0
2025-12-31,STR023,18,8273.23,16.11,12,3,3
2025-10-05,STR002,12,4791.36,15.83,6,4,1
2026-05-15,STR022,10,5660.85,15.7,6,0,1
2025-10-05,STR006,14,5924.1,16.07,6,1,0
2026-01-24,STR001,11,7078.66,16.36,7,3,1
2025-11-15,STR020,14,5623.75,16.21,10,2,1
2025-12-24,STR003,9,4441.42,18.78,5,4,0
2025-09-21,STR008,17,8534.78,15.88,9,3,4
2025-08-09,STR001,15,6434.73,12.87,8,4,2
2025-08-30,STR003,21,12753.83,19.29,15,5,2
2026-02-22,STR006,18,6784.72,16.11,9,5,1
2026-03-10,STR028,15,8084.57,14.27,9,3,3
2025-11-13,STR004,11,5627.53,22.36,8,1,1
2026-01-03,STR017,11,4367.21,20.18,9,2,1
2026-01-08,STR010,15,10257.99,15.67,10,3,0
2026-02-07,STR019,12,2620.86,12.33,6,1,2
2025-08-05,STR016,10,3697.03,21.0,8,2,0
2025-11-25,STR008,20,9314.91,14.95,11,4,3
2025-11-13,STR023,12,3759.81,21.67,8,0,0
2025-06-06,STR001,17,9843.26,15.18,9,3,1
2026-02-11,STR009,15,6495.1,12.6,8,3,1
2026-01-30,STR030,14,9180.34,12.43,7,3,2
2025-09-22,STR025,15,8199.41,16.4,7,4,1
2025-10-10,STR027,12,7151.03,21.67,10,3,2
2026-05-08,STR019,11,4516.85,19.36,8,3,2
2026-03-15,STR014,14,6246.04,16.64,8,4,2
2025-08-13,STR018,10,2713.79,15.4,4,2,0
2026-05-19,STR028,21,7817.81,17.0,12,5,3
2026-02-11,STR016,16,6858.29,17.88,11,6,0
2026-02-13,STR029,17,11570.22,14.59,8,7,2
2025-07-11,STR012,13,5495.14,13.92,8,4,1
2025-11-03,STR026,8,5540.99,17.0,6,1,2
2025-07-02,STR010,12,4928.27,15.08,6,3,3
2025-06-24,STR016,12,4475.21,16.25,6,0,3
2026-01-04,STR019,18,7682.48,19.39,14,3,4
2025-12-12,STR019,14,8534.34,16.86,9,3,0
2025-07-29,STR019,13,6756.95,15.23,7,2,1
2026-01-08,STR001,11,3260.78,15.64,8,3,1
2025-09-03,STR007,12,5282.98,17.25,6,1,1
2025-12-23,STR022,14,13443.01,18.57,11,3,0
2026-06-03,STR015,15,7194.15,14.13,8,2,1
2026-04-07,STR001,11,2863.55,12.45,4,3,0
2025-09-29,STR028,11,6183.41,12.36,5,5,0
2025-10-16,STR011,14,5395.53,13.14,6,4,1
2026-05-05,STR027,16,9451.56,17.5,11,5,1
2026-03-15,STR018,10,3099.78,17.4,6,4,0
2025-07-10,STR011,7,5546.21,19.71,5,5,1
2026-04-18,STR022,14,16755.97,13.21,8,2,2
2025-11-06,STR028,8,6123.24,14.25,2,3,1
2025-08-16,STR030,14,7938.17,15.21,9,4,0
2026-02-24,STR003,11,5209.96,20.09,7,2,1
2026-03-29,STR010,18,9220.66,14.72,9,4,2
2025-07-03,STR013,8,4609.2,17.13,6,0,0
2025-09-02,STR027,16,7041.77,19.25,10,3,0
2026-02-14,STR024,18,9450.44,18.61,11,4,3
2026-04-24,STR018,14,8030.23,17.21,9,2,0
2025-07-12,STR017,20,9267.16,17.65,14,5,4
2026-03-19,STR025,17,9286.96,12.24,7,3,0
2025-10-06,STR009,15,3727.09,20.8,9,4,2
2025-06-24,STR022,14,8719.77,17.64,8,1,0
2025-06-08,STR027,6,4866.2,13.33,3,1,0
2026-03-08,STR023,20,10142.58,19.0,15,5,2
2026-02-13,STR030,14,5278.73,12.14,7,3,4
2025-10-15,STR002,15,8498.76,16.13,8,2,1
2025-12-18,STR010,17,5641.43,14.65,10,3,1
2026-01-07,STR009,12,4520.22,17.5,9,2,2
2025-08-06,STR024,12,7921.75,14.33,8,3,6
2025-10-03,STR029,11,7251.89,18.64,10,1,1
2026-01-11,STR003,13,5256.67,12.54,6,4,1
2025-10-22,STR007,15,6695.23,14.67,8,1,1
2025-11-07,STR010,10,4743.43,15.7,5,2,0
2026-01-19,STR011,15,9598.85,19.53,10,1,3
2025-07-20,STR016,10,4883.48,14.9,5,1,0
2025-07-21,STR021,12,5480.22,21.08,9,1,1
2025-12-30,STR001,8,5050.04,19.13,7,3,1
2025-11-14,STR007,11,5788.33,12.73,6,1,3
2026-02-11,STR019,15,6066.03,17.07,10,1,1
2025-06-24,STR026,16,5944.05,18.19,11,4,1
2025-07-11,STR016,19,12885.15,15.74,9,4,1
2025-11-15,STR030,15,10080.37,13.93,9,2,1
2026-03-03,STR013,8,5068.32,13.75,4,2,1
2026-02-03,STR006,11,6024.76,19.82,7,2,2
2025-09-22,STR029,12,8483.51,18.92,9,2,1
2025-10-23,STR030,16,9783.99,14.94,7,3,2
2026-01-24,STR019,9,4691.1,19.0,5,1,0
2025-10-31,STR016,13,6153.62,11.08,6,4,0
2026-01-09,STR010,13,10808.78,18.92,7,3,0
2026-01-02,STR005,11,3700.86,16.0,6,2,1
2025-07-08,STR011,9,5018.68,17.78,6,1,0
2026-01-10,STR018,13,7457.91,14.62,7,2,1
2025-07-13,STR014,11,6750.62,18.55,7,2,2
2025-06-09,STR014,12,5505.86,17.58,7,3,2
2025-06-03,STR009,15,5866.47,15.53,10,2,1
2026-04-23,STR014,14,5125.57,17.29,9,4,1
2025-06-20,STR002,15,5799.34,13.93,8,4,2
2025-12-03,STR010,10,5716.52,20.6,6,3,3
2026-03-30,STR026,12,3603.65,12.75,5,5,2
2026-03-29,STR008,13,6854.56,21.77,8,2,3
2025-09-22,STR011,12,6290.71,17.08,8,2,0
2025-07-09,STR029,10,2895.88,15.3,6,0,1
2025-06-13,STR024,16,12499.19,16.44,13,0,2
2025-10-13,STR011,15,9552.02,15.73,6,6,3
2025-06-28,STR027,24,14010.82,15.21,13,8,3
2025-10-26,STR006,9,4975.91,14.78,4,3,0
2025-12-28,STR003,12,8265.77,19.08,8,4,1
2026-05-02,STR016,17,8319.17,15.94,10,4,1
2025-06-20,STR017,14,6096.58,14.36,8,2,2
2025-12-11,STR021,14,5578.78,18.86,8,0,1
2025-10-15,STR028,12,9343.09,22.58,8,3,3
2025-07-02,STR007,16,8756.16,15.25,11,4,1
2026-02-23,STR015,9,7762.85,17.67,7,2,1
2026-05-14,STR009,18,9964.77,15.39,12,5,2
2026-01-15,STR023,12,4995.98,11.5,6,3,0
2025-06-29,STR010,7,3900.6,19.71,4,2,0
2026-01-02,STR023,12,3295.81,17.25,8,4,2
2025-07-05,STR012,11,7219.12,22.55,7,3,0
2026-01-30,STR002,17,5688.35,16.82,9,1,0
2025-09-29,STR016,7,5202.5,11.57,4,2,2
2025-11-02,STR030,10,5384.33,15.8,4,1,1
2025-12-23,STR010,13,4466.63,12.85,7,6,2
2025-08-13,STR022,13,7809.46,18.54,10,3,1
2025-09-01,STR018,16,10250.1,12.19,5,4,1
2026-03-09,STR026,12,5095.11,17.08,7,0,1
2025-10-21,STR015,18,12638.92,13.33,9,5,0
2026-05-27,STR019,14,6531.95,18.21,9,1,1
2025-07-31,STR027,8,5124.51,21.75,6,1,1
2026-05-23,STR027,16,4596.51,18.75,11,5,4
2026-05-11,STR030,13,5273.97,19.69,7,1,0
2025-07-02,STR014,14,9555.45,20.43,10,2,1
2025-07-06,STR007,14,5023.71,19.07,11,4,1
2025-08-21,STR004,11,7271.41,13.55,6,1,0
2025-11-08,STR005,15,9528.07,18.6,10,2,4
2025-08-03,STR001,17,14516.68,14.65,8,7,2
2026-03-17,STR005,11,4008.03,14.64,8,2,1
2025-12-16,STR030,17,9055.04,14.24,11,6,1
2025-07-12,STR008,10,4373.45,19.7,10,2,2
2025-08-16,STR021,20,7659.93,14.25,8,3,2
2025-07-17,STR028,14,7912.2,18.0,10,0,0
2026-02-16,STR009,16,7231.78,11.25,6,4,3
2026-04-13,STR014,16,10507.3,14.38,8,1,3
2025-12-15,STR010,12,6325.46,14.92,9,2,1
2025-10-13,STR027,11,4906.78,17.91,11,0,0
2025-11-14,STR009,16,10602.91,13.94,10,1,3
2025-10-16,STR009,14,6290.01,16.36,5,3,1
2026-06-01,STR013,20,7546.83,17.2,14,2,1
2025-08-20,STR009,14,6841.3,17.43,11,4,2
2026-03-03,STR005,20,9458.97,19.5,12,4,3
2025-11-15,STR028,16,7781.73,14.19,10,2,2
2025-11-23,STR003,15,7458.2,19.67,12,3,0
2025-08-10,STR003,12,6480.28,15.92,6,2,2
2026-01-27,STR016,11,5870.74,13.82,6,1,1
2025-09-14,STR006,17,8430.61,20.82,14,2,2
2025-09-01,STR030,12,7007.86,15.17,6,2,2
2025-11-28,STR010,13,8253.95,21.15,8,2,3
2025-12-29,STR013,9,4011.95,10.78,3,1,2
2025-09-17,STR027,4,1579.14,22.25,3,1,0
2025-12-02,STR017,12,4201.46,13.92,5,1,0
2026-03-05,STR016,10,3369.4,15.7,7,2,2
2025-06-23,STR023,8,3380.35,19.88,5,2,0
2026-02-05,STR008,14,8359.27,18.43,12,2,2
2026-03-25,STR030,16,10885.35,15.0,11,4,2
2025-06-12,STR023,17,9340.73,17.35,9,2,3
2026-03-28,STR012,12,4868.92,12.08,8,1,3
2026-02-17,STR030,17,10521.0,13.47,8,3,1
2026-04-19,STR006,16,9707.54,13.44,7,3,3
2025-07-17,STR015,12,5007.98,19.0,10,2,0
2026-04-28,STR028,11,5766.78,16.27,6,2,2
2026-04-02,STR016,12,8833.94,21.92,7,4,0
2025-06-10,STR007,17,7320.83,11.65,7,5,1
2025-08-28,STR021,17,6948.76,18.76,13,3,0
2025-08-15,STR024,12,4515.87,19.17,9,5,0
2025-11-03,STR008,9,8388.72,17.0,7,1,2
2025-07-22,STR015,14,4769.43,18.14,9,2,0
2025-07-05,STR013,16,9716.82,14.44,8,3,3
2026-03-27,STR001,16,7690.73,17.13,10,2,2
2025-10-19,STR007,10,4566.38,14.6,4,1,0
2025-06-25,STR008,12,3158.89,13.67,7,4,3
2025-06-29,STR016,17,8190.01,16.0,15,5,1
2026-05-14,STR019,13,8148.19,22.92,10,3,0
2026-05-27,STR028,13,4873.61,18.69,10,1,1
2025-10-21,STR014,13,6764.74,17.15,7,4,0
2025-10-05,STR016,21,11120.78,18.0,15,5,5
2025-09-13,STR021,12,11752.2,17.92,8,2,1
2025-09-25,STR013,13,6196.5,15.92,10,4,1
2026-02-26,STR023,10,6527.44,17.0,7,2,0
2025-06-08,STR018,16,5950.98,16.5,12,2,1
2025-06-13,STR016,22,15423.35,13.0,9,4,0
2025-10-07,STR003,15,6356.87,18.87,11,3,1
2025-06-10,STR013,14,3756.59,19.64,10,2,2
2026-04-21,STR002,13,5648.17,16.38,7,1,1
2026-02-21,STR010,11,5202.44,21.18,8,4,1
2025-11-29,STR026,16,8936.87,15.63,12,3,0
2026-03-07,STR020,20,7783.0,18.75,18,6,1
2026-01-03,STR002,17,11716.6,16.53,12,1,2
2025-10-04,STR017,11,4742.94,18.91,9,3,2
2025-10-03,STR004,20,15461.38,16.75,13,4,2
2025-06-27,STR006,18,6264.97,16.5,15,3,0
2025-07-09,STR006,11,4648.82,11.55,3,2,1
2025-10-03,STR006,14,5979.21,15.21,9,1,1
2026-05-01,STR017,10,6641.65,14.8,6,3,2
2025-11-06,STR008,11,6718.03,21.64,9,3,1
2025-10-30,STR028,17,7913.61,13.47,7,5,4
2025-07-18,STR010,16,6470.38,15.69,9,7,1
2025-09-26,STR023,19,7651.99,14.26,10,4,1
2026-05-10,STR025,9,4732.74,20.89,7,2,0
2026-05-30,STR022,12,6010.65,16.25,10,2,0
2025-08-23,STR018,21,9649.84,14.81,11,4,2
2026-02-16,STR012,18,13660.96,16.5,11,3,0
2026-01-25,STR003,13,8486.21,16.69,7,3,2
2025-09-10,STR019,7,5642.33,11.86,4,3,0
2026-05-22,STR024,21,14398.9,18.57,12,1,2
2025-06-05,STR029,12,4394.71,16.25,7,2,2
2025-07-31,STR018,8,4891.69,17.5,7,3,0
2025-06-14,STR022,12,5534.23,14.08,6,4,3
2025-07-20,STR027,10,4299.48,14.1,7,3,0
2025-08-28,STR017,14,6515.12,19.71,7,1,3
2026-03-23,STR003,15,6286.1,18.13,12,3,1
2025-07-07,STR015,9,4245.28,20.78,6,3,0
2025-10-09,STR005,6,3262.14,15.67,4,1,1
2025-10-19,STR015,14,8395.62,13.93,7,3,0
2025-12-25,STR026,16,8492.7,13.06,8,5,1
2025-12-11,STR018,11,8967.54,18.18,6,0,1
2025-08-09,STR026,19,10416.15,15.63,8,4,1
2026-04-20,STR024,13,5226.38,15.23,7,3,4
2025-11-21,STR017,9,5584.65,17.89,8,3,1
2025-08-28,STR007,9,4634.28,10.78,3,3,1
2026-02-13,STR020,11,4532.02,18.27,7,2,0
2026-03-16,STR029,10,3208.84,13.8,4,2,2
2025-08-22,STR002,13,5870.05,19.23,9,3,2
2025-12-21,STR008,11,7528.27,17.73,8,1,3
2026-02-16,STR025,12,5329.76,14.5,9,0,0
2025-07-06,STR016,18,9686.02,18.06,8,1,4
2025-06-27,STR013,18,15167.2,15.33,8,1,1
2025-12-03,STR018,9,6660.45,20.22,7,5,1
2026-01-30,STR001,16,10582.63,16.25,9,4,1
2025-09-16,STR002,12,5276.22,17.0,8,0,3
2025-10-28,STR010,9,5189.84,22.33,5,1,1
2026-03-26,STR015,15,5948.26,20.0,12,2,1
2025-11-27,STR004,11,9018.94,16.09,7,1,1
2025-10-11,STR009,17,9285.61,15.29,10,3,2
2025-12-01,STR029,15,8969.32,13.67,8,3,2
2025-08-11,STR001,10,2408.71,14.9,5,1,0
2025-08-26,STR018,12,6669.13,16.08,6,4,2
2025-06-08,STR017,9,5774.21,17.22,7,2,1
2026-03-02,STR002,20,10134.26,16.35,12,4,3
2025-08-25,STR023,11,6165.22,19.36,10,1,2
2025-12-02,STR012,16,7887.02,16.5,8,1,1
2026-04-27,STR030,16,8699.83,14.75,8,5,2
2025-10-09,STR024,13,10128.25,17.0,10,3,0
2026-04-08,STR018,11,4918.34,15.45,7,2,1
2025-08-27,STR020,15,6148.05,16.13,8,0,3
2026-05-31,STR028,12,5160.01,13.17,6,4,2
2025-07-29,STR009,15,6977.88,16.0,9,2,3
2025-09-07,STR020,11,3605.31,9.91,2,3,0
2025-11-06,STR015,15,4606.13,12.07,5,1,2
2025-10-18,STR002,12,6296.71,13.67,6,3,2
2025-06-28,STR014,14,8098.63,19.14,10,2,2
2026-02-11,STR014,16,6196.31,15.25,9,1,0
2026-02-26,STR012,17,5154.25,17.35,9,1,2
2026-02-13,STR021,8,5798.59,13.25,4,1,1
2025-10-13,STR022,10,2778.44,23.1,9,4,1
2025-09-06,STR025,18,8095.02,18.39,13,2,1
2026-04-11,STR002,13,4849.22,13.0,6,4,2
2025-08-06,STR029,14,6228.7,19.21,10,5,1
2026-03-20,STR017,7,4191.51,10.71,2,2,0
2026-05-26,STR016,17,6605.15,17.29,11,3,2
2026-02-07,STR008,12,4655.52,12.0,5,4,2
2025-12-13,STR019,18,13286.24,12.94,9,1,0
2025-07-23,STR025,10,7881.92,16.4,7,3,1
2025-06-09,STR013,24,7994.0,15.83,10,7,1
2026-01-22,STR020,21,13576.1,19.57,16,5,3
2025-07-28,STR015,8,4480.85,21.5,7,3,0
2025-12-03,STR019,21,10712.09,18.14,14,1,2
2026-04-08,STR024,16,7416.75,15.81,11,2,1
2025-09-07,STR018,12,7349.69,14.83,7,2,1
2025-08-03,STR004,20,7997.9,15.35,11,4,3
2025-08-16,STR023,11,6931.47,12.64,5,2,1
2025-11-26,STR006,14,5479.96,15.79,9,2,1
2025-11-24,STR015,14,7795.27,16.21,7,4,0
2026-03-19,STR015,17,9497.54,10.71,5,5,1
2025-06-20,STR009,15,8495.94,13.47,10,3,1
2025-11-20,STR002,14,8450.93,16.79,9,3,1
2025-07-30,STR019,12,3812.91,13.75,7,5,2
2025-11-29,STR024,15,9349.0,12.07,6,3,1
2025-10-08,STR005,7,3438.71,21.0,6,1,1
2025-12-02,STR026,9,5026.97,17.11,6,2,1
2026-02-04,STR027,12,5975.3,11.67,3,2,1
2025-10-26,STR019,14,6702.44,17.07,8,2,0
2025-10-31,STR025,15,8634.48,13.6,5,2,0
2025-10-22,STR013,13,3728.22,13.15,5,4,0
2025-06-24,STR025,15,7191.51,15.6,10,1,1
2025-09-15,STR005,8,3669.04,20.13,7,0,1
2025-07-31,STR019,13,9254.91,14.85,8,3,1
2026-05-18,STR003,12,7560.81,19.25,7,4,1
2025-09-29,STR029,13,6514.78,16.92,9,2,3
2025-10-14,STR018,13,5697.21,15.38,7,1,4
2025-11-18,STR011,22,9442.15,13.09,15,2,4
2025-07-24,STR012,10,3156.52,13.9,7,3,1
2025-06-23,STR004,9,4415.91,15.67,6,1,1
2025-11-18,STR012,12,10899.81,18.33,8,2,1
2026-02-12,STR001,14,5522.37,17.86,9,3,1
2025-09-28,STR023,16,7640.33,16.56,12,5,2
2026-01-24,STR022,12,4717.2,19.33,10,2,1
2025-10-28,STR030,8,3594.75,12.25,3,1,2
2025-08-17,STR017,11,4725.99,16.55,6,1,1
2026-02-14,STR012,9,3288.08,16.22,4,1,2
2025-07-31,STR028,14,6765.18,14.36,8,3,1
2026-04-11,STR013,10,6106.22,17.8,5,1,0
2025-12-25,STR027,15,9094.61,17.4,8,2,2
2026-01-07,STR012,10,6631.49,13.6,4,3,2
2025-09-17,STR030,12,3988.44,16.83,9,7,3
2025-06-27,STR022,11,5638.55,16.27,4,4,0
2025-09-13,STR008,14,8294.62,17.71,11,3,3
2025-12-19,STR027,14,6249.97,19.36,9,2,0
2026-01-14,STR001,14,4563.28,20.29,10,5,1
2025-08-31,STR005,5,4605.23,15.4,3,1,0
2026-04-13,STR011,17,9767.15,20.0,14,5,4
2025-06-27,STR020,9,3852.94,20.0,6,5,5
2025-08-24,STR027,14,6232.58,18.07,8,4,2
2025-10-30,STR003,14,5914.3,14.0,9,4,2
2025-11-21,STR014,19,8798.6,13.63,8,3,0
2025-07-31,STR008,12,10594.02,11.5,4,1,1
2025-12-05,STR014,16,8987.14,16.63,8,3,3
2026-01-29,STR027,15,8534.77,21.0,11,2,1
2025-12-10,STR022,17,11410.44,16.0,11,3,1
2026-02-08,STR005,8,4259.3,14.75,6,1,1
2025-07-25,STR025,7,5104.74,13.57,6,1,1
2026-01-13,STR007,18,7678.58,15.17,9,3,0
2025-10-07,STR018,15,9741.84,16.67,7,5,1
2025-10-29,STR024,9,5351.27,17.11,5,2,1
2026-04-30,STR013,9,4321.44,23.0,7,0,0
2026-05-29,STR023,7,8122.74,10.86,4,2,1
2026-02-10,STR005,20,11490.97,13.4,11,3,2
2025-08-19,STR001,13,6481.47,15.77,10,4,2
2026-01-28,STR008,14,6876.82,16.5,8,4,3
2025-09-29,STR024,8,4241.3,20.5,5,3,1
2026-03-21,STR030,6,2418.55,20.17,4,2,2
2025-06-05,STR024,9,6692.85,11.78,5,2,0
2025-12-11,STR014,12,5547.66,18.67,8,4,1
2025-06-05,STR007,12,6564.18,12.67,3,2,2
2026-05-03,STR001,10,4093.18,15.4,5,1,1
2026-03-08,STR015,13,6573.78,15.69,8,5,1
2025-06-30,STR001,18,9507.56,13.06,9,0,3
2026-02-17,STR006,14,5252.06,15.71,7,2,0
2026-03-25,STR027,16,6724.91,16.75,10,2,2
2026-04-24,STR006,8,4917.98,17.88,6,2,1
2026-04-08,STR016,5,2049.44,18.6,4,0,1
2026-03-08,STR021,11,3617.25,23.27,10,3,2
2026-02-09,STR022,19,9087.96,15.47,8,5,2
2025-10-25,STR029,11,7718.43,15.18,6,2,0
2026-04-30,STR021,16,9521.01,14.44,10,5,1
2025-07-11,STR004,16,5828.39,18.19,10,5,3
2026-04-01,STR011,9,7304.86,15.33,6,4,1
2026-05-28,STR005,9,4447.86,16.33,5,3,0
2026-01-19,STR018,16,8703.43,16.25,7,3,1
2025-09-06,STR014,11,3747.0,21.82,7,1,1
2025-09-28,STR012,16,7203.71,20.38,13,4,0
2025-10-16,STR028,15,5086.4,14.33,11,2,3
2025-08-12,STR016,13,7399.03,20.0,9,3,0
2026-03-19,STR012,16,5874.07,15.81,10,2,1
2026-01-17,STR004,12,7702.11,14.92,6,1,1
2025-06-13,STR007,10,9322.06,17.2,6,2,1
2025-10-16,STR019,17,11400.47,15.0,9,3,1
2025-07-26,STR016,17,6564.45,16.18,10,1,5
2025-08-07,STR018,15,7130.48,16.07,10,1,2
2025-12-15,STR030,6,1435.42,15.0,4,2,1
2025-12-22,STR019,17,6139.71,15.18,9,5,0
2025-11-11,STR004,13,6141.73,18.77,11,2,0
2025-10-05,STR003,8,4277.25,18.0,5,3,0
2026-04-10,STR029,10,4209.67,18.5,6,2,1
2025-10-01,STR019,9,2890.39,22.56,6,4,0
2026-01-01,STR006,12,6104.65,11.92,7,2,2
2025-07-04,STR020,20,10981.21,16.85,11,4,2
2026-03-29,STR022,11,7920.29,12.91,7,3,0
2026-01-02,STR025,13,6331.23,14.69,9,2,2
2025-09-24,STR015,15,6871.78,13.6,8,6,2
2026-04-01,STR009,12,3456.61,12.58,3,2,1
2025-12-29,STR007,10,7580.14,13.7,6,1,0
2026-04-21,STR005,10,5099.44,17.3,5,3,1
2025-07-09,STR030,17,9526.88,16.35,11,3,1
2026-05-31,STR019,11,4470.53,20.64,7,2,2
2025-07-28,STR026,15,7065.4,12.27,7,1,1
2026-04-19,STR005,21,10515.95,17.71,15,3,3
2026-01-05,STR025,17,10290.56,15.71,12,2,1
2025-09-22,STR003,7,1340.29,21.71,6,4,0
2026-02-10,STR016,9,1939.47,18.89,7,2,0
2026-02-04,STR009,14,6103.37,18.5,6,2,1
2026-04-26,STR013,18,10478.11,17.89,14,5,1
2026-03-01,STR004,11,5451.23,17.36,8,0,1
2025-06-11,STR011,11,8618.52,12.09,4,4,1
2025-10-20,STR006,14,5651.82,14.36,8,1,1
2026-05-21,STR023,19,5464.13,16.95,12,3,6
2025-12-17,STR013,15,8199.14,19.0,9,4,2
2025-06-10,STR014,12,6985.4,14.67,7,2,2
2026-02-18,STR009,7,3494.42,16.57,4,2,2
2026-05-03,STR002,11,4697.5,17.18,5,2,1
2025-09-14,STR027,9,4154.2,16.11,5,2,0
2026-04-16,STR011,19,10148.64,15.32,14,4,1
2026-02-16,STR003,10,3698.03,20.7,7,1,0
2026-03-19,STR029,8,4056.25,17.75,7,1,0
2026-02-26,STR028,10,3473.06,14.6,4,1,1
2026-05-01,STR009,13,3527.61,12.85,7,2,2
2026-04-05,STR022,8,3542.79,15.38,7,2,0
2025-12-13,STR018,8,5483.82,19.5,5,1,0
2026-01-17,STR025,11,9414.69,10.73,2,4,2
2025-10-04,STR029,13,8402.72,17.31,9,4,3
2025-07-30,STR013,11,7771.14,20.82,10,3,1
2025-08-24,STR009,14,8921.16,13.5,9,1,1
2025-06-10,STR008,16,8266.24,18.69,13,2,1
2026-06-01,STR014,12,4695.81,17.92,6,3,2
2025-12-20,STR016,12,7867.62,16.75,11,3,3
2025-08-19,STR026,9,4496.96,19.67,7,1,0
2025-11-05,STR006,11,6645.36,19.36,7,1,1
2025-11-19,STR030,14,9853.01,12.79,7,5,0
2026-02-13,STR024,12,5295.1,13.25,5,7,0
2025-08-06,STR011,11,4281.11,13.36,7,2,1
2026-02-22,STR026,7,3736.96,13.86,3,1,0
2026-04-18,STR023,14,5198.52,21.29,9,4,0
2025-10-12,STR018,13,9117.55,15.54,7,2,0
2025-09-04,STR014,9,2728.04,16.89,7,1,1
2025-10-19,STR001,7,6571.97,12.71,2,1,1
2025-09-20,STR013,12,4949.37,13.67,8,1,2
2026-03-07,STR001,19,9664.4,19.21,17,4,0
2025-10-28,STR004,8,3174.67,22.0,6,0,4
2025-11-29,STR008,23,11911.0,16.43,15,4,3
2026-02-12,STR025,14,5353.6,20.93,10,1,1
2025-12-26,STR028,19,5466.71,16.42,14,5,4
2025-07-28,STR027,16,7280.87,14.88,10,6,3
2026-05-20,STR022,13,8252.25,19.46,12,4,0
2026-04-09,STR022,11,4994.88,18.0,9,3,2
2026-03-07,STR023,9,5271.12,22.67,6,1,0
2025-10-17,STR012,17,10637.81,18.06,14,4,2
2026-05-26,STR005,8,4404.42,15.38,4,4,1
2025-09-10,STR002,12,5997.52,14.92,9,5,0
2025-10-27,STR001,14,8009.93,17.93,7,2,2
2026-02-07,STR018,6,1767.0,13.5,5,0,2
2025-06-16,STR021,13,5501.78,20.54,12,6,1
2025-08-19,STR011,16,6543.7,16.88,13,4,4
2026-04-25,STR027,13,6343.62,17.77,10,3,1
2026-01-06,STR014,12,6793.91,17.17,6,6,1
2026-05-19,STR019,14,6832.44,18.64,10,5,1
2026-04-12,STR023,9,2295.78,14.78,7,2,0
2026-01-29,STR029,10,6199.18,17.1,5,3,0
2025-08-24,STR019,11,7911.64,20.73,6,4,0
2026-04-16,STR022,8,4872.17,19.88,5,2,0
2025-12-04,STR001,12,6471.39,14.33,8,6,3
2025-06-28,STR015,7,1192.16,12.29,3,0,1
2026-01-07,STR030,15,5618.73,17.27,10,2,1
2026-04-27,STR022,10,6079.76,15.6,5,3,0
2025-10-14,STR004,9,6494.03,18.44,8,3,2
2025-06-21,STR004,11,5288.17,13.0,6,6,1
2025-11-16,STR009,18,10654.03,15.89,11,4,4
2025-12-28,STR002,10,5788.16,16.6,9,3,2
2025-06-21,STR010,9,2123.05,18.44,8,4,1
2026-01-31,STR007,10,5542.34,16.3,7,3,1
2025-08-24,STR002,14,9657.1,21.07,9,2,0
2026-04-23,STR018,9,3814.89,19.0,7,4,1
2025-08-18,STR017,12,7033.25,13.92,7,3,3
2026-01-20,STR010,10,6827.79,13.5,4,0,0
2026-01-30,STR009,7,1205.54,13.71,4,0,0
2025-06-06,STR011,6,3879.26,12.0,3,0,0
2025-09-05,STR020,10,10327.88,10.8,3,2,1
2025-07-13,STR027,14,4587.5,14.07,8,3,3
2025-07-07,STR022,10,3399.06,20.2,8,4,2
2025-11-25,STR016,12,4158.55,14.42,8,4,4
2025-09-17,STR002,12,6665.17,15.25,9,1,2
2026-01-13,STR015,10,5454.98,14.6,6,3,1
2025-06-18,STR007,11,4276.62,14.91,6,2,3
2026-04-17,STR028,13,5497.65,14.54,6,5,3
2026-02-06,STR008,9,6271.98,12.0,5,2,0
2025-08-08,STR029,12,9217.26,14.5,8,1,4
2025-07-01,STR028,9,5630.3,18.22,6,2,0
2025-10-16,STR012,17,10180.76,14.88,11,2,0
2025-08-01,STR026,8,2868.42,19.25,6,2,0
2025-06-24,STR004,8,2587.18,22.63,6,2,0
2026-05-05,STR007,8,2748.87,26.25,6,3,0
2026-02-25,STR018,14,7549.93,15.21,9,2,1
2025-07-07,STR028,10,4475.2,16.7,5,2,0
2026-04-25,STR030,14,4892.48,16.43,9,5,0
2026-03-11,STR015,9,4697.41,11.0,3,2,1
2025-07-01,STR014,9,2396.66,16.78,5,3,0
2025-08-16,STR028,11,3590.96,18.91,7,1,2
2025-08-08,STR011,15,7431.0,15.4,8,2,3
2025-10-14,STR008,12,4474.46,15.0,8,3,0
2026-05-25,STR001,9,3908.86,15.89,7,3,2
2025-09-18,STR005,17,7985.82,14.59,10,4,2
2025-12-25,STR025,22,11494.55,14.59,11,2,4
2025-07-23,STR008,8,2573.08,11.88,2,0,0
2025-07-23,STR002,14,8560.19,14.79,6,0,0
2025-07-28,STR014,19,12828.4,15.84,9,6,2
2025-09-22,STR024,13,5346.61,17.77,11,5,2
2025-10-11,STR020,18,9815.31,14.5,13,4,2
2025-07-20,STR021,17,10903.7,17.18,14,2,2
2026-04-15,STR026,18,9223.58,15.39,9,4,1
2026-05-13,STR012,22,8487.81,14.59,10,4,4
2026-05-16,STR012,16,5068.29,14.69,8,3,2
2025-12-21,STR028,11,8638.71,14.91,7,4,1
2026-05-19,STR015,9,6072.34,15.67,4,3,0
2025-12-08,STR002,18,5422.46,16.33,12,2,1
2026-04-26,STR003,10,6884.52,12.0,4,2,1
2026-03-04,STR027,16,10466.03,14.06,9,5,3
2025-07-08,STR018,21,7188.04,17.05,14,4,3
2026-01-22,STR003,14,4617.89,12.14,6,1,0
2026-04-26,STR027,9,2959.43,20.67,6,3,0
2026-01-12,STR028,11,5929.02,16.09,5,4,0
2025-09-16,STR024,17,7923.56,15.12,11,4,1
2026-01-03,STR020,15,6773.67,13.13,7,3,0
2026-01-05,STR017,21,5313.25,18.9,17,5,3
2025-12-18,STR021,14,5991.19,16.57,11,4,0
2025-11-07,STR005,14,8294.18,16.5,7,1,2
2025-06-11,STR004,18,8709.91,17.72,10,7,1
2026-04-01,STR007,18,6651.93,13.5,11,4,1
2026-04-26,STR029,11,5214.82,13.91,5,4,0
2026-01-30,STR022,8,5440.42,13.63,5,3,0
2025-08-10,STR008,13,6411.57,19.0,9,5,1
2025-06-04,STR023,15,5749.4,16.53,10,2,2
2026-02-01,STR010,11,6278.47,19.45,7,2,1
2025-12-25,STR012,18,7842.31,16.83,10,1,3
2025-09-02,STR030,17,10535.63,16.06,12,2,0
2025-11-30,STR010,19,8456.01,15.79,13,2,1
2026-02-24,STR028,16,7828.51,15.63,11,2,3
2025-11-07,STR013,15,8059.57,13.93,7,1,3
2026-05-29,STR013,20,9132.08,17.95,13,6,2
2025-11-22,STR020,14,6866.06,17.29,10,4,2
2025-09-03,STR028,12,5935.27,17.08,9,2,0
2025-09-18,STR009,13,5436.89,14.0,8,1,1
2025-10-15,STR004,12,4980.98,15.33,9,2,2
2025-09-19,STR020,14,5906.81,14.29,7,1,1
2025-08-23,STR006,10,3583.26,14.0,5,2,2
2026-01-14,STR013,11,9904.52,20.09,9,1,1
2026-03-24,STR010,15,6519.52,15.73,10,1,0
2026-05-14,STR021,22,9321.31,16.82,15,4,1
2025-07-23,STR009,14,9679.65,15.21,8,1,2
2025-09-06,STR027,11,8133.41,18.18,6,1,1
2025-11-10,STR004,15,7990.99,16.93,12,2,3
2025-11-13,STR003,15,6118.34,15.2,12,1,1
2026-01-07,STR018,14,7768.19,18.0,9,2,1
2025-09-10,STR011,19,11953.58,15.74,13,4,1
2026-05-01,STR004,13,7324.62,16.85,10,2,4
2026-02-13,STR028,13,5865.83,15.08,7,2,2
2026-02-21,STR022,13,7974.81,10.15,3,5,1
2025-10-13,STR012,10,6557.99,14.2,5,2,0
2025-06-23,STR001,13,10163.6,13.23,7,3,1
2025-08-25,STR025,16,7703.25,19.88,13,3,2
2026-01-01,STR030,15,10349.47,15.33,10,3,2
2025-10-07,STR009,13,7023.54,19.77,8,3,3
2025-11-07,STR023,9,5901.31,15.67,6,4,1
2026-04-18,STR020,12,7221.11,11.08,5,2,2
2026-05-17,STR012,9,4014.62,18.44,4,2,0
2025-06-04,STR012,17,8869.49,16.88,13,3,1
2025-06-19,STR004,11,6094.45,18.91,8,2,2
2025-10-08,STR020,17,6804.04,15.82,10,2,1
2026-01-11,STR009,23,12883.92,17.83,18,3,4
2025-10-07,STR010,16,5960.87,17.44,12,6,1
2025-09-04,STR015,14,6929.7,18.43,12,2,0
2026-02-25,STR012,10,4905.05,18.5,6,1,1
2025-10-17,STR017,23,11641.78,15.96,13,3,4
2025-06-11,STR006,12,5846.81,21.42,9,3,1
2026-01-25,STR026,13,4209.82,16.85,9,5,1
2026-03-25,STR020,9,5960.08,23.0,4,1,2
2026-04-29,STR026,20,11026.19,15.6,13,4,5
2026-02-11,STR022,13,5801.7,20.46,9,6,1
2026-01-08,STR002,18,9800.17,21.0,12,3,2
2025-10-28,STR016,13,6422.53,14.08,6,0,1
2026-04-06,STR020,15,7600.8,21.67,11,3,0
2026-03-24,STR030,13,8345.23,18.69,10,1,3
2025-09-23,STR008,20,9250.89,18.7,13,4,2
2026-06-01,STR018,13,4091.41,13.23,5,4,0
2026-02-21,STR028,13,6732.0,14.69,6,2,0
2026-01-20,STR006,12,4876.25,15.75,9,3,1
2025-07-17,STR009,13,11176.82,17.54,8,2,3
2025-08-05,STR011,13,6118.64,15.23,8,1,3
2025-06-25,STR026,9,4164.54,15.89,5,1,0
2025-12-16,STR024,7,6080.39,13.71,4,2,0
2026-02-01,STR025,17,9910.0,18.35,14,3,3
2025-08-15,STR026,16,7384.75,18.0,9,0,3
2025-11-20,STR014,14,5433.83,18.86,9,7,1
2026-05-04,STR014,14,6966.65,18.79,11,1,2
2025-11-28,STR024,15,7410.03,17.07,9,1,0
2025-06-30,STR020,13,8411.16,21.38,8,4,2
2025-09-07,STR027,12,9436.72,17.5,9,5,0
2026-03-05,STR015,12,7356.68,17.0,9,4,1
2026-05-16,STR007,16,9302.6,17.63,13,2,3
2025-08-14,STR018,17,5905.19,18.35,12,6,2
2026-02-19,STR009,16,8708.16,17.25,9,3,3
2025-07-11,STR013,11,5536.45,18.27,8,3,1
2026-02-10,STR020,12,5788.74,17.58,9,2,2
2025-10-17,STR023,9,1982.31,15.33,6,2,0
2025-07-18,STR022,11,5603.37,21.91,7,3,0
2025-08-20,STR021,15,6612.07,19.27,13,5,1
2025-07-21,STR001,17,8608.93,18.18,13,5,1
2025-11-29,STR006,10,7860.85,16.9,8,2,0
2026-05-03,STR030,14,8604.71,16.71,6,2,2
2025-09-14,STR013,11,4615.04,14.18,8,4,1
2025-11-07,STR021,16,6548.32,18.69,12,5,3
2025-07-17,STR019,11,6241.74,20.36,9,1,0
2025-09-25,STR029,14,6596.64,17.64,9,2,1
2025-11-26,STR009,17,5865.59,18.71,13,2,3
2025-11-28,STR007,16,8142.54,19.81,9,3,1
2026-02-05,STR015,15,7620.98,21.2,12,5,1
2025-11-21,STR025,9,2792.96,11.89,2,3,2
2025-11-19,STR028,15,6954.84,13.0,8,5,1
2026-01-27,STR012,14,6526.68,18.86,9,4,0
2025-08-21,STR030,15,5629.38,13.93,8,3,1
2026-05-02,STR006,17,12971.26,16.12,10,4,1
2026-02-21,STR002,10,4163.61,22.1,6,2,1
2025-11-15,STR005,18,10252.76,15.06,11,7,2
2025-06-05,STR013,16,6148.11,15.56,13,2,2
2025-07-31,STR023,7,3035.61,19.43,4,3,2
2025-08-10,STR023,21,10614.26,19.33,14,4,1
2026-05-18,STR016,15,8681.29,15.73,5,4,1
2025-09-09,STR012,15,6602.48,20.07,11,1,2
2025-11-30,STR007,12,5016.65,14.92,7,1,0
2025-11-29,STR014,15,9392.44,12.33,8,2,1
2026-05-01,STR024,10,3649.06,16.9,5,1,2
2025-09-26,STR009,18,11118.19,17.94,13,4,1
2025-07-27,STR028,11,5211.07,14.55,6,2,0
2026-04-11,STR001,15,8396.94,16.47,9,2,2
2025-10-17,STR002,9,5773.28,16.89,6,1,0
2026-04-01,STR001,16,12892.47,15.63,12,1,3
2025-11-02,STR028,17,11594.2,19.06,9,3,3
2025-06-19,STR001,14,6694.93,15.79,9,3,1
2026-01-22,STR004,17,6553.12,13.18,9,1,1
2026-02-25,STR022,11,5908.77,18.64,8,3,2
2025-08-25,STR004,11,8085.17,14.55,6,1,0
2025-12-01,STR022,14,6916.68,17.79,9,4,1
2025-10-15,STR015,15,9993.15,15.67,10,0,3
2025-09-25,STR027,12,5073.28,17.92,8,3,1
2026-05-31,STR020,13,5413.9,15.15,7,1,0
2026-03-02,STR029,14,7235.22,14.29,9,3,1
2025-08-28,STR006,15,6825.59,17.47,9,3,1
2025-06-03,STR013,24,13316.57,16.75,18,4,3
2025-11-02,STR014,8,2768.49,14.13,3,1,1
2025-07-09,STR018,19,6920.34,15.68,12,4,0
2026-02-11,STR023,20,10619.74,14.0,12,8,3
2025-12-18,STR005,11,9251.28,22.0,7,3,1
2026-01-14,STR014,15,7362.82,17.67,11,3,1
2025-10-28,STR011,19,9607.78,20.74,13,5,0
2025-10-08,STR023,17,9315.23,22.18,14,4,0
2025-07-17,STR013,14,7133.25,17.79,10,3,1
2026-01-25,STR011,15,15169.97,19.07,11,4,0
2025-06-09,STR004,19,11602.32,16.89,10,5,3
2026-05-20,STR001,21,11723.2,22.76,17,6,2
2025-08-24,STR010,16,6685.61,16.44,8,4,3
2026-05-10,STR009,17,11129.91,20.18,13,3,1
2025-11-02,STR008,12,11215.52,12.67,5,3,2
2025-11-02,STR011,19,13255.73,13.11,8,4,5
2025-09-01,STR019,10,5340.45,15.9,6,1,2
2025-11-23,STR006,15,6998.32,13.93,9,4,4
2025-06-09,STR021,16,11567.83,18.13,10,3,2
2025-12-01,STR026,15,6810.17,16.93,11,3,0
2025-12-08,STR004,12,11386.72,16.33,10,1,0
2025-12-03,STR003,15,5829.3,17.67,9,2,1
2026-01-16,STR024,18,10590.03,14.22,8,1,2
2026-01-16,STR002,10,7880.25,13.3,4,2,2
2026-05-26,STR006,27,10753.9,15.52,18,12,2
2025-11-26,STR005,18,14493.77,18.28,13,2,2
2025-09-07,STR004,17,8107.83,19.29,13,3,2
2025-11-30,STR018,16,8613.29,14.44,9,6,2
2025-06-07,STR020,12,4574.16,15.67,6,2,1
2026-03-23,STR009,14,9916.73,18.29,13,3,1
2026-01-18,STR006,22,9445.62,12.64,12,6,1
2026-05-09,STR023,15,9848.34,13.27,8,1,0
2025-06-28,STR012,10,5093.53,12.4,2,1,0
2026-04-05,STR019,15,9493.37,23.07,11,1,2
2025-08-16,STR015,17,8346.53,15.94,13,4,1
2025-07-11,STR018,11,4192.96,13.91,6,1,0
2026-02-18,STR024,20,7085.24,14.1,9,7,2
2025-09-08,STR026,12,5708.39,15.33,7,2,2
2026-01-10,STR014,13,6148.82,14.15,9,6,0
2025-09-23,STR027,11,8654.45,12.64,7,1,2
2025-08-21,STR017,20,8254.73,15.7,12,1,0
2025-11-27,STR024,18,14967.82,16.17,9,1,1
2025-11-09,STR020,16,5504.67,12.75,8,3,0
2025-11-07,STR020,11,4671.2,12.09,3,4,1
2025-09-07,STR010,14,4504.47,13.43,8,1,1
2026-01-30,STR011,11,3877.34,11.36,5,4,0
2026-03-14,STR006,14,7890.02,17.57,10,5,2
2026-04-27,STR011,20,9090.34,14.45,11,8,1
2025-06-17,STR003,7,2831.52,17.0,5,1,0
2025-11-18,STR002,12,5378.84,15.08,6,5,1
2025-07-25,STR014,16,7720.75,20.81,12,5,6
2025-10-05,STR019,16,8480.16,14.13,10,4,1
2025-12-06,STR012,17,8127.77,17.53,12,4,4
2025-10-30,STR008,17,6976.72,16.59,10,2,2
2026-03-22,STR020,12,5332.46,13.75,8,3,3
2025-12-15,STR001,14,6316.63,13.21,6,3,1
2025-08-01,STR011,15,6400.18,15.4,8,2,2
2025-07-22,STR022,17,5349.76,12.76,6,3,2
2026-01-08,STR018,10,3047.2,18.8,7,2,2
2025-07-10,STR027,7,4048.57,17.57,6,2,1
2025-07-02,STR017,10,5715.69,14.5,7,3,0
2026-01-14,STR023,17,8711.95,18.12,11,2,3
2025-11-13,STR016,18,8741.96,16.61,13,5,2
2025-06-04,STR005,15,4954.92,20.87,13,3,1
2026-04-25,STR020,15,9314.71,18.67,11,2,0
2025-10-17,STR008,21,10936.06,14.9,13,3,2
2026-04-26,STR023,11,5872.59,15.64,7,2,1
2026-03-31,STR026,13,4042.11,16.85,10,4,2
2026-02-02,STR020,17,7732.81,17.65,12,4,4
2025-09-15,STR021,18,8764.41,16.22,11,2,2
2026-01-14,STR016,11,5959.37,12.18,5,4,1
2025-09-11,STR019,12,4935.63,18.08,8,2,0
2026-02-07,STR002,14,6969.2,14.71,8,3,4
2025-10-25,STR027,15,9502.96,15.87,10,4,1
2025-07-28,STR025,13,8563.04,15.77,8,2,2
2026-05-08,STR030,12,8317.54,13.75,7,2,2
2025-12-04,STR023,14,7044.35,16.36,7,1,4
2026-02-24,STR022,15,6291.31,17.33,10,3,2
2025-08-05,STR020,13,6103.72,15.54,12,1,2
2026-03-23,STR005,20,6640.65,13.25,11,5,2
2025-08-28,STR001,15,8719.95,17.47,10,2,1
2025-07-27,STR014,16,6196.33,20.31,12,1,2
2026-04-13,STR012,12,9688.03,18.33,9,0,2
2026-05-27,STR011,15,10469.65,17.0,7,2,1
2025-08-05,STR001,16,6380.28,20.75,13,5,1
2026-03-20,STR012,11,3665.9,18.18,7,3,1
2026-04-21,STR028,14,6309.99,21.64,11,4,0
2025-10-11,STR025,13,6358.8,15.77,7,5,2
2025-11-07,STR009,10,5193.37,17.5,7,4,0
2026-05-21,STR027,9,4317.26,16.33,6,2,0
2026-03-17,STR017,20,19048.17,15.8,13,5,2
2025-10-07,STR017,17,6044.59,18.35,11,3,1
2026-03-31,STR010,16,7341.68,12.69,10,1,0
2026-03-20,STR011,8,4674.02,13.88,5,0,2
2025-07-07,STR019,13,6981.31,17.23,8,2,1
2026-03-08,STR030,10,4184.81,19.6,6,2,2
2025-12-10,STR011,10,5014.59,20.3,7,4,0
2026-02-26,STR001,16,8199.39,18.5,11,4,4
2026-01-15,STR010,13,7458.09,17.54,8,3,2
2026-03-03,STR025,11,4953.75,15.09,7,2,1
2025-10-06,STR003,14,5422.63,15.43,9,3,0
2026-03-20,STR002,15,9056.65,17.2,6,0,0
2025-06-10,STR017,23,12128.18,20.0,16,7,5
2026-03-19,STR022,20,6643.83,14.5,11,8,3
2025-12-08,STR029,13,5257.44,13.62,7,5,0
2025-07-04,STR005,7,2005.97,21.0,7,2,0
2025-08-27,STR010,16,10123.34,14.0,10,1,1
2026-03-07,STR013,17,8057.02,16.76,12,4,3
2025-07-09,STR013,17,11833.64,10.88,8,2,3
2025-11-22,STR012,19,7887.83,16.58,11,2,2
2026-01-06,STR013,13,6763.3,17.54,9,0,2
2025-08-15,STR018,18,6587.8,14.67,8,1,2
2025-08-09,STR022,13,5288.94,15.15,8,2,2
2026-03-04,STR012,15,11925.24,12.07,5,2,0
2025-11-01,STR022,13,6644.42,18.23,9,2,1
2026-04-06,STR012,14,5803.74,18.0,7,4,0
2025-11-01,STR009,17,9666.58,20.53,12,6,4
2026-04-05,STR014,18,8573.0,15.44,10,4,3
2026-04-01,STR015,12,3947.29,17.33,9,2,4
2026-05-03,STR012,14,5811.18,15.21,7,5,2
2026-03-13,STR022,12,4623.4,13.17,8,3,0
2026-04-11,STR017,12,9474.82,14.92,7,1,0
2026-03-01,STR009,16,7951.45,18.44,9,2,2
2026-03-26,STR012,13,7489.96,19.77,11,3,2
2025-09-28,STR018,17,10019.09,16.82,13,3,3
2026-02-22,STR019,17,8583.5,14.94,6,3,3
2025-10-28,STR028,17,6280.57,16.71,12,5,3
2025-09-09,STR023,13,7054.66,14.46,8,5,1
2026-02-17,STR002,11,5235.15,14.55,4,1,1
2026-04-24,STR016,13,8605.22,15.92,9,4,1
2025-12-28,STR015,8,6606.13,13.13,3,2,2
2025-08-19,STR027,15,7124.54,14.73,9,2,2
2025-10-30,STR018,14,4343.62,17.14,8,3,0
2025-09-30,STR015,9,3353.99,18.89,6,0,0
2026-04-09,STR005,17,8944.6,16.71,14,4,3
2025-12-22,STR028,18,9166.83,17.17,14,4,3
2025-10-21,STR027,15,5829.61,14.4,9,3,1
2025-11-11,STR003,18,8339.19,17.22,11,5,4
2026-03-31,STR015,19,13484.26,18.0,13,3,0
2025-07-11,STR008,11,7154.37,17.18,5,2,3
2026-04-09,STR008,18,13547.2,15.11,14,3,1
2026-01-02,STR016,13,7420.67,21.31,9,1,1
2025-12-29,STR004,17,10513.49,18.24,9,4,1
2025-08-09,STR010,14,6539.06,17.07,11,2,0
2025-10-25,STR004,6,3594.1,11.5,2,2,1
2025-09-04,STR021,19,13854.68,14.89,8,3,1
2025-11-14,STR003,15,8996.79,16.6,10,1,0
2026-01-01,STR003,14,6080.94,17.21,9,1,1
2026-05-09,STR001,16,4479.04,12.69,8,3,3
2026-05-22,STR003,15,9872.61,16.47,8,0,2
2025-11-05,STR009,14,6054.12,15.64,8,2,3
2026-02-26,STR027,8,5806.63,25.63,8,2,3
2025-09-17,STR010,15,6987.69,17.67,11,1,3
2026-02-21,STR001,13,9941.55,19.23,9,3,1
2025-12-28,STR004,18,10294.04,15.22,10,5,2
2026-02-17,STR025,15,4809.77,16.4,12,2,2
2025-08-16,STR001,10,7591.48,11.6,5,2,2
2025-08-23,STR013,19,10028.2,15.05,9,4,1
2025-12-07,STR010,14,7069.39,19.21,12,3,1
2026-05-16,STR021,12,7822.45,12.58,4,1,2
2025-09-19,STR009,16,4847.92,16.5,10,3,3
2026-02-22,STR013,5,1551.29,17.8,2,2,0
2025-10-20,STR004,14,7318.88,19.0,13,1,1
2025-08-12,STR027,15,9769.81,12.6,5,3,0
2025-06-19,STR014,20,12117.4,17.9,15,5,2
2025-09-24,STR013,17,7956.73,16.06,10,4,2
2026-05-06,STR023,13,8514.13,16.38,8,2,1
2025-10-01,STR004,20,11309.36,14.1,13,3,1
2026-05-17,STR003,15,7896.3,14.8,8,6,1
2025-11-11,STR010,24,19812.3,21.83,15,5,2
2026-04-09,STR003,17,12233.55,13.12,11,5,3
2025-10-24,STR014,9,5943.58,21.78,4,1,0
2025-07-04,STR030,20,10344.01,13.25,12,2,2
2026-05-28,STR027,8,4759.8,12.38,3,3,1
2026-01-22,STR022,14,6659.83,17.14,9,5,2
2025-08-01,STR024,18,8525.86,13.78,10,3,2
2025-10-11,STR016,16,7733.47,15.81,9,6,2
2026-02-26,STR025,13,11685.39,15.92,7,4,0
2025-10-27,STR021,15,11157.61,16.33,8,2,1
2025-06-08,STR004,18,7478.78,15.72,10,4,2
2025-11-28,STR022,14,7718.46,20.79,11,4,0
2026-06-03,STR026,13,7188.45,13.46,6,1,1
2026-03-11,STR023,13,4459.52,20.62,10,2,2
2025-12-29,STR018,15,4082.32,15.07,8,4,3
2025-12-30,STR016,17,11055.73,19.12,13,4,3
2026-03-10,STR026,9,2994.31,13.67,2,2,1
2025-10-23,STR019,18,8824.58,17.56,10,2,0
2026-05-08,STR012,14,3053.9,17.79,9,1,0
2026-04-04,STR008,11,6793.55,13.73,5,4,2
2025-12-19,STR016,16,10317.15,21.25,11,5,1
2025-10-12,STR029,13,6901.63,21.46,7,1,2
2026-01-04,STR004,15,9861.64,12.87,6,3,1
2026-02-04,STR020,12,4761.63,10.25,3,2,1
2025-10-24,STR013,17,8841.28,16.41,10,3,0
2026-04-30,STR018,13,9928.98,16.69,6,2,0
2026-03-15,STR004,11,4306.2,10.64,3,3,2
2025-10-08,STR029,12,6368.87,18.33,9,2,1
2026-04-21,STR014,12,3454.32,12.25,5,4,1
2025-10-01,STR027,16,8226.44,15.56,11,3,0
2026-04-09,STR025,10,6106.8,18.5,6,1,2
2026-01-03,STR026,8,2654.14,17.13,6,1,1
2025-10-17,STR014,20,7568.59,18.25,15,3,2
2025-08-04,STR008,9,3836.67,16.22,5,1,1
2026-05-25,STR023,14,6403.4,11.43,6,5,0
2025-10-09,STR015,11,4350.9,18.91,8,4,2
2025-10-18,STR019,11,8211.34,11.36,4,1,3
2026-01-27,STR013,12,4875.65,13.58,7,5,3
2025-10-20,STR027,8,3759.25,15.75,4,2,2
2025-10-04,STR022,7,3795.42,14.43,3,0,0
2026-04-18,STR026,10,8115.5,14.2,7,5,1
2025-08-31,STR010,12,6404.17,18.75,7,5,0
2025-10-19,STR004,13,6589.4,18.38,9,1,1
2025-07-20,STR005,14,8148.76,19.36,10,4,2
2026-04-11,STR006,14,5850.7,22.21,9,4,1
2026-02-15,STR001,13,6385.34,18.38,8,5,2
2026-05-03,STR014,11,5249.59,17.82,8,6,1
2026-03-02,STR030,14,4286.29,17.07,10,2,2
2025-11-14,STR001,8,5600.52,11.63,3,0,0
2026-03-03,STR002,10,5193.69,11.3,4,1,0
2025-08-30,STR017,12,5268.63,17.92,8,1,2
2026-02-26,STR016,13,6709.02,23.92,12,4,0
2026-05-17,STR015,19,8970.45,21.37,14,3,1
2025-07-12,STR024,10,7742.04,15.9,4,0,0
2026-02-04,STR021,11,8819.83,17.82,6,1,1
2026-05-12,STR001,12,2696.48,16.17,6,1,2
2026-04-03,STR001,16,12232.78,18.81,11,4,1
2026-04-16,STR027,23,11338.65,19.26,16,3,2
2025-06-03,STR002,17,6298.73,16.76,10,5,1
2025-09-29,STR001,11,6998.04,11.82,6,3,1
2026-05-17,STR008,15,7622.59,18.07,7,3,2
2025-11-06,STR020,17,13028.29,16.18,12,7,3
2026-02-08,STR021,15,8729.89,12.93,9,4,0
2026-04-20,STR006,12,6205.97,17.58,9,6,0
2026-02-09,STR014,19,10007.25,13.63,9,1,5
2025-06-29,STR027,12,6028.77,14.67,7,2,3
2026-01-31,STR018,16,9921.42,15.31,9,5,2
2026-04-23,STR024,10,5451.91,21.7,9,1,0
2025-09-24,STR010,18,8403.94,19.5,14,4,3
2026-05-06,STR024,9,4812.97,16.89,5,4,1
2026-04-11,STR016,10,7173.48,16.3,7,0,1
2026-02-14,STR016,13,8195.92,12.69,3,3,0
2025-11-11,STR022,9,4441.78,12.44,3,3,1
2026-01-02,STR020,12,4733.37,21.17,9,1,2
2025-12-05,STR006,12,6935.22,12.17,5,2,2
2026-02-07,STR015,14,8606.68,16.14,5,1,1
2025-10-16,STR003,14,4001.6,19.07,10,7,0
2026-05-28,STR003,18,14484.38,15.94,11,4,3
2025-06-19,STR011,20,14773.51,19.75,16,7,2
2025-11-17,STR017,18,9315.63,15.44,11,6,3
2025-07-18,STR007,17,7168.46,17.47,12,2,0
2025-12-30,STR008,13,8900.43,28.0,10,4,0
2026-05-04,STR021,12,2591.14,13.92,8,3,2
2025-11-11,STR027,16,7237.77,20.19,12,2,2
2026-04-12,STR029,11,5803.53,12.55,6,3,1
2026-04-13,STR010,18,7919.85,13.39,10,1,0
2025-12-30,STR003,15,11209.67,14.53,7,2,3
2026-03-12,STR007,9,6804.9,16.11,6,1,3
2026-05-16,STR015,9,5804.2,17.11,5,3,2
2025-06-20,STR010,17,8766.73,12.76,7,5,1
2025-09-05,STR009,16,6561.04,14.31,8,3,2
2025-07-22,STR026,17,6142.44,19.24,12,5,1
2025-10-30,STR029,7,3099.36,12.43,4,3,2
2025-06-15,STR013,8,7140.04,12.75,5,0,0
2026-01-12,STR016,15,10142.25,15.33,7,1,1
2025-07-20,STR009,13,6414.74,16.77,11,5,1
2026-03-17,STR006,12,4095.58,18.25,8,2,1
2026-05-11,STR021,6,2698.89,14.83,4,3,0
2025-07-16,STR009,16,13916.07,15.06,6,1,4
2026-02-13,STR002,19,10711.72,14.95,11,5,5
2026-02-14,STR030,12,6545.62,18.25,8,5,2
2025-11-08,STR001,18,11183.81,19.28,10,2,2
2025-06-26,STR001,14,4429.34,14.86,9,0,2
2025-11-10,STR030,8,2727.88,16.13,5,3,1
2025-06-10,STR010,10,3647.98,18.7,8,1,0
2025-07-30,STR028,10,5868.94,19.5,8,3,1
2025-09-29,STR030,14,7462.8,18.0,8,3,0
2026-05-17,STR014,12,5283.0,16.92,7,2,0
2026-02-20,STR021,13,10673.03,20.92,9,7,0
2026-03-30,STR004,19,7442.67,15.47,13,5,2
2025-10-28,STR023,17,11701.6,16.24,12,4,1
2026-05-05,STR025,17,4704.87,19.94,12,4,1
2025-09-03,STR002,12,9402.9,14.58,9,1,1
2025-10-12,STR027,14,16119.91,14.21,9,4,2
2026-05-31,STR010,11,5367.66,15.55,8,3,2
2025-09-23,STR005,11,6432.34,17.09,8,0,2
2025-07-18,STR027,13,7115.4,15.08,6,2,3
2025-11-17,STR026,20,10937.35,16.5,14,1,0
2026-02-22,STR004,11,5791.6,14.55,6,3,3
2025-09-12,STR012,19,8070.71,19.58,13,4,3
2026-04-30,STR009,13,9929.19,20.23,9,2,0
2025-11-15,STR012,14,9059.24,18.07,7,1,2
2026-01-30,STR020,13,10788.63,17.62,9,4,1
2026-05-07,STR016,15,7430.7,17.27,9,2,2
2025-06-15,STR029,16,6729.98,22.5,14,3,1
2025-06-22,STR016,17,10219.07,17.47,12,3,3
2025-10-12,STR017,12,3890.3,20.08,8,3,4
2025-10-15,STR016,20,8545.71,17.25,15,8,1
2025-10-06,STR007,13,7963.1,14.31,8,2,1
2026-05-03,STR004,16,5170.97,15.13,9,3,0
2025-07-03,STR006,14,2987.95,17.43,10,1,0
2026-02-05,STR016,17,5681.71,14.47,9,4,1
2026-06-03,STR007,20,10612.32,15.45,12,2,1
2025-08-14,STR010,13,7462.26,14.54,8,4,0
2025-09-01,STR007,10,5466.61,17.9,7,2,1
2025-06-17,STR028,12,2956.37,13.67,10,4,1
2026-03-07,STR017,15,5597.96,14.13,11,3,0
2025-07-21,STR011,15,7002.46,18.73,9,2,1
2026-01-28,STR026,15,6253.83,12.07,3,6,0
2026-05-03,STR025,16,7327.55,13.25,5,2,2
2026-03-10,STR029,12,7581.64,15.5,6,2,1
2025-06-27,STR030,17,5644.06,15.24,12,5,2
2025-06-07,STR009,16,11193.01,16.13,11,4,1
2026-06-03,STR018,12,4976.07,14.83,5,3,0
2026-01-16,STR030,8,9129.02,19.75,7,1,1
2026-04-09,STR021,19,7112.05,14.63,9,5,1
2026-02-22,STR016,14,7428.74,16.0,9,3,0
2026-03-31,STR024,11,6545.59,11.09,5,2,0
2025-09-25,STR026,8,4215.79,21.13,7,1,0
2026-02-27,STR007,10,4751.03,11.8,4,2,0
2025-10-31,STR019,7,3354.66,11.14,3,3,1
2026-05-20,STR003,5,1270.68,22.8,4,2,0
2025-06-21,STR014,12,5738.5,11.25,4,4,1
2025-10-27,STR027,10,3727.68,21.1,6,1,2
2025-12-26,STR001,17,8831.32,17.24,11,6,1
2025-08-22,STR021,13,3919.36,13.92,5,3,2
2025-07-10,STR013,9,6287.09,14.56,4,0,0
2026-01-13,STR002,12,5657.15,17.08,9,0,0
2026-03-06,STR022,21,9493.45,18.38,17,4,2
2026-03-29,STR028,10,5484.44,23.4,8,3,1
2026-04-30,STR014,16,10017.57,20.94,12,3,2
2025-10-02,STR006,12,6436.24,19.42,9,1,1
2026-05-09,STR025,11,5732.26,17.09,5,2,0
2025-10-10,STR019,16,7130.61,14.31,9,4,4
2025-10-14,STR015,18,9443.51,22.78,17,3,1
2025-06-03,STR007,12,7292.63,15.33,6,2,0
2026-01-19,STR027,17,9530.53,15.59,14,4,2
2025-08-04,STR002,14,9624.0,16.64,9,4,1
2025-11-26,STR008,17,10299.33,19.71,12,6,4
2026-04-20,STR005,9,4130.37,18.22,6,3,1
2026-03-23,STR014,18,9446.11,16.11,11,5,0
2025-11-12,STR006,14,8019.63,16.5,9,3,1
2026-05-10,STR020,15,7144.02,16.13,12,3,1
2026-04-05,STR016,12,8204.54,15.0,7,3,3
2025-10-15,STR020,10,3497.26,16.5,5,4,2
2025-12-04,STR013,10,6151.18,19.7,5,2,2
2025-08-24,STR013,16,10233.45,16.88,10,3,2
2026-03-29,STR005,14,5848.81,17.07,11,3,0
2026-02-15,STR022,14,5107.33,18.93,11,2,2
2026-02-22,STR029,21,12393.3,14.48,11,7,0
2025-10-16,STR004,13,6745.3,15.31,7,1,0
2025-07-11,STR003,14,7184.22,17.07,11,3,2
2025-07-13,STR020,17,4507.99,14.18,12,4,2
2025-11-02,STR009,19,10390.15,18.89,11,4,1
2025-09-17,STR013,9,4046.77,11.67,5,3,1
2025-07-26,STR027,17,10119.97,14.35,11,4,2
2025-10-21,STR012,12,8454.99,16.0,8,3,0
2025-08-28,STR010,18,8094.0,13.61,13,3,0
2026-03-26,STR024,9,4286.31,24.22,7,1,1
2025-08-22,STR017,16,3982.13,14.88,10,3,1
2025-10-20,STR028,12,5934.82,13.25,8,0,2
2025-06-06,STR025,7,6456.23,17.0,6,4,1
2025-08-17,STR004,12,8548.05,12.67,5,1,0
2025-11-05,STR010,10,5410.58,13.5,6,2,0
2026-02-15,STR020,11,7944.08,18.64,6,1,1
2026-03-30,STR030,18,8778.7,16.06,14,6,3
2025-06-23,STR030,11,7734.4,16.91,9,2,3
2026-05-24,STR003,13,10135.24,14.38,6,3,3
2025-07-01,STR006,12,5630.75,14.42,7,2,1
2025-11-27,STR001,18,9025.25,16.0,15,4,5
2026-04-22,STR023,15,9624.44,15.47,10,6,2
2025-08-18,STR020,10,6394.8,14.1,5,2,2
2025-12-30,STR006,16,6405.01,12.56,8,2,1
2026-02-12,STR014,12,5335.86,17.25,7,1,3
2026-05-14,STR012,13,8507.69,15.62,6,1,2
2026-01-12,STR018,4,3450.7,27.0,4,1,1
2026-05-07,STR028,13,10269.47,11.0,4,2,1
2025-12-30,STR027,14,6701.15,14.64,7,4,2
2026-03-05,STR019,18,8673.51,14.83,10,4,0
2026-01-29,STR023,13,8289.3,22.15,9,2,1
2025-07-30,STR011,12,6510.31,12.67,7,3,3
2026-02-23,STR025,9,7055.46,16.67,6,0,0
2025-08-03,STR028,11,9382.27,14.64,6,7,1
2026-05-07,STR023,11,8128.2,16.91,6,2,0
2025-12-16,STR012,16,4369.31,10.44,5,3,3
2025-08-21,STR022,15,9721.7,20.2,11,2,2
2026-05-17,STR022,12,4834.61,19.5,10,2,0
2026-02-26,STR029,14,10794.42,13.93,11,2,2
2025-07-22,STR023,7,2237.78,15.43,3,2,2
2026-04-01,STR014,10,5535.76,19.3,9,0,1
2025-06-27,STR026,9,3741.96,17.0,5,3,0
2025-12-03,STR006,16,7415.63,13.81,8,1,0
2025-08-02,STR013,13,6056.6,15.46,10,4,3
2026-05-11,STR009,10,2385.65,13.5,5,2,0
2026-03-06,STR009,14,7466.0,13.64,7,4,0
2026-03-25,STR015,10,6044.68,13.3,8,3,2
2026-03-21,STR008,7,3808.93,19.71,5,3,2
2025-11-25,STR023,14,6294.04,16.71,10,5,4
2025-08-18,STR024,12,6148.15,12.92,7,4,0
2025-12-04,STR027,14,5579.32,17.21,10,5,1
2025-07-10,STR022,12,6394.91,17.33,7,5,3
2025-12-22,STR004,13,11056.26,17.23,9,3,2
2025-11-19,STR006,10,3585.37,14.2,5,2,2
2025-11-12,STR004,12,4895.68,19.42,8,1,1
2026-05-24,STR029,21,15950.94,16.38,13,8,3
2025-07-03,STR025,13,6537.06,16.62,8,1,3
2025-12-31,STR022,19,13340.06,17.58,12,3,3
2026-03-28,STR023,13,5260.42,17.31,11,4,2
2026-05-24,STR019,20,17538.81,17.05,13,2,3
2026-01-03,STR014,13,4140.95,15.54,7,5,0
2025-08-06,STR008,17,9095.44,19.65,10,3,2
2025-08-04,STR029,11,6600.39,22.91,7,3,1
2025-12-09,STR004,15,6810.15,17.6,9,2,0
2025-10-19,STR020,12,6556.04,15.58,9,3,1
2025-09-30,STR023,9,5042.95,11.89,4,2,2
2025-11-16,STR002,21,9160.75,17.9,16,5,0
2025-08-16,STR025,16,7510.28,14.63,8,2,4
2025-08-29,STR009,22,8563.22,21.41,16,2,4
2025-09-14,STR020,15,13556.61,16.33,9,4,0
2026-04-23,STR011,14,5859.56,15.64,9,2,1
2025-12-21,STR027,17,4775.05,14.18,8,4,1
2026-01-31,STR023,9,4968.99,16.78,6,2,1
2025-07-21,STR029,8,7045.97,18.13,6,1,2
2026-03-02,STR008,15,7978.86,17.13,8,2,1
2025-11-09,STR014,12,6315.13,15.67,8,1,2
2025-09-17,STR015,11,5386.88,18.09,9,1,2
2026-01-20,STR008,12,7245.65,15.0,5,0,0
2026-01-05,STR007,20,7418.91,14.6,10,5,1
2025-07-17,STR025,12,6896.61,14.17,7,5,1
2026-05-19,STR017,13,3598.14,12.77,5,5,1
2026-02-18,STR008,13,6577.7,17.0,6,4,2
2025-11-03,STR030,13,5593.59,18.77,8,4,3
2025-08-20,STR018,14,10136.32,18.71,14,5,3
2025-07-24,STR008,14,8701.92,14.5,8,3,0
2025-10-01,STR009,13,6095.25,15.69,7,4,2
2025-06-08,STR025,8,2792.06,15.5,4,3,0
2026-04-12,STR020,13,5889.75,16.23,9,4,0
2025-09-16,STR023,10,5253.9,19.4,8,2,0
2025-07-11,STR023,10,5858.53,16.7,8,3,2
2025-06-22,STR023,11,4391.83,18.82,7,3,2
2026-02-11,STR013,13,5887.16,17.31,7,2,1
2025-12-06,STR014,10,7618.99,19.6,5,1,1
2026-01-11,STR024,16,7765.65,14.06,9,6,2
2025-12-26,STR013,14,7042.48,15.43,7,3,3
2025-11-17,STR014,11,7595.43,18.36,7,3,2
2025-12-22,STR002,12,5004.08,15.83,8,2,1
2025-06-14,STR016,8,3388.65,19.13,6,1,0
2026-03-09,STR030,15,5081.82,17.2,8,2,4
2025-09-19,STR030,10,5406.82,20.6,9,4,1
2025-10-14,STR029,13,4794.02,20.77,9,4,4
2025-06-28,STR003,7,2353.92,23.43,4,2,1
2026-01-03,STR005,8,7170.61,16.25,4,2,0
2025-07-08,STR026,14,9426.3,16.79,8,3,0
2026-03-14,STR020,19,11580.37,19.26,14,2,0
2025-11-19,STR008,16,7326.39,17.5,11,4,1
2026-02-08,STR023,9,4178.35,17.44,6,0,2
2025-08-23,STR002,12,9881.73,15.25,6,3,0
2026-04-01,STR028,9,7980.47,21.22,6,2,3
2026-05-03,STR021,15,11010.78,15.73,11,4,2
2025-11-03,STR006,17,6467.89,15.0,9,3,2
2026-02-23,STR002,23,11420.3,15.57,15,3,3
2025-09-08,STR018,15,6575.29,12.53,7,2,0
2025-09-22,STR015,11,7121.5,15.91,6,3,2
2025-07-15,STR014,15,10746.52,19.0,12,1,2
2025-07-18,STR004,12,3048.57,18.83,8,4,3
2026-03-30,STR006,10,4598.87,15.3,5,2,1
2025-06-10,STR016,11,8709.22,15.82,8,2,1
2026-05-18,STR001,12,4613.21,15.5,9,1,3
2025-07-08,STR028,16,9042.77,21.81,12,4,2
2025-10-21,STR024,14,8415.49,17.07,8,3,2
2026-03-30,STR014,11,6602.14,15.73,7,2,2
2026-05-30,STR011,11,6522.38,14.82,4,1,0
2025-07-02,STR006,16,9187.43,14.56,10,6,5
2026-03-25,STR002,14,5741.69,16.64,11,4,3
2026-05-14,STR014,10,7609.04,16.9,8,1,0
2026-05-15,STR028,11,5948.71,13.91,6,1,0
2026-04-04,STR030,12,4929.35,18.92,8,1,1
2026-01-28,STR005,12,8189.76,15.92,7,1,3
2025-08-12,STR024,7,2276.31,12.57,3,2,0
2025-10-29,STR019,11,4387.53,16.45,8,2,2
2025-09-12,STR004,11,8543.95,13.27,4,3,4
2025-07-19,STR020,7,3491.39,22.0,5,3,0
2026-04-15,STR019,11,8711.46,15.27,8,3,0
2025-10-27,STR014,11,5456.83,14.91,6,3,2
2025-09-20,STR024,17,9519.56,17.18,11,2,1
2026-03-27,STR003,14,8053.63,20.57,12,4,2
2026-02-15,STR028,8,6834.07,14.63,5,6,0
2025-06-09,STR002,10,6453.82,13.7,6,1,1
2025-09-28,STR014,6,2044.19,14.83,2,3,0
2025-12-12,STR007,13,4879.79,14.62,7,3,2
2026-02-20,STR010,11,8611.5,18.18,7,2,0
2025-11-06,STR022,15,6751.4,20.2,11,4,2
2026-02-08,STR003,10,6142.42,15.6,7,2,2
2025-09-25,STR007,7,3005.09,14.71,5,0,0
2026-01-21,STR012,7,4300.56,16.29,3,2,0
2025-10-27,STR003,13,3997.45,15.85,8,3,0
2025-10-15,STR001,11,5107.68,20.73,7,3,0
2025-08-07,STR010,11,5490.85,22.82,9,3,0
2026-03-12,STR020,11,6480.81,18.18,8,2,2
2025-06-19,STR015,5,3103.35,22.2,4,1,0
2025-12-12,STR010,9,3591.94,15.67,8,1,1
2025-07-27,STR015,7,4242.96,13.29,5,1,1
2026-02-28,STR009,9,4159.68,15.67,4,2,1
2026-02-12,STR030,11,6106.97,17.27,9,1,0
2025-07-07,STR025,7,4948.82,15.29,5,1,2
2025-08-12,STR029,11,5827.14,16.64,8,2,0
2025-10-13,STR021,9,5050.96,19.22,6,3,1
2025-11-14,STR010,12,6923.17,13.92,6,2,2
2025-08-17,STR030,8,4824.53,19.25,4,3,0
2025-08-18,STR023,10,2092.55,13.8,6,2,0
2025-08-25,STR001,9,3437.62,18.0,6,3,1
2025-10-19,STR010,11,4482.35,13.0,3,1,1
2025-10-22,STR018,8,4474.1,14.0,3,2,2
2025-12-02,STR018,8,2456.48,15.25,5,2,0
2026-03-02,STR001,9,6898.95,14.22,4,1,0
2026-04-12,STR016,8,2862.61,14.38,3,1,0
2026-04-14,STR030,4,1922.92,19.75,4,0,0
2025-11-22,STR027,4,1191.01,17.25,1,1,1
2026-04-02,STR008,6,3495.68,11.5,2,2,1
2025-12-14,STR019,15,7573.42,15.27,9,4,3
2025-08-15,STR025,12,4912.98,14.58,8,1,0
2026-03-18,STR009,10,6920.26,12.4,3,2,2
2026-04-02,STR007,16,8168.9,20.38,12,3,0
2025-07-12,STR006,14,10808.98,18.07,11,1,1
2025-06-20,STR006,12,7201.37,11.67,4,2,1
2025-07-16,STR012,15,6599.89,20.4,11,4,2
2025-06-26,STR019,14,7042.23,21.07,8,5,2
2026-02-10,STR008,14,6825.08,15.29,6,4,0
2025-12-07,STR006,16,6137.28,13.25,9,3,2
2026-02-06,STR028,17,11741.3,13.29,11,2,2
2026-04-15,STR017,14,7929.19,16.43,9,2,3
2025-07-09,STR010,8,4672.48,19.5,6,3,2
2026-02-07,STR007,19,8845.61,14.95,11,7,3
2026-05-15,STR015,11,10076.41,13.82,6,2,2
2026-03-15,STR030,14,8662.51,11.57,7,1,2
2025-11-13,STR024,11,6076.43,18.27,6,3,1
2026-02-26,STR030,18,9004.64,16.17,13,5,0
2025-11-12,STR003,18,10812.84,16.28,13,0,2
2026-04-28,STR003,14,9774.2,18.64,12,2,2
2025-12-16,STR011,10,4086.93,13.8,7,2,0
2026-04-28,STR009,15,5696.86,19.67,12,4,2
2025-11-19,STR010,14,10235.45,14.43,5,3,2
2026-04-03,STR020,17,9586.96,18.18,12,6,2
2026-05-02,STR029,13,5636.79,21.77,11,3,1
2026-03-26,STR008,15,11446.65,16.6,8,1,1
2025-08-30,STR025,10,5945.3,18.2,6,3,1
2025-09-28,STR001,12,5088.76,17.83,9,2,1
2026-03-24,STR026,17,7136.06,15.76,10,3,4
2025-07-16,STR030,15,7520.85,17.87,13,1,3
2026-01-26,STR005,14,5059.92,16.5,8,4,1
2026-01-30,STR029,13,5528.46,17.38,7,2,1
2025-11-09,STR006,9,2487.23,18.22,4,1,1
2025-09-01,STR012,24,14440.02,16.54,16,3,1
2026-04-10,STR002,18,8183.95,14.11,8,3,3
2026-04-18,STR014,18,5431.52,12.44,7,3,1
2025-11-25,STR013,20,11850.15,19.25,14,1,1
2025-11-18,STR024,18,5313.44,20.83,10,4,3
2025-10-16,STR024,15,9575.96,19.33,13,4,1
2025-12-19,STR028,15,11235.95,18.53,12,4,2
2025-09-06,STR009,19,9624.78,20.68,14,5,1
2025-11-03,STR024,9,4648.88,14.33,6,0,1
2025-12-09,STR012,13,5302.83,11.23,4,2,1
2025-08-30,STR004,10,5309.43,12.9,4,1,1
2025-06-28,STR029,10,4796.33,12.8,5,0,2
2026-03-08,STR027,17,9844.16,18.88,10,5,2
2025-11-05,STR019,15,5296.56,19.53,10,5,1
2026-04-04,STR024,18,11704.77,16.06,13,5,1
2026-04-10,STR019,17,8818.38,21.35,13,2,1
2026-01-25,STR009,21,13318.58,19.76,14,1,2
2025-08-19,STR029,18,6719.69,13.39,8,4,3
2025-08-30,STR006,10,8734.39,17.5,5,3,1
2026-02-24,STR008,16,6893.93,15.0,8,1,2
2026-06-03,STR013,17,11133.82,13.76,11,4,3
2025-12-05,STR021,14,5511.48,20.07,11,4,3
2026-01-06,STR030,13,5972.16,15.77,9,3,1
2026-03-15,STR008,24,12315.48,16.71,15,6,3
2026-02-16,STR014,13,6307.95,18.23,10,4,1
2026-02-08,STR011,15,9975.36,15.4,11,2,2
2026-02-06,STR016,11,5100.26,21.09,10,1,0
2026-01-12,STR009,9,4137.77,14.56,4,1,1
2026-01-20,STR018,16,9845.74,16.81,11,3,0
2026-01-09,STR001,6,4933.88,16.5,4,1,0
2025-11-25,STR024,10,2692.66,19.3,6,1,2
2026-02-24,STR006,13,5589.57,16.54,9,2,3
2025-11-25,STR026,16,6228.44,15.69,12,3,1
2025-07-23,STR026,14,7839.74,15.86,8,4,0
2025-08-04,STR023,12,7144.71,20.5,10,2,2
2025-09-11,STR006,16,7392.39,17.13,7,4,4
2026-02-03,STR023,12,6108.99,19.67,12,3,2
2025-10-06,STR025,16,5891.45,21.75,11,1,1
2026-04-22,STR006,9,4452.07,16.89,5,2,1
2026-03-30,STR012,11,5374.72,19.09,9,1,1
2026-01-11,STR007,10,6705.29,11.5,4,1,0
2025-07-02,STR013,18,9595.74,19.11,15,6,2
2025-07-05,STR019,11,4680.92,20.45,7,2,1
2025-09-25,STR003,15,7503.31,17.93,10,4,3
2026-03-25,STR022,14,5630.0,11.29,5,2,2
2025-11-11,STR001,16,5228.7,15.69,9,3,2
2025-09-13,STR010,16,5883.15,13.38,9,6,0
2025-08-10,STR013,15,9736.74,17.27,10,2,1
2025-12-05,STR022,19,11811.21,13.11,8,2,5
2025-08-16,STR024,18,10128.08,18.94,15,6,0
2026-02-01,STR019,19,12674.56,18.11,12,3,1
2026-03-16,STR005,17,7635.22,18.0,12,6,0
2025-10-23,STR024,12,6326.53,16.5,9,3,3
2026-06-02,STR003,13,9389.27,15.38,10,3,3
2025-06-23,STR003,15,6190.46,16.2,9,2,1
2026-05-30,STR007,16,8674.3,12.13,7,4,0
2025-09-01,STR002,11,5961.94,18.91,9,2,1
2025-10-11,STR024,19,7835.01,14.47,11,5,1
2025-07-15,STR008,19,7806.96,17.68,12,3,2
2025-11-21,STR009,13,7229.38,18.0,10,3,1
2026-01-06,STR029,17,6658.37,15.71,12,5,1
2026-01-25,STR017,15,4892.2,16.47,9,2,3
2026-05-07,STR029,15,9618.71,17.87,11,1,2
2025-09-08,STR002,15,6402.23,13.47,9,4,2
2026-03-19,STR002,9,5324.3,12.22,3,1,0
2025-09-20,STR027,11,6352.02,16.55,7,2,0
2025-08-18,STR015,9,4351.5,17.89,6,1,2
2025-08-25,STR015,8,5132.78,16.0,5,0,1
2026-02-09,STR010,14,9188.04,18.29,8,4,1
2025-11-14,STR024,21,12687.99,18.95,16,5,0
2025-07-01,STR004,10,4995.9,16.8,6,2,1
2026-05-07,STR006,8,4578.72,18.13,6,2,0
2025-09-12,STR010,11,8078.67,18.0,7,5,1
2026-01-09,STR016,13,7252.9,16.38,8,5,1
2025-08-06,STR005,14,8660.91,16.93,8,1,1
2026-04-25,STR003,12,6968.36,20.08,9,1,1
2026-01-13,STR027,18,14907.86,13.39,11,3,1
2025-10-29,STR005,12,6085.08,16.42,7,4,2
2026-03-25,STR011,17,9804.8,16.88,11,1,3
2025-08-31,STR014,17,10929.98,19.35,12,4,3
2026-03-22,STR025,25,10320.66,16.92,16,4,1
2025-11-02,STR004,7,2068.04,15.29,3,1,0
2026-01-10,STR006,14,8258.0,16.5,7,0,3
2026-03-29,STR021,13,7282.39,18.62,11,4,1
2025-10-18,STR026,8,3547.51,14.5,4,2,0
2026-01-11,STR005,10,6618.15,19.4,6,4,1
2026-04-02,STR022,17,5051.03,10.47,5,4,0
2025-06-28,STR008,10,3403.42,14.3,5,4,2
2025-06-26,STR017,14,5349.92,12.71,5,3,1
2026-05-29,STR009,12,4115.81,15.92,8,1,1
2026-01-22,STR024,22,8407.48,15.95,11,5,2
2025-12-07,STR013,12,6419.24,15.58,8,0,1
2025-09-02,STR029,10,7960.59,18.7,7,4,0
2026-01-12,STR005,9,7191.74,18.11,8,3,0
2026-05-06,STR027,13,3776.32,22.77,10,4,2
2026-02-07,STR003,12,5882.79,16.17,5,2,2
2026-05-18,STR022,15,7650.25,15.93,10,3,2
2025-09-26,STR013,15,5848.62,14.07,9,5,2
2026-02-08,STR027,18,7639.55,18.33,12,2,1
2026-01-25,STR019,12,7937.07,16.0,7,5,0
2026-04-01,STR004,14,6082.27,14.79,8,4,1
2025-12-18,STR028,13,5750.3,16.23,8,2,2
2025-07-27,STR012,13,6739.2,14.31,6,3,2
2025-11-20,STR024,12,2974.69,15.17,8,1,0
2026-03-12,STR023,16,6636.72,17.44,11,3,3
2025-09-17,STR016,15,4842.52,16.93,8,7,2
2025-12-12,STR003,17,5581.12,16.12,11,5,1
2025-06-05,STR028,21,12970.7,16.43,16,4,3
2026-01-07,STR021,10,8547.88,13.3,9,1,0
2026-01-12,STR023,17,10961.77,14.18,10,4,1
2025-10-18,STR009,11,5734.19,22.27,9,2,2
2026-05-11,STR008,15,9046.93,13.73,10,2,3
2025-12-27,STR006,14,9031.99,17.21,11,2,3
2026-02-27,STR030,13,8478.29,20.38,9,7,3
2025-12-08,STR007,15,6515.29,15.47,8,4,0
2025-12-16,STR020,18,10718.9,22.33,15,2,3
2026-04-20,STR018,14,6657.32,19.57,11,1,2
2026-03-02,STR028,14,6673.75,17.93,10,5,1
2026-01-18,STR005,12,11702.21,14.17,6,4,2
2026-03-27,STR002,19,12166.13,19.58,14,5,1
2026-03-14,STR027,24,9660.41,16.79,18,8,2
2025-10-27,STR007,18,8802.79,13.0,9,2,2
2025-10-06,STR010,17,10703.37,14.88,13,2,2
2025-09-19,STR005,17,5223.58,19.65,14,4,1
2026-01-04,STR024,12,4906.56,19.33,10,3,4
2025-11-05,STR002,11,8325.37,18.09,4,2,0
2025-11-27,STR007,11,6943.46,14.18,7,2,1
2025-07-19,STR018,18,8388.22,13.44,11,4,1
2026-01-19,STR021,17,7017.81,16.82,13,3,2
2026-05-13,STR019,16,7154.2,22.5,11,2,5
2026-05-10,STR003,13,6443.76,16.38,9,4,1
2025-10-27,STR020,18,6778.04,16.17,7,4,3
2026-04-10,STR016,15,5436.03,18.0,8,1,0
2025-07-15,STR015,14,9950.55,14.71,8,4,0
2026-03-20,STR006,13,6362.43,18.38,10,5,1
2025-06-13,STR017,12,4009.89,16.08,6,3,0
2026-03-31,STR020,17,9276.13,19.18,10,1,1
2025-06-12,STR028,16,11077.37,15.19,10,2,1
2025-12-26,STR025,6,1612.51,12.67,3,1,0
2025-09-14,STR018,8,4191.12,21.75,5,3,0
2026-03-11,STR007,11,5433.55,18.55,8,5,3
2025-07-22,STR029,13,5511.13,15.23,8,1,1
2026-01-12,STR014,17,8537.82,12.41,7,3,0
2025-11-04,STR019,16,11743.47,12.63,8,2,0
2026-05-10,STR014,14,5804.97,16.21,9,3,2
2025-07-31,STR021,15,6836.38,14.53,8,3,1
2025-08-28,STR029,15,12190.35,14.47,8,5,3
2025-06-11,STR012,11,7788.95,15.18,7,2,0
2025-09-30,STR012,9,6081.53,13.11,7,1,1
2025-08-28,STR003,8,5063.63,25.0,6,1,0
2026-01-24,STR029,13,3100.67,16.92,7,2,0
2025-10-01,STR007,9,3086.04,21.44,7,1,0
2025-07-05,STR010,20,9599.37,16.2,12,4,1
2026-01-16,STR022,14,5864.59,15.79,10,3,1
2025-11-06,STR029,22,12129.3,15.32,10,2,1
2026-03-09,STR002,14,8936.32,18.93,9,4,4
2025-09-05,STR010,7,3461.19,16.71,3,1,1
2025-06-22,STR015,12,4928.27,13.75,5,2,1
2025-10-19,STR014,10,3825.02,20.4,9,3,0
2025-11-22,STR024,9,5244.01,15.67,7,2,0
2025-11-18,STR027,11,5770.71,15.55,7,3,2
2026-01-31,STR021,19,13004.46,20.26,11,3,3
2026-01-13,STR024,14,9188.89,15.36,11,2,2
2025-10-20,STR024,9,5424.59,18.56,6,4,0
2026-04-21,STR026,10,5540.54,13.1,6,1,0
2025-08-09,STR018,16,13819.24,16.38,8,5,0
2026-04-18,STR005,15,6142.46,23.0,13,6,0
2026-05-30,STR005,13,4727.27,22.0,10,2,0
2026-01-21,STR016,16,5573.33,12.44,8,2,2
2026-01-17,STR023,11,3913.42,19.09,8,5,1
2025-10-16,STR023,8,2852.53,14.63,5,0,1
2025-10-02,STR015,11,5724.47,19.18,8,4,1
2025-11-23,STR022,12,5584.42,14.08,5,3,1
2025-09-04,STR019,18,8213.33,17.06,13,2,3
2026-02-03,STR019,15,6777.06,12.07,6,3,1
2025-10-15,STR014,10,7336.24,18.0,7,3,0
2025-12-16,STR010,13,7678.31,16.62,7,2,1
2026-04-26,STR009,12,7602.06,14.5,5,1,0
2026-02-13,STR015,13,4322.53,22.0,9,1,1
2026-04-01,STR006,9,5234.19,17.0,6,4,0
2025-06-29,STR022,12,5757.31,19.08,6,5,2
2025-11-20,STR029,12,5599.47,20.42,8,3,0
2025-10-08,STR011,17,10253.01,15.53,9,2,2
2026-01-27,STR005,8,6362.78,18.88,6,0,0
2025-11-12,STR012,10,3582.84,17.2,8,3,0
2025-12-26,STR002,13,5199.06,14.85,8,2,2
2025-10-21,STR029,16,7194.47,21.0,13,2,1
2025-12-28,STR019,8,5740.47,17.88,4,1,4
2025-10-31,STR017,13,6580.15,20.0,10,4,0
2026-03-09,STR007,12,5594.51,11.83,5,1,1
2025-09-09,STR025,10,3901.7,12.8,4,4,2
2026-03-22,STR019,19,7680.38,14.79,10,4,2
2025-07-29,STR025,7,5355.78,19.29,5,4,2
2025-10-07,STR008,10,4136.17,14.2,5,2,0
2025-10-26,STR004,9,4242.44,15.67,6,1,0
2026-05-31,STR002,18,9777.41,14.67,11,3,0
2026-04-30,STR011,22,11525.32,18.14,16,5,1
2026-05-05,STR003,13,4167.35,17.23,8,5,0
2025-10-23,STR017,10,8936.72,23.9,8,1,2
2025-12-23,STR003,25,11920.73,19.4,19,3,2
2025-12-24,STR020,15,5194.51,19.33,10,5,1
2025-12-15,STR020,12,5230.76,21.92,9,1,1
2026-01-24,STR020,15,8764.76,18.6,13,3,0
2026-01-23,STR003,6,3856.77,16.83,4,2,0
2026-04-03,STR030,15,6879.38,17.6,11,1,2
2025-06-17,STR020,12,7443.13,18.33,9,1,0
2025-08-28,STR008,7,2530.49,17.0,3,1,1
2025-06-29,STR025,7,2387.39,16.57,6,3,1
2025-11-10,STR022,13,5875.82,18.08,10,4,2
2025-07-06,STR029,10,3786.94,12.2,4,2,2
2026-04-07,STR010,13,7798.3,14.62,10,1,1
2025-12-14,STR020,12,10494.45,15.83,7,0,2
2025-09-10,STR027,14,5326.55,12.86,7,2,1
2025-11-04,STR029,11,5866.31,15.64,7,5,1
2025-06-28,STR006,15,5669.57,19.6,11,2,2
2025-09-03,STR022,14,5406.39,17.93,10,2,0
2025-06-15,STR005,11,3907.18,16.0,7,3,0
2025-10-30,STR009,15,7625.41,16.4,9,2,0
2026-03-13,STR024,13,5144.59,18.85,7,7,1
2025-10-11,STR003,9,2568.77,12.89,6,3,2
2026-01-21,STR018,13,4682.04,15.62,8,1,2
2025-10-15,STR013,13,7704.14,17.54,8,3,1
2026-04-14,STR026,11,5823.32,21.36,6,2,0
2025-07-24,STR017,18,6456.49,17.94,12,2,0
2026-01-09,STR017,15,9056.82,19.8,13,2,0
2026-03-06,STR007,11,4925.75,22.73,9,3,2
2025-10-11,STR028,12,8639.81,18.58,9,1,1
2025-08-08,STR021,20,12940.55,17.4,12,1,3
2025-10-22,STR029,12,6795.06,14.92,9,4,1
2025-11-04,STR013,13,6807.57,19.08,7,4,2
2025-08-21,STR024,17,8240.82,13.53,10,3,1
2025-07-15,STR023,15,6447.45,17.2,8,4,0
2025-10-26,STR013,14,9795.6,27.07,12,4,2
2025-10-13,STR009,21,10190.95,14.29,11,0,4
2025-06-16,STR013,11,4375.92,21.09,7,1,2
2025-10-21,STR001,15,5796.11,17.73,12,1,1
2025-12-30,STR014,14,7914.25,13.07,7,1,0
2025-07-27,STR005,11,7450.29,13.91,5,6,1
2025-08-14,STR023,11,5119.34,15.45,7,1,0
2026-01-16,STR012,9,6210.47,18.0,5,0,0
2026-05-05,STR020,14,6136.73,18.64,10,4,1
2025-12-27,STR010,13,5192.08,13.69,6,2,1
2025-08-13,STR014,14,5817.98,17.93,10,3,1
2025-12-27,STR005,16,7814.14,15.13,10,6,1
2026-01-16,STR019,10,5635.07,12.9,5,3,1
2025-07-21,STR002,13,8026.0,12.23,5,1,2
2025-12-24,STR026,21,8948.24,15.38,14,5,1
2025-07-29,STR004,12,9197.19,15.5,8,2,0
2026-04-09,STR029,9,2054.49,12.89,3,3,0
2026-03-18,STR030,17,5950.05,15.82,12,4,2
2026-03-14,STR005,11,5766.83,18.73,9,2,1
2025-12-23,STR008,10,6433.39,16.7,5,0,1
2025-11-09,STR025,15,9330.18,17.13,8,4,4
2025-06-17,STR012,16,7730.68,15.25,12,3,1
2025-10-13,STR002,7,3286.25,24.0,4,0,3
2026-01-30,STR026,11,4875.39,18.64,6,4,0
2025-07-30,STR030,16,7734.52,17.56,11,3,2
2026-02-27,STR015,9,2057.65,13.44,4,3,1
2025-07-30,STR016,17,5570.62,17.53,14,6,1
2025-06-29,STR007,12,4580.58,15.58,9,3,2
2025-09-03,STR027,17,9850.81,19.71,12,5,3
2025-08-04,STR030,18,7527.78,19.11,12,5,2
2025-10-09,STR006,12,10375.17,16.42,8,2,1
2026-04-02,STR017,16,13174.74,15.88,8,6,3
2025-08-31,STR018,14,6286.5,16.07,11,1,0
2026-05-07,STR025,9,7195.47,14.56,6,1,1
2025-12-10,STR020,25,11113.62,15.84,16,4,3
2025-08-25,STR016,15,8484.36,12.0,5,4,2
2026-04-06,STR016,12,8837.78,17.25,8,2,2
2025-09-08,STR025,6,2634.06,21.5,6,3,0
2025-10-25,STR002,8,5471.66,16.25,4,3,2
2026-01-21,STR005,10,8510.98,14.1,6,2,1
2026-04-28,STR008,11,5715.71,23.64,9,3,1
2025-08-24,STR007,12,7866.71,16.42,9,0,1
2025-06-14,STR024,12,3642.98,11.42,4,0,3
2026-01-07,STR020,18,7793.03,20.33,13,0,2
2025-09-29,STR021,9,4820.52,14.89,5,3,2
2026-04-21,STR003,11,4186.98,17.09,7,3,1
2025-08-05,STR015,13,6137.8,18.92,9,3,0
2025-11-17,STR012,17,5657.55,14.29,12,0,2
2026-03-22,STR004,12,8853.41,16.58,9,3,1
2025-09-09,STR029,11,4991.68,21.27,8,3,0
2025-08-29,STR008,15,8797.11,16.47,9,2,2
2025-07-03,STR011,15,5081.45,16.53,13,5,3
2025-08-26,STR012,14,4202.41,17.29,10,2,1
2026-05-12,STR015,10,4991.19,10.1,3,2,2
2026-01-08,STR005,22,13813.01,13.55,10,7,3
2026-01-23,STR013,16,7002.92,18.38,11,2,2
2026-04-19,STR022,13,9672.48,23.23,9,2,1
2026-05-09,STR003,14,4441.59,14.36,7,7,4
2025-11-09,STR026,13,4914.04,14.69,10,4,1
2026-02-13,STR001,10,4185.03,14.4,5,3,2
2025-11-15,STR018,9,4453.17,16.44,7,2,1
2025-07-27,STR010,13,10912.59,18.31,8,4,0
2026-03-28,STR003,9,6066.88,18.44,7,1,1
2026-03-14,STR022,11,5225.63,16.45,6,2,1
2025-08-08,STR002,11,4542.65,21.36,10,2,1
2025-09-08,STR030,16,5026.68,18.75,12,5,2
2026-02-14,STR007,14,7577.53,17.43,9,4,2
2025-10-01,STR008,17,9522.52,16.76,11,4,2
2025-10-21,STR030,8,1689.61,13.25,4,3,1
2025-11-06,STR030,15,6890.69,16.87,10,4,3
2026-05-31,STR027,8,6889.38,16.63,6,1,2
2025-10-11,STR030,13,6033.66,16.08,7,1,2
2025-08-05,STR025,11,3871.36,11.82,5,1,1
2025-12-26,STR005,16,6503.9,14.13,8,3,1
2025-06-07,STR026,12,4526.35,17.92,7,0,2
2026-01-29,STR013,12,7130.96,15.92,5,4,1
2025-10-24,STR020,16,8822.22,19.06,12,1,1
2026-05-28,STR029,19,10159.27,14.37,8,4,2
2026-05-13,STR026,13,7890.96,16.85,8,3,2
2025-10-29,STR007,15,5652.78,16.73,8,2,3
2025-10-20,STR007,16,12236.5,18.0,11,9,2
2026-01-07,STR022,13,3999.94,15.77,10,2,3
2026-06-01,STR025,8,2708.46,18.63,5,2,0
2025-07-29,STR006,14,9246.44,14.86,6,1,0
2026-04-29,STR025,15,10875.59,18.13,10,3,0
2025-09-24,STR024,11,7155.27,19.73,9,1,1
2026-02-22,STR018,17,4403.72,16.18,9,5,1
2025-11-03,STR023,10,2664.94,14.0,5,1,1
2025-07-29,STR003,13,5915.79,16.46,7,2,2
2026-04-11,STR014,14,6360.15,13.0,9,5,3
2025-10-25,STR017,16,7532.61,16.88,9,4,3
2025-11-01,STR013,21,11087.59,14.81,14,3,1
2025-07-20,STR011,15,8705.51,20.13,10,6,3
2026-03-03,STR007,18,9855.77,16.11,11,2,3
2025-12-09,STR002,11,4694.52,14.91,4,3,1
2025-09-22,STR006,12,5447.65,15.0,7,1,0
2025-09-29,STR007,8,4537.97,16.13,7,0,3
2026-01-01,STR012,12,3857.32,17.5,7,3,0
2025-10-16,STR026,19,8969.24,15.0,11,2,1
2026-03-20,STR016,13,5682.99,13.46,8,4,0
2026-02-02,STR016,19,9164.88,19.37,14,2,1
2025-11-02,STR024,20,13269.62,15.85,10,4,2
2025-08-26,STR016,13,4523.71,13.23,7,4,1
2025-12-12,STR005,13,5480.0,13.69,6,3,1
2025-11-10,STR007,17,9652.5,18.82,10,4,0
2025-10-27,STR024,14,6094.54,17.86,8,3,1
2025-06-22,STR022,9,3600.15,19.89,6,1,0
2025-11-16,STR011,22,8209.68,18.09,17,6,3
2025-06-12,STR024,16,8893.74,15.69,8,2,0
2025-07-05,STR024,14,8527.8,13.5,7,3,0
2025-08-06,STR003,16,5764.05,25.5,15,4,0
2025-09-08,STR001,12,5792.59,15.0,7,1,0
2026-02-01,STR020,10,7581.11,13.3,6,1,2
2026-02-28,STR014,19,10150.36,15.95,13,5,2
2026-03-02,STR024,15,9076.06,16.8,9,2,1
2026-04-05,STR025,10,5605.46,13.7,4,0,1
2025-07-03,STR005,15,7247.26,23.93,11,4,2
2025-12-25,STR005,7,1839.85,17.14,4,0,2
2025-10-25,STR022,16,5147.23,13.19,10,1,3
2025-06-30,STR029,13,5585.18,15.38,9,5,0
2026-01-05,STR009,10,3228.5,15.3,4,1,1
2025-08-20,STR017,15,10480.91,16.13,9,2,4
2025-07-17,STR001,17,10173.03,18.29,11,3,2
2026-01-05,STR005,11,9245.62,13.73,7,1,2
2026-06-01,STR023,12,6795.3,16.17,7,6,2
2026-01-06,STR019,17,8033.03,11.82,8,2,2
2025-08-14,STR013,13,8168.8,20.31,12,3,0
2025-06-09,STR017,10,8067.34,15.6,5,2,2
2026-01-11,STR002,18,10191.14,15.78,9,3,0
2026-05-11,STR007,15,8433.76,15.07,8,2,2
2026-05-20,STR021,11,7175.45,14.55,6,1,2
2025-12-30,STR024,17,8877.73,14.12,13,5,1
2025-08-24,STR028,10,2553.22,11.8,3,1,1
2025-08-30,STR016,13,10981.99,17.69,9,4,0
2026-01-06,STR011,12,6866.42,19.08,8,2,0
2025-11-26,STR029,5,2132.18,15.0,3,0,1
2025-12-09,STR029,16,11156.54,17.13,8,1,0
2026-05-20,STR028,15,7943.53,16.47,9,4,1
2025-11-20,STR004,9,3175.9,19.44,6,1,3
2025-10-17,STR011,9,3875.72,13.44,5,0,1
2026-02-04,STR008,24,11776.17,16.58,17,4,4
2025-10-05,STR026,10,4132.42,15.4,5,3,1
2025-08-03,STR016,11,4691.01,12.91,7,1,1
2026-01-18,STR004,13,5613.43,15.15,10,3,4
2026-03-30,STR024,19,14841.26,18.47,14,3,5
2025-06-03,STR016,15,4635.68,15.53,10,0,1
2025-11-12,STR025,18,10470.54,19.33,15,5,1
2025-09-24,STR014,12,8939.06,17.75,7,1,0
2026-05-10,STR023,19,9574.17,15.68,11,6,3
2025-09-22,STR030,13,6652.14,14.85,4,3,0
2025-11-07,STR028,12,5758.01,18.08,9,3,2
2025-10-15,STR024,14,5114.54,16.93,10,3,2
2025-06-21,STR026,20,10292.62,14.6,11,4,0
2026-05-10,STR007,17,6522.6,15.47,12,3,3
2025-11-10,STR023,15,8104.39,18.07,10,5,2
2025-10-28,STR003,14,5805.55,23.36,9,5,0
2026-03-02,STR022,15,6648.13,17.73,8,2,3
2025-12-19,STR023,13,6316.95,20.23,10,4,3
2026-04-19,STR018,15,9408.98,16.47,7,2,0
2025-07-01,STR026,10,3431.25,15.8,5,3,0
2025-11-11,STR028,16,8695.28,15.0,12,4,2
2026-05-23,STR008,11,4673.13,18.73,6,1,0
2026-01-29,STR019,16,9333.55,16.75,8,4,2
2026-02-12,STR017,16,6026.74,18.19,13,1,1
2026-05-20,STR030,17,8887.14,15.35,8,3,3
2026-01-06,STR009,12,3447.62,13.92,7,2,1
2025-10-21,STR006,15,8171.99,16.67,9,4,2
2026-01-05,STR018,17,9415.01,15.35,13,3,1
2026-01-10,STR019,17,5924.72,16.88,9,5,3
2026-06-03,STR024,9,3057.13,17.67,6,0,0
2026-01-23,STR023,6,3889.41,13.33,4,1,1
2026-05-31,STR021,10,5195.72,17.7,7,2,2
2025-10-13,STR001,14,5540.14,15.86,9,2,0
2026-04-11,STR020,15,9339.99,17.33,10,2,1
2025-10-23,STR009,10,7081.44,15.2,6,0,0
2026-05-15,STR021,15,6333.5,17.47,12,2,1
2026-01-18,STR014,14,8547.17,14.93,10,2,3
2026-03-13,STR008,10,6670.86,14.0,3,2,0
2026-02-08,STR010,16,7342.61,13.63,12,6,2
2025-06-20,STR025,15,7841.59,18.67,10,2,3
2025-10-11,STR001,12,7625.39,16.08,8,1,4
2025-06-18,STR014,15,6840.92,14.27,8,4,2
2025-07-24,STR028,16,8677.03,15.0,9,3,0
2026-01-11,STR030,13,8057.49,17.15,8,2,1
2025-07-29,STR010,11,6500.0,15.91,4,3,0
2025-09-07,STR022,14,7006.08,15.71,11,2,0
2026-05-31,STR013,23,10737.56,17.09,17,6,2
2026-01-29,STR018,12,6308.13,13.0,6,3,1
2026-04-08,STR029,18,7393.51,18.44,12,5,2
2026-04-28,STR027,21,12972.47,17.71,15,4,3
2025-12-23,STR017,18,10539.35,12.67,6,1,2
2025-12-19,STR004,10,5537.79,18.5,5,1,1
2026-02-23,STR014,15,10017.22,20.07,10,3,0
2026-01-30,STR014,12,6785.17,14.58,8,1,2
2025-08-31,STR019,11,5303.83,16.0,6,3,1
2025-09-20,STR020,17,5932.76,14.65,12,5,0
2026-04-28,STR014,9,3291.51,21.0,6,2,2
2025-06-25,STR022,12,6954.15,15.17,6,2,3
2025-11-19,STR005,15,4178.82,15.0,8,1,4
2025-08-11,STR030,15,6340.06,15.4,10,2,4
2026-05-29,STR017,14,8191.43,19.29,10,1,1
2026-01-20,STR003,7,1598.33,22.0,5,0,0
2025-09-21,STR026,7,3885.52,20.57,6,1,0
2026-02-24,STR015,16,6243.17,20.94,11,4,1
2025-10-11,STR014,9,3948.49,11.0,4,2,1
2026-03-18,STR014,16,6236.57,21.25,13,6,1
2026-02-13,STR008,13,8481.44,14.08,7,3,0
2026-04-22,STR018,16,6592.1,15.19,9,3,1
2025-09-12,STR022,16,6140.4,17.75,8,1,1
2025-09-19,STR002,12,4822.15,20.92,10,3,1
2026-02-12,STR026,18,8430.82,17.22,12,5,2
2025-08-12,STR012,17,12474.06,17.59,10,5,1
2026-05-27,STR022,9,2934.65,13.44,4,2,1
2025-11-04,STR007,6,2336.33,16.17,4,1,1
2025-09-20,STR022,13,6940.65,14.62,10,7,3
2025-12-16,STR019,17,8974.42,16.12,10,4,1
2026-02-12,STR011,14,7479.34,13.71,7,0,1
2025-10-25,STR015,11,4014.8,13.36,4,2,1
2026-04-26,STR030,12,6780.85,12.08,4,3,1
2025-07-17,STR007,12,8349.69,18.67,6,5,0
2026-05-29,STR015,18,9126.39,17.5,11,4,3
2026-01-22,STR017,20,8552.74,18.55,11,6,2
2025-12-08,STR019,11,7204.63,16.64,7,1,1
2025-07-29,STR011,9,3136.0,13.22,5,0,2
2026-04-10,STR009,19,9112.1,17.63,13,4,2
2025-07-20,STR019,16,8280.27,16.06,12,7,1
2025-08-26,STR021,19,12959.32,16.95,10,4,2
2025-06-13,STR023,14,7824.18,18.36,10,6,1
2026-05-25,STR004,6,4205.14,14.67,2,0,0
2026-03-19,STR011,11,3282.44,22.55,11,3,0
2026-05-25,STR014,14,7321.34,15.0,7,1,1
2026-03-04,STR008,9,5254.13,13.89,7,3,2
2026-02-19,STR020,9,2539.9,17.44,6,3,2
2025-11-21,STR023,21,5545.98,15.48,11,2,2
2026-01-10,STR003,13,7629.07,13.46,8,1,2
2025-08-01,STR017,14,4934.42,12.14,7,2,1
2026-02-21,STR019,18,12086.93,14.61,12,3,0
2026-04-29,STR014,13,4979.73,18.92,7,2,0
2025-09-09,STR013,11,5363.57,20.73,8,3,0
2026-01-24,STR026,12,3924.35,19.42,11,0,1
2026-02-22,STR009,17,9758.53,19.29,12,6,2
2025-08-27,STR017,11,7117.13,13.27,6,5,1
2025-08-25,STR012,12,5679.89,20.42,8,0,0
2026-04-08,STR014,10,6138.92,18.2,7,4,1
2025-10-06,STR020,10,3645.39,15.4,8,3,2
2025-10-02,STR005,13,4402.13,19.62,9,5,0
2025-10-05,STR001,10,9558.39,20.7,6,2,0
2026-01-24,STR024,18,9558.38,19.78,14,3,0
2025-10-20,STR019,20,10331.79,18.25,13,3,3
2025-07-25,STR020,13,3187.17,15.46,9,4,1
2025-12-03,STR007,12,6193.61,18.58,11,3,0
2026-02-04,STR023,12,5353.23,12.42,6,1,1
2025-06-22,STR028,11,4239.32,16.64,7,3,0
2026-01-20,STR004,5,1086.44,20.4,4,0,1
2026-02-13,STR007,21,11610.71,13.1,11,6,0
2026-04-16,STR017,14,8450.46,15.93,7,3,1
2025-06-04,STR011,12,6657.72,18.0,10,2,2
2025-11-13,STR008,15,5905.99,12.07,8,2,1
2025-11-09,STR023,15,6478.15,18.67,11,3,0
2025-08-27,STR014,13,10462.7,13.23,5,1,1
2026-02-14,STR013,8,2296.25,16.13,5,2,2
2025-12-29,STR009,9,4631.18,19.78,8,0,2
2025-09-08,STR017,13,5990.59,21.0,10,2,0
2026-01-28,STR004,15,9495.22,19.0,11,5,3
2026-01-07,STR001,15,10499.63,18.53,8,6,1
2025-09-06,STR008,13,4033.88,14.46,7,2,2
2026-03-01,STR023,9,4228.22,18.44,7,2,4
2025-07-15,STR017,11,5737.8,20.27,8,1,1
2026-05-09,STR006,7,4565.78,10.29,2,2,0
2026-05-19,STR004,8,4088.9,11.13,3,1,1
2025-12-25,STR021,18,6957.47,16.89,13,5,3
2025-08-04,STR020,13,9102.47,16.38,8,4,1
2025-09-11,STR014,11,5106.46,13.09,5,0,2
2025-12-22,STR013,10,5202.83,16.9,8,3,0
2026-04-19,STR003,14,6146.47,15.0,8,1,1
2026-02-03,STR026,10,5618.92,16.8,6,1,0
2025-11-17,STR003,11,8113.94,21.36,10,1,0
2026-04-27,STR029,13,5061.33,16.77,10,2,1
2025-11-12,STR022,10,5403.64,15.0,7,2,0
2025-11-26,STR010,11,3556.12,16.64,7,3,2
2026-05-25,STR027,21,11139.75,16.38,14,4,2
2025-10-09,STR030,9,3259.6,10.67,2,3,0
2025-07-05,STR028,9,4714.83,17.44,6,1,0
2025-12-23,STR007,15,6995.85,19.87,13,2,0
2025-06-17,STR030,10,5043.91,15.2,5,3,0
2025-08-13,STR004,8,3036.56,18.13,6,0,1
2025-11-29,STR004,13,4416.46,18.0,8,2,0
2025-10-18,STR018,12,8833.86,17.08,7,1,2
2026-02-22,STR021,15,7834.82,15.13,8,3,1
2025-10-08,STR026,12,6064.08,12.67,7,1,0
2026-05-12,STR012,14,8173.35,17.93,12,3,3
2026-04-04,STR016,12,4386.07,18.25,10,3,1
2025-06-15,STR020,16,7229.07,21.19,13,3,2
2026-05-03,STR017,13,6404.03,16.31,9,1,1
2025-07-03,STR004,15,4256.51,15.8,10,2,3
2026-02-22,STR024,16,10021.6,15.5,12,4,0
2025-12-17,STR011,15,9266.63,13.87,9,1,1
2025-06-12,STR029,12,5383.89,16.67,7,2,0
2026-01-08,STR020,18,9933.82,15.33,11,5,1
2025-07-01,STR015,12,7015.96,20.08,11,1,2
2025-12-14,STR027,16,11558.9,14.63,9,4,1
2025-11-04,STR023,11,6876.24,16.73,8,3,2
2026-01-13,STR028,11,4978.58,17.09,9,4,2
2025-06-09,STR003,7,4632.64,12.43,3,2,2
2025-12-08,STR013,13,4742.25,19.31,10,2,1
2026-02-20,STR005,16,6186.99,15.88,9,1,0
2026-05-30,STR019,12,7234.82,19.17,7,4,2
2025-09-30,STR004,21,10436.23,19.57,14,3,1
2026-02-20,STR027,15,10689.03,17.33,10,3,1
2025-08-08,STR025,11,6709.03,11.36,5,2,2
2025-08-10,STR002,14,5208.18,12.79,5,3,0
2026-02-05,STR027,17,7105.73,14.41,7,2,3
2026-01-21,STR013,8,10271.6,24.0,6,2,2
2025-07-24,STR030,9,4000.03,17.33,7,1,0
2025-12-15,STR015,12,6115.82,16.92,8,2,0
2025-08-29,STR023,14,6310.62,17.0,10,1,4
2026-05-27,STR030,12,3728.93,20.83,8,1,2
2025-11-23,STR008,12,6608.66,15.83,7,5,1
2026-04-26,STR011,12,6567.74,21.58,10,3,2
2026-06-02,STR022,13,7469.91,20.85,8,2,0
2026-05-07,STR014,12,5447.41,17.58,9,3,0
2025-11-08,STR030,11,5175.92,17.64,8,4,0
2026-02-28,STR004,16,9890.95,14.75,10,4,2
2025-12-14,STR002,14,7625.12,15.14,10,3,2
2025-07-21,STR027,20,10653.46,19.3,15,1,1
2025-10-15,STR003,5,5648.18,11.4,2,1,0
2025-07-25,STR015,7,4176.54,19.14,5,2,1
2026-04-03,STR006,18,11954.8,17.61,11,6,4
2026-01-17,STR029,10,5926.47,15.6,5,2,1
2026-05-02,STR001,15,6822.38,20.2,12,2,1
2026-01-11,STR012,10,4615.5,19.1,7,2,1
2025-10-10,STR021,9,4322.24,23.67,9,3,2
2025-12-01,STR025,18,8874.22,16.61,10,4,2
2026-05-23,STR029,16,7192.61,19.88,13,3,1
2026-06-02,STR023,15,9383.64,14.2,8,3,2
2025-12-01,STR006,12,7091.71,16.42,9,5,1
2026-01-20,STR030,10,4579.41,15.4,6,0,3
2025-10-21,STR003,4,2375.92,12.25,2,1,0
2026-05-15,STR030,14,5132.06,14.79,10,2,1
2025-09-08,STR021,13,8963.96,13.46,6,4,2
2026-05-04,STR029,10,4611.22,13.9,3,1,1
2025-08-17,STR010,15,7581.27,19.53,10,1,1
2026-02-19,STR001,13,7976.64,15.77,8,1,2
2026-02-27,STR013,13,3841.84,17.38,6,1,1
2025-08-09,STR013,11,5394.12,14.73,8,2,0
2025-06-03,STR021,11,6530.37,19.73,9,1,0
2025-08-10,STR014,14,6885.05,18.57,8,2,0
2026-02-28,STR005,14,10681.71,12.29,8,2,0
2026-03-12,STR009,9,8834.28,16.0,5,2,1
2025-11-21,STR002,7,5102.41,12.29,4,0,1
2025-10-15,STR018,18,11841.31,20.61,15,4,1
2026-05-18,STR011,11,6000.59,15.73,5,0,3
2025-10-15,STR030,17,10038.79,20.59,11,2,3
2025-09-12,STR023,10,4058.24,15.2,7,0,0
2026-01-16,STR011,10,4174.82,21.1,9,1,1
2025-08-15,STR003,10,3706.81,20.0,9,2,3
2025-08-31,STR008,7,4091.91,18.29,5,1,2
2026-02-03,STR008,12,8280.2,12.33,7,4,2
2025-07-06,STR023,8,7970.03,14.63,3,3,2
2025-11-05,STR022,13,4491.04,15.62,7,3,1
2025-06-26,STR011,10,5247.0,18.1,7,2,1
2025-12-24,STR005,12,4961.22,18.17,7,3,2
2025-08-28,STR022,14,6655.42,14.07,6,1,0
2025-08-10,STR025,16,14379.33,13.31,6,3,2
2025-06-26,STR026,12,6538.08,19.25,9,3,1
2025-09-13,STR015,11,6520.74,15.18,8,6,1
2026-01-18,STR010,11,4071.08,15.73,7,1,1
2026-04-10,STR022,16,7009.58,23.5,11,6,2
2025-08-31,STR007,16,9421.02,17.63,12,2,5
2025-06-03,STR017,10,6920.72,19.2,8,2,1
2025-06-16,STR028,14,6780.86,19.21,10,2,0
2025-12-06,STR025,15,6250.06,15.8,12,3,1
2026-01-26,STR025,8,3320.95,15.5,5,0,1
2025-12-12,STR009,15,10960.21,18.53,10,3,3
2025-11-27,STR019,8,2488.37,15.75,7,2,1
2026-05-30,STR003,11,3490.61,15.82,5,4,1
2026-02-01,STR018,10,7620.57,19.6,8,2,0
2025-07-16,STR008,12,3808.56,22.58,9,3,1
2026-05-13,STR002,13,4943.16,14.0,6,0,3
2025-12-07,STR017,14,6876.83,14.43,5,2,2
2025-10-10,STR016,14,8071.64,19.36,12,4,4
2025-08-12,STR006,11,8126.26,15.45,6,0,1
2025-06-20,STR007,14,8863.39,17.57,9,3,1
2026-02-28,STR017,12,4772.95,17.08,8,1,1
2026-02-22,STR027,15,8104.42,16.13,10,4,2
2025-09-28,STR028,14,4501.94,16.0,8,3,2
2026-02-14,STR020,11,5340.69,18.55,6,0,0
2025-06-25,STR025,13,9424.43,15.0,7,3,3
2026-04-19,STR023,9,5098.88,16.89,7,5,0
2026-05-13,STR027,6,2979.29,20.0,5,0,2
2025-11-19,STR027,11,4307.25,19.55,9,3,0
2025-09-25,STR006,10,8952.59,22.4,4,3,2
2026-05-06,STR005,11,5873.32,18.55,7,1,2
2026-05-18,STR029,5,5151.46,10.0,1,1,1
2025-08-05,STR017,10,4988.07,21.9,8,2,1
2025-09-03,STR029,13,6279.24,12.85,6,1,1
2026-01-15,STR013,13,5210.89,22.54,11,6,2
2025-12-20,STR006,18,10503.89,15.83,9,4,4
2025-08-12,STR023,11,6355.7,17.27,8,5,0
2025-09-28,STR005,14,8138.05,15.43,10,2,1
2025-12-25,STR011,9,5452.76,16.67,4,4,2
2026-05-09,STR002,9,3068.39,17.22,5,2,1
2025-09-29,STR020,11,6563.17,14.82,5,2,1
2025-07-01,STR020,9,3406.88,15.56,4,1,1
2026-04-30,STR004,3,543.79,12.33,1,0,0
2026-03-15,STR009,9,5061.24,14.11,7,3,0
2026-02-28,STR001,3,3556.28,10.33,1,2,0
2026-04-13,STR015,7,4903.94,16.29,4,0,2
2025-09-05,STR005,16,8213.37,18.88,11,2,0
2025-09-14,STR019,13,3402.66,16.08,10,1,2
2025-06-07,STR029,13,5964.86,13.85,8,2,2
2026-02-15,STR027,15,6387.26,20.47,13,6,3
2026-01-16,STR025,13,4763.31,17.77,7,3,1
2025-12-28,STR012,16,7777.6,18.5,11,1,2
2025-12-26,STR010,18,7278.17,12.11,7,4,3
2025-09-30,STR014,14,5126.78,21.07,10,0,1
2025-11-14,STR021,13,7165.47,16.92,10,1,1
2026-01-23,STR028,12,4489.86,13.83,8,2,1
2025-10-09,STR017,7,3173.19,19.14,5,1,2
2026-03-31,STR005,10,8296.26,14.1,7,1,1
2026-01-28,STR028,12,5510.94,14.83,7,2,1
2026-05-29,STR030,10,4483.69,14.8,5,2,2
2026-04-24,STR022,12,8417.86,17.25,9,2,1
2025-08-03,STR005,19,10173.81,18.74,13,4,1
2026-05-18,STR002,16,7329.01,12.63,7,6,1
2026-01-17,STR003,9,6436.78,17.78,6,1,1
2026-04-14,STR019,10,7610.06,16.2,8,0,0
2025-11-10,STR008,9,4652.84,12.11,3,1,2
2025-07-16,STR022,11,4812.8,15.36,7,1,0
2026-03-24,STR002,14,9911.1,13.57,8,3,1
2026-01-02,STR018,12,8850.83,11.33,4,3,2
2026-04-20,STR001,22,13287.97,17.45,16,4,2
2025-08-22,STR015,13,8270.22,16.38,10,5,2
2025-08-14,STR017,11,5722.54,19.27,6,1,2
2026-02-18,STR030,9,3602.02,14.22,4,3,0
2025-10-27,STR016,14,3918.78,13.29,9,2,1
2025-10-26,STR014,14,6134.32,15.93,7,1,1
2025-10-12,STR006,17,9225.62,11.35,7,2,4
2025-08-10,STR029,7,2964.0,17.43,2,0,1
2025-12-27,STR003,17,8530.79,15.65,9,3,3
2025-06-17,STR013,16,5608.34,22.25,11,4,1
2025-09-04,STR004,13,5747.31,16.23,8,2,3
2025-12-02,STR002,13,5642.33,14.77,6,4,1
2025-11-24,STR030,7,3445.12,18.0,6,5,1
2025-06-07,STR011,12,9777.55,13.0,5,4,1
2025-09-10,STR009,15,6286.93,14.93,8,3,1
2026-03-31,STR030,19,8023.92,14.63,12,2,2
2026-05-15,STR008,13,5178.69,17.85,9,5,0
2025-08-01,STR009,17,11318.6,20.35,13,2,3
2026-04-28,STR018,18,9411.92,14.0,7,3,3
2026-03-11,STR030,16,9141.64,17.44,8,2,4
2026-03-08,STR011,17,9828.37,21.88,14,5,1
2026-01-30,STR019,13,5907.55,17.46,11,1,2
2026-01-09,STR020,15,6070.07,14.47,9,2,1
2025-12-10,STR009,13,7688.96,15.38,8,1,5
2026-02-27,STR001,10,3364.66,18.2,9,1,1
2026-05-27,STR009,13,6375.81,14.23,5,3,0
2025-10-23,STR027,15,9134.47,16.8,10,5,3
2025-07-30,STR022,11,7315.26,15.55,6,2,1
2025-07-29,STR007,15,6158.5,16.47,11,3,1
2026-03-20,STR003,14,4796.79,15.07,11,4,1
2025-10-14,STR011,17,7927.94,14.0,8,3,0
2026-04-04,STR028,14,7529.28,14.0,6,4,1
2026-01-29,STR030,14,11492.76,16.5,10,3,4
2026-01-31,STR004,17,11223.98,12.41,6,5,1
2026-02-03,STR028,16,8025.86,17.31,12,4,3
2026-02-23,STR020,22,9305.05,14.18,13,2,2
2025-07-21,STR028,10,6266.59,11.6,5,1,1
2025-08-14,STR014,17,9031.32,17.59,11,2,2
2026-01-26,STR009,16,8190.84,13.88,9,5,0
2025-06-24,STR027,10,3277.5,17.2,5,2,1
2025-12-15,STR023,22,12187.24,16.55,12,3,3
2026-05-29,STR008,19,14450.82,14.95,8,2,6
2026-03-27,STR027,17,7105.79,15.59,11,6,1
2025-06-21,STR007,13,4208.89,11.62,3,2,1
2025-06-14,STR019,19,6699.44,15.79,14,6,1
2025-07-29,STR022,22,10000.32,18.05,14,0,3
2025-09-27,STR018,10,4061.7,15.8,6,4,0
2025-09-12,STR011,11,4639.12,16.45,8,2,1
2025-08-22,STR001,12,5623.02,10.67,4,0,0
2026-04-14,STR005,12,8478.06,19.33,10,2,0
2026-02-27,STR002,16,6352.21,16.06,8,3,0
2025-06-13,STR021,15,10662.91,16.2,10,3,1
2025-11-29,STR025,18,5592.76,15.67,12,4,2
2025-12-11,STR027,12,5001.15,20.0,7,2,1
2025-08-03,STR012,16,4740.99,14.94,10,3,1
2025-09-26,STR021,15,11015.16,20.73,9,4,2
2026-03-12,STR008,10,3948.41,16.3,4,1,3
2026-03-02,STR023,11,3161.15,15.45,6,2,2
2026-05-20,STR007,13,5195.84,16.85,8,3,2
2025-12-07,STR015,14,6977.9,17.79,8,3,2
2026-05-01,STR016,17,11154.44,15.71,10,2,2
2025-10-22,STR025,13,5254.67,17.38,8,4,3
2026-02-09,STR008,15,9003.16,16.27,6,2,1
2025-12-02,STR021,16,6763.97,13.31,7,1,3
2026-04-27,STR005,17,5395.48,16.29,10,2,2
2025-11-21,STR005,16,9775.06,11.69,7,1,0
2025-10-16,STR014,12,3905.42,16.17,8,4,0
2026-03-02,STR009,8,3575.73,13.0,6,1,2
2025-09-06,STR007,15,3794.46,15.13,8,2,1
2025-11-28,STR019,19,6061.36,18.42,16,4,1
2025-06-29,STR011,11,3852.17,19.82,7,2,0
2025-10-02,STR011,19,9441.39,16.47,13,4,3
2026-05-07,STR011,11,7145.16,12.82,5,2,3
2026-02-19,STR004,18,7329.66,17.72,12,5,1
2026-01-06,STR028,15,10875.25,15.6,8,4,1
2026-04-26,STR021,14,5773.2,16.57,10,4,1
2026-02-27,STR021,16,9308.06,14.75,10,4,2
2026-05-23,STR021,14,8048.62,17.0,8,3,1
2025-08-10,STR022,15,7004.22,13.87,7,5,2
2025-10-11,STR023,14,7350.3,15.07,7,3,1
2026-05-17,STR005,10,4006.99,16.6,6,1,3
2025-07-13,STR023,13,5667.53,16.69,11,2,2
2025-10-07,STR028,15,8086.17,17.13,6,2,1
2025-11-13,STR001,21,11964.71,18.0,17,3,0
2025-11-17,STR009,17,7165.84,16.35,10,2,0
2026-01-22,STR016,15,6844.76,15.67,9,3,1
2025-12-13,STR006,10,4575.2,12.2,4,1,3
2025-10-18,STR015,13,5687.94,15.08,6,2,1
2025-09-01,STR008,6,2153.18,11.67,4,0,1
2025-07-16,STR010,15,9307.38,12.67,8,3,1
2026-04-27,STR015,13,7370.37,13.69,8,2,3
2026-04-14,STR001,13,6789.21,14.0,6,1,2
2025-08-28,STR004,18,8334.48,15.89,12,4,3
2026-04-15,STR007,14,8147.39,15.36,10,1,2
2025-12-31,STR005,9,8377.11,15.78,4,2,2
2026-02-28,STR024,9,3812.36,15.22,5,3,1
2025-06-04,STR028,12,7209.46,16.17,9,2,3
2025-10-03,STR012,12,6368.01,20.83,8,3,2
2026-01-23,STR004,12,6029.58,14.0,5,2,2
2025-12-05,STR004,16,7530.67,19.63,13,4,1
2025-08-07,STR029,10,4157.74,16.5,7,3,1
2026-02-18,STR013,16,9365.47,13.75,12,4,1
2025-07-06,STR022,7,3993.63,16.29,5,3,0
2025-06-15,STR024,17,9464.43,16.53,9,4,2
2025-12-31,STR017,23,15069.58,18.35,18,3,2
2026-02-28,STR006,18,9222.81,13.94,9,6,4
2025-07-10,STR017,18,7479.54,18.72,11,4,0
2026-05-16,STR013,11,4579.32,11.91,4,2,0
2025-10-31,STR021,14,6239.64,20.5,8,5,3
2025-12-06,STR005,20,8654.49,13.95,5,5,2
2026-04-03,STR004,11,6443.96,12.27,3,4,3
2026-05-31,STR001,12,8525.88,16.92,7,2,0
2025-10-16,STR022,15,6558.89,19.27,10,5,1
2025-12-12,STR026,21,7967.85,18.67,15,7,1
2025-12-24,STR023,13,4442.75,17.77,9,4,4
2025-07-12,STR010,13,5670.64,20.92,9,1,1
2025-11-12,STR016,11,3667.43,16.73,8,1,1
2025-10-30,STR022,18,4744.35,18.33,15,6,4
2025-07-17,STR030,12,9162.4,19.83,8,0,3
2025-12-09,STR014,6,4665.23,14.0,2,1,1
2026-03-16,STR006,16,10677.73,16.5,8,4,3
2025-06-13,STR013,13,8445.0,20.31,9,2,1
2026-01-28,STR010,9,3795.49,19.89,5,2,0
2025-07-30,STR008,15,8175.17,15.47,8,2,3
2025-12-20,STR021,12,7827.77,16.75,8,1,2
2026-05-29,STR012,11,6915.94,14.82,7,3,2
2026-05-24,STR009,17,12828.03,16.29,9,6,2
2025-07-09,STR011,17,8928.18,18.18,13,4,2
2025-12-07,STR012,11,6040.32,14.36,7,2,2
2025-10-06,STR016,13,4400.99,16.85,8,1,0
2025-10-25,STR023,21,12416.4,18.76,16,3,2
2026-05-21,STR004,17,6507.15,18.0,13,4,2
2026-04-30,STR015,13,7320.03,18.08,9,4,2
2026-03-19,STR019,13,6982.03,11.69,5,1,3
2026-01-24,STR021,15,3559.24,15.87,8,3,1
2025-08-24,STR012,12,8107.56,15.92,6,2,0
2025-07-07,STR002,18,6125.86,15.61,11,5,0
2025-12-06,STR003,16,8254.15,17.81,9,3,0
2025-06-11,STR005,8,3123.87,14.13,4,3,0
2026-04-11,STR026,14,6567.32,15.14,10,2,1
2026-04-25,STR016,13,12199.15,15.92,8,3,2
2025-08-04,STR019,9,5462.73,15.78,6,0,1
2025-11-20,STR023,11,6921.65,15.64,6,2,0
2025-08-25,STR024,16,5249.78,13.94,9,2,1
2025-06-21,STR022,22,12586.58,15.86,11,6,1
2025-12-23,STR009,16,8610.45,15.31,12,0,2
2026-01-05,STR012,18,6874.87,14.44,11,3,1
2026-05-28,STR023,12,5742.78,14.42,6,4,0
2025-06-19,STR026,17,9833.02,14.88,10,3,0
2026-04-21,STR001,13,4996.95,18.77,11,2,1
2025-09-05,STR015,7,3795.84,15.71,4,1,1
2026-03-31,STR028,8,3037.27,13.38,3,3,1
2026-02-22,STR030,12,4345.75,21.5,11,2,2
2025-07-09,STR019,13,12263.58,24.0,11,4,2
2025-12-22,STR009,13,4578.91,17.92,9,2,2
2025-08-29,STR007,17,5425.33,20.59,13,4,1
2025-10-15,STR007,16,7173.67,16.31,11,3,1
2026-02-18,STR028,17,6480.0,16.65,11,3,3
2026-03-26,STR010,11,4393.61,18.91,5,0,2
2025-08-14,STR007,17,10040.88,17.82,13,3,0
2026-04-18,STR001,8,2020.97,13.75,5,2,1
2025-11-09,STR017,20,10366.34,17.5,13,4,0
2026-01-10,STR022,14,5200.25,11.79,6,3,2
2026-04-05,STR029,19,8681.1,16.37,14,5,3
2025-09-28,STR017,15,9398.74,21.2,11,1,2
2025-08-24,STR022,13,5622.83,18.92,13,2,2
2026-01-22,STR028,17,8325.03,16.94,11,3,1
2026-01-29,STR016,14,5789.96,17.0,8,4,2
2026-01-24,STR012,9,3422.88,12.44,4,2,1
2025-10-09,STR014,14,5587.78,12.29,4,1,0
2025-11-10,STR026,21,6424.37,15.67,14,2,2
2025-08-20,STR022,12,6062.15,14.83,9,3,0
2026-03-19,STR017,10,3048.94,23.0,5,0,1
2025-09-15,STR006,15,8932.48,18.8,10,2,0
2025-09-02,STR013,12,4561.96,16.33,8,1,1
2025-09-05,STR006,12,7383.32,16.08,8,2,2
2025-10-18,STR022,12,5444.13,15.17,7,2,1
2026-01-08,STR004,14,3926.33,14.21,7,3,4
2025-11-16,STR022,15,5699.51,14.27,9,6,1
2025-07-06,STR017,9,6964.16,15.11,6,2,0
2025-10-06,STR027,7,2979.21,21.0,7,1,0
2026-04-03,STR003,13,7091.75,16.92,8,7,0
2026-04-25,STR017,17,7350.77,20.12,13,2,0
2025-10-07,STR030,15,5480.38,15.13,8,4,2
2026-01-30,STR010,12,3817.05,14.75,6,2,0
2026-05-16,STR019,19,13422.04,18.95,12,2,0
2026-04-03,STR012,8,5325.95,12.75,4,3,1
2026-04-17,STR015,13,6821.28,23.54,9,4,0
2026-05-26,STR029,16,7351.81,18.25,12,2,2
2026-02-18,STR029,9,6584.22,13.33,5,1,0
2025-07-15,STR026,21,9165.28,14.57,11,4,1
2025-08-26,STR010,17,8039.88,16.06,10,2,2
2025-06-05,STR017,18,5028.67,15.67,9,1,2
2026-01-27,STR009,19,12277.29,17.26,14,6,5
2026-05-12,STR008,8,4107.43,12.13,2,1,2
2026-01-25,STR007,16,14336.07,12.13,8,4,2
2026-01-03,STR004,12,6087.05,15.5,8,4,2
2025-10-18,STR025,14,6318.99,14.79,5,1,1
2025-08-18,STR014,14,6321.01,16.79,9,2,2
2025-07-15,STR027,13,2421.37,17.69,8,5,1
2025-08-07,STR025,14,5892.0,14.5,6,2,2
2025-07-14,STR007,9,6097.08,17.89,8,3,1
2025-07-19,STR023,12,10139.2,13.83,6,3,1
2025-07-26,STR001,12,5055.67,18.83,8,0,0
2026-02-27,STR026,27,12811.06,18.52,17,5,5
2025-12-28,STR025,14,7049.66,16.36,11,1,1
2025-07-24,STR006,13,7097.03,17.46,8,3,0
2026-01-19,STR023,10,7476.45,14.6,6,5,1
2026-04-26,STR012,10,3795.43,12.4,3,2,0
2025-06-24,STR021,9,3698.09,17.78,4,2,1
2026-01-04,STR026,12,2628.2,12.92,7,2,1
2026-03-09,STR013,12,6056.16,18.67,10,2,2
2025-12-12,STR001,10,5913.53,18.8,6,3,1
2025-08-15,STR015,14,6687.67,12.93,8,1,2
2026-02-03,STR005,14,4881.1,15.36,7,3,2
2025-09-09,STR015,18,9841.43,17.11,13,2,1
2025-09-30,STR003,12,8545.26,21.83,10,3,1
2025-08-17,STR023,10,7793.19,17.8,6,2,0
2025-09-18,STR008,25,19349.43,15.12,13,6,3
2025-08-30,STR019,11,3313.71,11.82,5,2,2
2025-10-29,STR023,19,7572.59,14.32,10,2,2
2026-05-20,STR009,19,7728.11,17.37,10,3,0
2025-07-30,STR005,18,8792.89,16.17,9,2,3
2025-08-31,STR029,16,7044.09,19.06,11,2,1
2026-05-06,STR022,15,5678.64,11.87,6,2,0
2026-05-27,STR007,8,4264.76,21.63,7,3,2
2025-11-12,STR001,7,4516.91,20.86,5,2,0
2026-03-15,STR017,17,8206.14,17.88,11,8,2
2025-07-27,STR023,14,8790.85,18.29,10,0,1
2025-08-19,STR003,11,4948.69,19.64,8,3,3
2026-05-24,STR004,12,5479.25,17.5,6,3,1
2026-05-14,STR028,12,7354.81,14.67,7,3,1
2025-10-04,STR010,18,5586.77,11.67,9,5,3
2025-06-18,STR019,11,4361.76,22.36,9,2,2
2026-05-04,STR019,10,6463.88,19.2,7,2,1
2026-01-31,STR020,14,6010.52,22.0,10,3,2
2025-09-16,STR018,13,7219.7,21.85,11,2,1
2026-04-14,STR015,15,14633.88,16.33,10,4,1
2025-10-11,STR011,10,6348.77,21.2,6,5,1
2025-08-22,STR019,13,9824.87,22.08,9,5,3
2025-06-06,STR029,9,5608.28,15.22,5,1,1
2025-07-06,STR010,15,11299.31,14.67,9,0,2
2026-02-11,STR026,13,6832.26,13.92,7,6,2
2025-06-06,STR007,13,12366.98,16.92,6,4,3
2026-03-11,STR022,13,7687.6,13.08,7,3,1
2026-02-24,STR027,16,6932.84,18.0,13,5,1
2025-08-06,STR001,11,4596.47,13.09,4,3,1
2026-04-29,STR010,12,6196.45,17.92,7,2,2
2025-09-15,STR028,11,4500.68,17.0,6,2,0
2025-06-26,STR003,11,5322.82,17.0,5,4,0
2025-06-03,STR024,13,11373.18,13.69,8,3,0
2026-03-01,STR030,10,5400.6,19.2,8,2,0
2026-03-17,STR028,12,4879.84,20.5,10,3,2
2025-12-30,STR012,10,4694.88,11.0,3,1,1
2025-08-23,STR011,15,11613.61,17.33,9,7,2
2025-10-29,STR009,9,5455.49,16.89,4,2,2
2025-07-30,STR026,10,5591.9,19.3,6,1,5
2026-04-05,STR026,11,4715.96,18.73,6,4,0
2026-04-19,STR028,6,3057.55,17.5,2,2,0
2026-03-05,STR028,11,4623.03,20.45,8,2,1
2026-02-16,STR019,12,5435.54,13.83,9,4,0
2025-10-02,STR029,17,5443.37,16.82,10,4,2
2025-11-20,STR009,8,5258.0,18.75,5,3,1
2026-04-08,STR004,17,7949.25,14.65,12,1,4
2025-09-28,STR015,19,6469.22,18.0,13,3,2
2025-12-14,STR028,21,8462.34,16.67,13,5,3
2026-01-20,STR026,15,12565.55,16.8,9,4,1
2025-09-25,STR016,17,9081.19,13.12,6,4,0
2025-07-09,STR017,15,8519.26,12.8,6,3,3
2025-09-09,STR016,14,6105.84,15.93,7,4,4
2025-08-21,STR002,12,6025.46,11.17,5,1,2
2025-08-09,STR004,14,5594.46,18.79,12,1,2
2025-09-13,STR029,11,6695.36,16.09,7,1,1
2026-04-29,STR016,16,9620.76,16.5,11,4,0
2026-02-28,STR002,9,7291.85,17.89,6,1,1
2025-08-28,STR011,16,4630.85,17.56,12,6,3
2026-03-08,STR026,18,11351.65,17.39,11,3,2
2025-11-25,STR028,15,8081.55,18.47,9,4,1
2026-03-22,STR013,11,4168.08,14.0,5,3,3
2025-07-11,STR015,12,7724.48,16.58,7,1,1
2025-06-18,STR025,11,7309.23,19.18,8,5,0
2025-08-18,STR025,15,6080.98,15.67,8,4,0
2026-03-31,STR025,12,5389.57,14.83,6,3,1
2026-01-01,STR002,13,6058.98,20.46,8,3,4
2025-12-04,STR021,13,5931.0,12.08,5,2,1
2025-11-24,STR007,14,3883.76,13.29,5,1,1
2025-11-02,STR010,13,5967.35,17.38,6,2,4
2025-10-31,STR003,16,5882.68,17.31,11,2,4
2025-11-03,STR017,9,1881.66,15.89,5,4,0
2026-01-31,STR006,7,1969.98,16.57,3,1,1
2026-01-30,STR013,13,5669.1,16.0,8,5,3
2025-10-21,STR009,11,6128.15,10.91,4,3,1
2025-07-21,STR003,11,7419.99,19.27,7,2,1
2025-06-10,STR027,19,7475.8,13.84,8,4,1
2025-10-25,STR013,16,7206.0,18.25,12,4,1
2026-04-26,STR025,10,5832.0,16.8,7,2,0
2025-12-29,STR026,12,6648.16,19.17,8,1,4
2026-03-31,STR008,14,9410.62,15.57,6,5,0
2025-11-06,STR026,15,5937.37,14.67,9,4,1
2026-04-16,STR004,13,8798.72,20.15,11,5,0
2025-11-28,STR025,18,8524.07,17.56,10,2,0
2026-05-23,STR015,7,5991.79,18.71,5,2,2
2026-05-05,STR017,13,6475.44,12.38,7,4,0
2025-07-05,STR020,15,6832.88,16.73,9,2,1
2025-09-15,STR002,13,9282.89,15.23,5,7,3
2025-09-16,STR007,18,6986.52,18.06,9,2,2
2025-10-28,STR014,15,8145.08,17.47,11,4,4
2026-03-24,STR022,16,11302.48,15.63,13,4,3
2025-10-05,STR028,17,14225.83,17.59,11,3,3
2026-03-28,STR025,16,9751.34,17.63,10,3,5
2025-08-02,STR018,19,13638.08,17.47,13,3,0
2025-10-02,STR020,13,5863.64,13.38,9,3,3
2026-05-30,STR010,18,8268.51,11.94,6,3,4
2026-02-16,STR008,14,5750.43,16.93,8,2,2
2026-04-07,STR029,12,7934.08,14.75,9,4,2
2026-01-10,STR020,11,8198.05,15.73,7,3,0
2025-07-10,STR016,17,11914.18,14.76,10,7,6
2026-05-20,STR020,12,7037.82,19.0,7,3,1
2025-10-20,STR014,10,6811.65,17.1,6,3,1
2026-04-24,STR026,18,7963.63,15.33,12,1,4
2026-01-15,STR025,16,10927.7,14.56,9,2,2
2026-05-16,STR004,9,4019.85,16.89,6,1,0
2025-12-16,STR015,11,10386.1,17.45,6,2,2
2025-10-07,STR029,13,5662.43,18.92,11,4,0
2025-12-25,STR018,11,5659.23,20.27,9,2,0
2025-11-10,STR011,12,5465.38,16.92,6,3,1
2025-07-09,STR026,12,5874.35,12.5,6,4,0
2026-01-06,STR010,14,6105.55,15.86,7,4,4
2026-01-16,STR021,15,6003.24,16.93,10,4,3
2025-12-21,STR009,12,7247.85,23.17,9,0,2
2025-12-26,STR030,13,3402.11,17.85,7,3,1
2025-06-22,STR026,18,9904.72,18.0,14,3,2
2025-11-01,STR007,17,13377.42,14.65,7,3,2
2025-09-23,STR019,14,3669.67,14.29,5,5,0
2025-12-20,STR001,15,6866.74,23.27,9,6,2
2025-06-15,STR008,12,8861.5,19.08,9,2,0
2026-03-18,STR028,17,5795.27,16.12,9,3,2
2026-02-08,STR009,15,9160.81,17.73,8,1,2
2026-03-09,STR004,15,7464.35,13.67,6,5,2
2025-11-09,STR029,15,12151.68,13.87,10,3,2
2025-09-03,STR017,17,10319.0,15.82,11,3,1
2025-08-17,STR015,11,2524.18,17.55,7,1,0
2025-12-16,STR018,11,6703.01,14.45,5,2,1
2025-08-05,STR024,15,7098.77,15.8,8,3,1
2025-07-11,STR007,17,8097.95,15.71,10,3,0
2025-06-24,STR010,9,4048.19,12.56,5,4,0
2025-10-18,STR003,17,7857.43,17.94,13,2,2
2026-02-12,STR015,10,4048.68,12.1,5,0,0
2026-04-16,STR002,12,4951.96,20.83,9,3,2
2025-09-23,STR030,17,7665.9,13.0,8,3,1
2025-09-14,STR023,18,7767.62,14.89,9,2,1
2026-03-06,STR024,14,6545.42,14.79,7,3,1
2026-05-11,STR005,8,2712.54,14.13,5,3,1
2025-10-26,STR018,13,9390.4,17.15,9,6,0
2025-06-12,STR006,16,11979.82,15.56,7,5,5
2025-07-13,STR017,17,6643.13,18.18,9,4,0
2025-07-11,STR014,16,5837.14,19.81,11,3,2
2026-04-21,STR019,14,12553.5,16.21,6,3,2
2025-08-03,STR024,10,6211.03,13.5,5,4,2
2026-01-29,STR001,11,7712.1,15.36,4,2,2
2025-08-08,STR004,14,9183.28,17.5,9,1,4
2025-06-12,STR030,9,6414.84,12.56,6,0,0
2026-01-31,STR015,17,8180.15,17.41,12,4,0
2025-10-28,STR024,13,4073.6,14.38,6,4,1
2026-02-03,STR025,14,7675.91,16.14,9,2,2
2026-02-04,STR026,19,8664.19,13.42,9,1,1
2026-01-02,STR006,21,13910.26,22.95,17,8,2
2026-02-20,STR013,15,10981.02,19.33,12,5,3
2025-09-29,STR023,22,10415.04,15.23,11,7,1
2025-12-19,STR001,20,8514.05,17.15,14,3,4
2025-12-09,STR016,10,5347.23,22.0,8,2,3
2026-05-09,STR012,13,6649.56,22.0,10,3,2
2026-01-20,STR020,14,11205.13,21.29,10,5,0
2026-04-20,STR030,14,6692.98,15.86,9,3,2
2025-09-01,STR026,8,2982.58,13.13,5,3,1
2025-07-15,STR011,11,3321.46,15.27,8,1,1
2026-01-28,STR012,11,7342.22,15.45,6,4,1
2025-11-23,STR015,13,5851.43,13.15,8,0,1
2026-04-30,STR019,10,5541.77,19.6,5,2,0
2025-07-15,STR006,18,7597.6,17.56,11,3,2
2025-08-19,STR017,10,5410.46,14.3,4,2,0
2026-05-04,STR027,12,8622.45,14.83,8,2,3
2025-12-26,STR020,9,5544.52,16.78,6,0,1
2026-04-17,STR025,19,9250.68,16.68,12,4,2
2026-03-31,STR027,11,2551.27,14.45,5,1,0
2025-07-28,STR002,9,6292.47,21.0,8,2,0
2025-09-30,STR017,9,3741.78,18.56,6,3,0
2026-01-05,STR006,18,9593.59,15.61,11,7,2
2025-06-18,STR020,10,6458.68,18.2,7,2,1
2025-06-04,STR016,15,8250.96,20.07,10,4,0
2025-12-01,STR012,17,10150.21,14.94,9,1,5
2026-02-10,STR009,16,7028.51,13.44,10,2,2
2025-06-07,STR028,19,15889.23,22.11,16,5,1
2026-03-12,STR024,14,6360.64,13.43,6,1,0
2025-11-08,STR007,17,7188.47,15.29,10,3,1
2025-11-12,STR018,14,8719.55,14.57,9,1,4
2026-05-19,STR007,13,4575.84,17.46,8,2,0
2025-06-20,STR028,8,2309.34,15.25,4,1,0
2026-02-08,STR008,11,5155.58,16.64,5,5,1
2026-05-15,STR004,15,7062.92,19.73,10,4,3
2026-04-18,STR015,13,5156.45,15.23,7,2,1
2026-02-18,STR026,12,8162.11,26.75,11,0,1
2026-05-22,STR005,9,4630.34,16.22,4,0,1
2026-05-23,STR003,12,6673.91,15.42,6,3,1
2025-09-05,STR024,10,4405.34,14.5,5,2,0
2025-08-01,STR005,12,5232.9,13.5,6,2,1
2025-08-11,STR024,11,3395.86,17.0,9,2,1
2026-01-15,STR028,13,5787.17,17.38,8,2,0
2025-12-15,STR009,9,4859.46,21.33,7,3,0
2025-10-31,STR013,13,5149.64,12.62,3,4,1
2025-08-03,STR008,9,3961.32,15.44,7,1,0
2025-09-02,STR022,11,8315.76,18.27,7,0,0
2026-02-06,STR030,10,6265.77,16.9,7,1,1
2025-09-07,STR008,12,5068.4,14.08,5,3,1
2026-02-19,STR019,10,4598.78,17.5,6,5,1
2025-10-30,STR024,9,4745.81,21.67,7,3,0
2025-09-16,STR013,14,4159.71,15.79,10,4,1
2025-11-15,STR016,10,5607.4,14.6,5,2,2
2025-07-31,STR025,14,8506.41,16.5,8,1,0
2025-10-15,STR027,16,6253.1,17.94,13,4,2
2025-10-23,STR008,15,5406.56,22.73,12,4,2
2025-12-14,STR007,15,8396.86,13.67,9,3,1
2025-11-18,STR030,11,5345.9,14.09,8,1,3
2025-06-20,STR013,19,12162.18,13.0,9,4,2
2025-08-13,STR012,12,7041.45,18.17,9,4,1
2025-09-28,STR022,13,4908.54,16.38,7,3,0
2025-07-01,STR012,13,9042.07,14.54,8,1,3
2026-01-18,STR018,17,11871.55,14.12,7,6,1
2025-09-13,STR014,13,9060.72,16.15,7,1,2
2025-10-03,STR003,16,3857.94,15.13,9,4,2
2025-10-15,STR009,13,4308.87,16.92,9,2,1
2025-09-27,STR016,15,7896.79,16.07,8,5,2
2025-09-19,STR016,17,7707.61,18.35,10,3,1
2025-12-05,STR026,18,10850.65,16.28,10,2,1
2025-12-19,STR017,17,12243.21,16.18,9,1,3
2026-01-22,STR025,14,6376.85,14.14,7,1,1
2025-07-05,STR006,14,6140.13,16.86,12,2,1
2025-08-11,STR006,13,6678.46,21.92,9,2,1
2026-06-03,STR014,7,3092.2,12.71,3,1,0
2026-02-17,STR018,8,3917.5,15.0,4,5,0
2025-06-24,STR030,15,5813.18,16.33,9,2,2
2025-09-28,STR008,15,4927.31,14.93,9,3,2
2026-01-04,STR009,13,7616.87,17.0,6,1,2
2025-11-11,STR007,13,7189.21,18.46,8,2,2
2025-06-12,STR016,16,8170.71,16.75,11,3,2
2026-02-10,STR025,10,1442.92,12.5,4,0,3
2026-06-03,STR030,10,6179.83,22.2,8,3,0
2026-05-19,STR022,14,6534.6,15.36,8,3,4
2026-01-22,STR018,20,8785.94,20.15,15,2,2
2025-10-03,STR027,6,1418.25,20.17,3,0,0
2025-10-13,STR007,13,8227.76,14.77,5,3,2
2025-11-06,STR009,15,9178.61,14.33,9,3,1
2025-11-17,STR024,9,2650.14,19.33,7,3,1
2025-11-26,STR007,9,6938.03,13.89,3,1,0
2025-09-30,STR006,17,8767.51,19.53,11,4,0
2025-07-29,STR030,10,5007.98,14.0,5,1,2
2026-02-16,STR028,13,7023.8,13.38,5,3,2
2025-11-27,STR026,13,9307.81,16.85,8,2,0
2026-05-14,STR026,7,2160.36,18.29,4,0,1
2026-03-16,STR022,17,9607.84,15.88,10,6,0
2025-09-20,STR018,17,7670.81,19.18,14,1,0
2025-09-12,STR026,14,7194.8,14.36,6,1,2
2025-06-28,STR005,11,4426.05,15.82,7,2,2
2025-10-12,STR003,14,8532.24,17.21,10,2,2
2026-01-25,STR028,13,7482.05,14.77,8,2,2
2026-02-02,STR006,15,12183.26,15.67,9,3,3
2026-01-20,STR022,10,5862.77,15.1,3,3,1
2025-07-20,STR014,14,7731.87,14.79,10,5,1
2025-09-18,STR003,15,8765.15,14.07,8,3,3
2026-03-16,STR010,9,6576.54,17.22,7,5,2
2025-12-12,STR024,11,6035.92,17.45,7,2,3
2025-10-26,STR030,11,5007.61,14.45,7,2,5
2026-02-28,STR019,16,8688.34,15.38,10,2,0
2026-05-26,STR023,17,7897.98,13.82,10,4,1
2025-12-20,STR027,11,5763.87,14.18,6,2,2
2025-10-29,STR025,9,6532.93,13.67,5,3,1
2025-12-04,STR014,17,12255.94,14.47,10,5,1
2026-06-02,STR019,11,4909.83,16.55,6,3,2
2025-06-30,STR023,15,6581.66,19.07,10,6,3
2025-07-20,STR010,17,8901.0,18.35,10,8,1
2025-11-06,STR010,12,8436.52,12.08,5,5,2
2025-08-10,STR017,16,6804.42,18.5,10,3,1
2026-05-13,STR010,10,4317.93,20.1,6,1,1
2026-01-12,STR026,16,9586.53,19.69,12,4,2
2026-01-19,STR025,11,4368.78,16.55,6,1,1
2026-02-14,STR004,15,8305.34,14.73,6,3,2
2026-05-10,STR030,10,5354.2,14.0,7,4,1
2026-05-17,STR019,13,5022.69,17.15,7,3,0
2025-11-03,STR022,19,9990.17,15.68,12,4,2
2025-10-24,STR010,14,6144.6,15.86,10,5,2
2025-06-18,STR021,15,6312.65,15.87,7,2,2
2026-02-21,STR029,12,6026.48,13.0,5,2,3
2025-11-27,STR017,19,7289.74,13.53,12,7,4
2025-08-04,STR025,12,7972.24,20.0,9,2,1
2026-01-30,STR016,7,2808.01,19.14,3,3,0
2025-09-11,STR003,10,9199.36,22.9,7,2,2
2025-07-12,STR022,10,3907.66,15.2,5,2,1
2026-02-20,STR025,9,4336.17,16.78,6,3,0
2025-08-16,STR011,9,6901.35,16.67,3,0,0
2025-07-29,STR005,18,5708.94,19.5,13,2,1
2026-03-12,STR016,10,3644.57,11.5,2,4,2
2026-04-22,STR015,12,6447.92,18.33,9,2,0
2025-07-09,STR016,15,7635.58,17.87,10,3,1
2025-07-24,STR020,7,7662.91,16.29,4,2,0
2025-07-25,STR024,9,3366.33,15.33,5,2,2
2025-11-29,STR027,17,10587.78,14.24,7,3,3
2026-03-16,STR019,11,4827.76,18.45,5,1,2
2025-12-19,STR018,8,2149.71,24.13,6,2,2
2025-12-08,STR030,9,4237.6,14.33,6,1,1
2025-12-20,STR008,9,2268.76,17.0,6,3,2
2025-06-22,STR027,13,8197.42,21.54,9,2,2
2025-09-27,STR006,13,5351.81,14.46,9,4,1
2025-06-22,STR001,8,7438.14,26.88,7,2,0
2025-10-31,STR022,11,8446.84,20.27,8,4,2
2026-02-09,STR017,11,7649.22,14.27,7,3,1
2025-09-03,STR025,11,6008.99,13.82,5,5,2
2025-06-18,STR011,8,3130.51,15.13,4,1,1
2025-06-04,STR029,18,12695.48,17.89,11,8,1
2025-11-16,STR025,12,6246.14,18.17,9,5,3
2026-03-28,STR005,7,3517.24,16.0,6,1,0
2025-06-20,STR029,17,5894.61,16.88,10,2,2
2025-09-06,STR017,12,6392.49,17.08,7,3,2
2026-05-10,STR027,8,3650.4,15.5,7,1,2
2026-05-05,STR008,21,10557.17,14.76,8,4,5
2026-05-18,STR028,3,1223.17,12.0,1,0,0
2025-10-26,STR003,10,2971.27,18.5,5,0,2
2025-06-23,STR020,13,9053.34,17.38,10,3,1
2026-04-01,STR022,12,4229.1,15.58,10,0,1
2026-05-29,STR021,15,7694.43,11.87,7,3,5
2025-09-28,STR002,14,7786.98,13.29,6,5,1
2025-07-23,STR004,13,5706.24,12.23,8,0,2
2025-07-14,STR016,14,9113.67,18.5,12,7,0
2026-05-04,STR001,13,7907.7,15.15,10,5,0
2026-01-12,STR020,15,4912.61,17.73,7,2,2
2025-12-09,STR009,16,5413.56,18.06,14,2,2
2025-12-27,STR017,19,7508.19,15.21,11,6,0
2026-01-30,STR028,7,1901.53,23.71,5,1,0
2025-08-06,STR021,11,4185.51,15.09,8,1,0
2025-08-16,STR012,13,3913.45,12.62,5,3,1
2026-05-07,STR013,10,6887.56,13.8,6,0,0
2026-04-12,STR017,18,15182.3,15.17,11,5,1
2025-10-21,STR028,17,12942.85,12.71,8,5,2
2026-01-09,STR004,12,3607.97,12.42,7,4,4
2025-08-09,STR005,10,5078.6,12.9,6,1,1
2025-12-08,STR001,11,5861.27,18.45,9,5,1
2026-02-09,STR001,11,5015.68,12.73,5,0,0
2025-12-25,STR003,9,5193.95,17.78,5,4,0
2025-12-10,STR029,10,4086.12,13.2,7,2,1
2025-08-12,STR011,15,6572.04,15.87,10,3,1
2025-12-18,STR025,11,4451.98,15.55,7,1,4
2026-02-17,STR022,16,12385.34,18.25,13,4,1
2025-11-18,STR016,15,7855.0,22.2,9,3,2
2026-03-26,STR017,14,5181.25,13.5,9,3,2
2026-01-06,STR023,8,3515.88,19.38,7,1,2
2025-08-26,STR024,12,4785.59,12.83,5,0,1
2026-01-26,STR015,12,6334.43,16.5,8,3,2
2026-05-10,STR004,14,7233.37,16.43,10,2,2
2025-10-28,STR006,13,6670.85,13.92,9,3,1
2025-09-08,STR028,15,5928.33,17.13,7,3,2
2026-02-16,STR023,14,5603.67,17.14,7,5,1
2026-06-01,STR005,11,4806.77,12.91,3,1,0
2026-04-14,STR014,10,2449.82,10.3,2,3,1
2025-07-29,STR012,12,4525.21,20.33,9,3,2
2025-12-29,STR010,11,6583.54,17.27,7,3,1
2026-01-20,STR014,11,4478.34,15.91,5,2,0
2025-07-23,STR007,11,7028.73,14.18,6,0,2
2025-06-09,STR023,12,4546.98,15.17,6,3,0
2025-11-12,STR007,10,5779.04,14.3,4,3,1
2025-09-30,STR028,13,7941.78,12.69,8,1,0
2026-03-30,STR015,7,2017.13,20.57,6,0,0
2026-04-27,STR017,14,6031.95,16.86,7,4,2
2026-03-25,STR021,8,4327.63,15.5,7,2,1
2025-10-10,STR023,11,6850.73,15.18,7,4,1
2026-03-29,STR015,14,7480.75,16.5,8,5,2
2026-03-10,STR027,5,2615.51,11.0,2,0,1
2025-12-11,STR002,11,4065.31,13.55,4,6,1
2025-10-03,STR030,19,13992.06,16.21,12,2,1
2025-09-13,STR002,7,3413.19,12.0,5,1,2
2026-02-21,STR007,17,7215.31,18.94,12,2,3
2026-03-16,STR008,9,4182.5,14.44,6,2,1
2026-05-09,STR021,14,6619.11,19.36,8,2,1
2025-12-28,STR023,13,11707.93,14.62,5,4,1
2026-04-11,STR025,6,1741.87,16.0,2,0,0
2026-02-19,STR017,9,3678.98,18.56,6,1,0
2025-09-06,STR004,9,1757.43,16.22,7,2,0
2025-12-31,STR010,13,7834.32,14.31,7,2,2
2025-06-03,STR011,16,8449.98,17.94,9,1,0
2026-01-17,STR030,12,5609.93,22.42,8,2,2
2026-01-25,STR014,8,3530.97,16.75,4,1,2
2025-12-14,STR024,9,4945.73,13.78,6,0,1
2026-05-03,STR019,15,11806.39,18.27,10,2,2
2025-07-13,STR006,9,5827.72,14.0,6,2,2
2026-02-27,STR003,15,13639.63,12.27,7,5,2
2026-04-23,STR012,12,4314.6,13.92,7,0,1
2025-11-22,STR003,4,1917.8,14.75,2,0,0
2025-07-05,STR008,10,10354.69,16.4,5,2,1
2025-10-25,STR009,10,3921.44,17.9,6,1,1
2025-09-12,STR003,7,3977.36,18.43,5,3,1
2026-01-23,STR007,9,5427.13,13.89,6,2,1
2025-09-01,STR021,12,3899.24,17.33,6,2,0
2026-05-27,STR013,12,7699.14,14.58,3,2,0
2025-08-25,STR022,14,7075.64,15.0,7,2,0
2025-06-23,STR025,10,4284.45,17.4,6,2,2
2026-01-16,STR004,9,3793.81,23.11,8,0,1
2025-07-22,STR002,14,5451.15,17.36,8,2,0
2026-01-01,STR008,9,6232.01,11.33,3,0,3
2025-08-26,STR029,12,6959.09,12.33,6,1,0
2026-02-27,STR005,11,4522.98,20.91,6,3,1
2026-02-14,STR019,8,4243.72,18.0,5,5,0
2025-09-29,STR014,7,2368.61,15.43,6,1,0
2026-05-17,STR024,10,6574.22,16.4,5,2,0
2025-06-19,STR018,11,4526.34,21.45,9,5,2
2025-12-17,STR003,8,6280.88,16.25,6,3,0
2026-05-31,STR016,8,4089.82,16.5,5,3,0
2025-09-04,STR022,11,3399.36,17.27,6,6,1
2026-03-04,STR023,14,11015.06,16.79,8,3,3
2025-10-11,STR002,11,4809.98,14.0,6,2,1
2025-12-12,STR004,12,8628.0,17.92,8,5,0
2025-08-20,STR006,10,8060.64,23.0,6,2,0
2025-06-23,STR027,17,5848.72,19.88,10,2,5
2025-10-17,STR020,12,4643.66,13.92,5,0,1
2026-03-20,STR010,15,7125.58,22.67,9,1,5
2025-10-01,STR012,9,3014.13,14.44,6,1,0
2026-02-05,STR026,11,5312.05,15.73,7,2,0
2025-10-31,STR007,11,7554.91,21.73,7,3,0
2026-04-26,STR019,14,5656.79,15.14,8,3,2
2026-01-14,STR010,11,5317.94,17.36,10,3,2
2025-06-17,STR025,14,12830.74,19.86,9,3,1
2025-07-11,STR022,7,2757.08,15.14,5,1,0
2025-12-05,STR017,6,2023.05,12.83,3,3,0
2026-03-01,STR024,7,6490.54,16.0,3,2,1
2025-10-09,STR007,10,5590.34,21.4,6,3,2
2025-06-20,STR005,16,8228.2,11.94,9,4,1
2025-09-11,STR018,8,4304.07,21.5,7,3,1
2026-02-24,STR030,9,6603.52,20.67,6,2,0
2025-12-01,STR007,15,9125.61,14.53,7,5,3
2025-07-14,STR006,11,5572.14,22.27,7,3,1
2025-08-21,STR003,6,6861.54,16.33,3,4,0
2025-12-10,STR013,10,3373.1,16.6,5,1,1
2025-10-14,STR002,10,6992.19,10.4,2,3,0
2025-07-18,STR006,13,6140.78,21.31,11,0,0
2025-08-20,STR005,8,4487.6,16.88,5,1,0
2025-07-25,STR001,4,1684.84,17.75,2,2,0
2025-12-27,STR025,12,3832.78,15.08,9,6,2
2026-02-26,STR002,16,8592.09,18.31,8,2,1
2025-12-24,STR016,13,4720.35,11.62,5,3,1
2026-05-28,STR001,13,8712.83,21.54,11,5,1
2025-12-09,STR019,18,10687.44,13.17,9,7,5
2025-08-10,STR028,15,6594.43,18.2,12,4,1
2026-03-18,STR006,18,6888.3,18.28,15,3,2
2025-07-13,STR018,9,4260.73,22.33,5,1,1
2025-09-21,STR020,14,6856.03,16.21,8,3,1
2025-10-21,STR002,12,7406.57,16.83,9,0,1
2026-01-10,STR029,13,6411.21,16.46,7,2,3
2026-05-08,STR006,13,6209.42,16.54,5,3,0
2025-11-18,STR008,16,5172.65,17.44,11,5,0
2026-05-24,STR022,13,4371.46,14.62,4,2,2
2026-02-02,STR028,12,7340.26,15.5,8,2,2
2026-02-23,STR019,7,6255.76,21.0,5,2,1
2025-12-15,STR026,17,9554.34,15.82,9,4,1
2026-05-24,STR023,16,7333.93,12.44,8,4,1
2025-12-09,STR023,10,3168.41,16.9,5,2,0
2026-05-13,STR013,18,7371.79,17.22,10,5,3
2025-08-05,STR006,17,7365.35,14.12,12,3,1
2025-11-17,STR025,16,13267.49,15.0,7,3,2
2025-09-15,STR024,12,5453.86,17.5,10,3,4
2025-12-01,STR027,12,4017.07,20.67,8,1,1
2026-04-21,STR018,14,8950.34,17.93,10,3,1
2025-09-01,STR017,19,9891.01,17.84,12,2,3
2025-09-20,STR019,11,2755.71,13.73,5,1,0
2025-10-24,STR029,14,6527.38,14.43,10,2,2
2026-05-11,STR003,18,7956.88,17.0,12,3,2
2025-08-08,STR024,10,5866.91,17.9,9,2,1
2026-02-16,STR002,23,15070.69,17.09,16,5,3
2025-10-07,STR011,12,7219.61,12.17,5,2,2
2025-09-13,STR003,8,7861.42,19.75,5,6,1
2026-02-14,STR014,11,5742.63,14.0,6,2,1
2025-12-01,STR016,8,4520.88,13.75,3,1,0
2025-11-09,STR001,21,10190.65,14.19,11,3,3
2025-11-12,STR010,17,5553.09,15.88,12,4,1
2025-06-10,STR022,17,11712.18,18.76,12,4,1
2026-05-20,STR025,16,11320.59,12.19,8,3,1
2025-09-30,STR016,20,12096.77,17.95,13,4,1
2025-12-28,STR013,17,9795.21,13.76,10,3,3
2025-07-19,STR003,16,13091.64,14.75,12,5,2
2025-11-06,STR016,12,6849.82,14.33,7,0,0
2025-07-18,STR011,20,13587.66,14.8,12,6,2
2026-05-27,STR024,18,7500.48,15.06,10,7,0
2025-09-23,STR007,16,5689.25,17.06,9,4,1
2025-11-03,STR001,12,7709.81,18.42,8,4,1
2026-01-01,STR020,10,5144.8,15.3,5,2,1
2025-08-17,STR012,13,5704.37,15.08,9,1,1
2026-03-28,STR029,11,2971.66,15.73,7,3,2
2025-10-24,STR011,12,6881.22,14.67,5,3,1
2026-04-06,STR017,18,10410.34,15.22,12,4,1
2026-05-09,STR014,14,7216.28,19.0,13,8,0
2026-04-14,STR009,19,5309.7,14.16,12,6,0
2026-04-23,STR010,19,8732.75,13.79,9,3,5
2025-11-22,STR008,17,10589.97,15.59,9,3,1
2026-05-02,STR020,17,5477.6,15.12,11,1,2
2025-09-27,STR028,17,8594.6,18.47,10,1,1
2026-04-15,STR016,20,10480.79,18.05,15,3,3
2026-04-14,STR022,10,3868.08,23.0,8,2,1
2025-10-03,STR022,19,6192.55,16.21,10,2,1
2025-06-09,STR007,15,10015.14,16.53,8,1,1
2026-01-19,STR024,14,7501.01,11.21,4,2,3
2025-09-24,STR008,19,7768.54,12.42,6,5,2
2026-05-07,STR021,10,6788.19,13.7,4,1,1
2026-03-04,STR028,15,4526.4,15.13,10,3,2
2025-10-07,STR012,20,6725.41,21.1,15,1,3
2025-12-12,STR018,15,9524.79,19.4,10,2,2
2025-06-20,STR012,13,5101.69,20.08,7,7,1
2026-02-26,STR020,11,6692.36,16.36,8,1,0
2026-04-09,STR009,12,5509.51,12.08,5,4,1
2025-10-12,STR022,9,4327.65,23.22,6,1,2
2025-07-28,STR008,10,1907.63,15.8,4,1,0
2025-06-23,STR002,12,5607.86,11.58,6,2,1
2026-02-12,STR021,16,9570.35,15.38,10,3,3
2026-03-14,STR028,14,7389.51,16.36,10,4,2
2026-04-28,STR012,17,6833.47,14.82,10,4,0
2025-06-17,STR008,15,7497.67,19.13,10,2,1
2025-07-01,STR021,17,7546.25,16.53,9,4,4
2025-12-10,STR018,17,9074.5,16.59,10,5,2
2025-08-23,STR030,16,5594.47,18.13,10,2,1
2026-05-03,STR018,11,4977.23,14.64,6,1,2
2026-02-28,STR029,22,12138.84,16.0,12,4,4
2026-01-13,STR010,18,9872.48,16.33,12,5,2
2025-06-08,STR007,14,7562.23,16.14,9,4,0
2025-07-03,STR015,11,5530.2,16.82,7,1,0
2025-06-15,STR010,14,5356.46,14.57,9,1,1
2026-04-04,STR005,14,5669.05,16.36,10,2,2
2025-06-28,STR001,12,4482.32,13.75,8,3,2
2025-12-31,STR011,18,8485.24,16.61,9,3,3
2025-08-15,STR002,12,5253.55,21.5,8,0,1
2026-03-11,STR004,14,5881.06,13.0,7,3,3
2025-12-09,STR010,16,7666.64,17.19,12,1,1
2026-05-29,STR027,17,8049.11,18.18,11,4,1
2025-06-05,STR009,11,8076.3,14.73,5,1,0
2025-06-07,STR008,13,9192.7,16.62,9,4,1
2025-06-19,STR003,16,7975.01,19.44,12,3,4
2026-01-12,STR019,13,4963.32,16.85,7,7,0
2026-01-06,STR015,13,7650.03,16.62,8,1,2
2026-03-10,STR003,12,6216.94,20.0,9,2,1
2025-09-09,STR027,10,5211.25,13.6,7,0,0
2026-03-20,STR022,15,4965.7,16.0,9,4,4
2025-07-13,STR030,13,6157.34,21.31,9,3,1
2026-06-02,STR027,17,9318.89,16.06,14,6,2
2025-10-16,STR006,13,7523.84,16.69,8,4,2
2025-09-09,STR028,9,6576.1,15.22,6,2,0
2025-10-19,STR023,14,5294.33,19.0,8,2,5
2026-03-04,STR017,22,8819.38,14.91,12,5,0
2025-11-21,STR018,16,8233.49,13.13,8,5,3
2026-01-29,STR003,15,5196.43,16.47,9,1,2
2025-06-11,STR017,10,4096.76,17.2,6,1,1
2026-03-18,STR018,11,6603.21,13.27,4,2,2
2025-12-27,STR030,15,8144.67,16.93,10,5,2
2026-01-15,STR019,16,8264.56,15.69,10,3,1
2025-11-03,STR029,15,8054.44,17.33,9,4,0
2026-05-23,STR018,7,4098.22,15.0,3,1,0
2026-03-23,STR020,16,8692.71,14.94,11,3,0
2025-08-02,STR005,8,3001.29,21.0,5,0,0
2026-02-08,STR013,18,10665.61,18.11,8,3,2
2026-05-11,STR012,11,7851.76,22.91,8,4,0
2025-07-28,STR018,17,7079.88,23.53,13,4,0
2026-04-08,STR030,16,7489.59,12.69,7,3,0
2025-09-06,STR020,9,3077.16,14.22,7,1,2
2025-12-07,STR030,13,4889.05,17.23,9,2,2
2026-02-12,STR028,12,10207.13,18.17,8,4,0
2025-11-04,STR012,9,3073.65,15.78,5,1,1
2025-10-12,STR019,13,10124.39,17.69,10,3,1
2025-11-22,STR015,14,6371.88,14.07,8,4,0
2026-01-28,STR024,15,5532.29,15.4,8,6,0
2025-11-09,STR027,15,6025.77,22.67,12,5,2
2025-12-23,STR005,13,6274.91,21.08,11,2,1
2026-05-28,STR021,17,8096.28,13.41,7,2,2
2026-03-27,STR016,19,10431.52,16.84,11,4,1
2025-06-25,STR023,15,7595.4,19.07,11,3,2
2025-09-21,STR030,19,7080.98,17.37,13,6,2
2025-07-15,STR010,10,5254.06,13.1,3,0,1
2026-03-25,STR028,15,4365.38,16.4,10,1,0
2026-05-23,STR006,18,8050.62,16.17,13,6,2
2025-07-11,STR010,20,9312.22,15.85,12,3,1
2025-10-13,STR020,17,10150.42,19.71,13,6,1
2026-05-16,STR005,16,10317.11,16.94,12,3,0
2025-10-16,STR010,16,5251.69,14.13,10,2,2
2026-01-30,STR021,13,9582.57,17.77,9,1,1
2025-08-20,STR019,18,8050.42,14.83,9,5,1
2025-09-21,STR001,15,9290.5,13.67,8,5,1
2025-12-07,STR014,17,9140.29,16.65,10,2,0
2026-02-01,STR002,15,8621.39,14.73,7,2,0
2026-04-17,STR013,12,11310.77,16.67,7,1,0
2025-06-18,STR008,8,2845.16,20.88,6,0,0
2025-08-02,STR025,22,10786.24,15.32,13,4,7
2025-08-21,STR011,7,5829.33,14.71,5,2,1
2026-03-20,STR004,18,9151.4,14.33,12,4,2
2026-04-16,STR010,16,7549.32,16.88,12,2,2
2026-01-14,STR019,12,4330.27,20.5,9,2,1
2026-03-20,STR015,8,2385.86,18.88,8,3,2
2025-08-10,STR026,19,8282.36,18.89,10,4,3
2026-03-14,STR013,6,1341.0,19.33,4,2,0
2025-12-06,STR019,15,7504.23,17.73,9,2,4
2025-12-05,STR024,17,11114.11,13.65,9,1,3
2026-01-03,STR001,13,5665.74,14.85,8,3,1
2026-03-28,STR006,11,7297.85,11.55,5,4,1
2026-03-18,STR021,9,6445.75,13.11,6,2,0
2025-10-24,STR024,11,6745.11,17.91,8,3,3
2026-05-10,STR005,17,9644.28,18.0,11,8,0
2026-02-09,STR027,18,8900.76,14.94,8,4,1
2026-04-05,STR020,12,8613.61,16.25,8,4,2
2025-08-03,STR029,14,6621.11,17.71,11,2,2
2026-01-03,STR019,15,9034.03,16.87,9,2,1
2026-02-24,STR010,15,7349.74,16.6,8,2,0
2026-05-09,STR022,14,5599.04,16.71,9,5,3
2025-08-22,STR027,14,10121.39,19.5,10,4,3
2026-03-08,STR003,12,9806.93,13.42,4,5,1
2026-05-13,STR023,15,8358.77,16.4,9,5,1
2025-10-25,STR028,8,3271.01,14.38,6,1,0
2025-11-07,STR012,12,4122.87,14.42,7,3,2
2026-03-01,STR021,6,4387.48,13.83,4,0,0
2025-06-29,STR009,11,5144.52,14.64,7,1,2
2025-09-27,STR022,18,4962.51,18.22,13,3,5
2025-07-29,STR021,14,7597.24,17.21,10,4,2
2026-06-03,STR012,16,8995.48,18.38,7,1,2
2025-10-12,STR020,14,8281.55,20.07,8,4,0
2025-09-22,STR010,17,7636.47,18.65,14,5,1
2026-05-21,STR025,10,5119.69,18.7,8,1,1
2026-03-25,STR008,12,8751.9,14.83,6,0,3
2025-06-10,STR004,15,5521.46,14.8,7,4,2
2026-05-14,STR003,9,2940.27,15.56,3,0,0
2025-12-17,STR025,21,8121.26,16.95,13,5,3
2026-05-14,STR002,12,6131.13,20.67,10,2,2
2025-09-04,STR023,18,10246.47,16.61,10,6,2
2025-08-25,STR029,15,7238.7,15.33,11,5,5
2026-03-23,STR001,19,9731.48,16.16,13,3,1
2025-11-21,STR008,10,7071.21,19.1,7,2,2
2026-05-26,STR009,18,7657.8,15.61,12,3,1
2025-06-03,STR003,16,7965.32,21.0,14,4,0
2025-09-15,STR026,13,4904.49,17.77,6,2,0
2025-12-29,STR008,19,8714.55,13.32,10,7,0
2026-01-13,STR019,15,6721.4,13.13,9,2,2
2026-03-14,STR003,10,6115.54,16.4,8,2,0
2025-08-27,STR029,11,8895.64,17.09,7,3,0
2025-12-03,STR005,14,6094.81,17.79,11,6,4
2026-01-13,STR023,12,5058.69,19.42,11,2,1
2026-02-16,STR004,20,8515.73,15.4,10,0,1
2025-07-12,STR001,12,7876.39,14.08,6,2,4
2026-03-20,STR007,12,8084.64,18.08,9,3,0
2026-04-30,STR003,15,5820.23,20.87,9,4,2
2025-06-30,STR026,13,7535.12,11.69,2,5,1
2026-03-16,STR018,17,10340.2,17.47,14,2,2
2026-02-28,STR003,11,3645.85,19.36,5,2,2
2026-05-04,STR012,13,4525.31,14.69,4,0,1
2025-11-05,STR020,18,7750.15,14.89,9,3,3
2026-01-10,STR026,10,5603.36,13.4,5,1,1
2025-12-30,STR023,8,5598.93,16.25,6,3,0
2026-03-28,STR008,16,6151.05,18.19,10,1,1
2026-01-31,STR027,12,3828.16,12.75,4,3,1
2025-11-07,STR022,10,5935.11,22.2,6,2,0
2025-10-18,STR020,16,11695.6,17.25,10,3,2
2026-05-22,STR017,7,4977.6,15.43,3,1,1
2025-06-08,STR002,17,8100.19,14.29,11,6,2
2026-04-21,STR021,11,4092.2,20.36,10,3,2
2025-11-25,STR018,16,12304.52,19.25,12,4,2
2025-08-31,STR001,8,3348.66,11.25,3,1,1
2025-12-01,STR014,10,4081.79,13.6,5,3,2
2025-09-02,STR021,21,11970.79,18.19,13,4,1
2025-11-14,STR015,13,6403.03,17.31,8,2,1
2025-06-23,STR024,19,9254.3,12.47,9,1,1
2025-06-15,STR030,14,8148.54,19.07,8,2,2
2026-02-01,STR016,17,10204.22,16.41,7,5,1
2026-01-12,STR001,10,3863.6,17.5,8,1,2
2026-03-21,STR012,8,4074.77,17.63,5,1,0
2026-03-11,STR003,14,7750.27,14.93,8,3,2
2025-10-23,STR016,14,8071.88,22.21,13,4,0
2025-09-16,STR009,23,9753.21,17.0,14,8,1
2026-05-25,STR017,13,4249.66,16.54,9,3,0
2025-12-08,STR028,14,11692.06,14.93,9,0,0
2025-07-24,STR010,17,7030.18,15.18,9,2,3
2025-06-21,STR020,12,7521.64,13.33,4,4,0
2025-12-14,STR008,14,5871.46,13.43,7,2,2
2025-10-17,STR026,15,6316.58,16.53,10,3,3
2026-01-09,STR007,18,8722.22,18.56,13,2,0
2026-05-04,STR023,11,5478.06,15.73,6,3,2
2026-02-10,STR027,13,7124.29,14.62,8,1,1
2026-02-04,STR003,16,9274.47,13.69,7,2,0
2026-02-17,STR024,13,3740.25,18.15,7,1,1
2025-09-04,STR001,16,8244.28,16.38,10,1,3
2025-11-22,STR021,18,9583.33,14.72,10,5,1
2025-12-07,STR003,17,8300.37,14.59,7,2,4
2025-07-26,STR020,16,12533.31,14.06,8,5,0
2025-08-31,STR013,11,9079.48,14.18,7,3,0
2026-04-22,STR003,6,2553.66,13.83,3,1,2
2026-01-12,STR022,17,7267.55,16.29,11,4,2
2026-03-31,STR003,17,10787.85,16.06,12,4,2
2025-10-01,STR022,9,3390.82,14.89,4,0,0
2026-05-01,STR020,17,9873.18,15.41,9,3,2
2026-01-13,STR003,14,4847.28,19.93,9,3,2
2025-09-24,STR011,13,7682.26,17.31,9,4,2
2025-10-11,STR008,16,7677.76,17.69,11,2,2
2025-12-14,STR018,13,4965.25,14.46,7,2,0
2026-04-23,STR026,7,5961.57,12.86,4,1,0
2026-05-14,STR016,11,2705.44,17.18,7,2,1
2026-03-20,STR024,19,11090.56,13.16,8,6,1
2025-06-20,STR001,14,6357.54,15.86,9,1,1
2025-09-11,STR013,9,6369.21,16.67,6,5,0
2026-03-10,STR011,19,10698.88,16.42,12,2,2
2025-11-03,STR028,11,8962.4,16.36,8,3,3
2025-06-30,STR002,17,9098.55,16.12,10,3,4
2025-09-24,STR012,13,7636.33,16.31,8,1,1
2025-10-29,STR001,12,6127.08,17.58,7,1,1
2025-12-19,STR019,15,4950.48,14.73,9,5,3
2026-05-04,STR009,11,5275.63,13.91,8,3,0
2026-03-24,STR029,13,4902.84,18.85,10,3,1
2025-09-30,STR018,9,6932.37,16.33,8,2,0
2025-08-13,STR026,10,4421.75,17.1,8,2,0
2026-05-28,STR026,21,10203.99,15.24,13,6,3
2025-11-18,STR007,13,4507.01,18.92,8,3,2
2025-10-14,STR019,18,13608.52,16.83,11,0,4
2025-11-19,STR003,15,4740.2,20.67,11,2,1
2025-11-08,STR008,19,6521.04,17.68,14,5,1
2026-03-04,STR018,10,7644.09,19.9,8,2,1
2025-11-04,STR003,17,7905.25,16.76,11,3,1
2026-05-31,STR004,22,9189.28,16.82,12,6,1
2025-11-10,STR018,17,8421.59,14.41,9,4,1
2026-05-25,STR011,18,8388.09,14.56,8,4,1
2025-09-27,STR021,8,2004.21,17.38,5,1,1
2025-12-02,STR014,12,7285.92,15.75,7,1,1
2025-10-24,STR005,16,12498.41,18.38,9,3,3
2026-01-21,STR019,13,11818.6,10.77,6,2,2
2025-10-14,STR003,22,8207.94,18.18,11,2,4
2025-10-06,STR028,10,5562.31,16.0,7,2,1
2026-05-26,STR022,10,5101.8,12.5,3,3,0
2025-11-02,STR026,13,7401.65,13.15,8,2,2
2026-02-16,STR016,12,6967.93,20.75,8,4,0
2025-11-10,STR012,6,3604.51,18.33,4,1,1
2026-05-17,STR018,9,7365.71,20.89,7,1,0
2025-08-02,STR029,15,5511.04,15.73,7,3,3
2026-03-31,STR002,8,2331.26,15.88,7,3,1
2025-08-16,STR002,11,8618.35,15.18,6,4,0
2026-05-02,STR004,20,15804.19,17.55,14,3,1
2025-07-07,STR021,9,5866.34,12.78,5,0,2
2025-11-09,STR015,18,6719.46,17.56,11,2,2
2025-10-11,STR017,8,6351.84,18.88,6,3,0
2025-07-22,STR009,12,7291.44,17.17,8,3,1
2025-12-14,STR017,18,9128.71,15.11,9,3,0
2025-06-22,STR005,7,4119.92,18.86,5,1,0
2025-09-18,STR028,23,8306.97,18.0,17,1,2
2025-11-09,STR007,18,6150.5,22.06,14,2,4
2026-04-26,STR017,4,2438.61,13.25,2,1,0
2026-03-25,STR029,10,3738.29,19.1,8,1,3
2025-09-04,STR030,14,9629.11,16.07,8,1,5
2026-03-05,STR027,9,8858.76,17.78,6,1,0
2025-09-07,STR026,9,1630.1,17.78,5,1,0
2025-07-10,STR024,10,2881.59,15.7,7,1,2
2025-11-16,STR003,11,4936.02,15.09,6,1,1
2025-06-19,STR019,10,7286.69,20.2,8,2,1
2026-04-20,STR028,13,6728.92,15.38,6,4,0
2025-09-02,STR020,16,8305.92,19.56,9,3,3
2026-04-08,STR002,19,11273.19,14.63,11,1,4
2025-09-11,STR015,11,7910.68,14.45,5,5,2
2026-02-10,STR012,14,4489.43,21.5,10,3,2
2025-09-06,STR019,15,6938.35,14.67,11,2,1
2025-08-03,STR007,23,11616.4,19.04,16,7,2
2026-03-25,STR010,10,6028.86,15.9,4,2,3
2025-10-26,STR002,10,5478.84,18.9,5,1,0
2025-09-22,STR018,14,6880.59,18.64,10,1,3
2025-12-08,STR017,15,8021.1,14.6,10,2,1
2025-12-30,STR017,13,6862.61,20.77,8,5,1
2025-10-24,STR003,22,9369.76,14.41,12,1,2
2026-01-30,STR025,8,3438.1,15.0,3,1,0
2026-01-12,STR004,19,8951.12,17.74,10,5,4
2026-05-13,STR005,12,6382.77,18.83,8,2,1
2025-11-30,STR028,15,9939.32,14.27,9,2,2
2025-08-27,STR006,17,7277.56,15.76,11,3,1
2025-10-12,STR008,14,4539.27,14.57,8,5,0
2026-02-07,STR013,17,4817.74,18.06,13,3,4
2025-12-28,STR005,12,3841.72,25.25,11,1,0
2025-09-26,STR011,19,6984.28,19.42,13,2,4
2026-02-05,STR020,9,7003.87,15.22,7,1,1
2026-05-03,STR003,17,9802.45,13.0,9,3,1
2026-03-29,STR012,14,10118.95,18.07,9,0,1
2026-06-01,STR028,13,5344.15,17.0,5,3,1
2026-01-05,STR020,12,7126.45,18.58,10,3,0
2025-11-23,STR025,16,10805.56,16.88,10,2,3
2025-10-13,STR028,12,9368.57,13.5,7,3,1
2026-04-02,STR014,11,3956.84,10.82,4,1,0
2026-05-16,STR020,17,7444.03,17.0,13,3,4
2026-02-17,STR009,17,6787.72,16.18,10,5,2
2025-10-04,STR026,18,11689.56,21.56,14,3,0
2025-06-25,STR006,14,6042.48,17.64,9,5,2
2026-03-25,STR019,16,5210.98,18.13,10,1,2
2026-05-16,STR011,18,6589.46,14.39,11,4,1
2025-09-06,STR005,10,7077.07,18.1,5,1,2
2026-01-01,STR023,7,6601.28,20.86,5,1,4
2026-01-25,STR006,12,5728.29,14.33,7,5,2
2025-10-18,STR010,16,6167.3,15.19,11,5,1
2025-07-12,STR004,20,10845.75,15.5,12,3,3
2026-02-14,STR001,15,9527.51,12.6,5,0,2
2025-06-26,STR010,18,8551.81,15.44,10,5,2
2026-01-21,STR028,13,14217.51,15.46,8,4,1
2026-04-06,STR006,19,11010.17,17.42,14,2,4
2025-08-08,STR022,9,2194.09,16.67,5,0,0
2026-04-03,STR008,13,7295.87,12.85,6,4,0
2025-08-23,STR025,9,6285.87,17.44,6,3,0
2026-04-29,STR021,18,8395.6,13.72,11,1,3
2026-02-28,STR007,13,4966.03,15.08,9,8,3
2025-10-27,STR018,11,2907.1,16.73,9,3,0
2025-06-15,STR007,14,12884.02,17.86,8,1,1
2026-04-01,STR030,11,4234.96,17.36,5,1,2
2026-01-11,STR008,10,7610.94,16.4,8,2,0
2026-04-10,STR024,10,4552.32,15.5,3,3,4
2026-02-11,STR005,12,4615.39,20.17,9,3,0
2025-08-26,STR006,16,6333.66,16.25,13,1,0
2026-02-15,STR014,12,7822.12,16.42,6,3,2
2025-09-11,STR009,10,3284.28,17.1,5,2,1
2025-11-20,STR015,17,14786.31,18.41,12,5,3
2025-07-04,STR014,15,8160.69,15.4,9,3,5
2025-08-17,STR014,8,8164.32,27.13,6,3,0
2025-08-19,STR021,11,9985.22,24.0,8,3,0
2025-09-07,STR003,13,5186.76,13.85,6,7,2
2025-09-06,STR030,14,8702.81,15.5,11,5,2
2026-04-14,STR028,14,9360.01,19.5,11,3,1
2025-08-18,STR013,14,5170.96,17.0,9,2,2
2026-03-20,STR014,15,7162.15,16.27,9,3,0
2025-12-31,STR002,16,10636.2,17.31,10,2,1
2026-02-06,STR004,12,5341.29,16.25,6,1,3
2026-03-08,STR016,11,7865.13,20.91,8,2,2
2025-07-15,STR024,19,10331.23,15.0,11,3,1
2026-02-26,STR003,12,4213.39,14.83,7,3,0
2025-12-05,STR028,15,7478.56,14.93,10,3,2
2026-01-01,STR017,15,10354.95,12.53,10,2,2
2026-04-29,STR029,14,5869.49,16.79,7,6,2
2026-01-01,STR024,13,9525.31,14.69,7,2,1
2025-09-11,STR008,20,10741.07,19.4,12,5,0
2026-01-03,STR029,11,6504.82,15.27,7,1,1
2026-04-25,STR024,10,4023.76,21.3,7,2,2
2025-12-02,STR003,11,6697.86,12.0,6,1,2
2025-08-05,STR027,14,6887.08,14.93,9,3,0
2025-07-10,STR020,17,5985.61,16.29,12,4,2
2026-02-21,STR030,9,2968.45,12.11,3,1,0
2025-07-26,STR006,13,7517.71,18.15,9,4,1
2026-02-03,STR016,15,7813.75,16.4,9,2,1
2026-03-08,STR002,13,3918.84,23.69,11,4,2
2025-10-29,STR028,13,6805.41,21.92,10,2,1
2025-07-24,STR024,19,11997.43,18.58,15,2,1
2025-10-23,STR003,14,8146.25,13.29,5,1,2
2025-10-29,STR029,11,8882.23,19.27,8,2,3
2026-01-05,STR013,9,4121.82,16.56,7,1,1
2026-03-27,STR013,17,7641.75,14.76,9,3,1
2026-03-06,STR003,19,10683.32,15.21,14,4,5
2025-07-14,STR028,13,4822.77,22.54,10,4,1
2026-05-03,STR020,14,6566.37,19.79,8,3,0
2026-05-14,STR011,14,6577.68,16.29,8,2,1
2025-09-06,STR026,12,5584.0,24.42,9,2,0
2025-08-17,STR008,21,8568.86,18.14,17,3,2
2025-08-22,STR025,15,7135.18,16.93,8,4,0
2026-03-07,STR027,13,6865.84,14.69,8,2,1
2025-09-18,STR024,13,6830.46,12.15,7,3,3
2026-05-29,STR003,15,7212.05,19.67,12,3,4
2025-08-06,STR020,13,5108.21,23.08,12,3,3
2026-01-29,STR022,19,7660.14,17.16,10,5,1
2026-05-12,STR024,13,7756.07,15.38,8,2,2
2025-09-24,STR018,14,8368.15,12.86,8,2,3
2026-03-06,STR011,7,3518.78,13.0,3,0,2
2025-07-28,STR022,13,6414.55,15.69,6,4,0
2026-03-27,STR008,8,3829.99,11.75,2,2,0
2026-03-27,STR010,16,9874.33,14.75,9,2,1
2025-09-27,STR008,12,5620.99,15.42,7,3,1
2025-07-25,STR030,14,5557.31,15.71,11,5,0
2026-05-21,STR005,16,11177.06,18.19,11,0,0
2025-09-06,STR012,16,9754.42,16.56,9,5,1
2026-02-11,STR029,14,6271.82,14.5,8,4,2
2025-10-13,STR013,22,9886.38,19.77,16,2,1
2025-12-13,STR017,11,9230.53,21.18,7,6,2
2025-06-13,STR030,10,4032.47,13.1,3,5,0
2025-11-14,STR023,14,7555.49,16.71,9,3,2
2025-06-04,STR006,13,5279.21,13.23,7,3,3
2026-04-25,STR005,9,4210.71,16.56,5,4,1
2025-10-30,STR026,6,5076.92,15.33,4,1,1
2026-04-30,STR029,15,9385.29,15.2,8,2,1
2026-06-03,STR008,16,8748.21,21.19,9,3,3
2026-04-25,STR013,13,6814.48,16.85,8,4,2
2025-09-02,STR012,22,10752.83,15.68,10,4,3
2025-07-01,STR029,11,4285.39,16.27,7,1,0
2025-08-15,STR023,9,4415.1,20.56,7,5,1
2025-06-05,STR023,15,5447.13,18.07,9,4,1
2025-08-14,STR016,15,5040.94,16.93,7,1,1
2025-10-08,STR022,10,5745.65,17.9,5,1,1
2026-01-15,STR009,15,11237.98,15.0,11,5,0
2025-07-06,STR019,5,2738.24,9.8,2,1,0
2025-08-20,STR010,10,4216.98,18.5,7,3,1
2025-09-04,STR011,13,7118.04,21.62,8,3,4
2025-07-21,STR026,15,9649.69,15.07,12,3,0
2026-02-15,STR003,9,4025.69,17.56,5,2,2
2025-12-16,STR008,15,8422.1,19.6,9,4,1
2025-07-07,STR017,13,8776.84,19.46,9,4,1
2026-04-09,STR013,18,8866.65,17.94,10,5,2
2026-01-09,STR021,15,8837.25,16.87,11,3,2
2025-08-18,STR011,12,6782.68,14.58,5,4,1
2025-06-13,STR012,11,8051.52,12.36,5,2,1
2025-06-04,STR010,18,8206.03,21.67,13,3,1
2025-12-10,STR027,12,4474.35,15.42,5,3,0
2026-03-02,STR020,9,2777.37,14.33,7,1,1
2026-02-09,STR018,12,5004.26,21.0,10,1,3
2025-11-24,STR001,13,6662.36,24.15,8,6,2
2026-01-08,STR029,11,5712.43,16.73,9,2,1
2025-07-23,STR014,20,7776.5,14.85,12,1,3
2026-04-04,STR013,12,7330.02,16.75,10,1,1
2025-07-31,STR002,23,12982.06,19.65,18,3,1
2026-04-09,STR002,18,9559.92,14.11,11,6,1
2026-05-22,STR011,14,7895.0,18.14,9,5,4
2025-10-26,STR023,10,4693.77,14.5,5,3,0
2025-10-18,STR021,12,4825.5,18.83,7,2,1
2026-05-23,STR019,15,5449.61,17.33,9,3,3
2025-10-01,STR028,11,5415.2,10.73,5,4,1
2026-01-11,STR019,12,10173.63,14.67,7,2,1
2025-11-17,STR021,10,9462.62,17.3,6,3,1
2026-05-01,STR012,12,8343.29,17.83,7,3,2
2025-12-02,STR020,12,7801.76,18.92,8,1,2
2025-12-16,STR005,6,3112.09,19.33,3,1,0
2026-03-12,STR025,11,3187.82,19.18,7,2,0
2025-06-23,STR007,13,4189.25,15.46,9,3,2
2025-09-02,STR018,13,3461.27,14.31,7,5,1
2025-09-12,STR027,14,8437.86,26.71,12,5,1
2025-08-21,STR028,8,1449.48,14.25,4,2,1
2025-07-03,STR022,17,8086.22,19.24,11,5,0
2025-07-03,STR001,14,6656.96,15.64,7,3,1
2026-01-26,STR001,12,3619.94,16.17,7,2,1
2025-06-15,STR015,14,4298.02,16.21,8,2,3
2025-12-17,STR023,9,4760.19,11.67,4,1,2
2025-11-03,STR016,16,6294.56,19.56,12,3,2
2026-02-22,STR010,7,5281.05,15.43,5,2,0
2026-03-09,STR022,15,6968.27,20.2,12,5,2
2025-11-03,STR004,12,8546.52,12.92,6,1,0
2026-02-05,STR002,23,7182.62,14.91,12,4,1
2026-03-02,STR010,8,3401.47,17.0,5,0,1
2026-01-01,STR001,14,6202.34,19.36,11,4,1
2025-11-02,STR003,19,6465.97,14.42,7,2,1
2025-08-12,STR022,17,6040.09,18.76,14,5,2
2025-07-01,STR009,6,2662.57,15.17,2,1,0
2025-09-11,STR023,12,6987.45,15.83,6,2,0
2026-05-16,STR010,12,7106.0,14.58,6,3,1
2026-02-15,STR026,11,7723.46,15.0,6,2,0
2025-07-23,STR003,12,6583.43,18.5,8,2,1
2025-08-03,STR003,14,6230.45,12.71,4,2,0
2026-02-15,STR011,9,6603.72,10.22,3,1,0
2025-09-20,STR023,10,4609.21,13.7,6,2,1
2026-04-20,STR008,17,8464.74,15.47,9,5,1
2025-07-18,STR023,8,1893.75,15.88,7,3,1
2025-09-12,STR006,12,5903.29,15.42,4,1,1
2025-07-30,STR021,15,7391.97,19.4,13,6,2
2025-07-20,STR004,12,4633.36,14.42,8,1,1
2025-12-09,STR003,8,2951.36,14.25,4,1,0
2025-11-20,STR025,13,6155.88,15.0,7,4,1
2025-07-15,STR005,11,2894.05,14.45,6,1,2
2025-11-03,STR013,12,5581.24,16.08,8,1,2
2025-08-11,STR016,14,4913.79,15.29,10,3,2
2025-10-31,STR029,13,7706.67,21.23,13,3,0
2026-02-12,STR029,14,6740.28,13.79,7,5,0
2026-03-03,STR022,17,8144.21,14.29,10,3,2
2025-11-03,STR018,9,3338.79,17.44,4,0,1
2026-02-04,STR004,11,4130.83,17.0,8,2,2
2026-03-21,STR023,8,4775.15,20.13,6,2,2
2025-08-24,STR024,11,5212.24,15.82,6,0,1
2025-12-07,STR016,6,1578.26,14.67,4,2,1
2026-05-06,STR002,10,4501.23,17.7,7,3,0
2025-10-15,STR011,17,9644.41,17.24,9,1,3
2025-08-26,STR005,20,8888.77,14.55,12,5,2
2025-12-07,STR022,11,5722.07,15.82,8,2,1
2026-05-30,STR004,18,10943.4,17.61,8,3,1
2026-03-31,STR011,13,5877.6,15.92,7,3,2
2025-06-16,STR001,11,4107.14,16.27,6,2,0
2026-03-11,STR021,13,5390.66,14.46,8,3,1
2025-10-21,STR005,7,3161.51,11.0,2,2,0
2026-01-15,STR030,17,12862.37,17.18,9,5,5
2026-02-02,STR004,12,4585.63,21.33,8,1,2
2026-02-28,STR010,18,9064.0,14.11,9,6,2
2025-10-22,STR002,14,9470.23,16.43,7,4,1
2025-06-28,STR004,12,6820.67,20.83,7,2,0
2026-05-14,STR025,12,2324.13,13.42,7,2,0
2025-07-28,STR006,13,7823.64,15.85,9,4,1
2026-04-17,STR019,12,6999.63,15.25,7,3,2
2026-04-13,STR020,16,10007.34,17.19,11,2,1
2025-10-20,STR020,17,6335.67,19.29,13,3,1
2026-04-05,STR015,21,11400.48,16.71,11,6,1
2025-10-15,STR025,11,5987.64,13.0,6,2,2
2026-04-04,STR011,13,5323.33,19.23,10,3,4
2025-06-16,STR011,16,7011.76,19.44,11,2,1
2026-03-18,STR016,14,6471.21,14.5,7,5,1
2025-07-20,STR030,14,7546.57,16.21,6,4,0
2025-12-16,STR004,20,11366.56,14.7,13,4,4
2025-11-11,STR011,13,12864.78,14.31,7,4,1
2025-12-11,STR011,10,4751.88,21.2,10,2,1
2026-04-04,STR025,13,4488.39,17.38,8,7,2
2026-03-08,STR022,13,7227.46,16.85,6,2,1
2026-03-29,STR030,9,2354.09,17.78,6,0,1
2025-10-04,STR005,11,7844.91,15.82,10,1,1
2025-07-05,STR002,8,4705.95,12.88,4,2,2
2026-04-12,STR018,13,4254.25,13.77,7,3,2
2025-10-02,STR012,16,10279.45,15.38,10,3,3
2026-04-28,STR007,12,6876.41,18.33,11,2,1
2025-10-07,STR016,18,12038.36,14.78,10,5,1
2026-03-19,STR021,10,2207.2,17.0,7,1,0
2025-07-01,STR030,7,2338.33,17.57,5,2,0
2026-01-25,STR015,9,8126.66,13.56,4,1,1
2026-01-10,STR011,10,7310.35,15.2,4,3,1
2025-10-04,STR003,10,4814.93,15.0,6,1,0
2025-12-15,STR028,9,2138.62,24.89,7,3,0
2025-10-29,STR010,12,8103.55,19.08,9,1,1
2025-07-18,STR001,11,4681.36,16.82,6,3,0
2026-05-17,STR002,14,5750.52,17.14,8,1,0
2026-05-28,STR008,18,7726.83,14.89,12,3,1
2026-05-22,STR015,12,5465.3,22.08,10,0,0
2025-11-27,STR005,13,9052.19,13.69,8,3,1
2025-06-07,STR003,14,9956.85,14.29,7,3,3
2026-03-04,STR013,8,3173.52,16.88,4,1,3
2025-08-11,STR013,12,7560.43,11.75,7,4,2
2026-02-20,STR015,15,6474.88,14.8,6,3,2
2026-04-03,STR011,14,5746.23,18.43,8,3,2
2026-02-02,STR002,10,5783.91,26.8,9,3,1
2025-06-20,STR023,13,8372.37,19.23,9,6,1
2025-11-11,STR016,13,4407.62,18.08,9,4,1
2025-09-09,STR003,7,2489.18,18.14,6,1,0
2026-04-15,STR030,10,3464.78,18.4,8,1,0
2025-07-13,STR007,10,5302.77,14.4,8,2,2
2026-04-25,STR019,16,4876.0,17.38,10,3,1
2026-02-21,STR023,16,7565.12,17.69,10,4,1
2026-05-10,STR022,7,2371.51,15.0,3,1,1
2025-11-16,STR012,8,6530.44,16.25,3,2,0
2025-08-05,STR021,14,4868.19,15.14,6,4,2
2026-05-10,STR013,16,4925.66,14.25,11,2,2
2026-02-17,STR010,10,6340.54,17.5,5,2,0
2025-10-08,STR015,14,8994.51,13.21,7,2,0
2026-02-09,STR030,14,10150.18,12.93,9,1,3
2025-10-23,STR014,11,4804.21,15.18,5,1,2
2025-09-05,STR016,10,6047.46,14.0,5,2,1
2026-02-20,STR016,16,7754.98,19.5,13,5,3
2025-09-12,STR015,9,4572.29,12.44,4,2,0
2025-10-20,STR012,5,7461.48,22.6,4,0,1
2025-07-11,STR001,16,6363.93,20.13,9,4,3
2026-01-10,STR025,13,6758.64,15.31,8,6,0
2026-05-16,STR017,9,2928.08,16.44,5,4,0
2025-10-05,STR022,8,2219.95,16.75,6,1,3
2026-05-02,STR003,15,8787.76,16.0,7,3,1
2025-10-22,STR014,6,3567.17,19.33,4,3,1
2026-03-14,STR015,15,5586.9,16.4,11,4,5
2026-02-24,STR001,15,6109.07,25.87,12,0,1
2025-12-04,STR005,10,3898.48,15.1,6,0,1
2025-11-06,STR011,9,3001.12,16.22,6,1,1
2026-05-27,STR017,14,5240.65,17.0,12,0,0
2025-10-15,STR006,9,3280.95,18.67,7,2,0
2026-05-19,STR010,12,7795.26,15.83,8,2,0
2025-11-11,STR002,13,5636.74,14.54,7,4,1
2026-04-22,STR022,15,14325.89,22.6,11,5,1
2025-08-08,STR003,16,6337.98,15.38,11,4,0
2026-03-19,STR028,22,11564.32,16.68,15,8,2
2025-11-18,STR021,11,9158.55,16.45,6,4,0
2025-12-22,STR030,9,4259.78,14.56,5,1,4
2025-06-17,STR022,10,4581.92,22.1,8,4,2
2026-03-13,STR023,12,7828.09,12.5,8,4,0
2026-02-15,STR018,12,5889.78,15.92,9,2,0
2026-03-13,STR016,16,6730.24,16.44,10,3,2
2025-12-23,STR028,10,2461.5,19.4,6,1,0
2025-06-13,STR015,14,5875.34,17.71,10,2,1
2026-03-26,STR029,10,7714.98,13.9,6,1,2
2025-11-29,STR020,12,4716.24,13.83,6,1,0
2026-02-02,STR029,12,5727.37,17.42,7,1,1
2025-12-27,STR020,17,9815.96,16.47,11,4,0
2025-08-10,STR007,17,11248.3,15.82,10,4,3
2025-10-29,STR017,15,6186.75,17.73,12,0,1
2026-03-09,STR029,11,4756.75,13.36,8,4,4
2025-10-10,STR012,11,7236.38,13.09,7,3,0
2026-01-26,STR014,14,6102.81,18.64,11,5,1
2025-07-04,STR012,13,5360.26,20.0,9,5,1
2025-08-10,STR015,13,5732.42,13.54,5,3,4
2025-09-11,STR017,12,3171.38,17.25,9,5,3
2026-01-23,STR006,19,8926.77,15.05,10,4,4
2026-03-26,STR004,13,7431.53,12.0,6,4,1
2025-11-27,STR003,14,5805.01,19.14,10,4,1
2026-05-01,STR013,9,5148.78,19.33,5,4,2
2025-10-01,STR021,10,4087.48,16.0,7,2,0
2025-11-15,STR002,9,6184.5,15.78,6,1,1
2025-08-27,STR011,13,6561.23,17.08,8,4,2
2025-07-25,STR019,10,6969.32,14.2,4,3,1
2025-10-24,STR026,11,5259.48,23.55,10,0,1
2025-06-04,STR004,11,5424.36,17.27,9,1,0
2025-06-19,STR021,10,3970.37,16.6,5,1,1
2025-11-28,STR015,13,7484.06,15.0,8,2,0
2025-07-20,STR022,8,2020.92,17.38,3,2,0
2026-01-06,STR022,5,1869.44,14.8,4,1,1
2025-10-22,STR023,16,5443.8,16.75,11,2,1
2026-03-14,STR019,15,9493.31,15.87,10,5,1
2025-07-06,STR030,11,4000.73,18.18,7,5,1
2026-04-27,STR024,9,4255.03,15.67,5,0,1
2026-04-13,STR022,14,5896.09,17.14,5,3,1
2026-02-11,STR006,9,5518.88,14.78,4,0,0
2026-03-18,STR012,13,9747.72,15.0,7,1,1
2026-05-13,STR030,8,3882.9,13.38,5,3,1
2025-06-29,STR003,10,8192.3,21.0,6,3,2
2026-03-12,STR017,8,6323.75,16.0,6,3,0
2025-06-16,STR009,13,9540.72,16.31,8,4,0
2025-11-30,STR029,17,5572.42,14.94,13,3,3
2025-07-29,STR002,9,4742.86,11.67,3,3,0
2025-07-13,STR026,16,9556.4,16.69,9,6,1
2025-07-06,STR018,10,6934.3,20.6,7,0,0
2025-06-26,STR022,10,3560.04,19.5,10,3,1
2025-08-20,STR003,13,5033.6,13.23,8,2,3
2026-05-05,STR030,9,4893.46,12.56,4,1,0
2026-02-25,STR002,6,3222.88,26.5,4,2,0
2025-09-26,STR004,12,9531.8,17.5,8,1,1
2025-12-06,STR015,9,2685.47,21.0,7,2,0
2026-02-21,STR013,14,5225.36,14.36,9,2,1
2026-03-11,STR026,12,5524.08,17.0,7,2,0
2025-10-19,STR002,11,5295.86,20.91,9,0,2
2026-04-28,STR013,14,5430.67,19.79,10,0,0
2025-12-06,STR017,7,2557.75,18.29,6,2,0
2025-09-16,STR029,7,2475.61,19.86,3,2,0
2025-06-29,STR013,6,2758.22,16.0,4,1,1
2026-05-04,STR013,14,9986.21,14.07,8,1,2
2025-12-04,STR024,16,7589.05,18.0,13,3,0
2025-07-02,STR004,17,6595.62,17.94,12,3,3
2026-03-16,STR026,22,10032.45,13.5,11,9,0
2026-04-03,STR014,10,4532.74,14.8,5,1,0
2025-09-08,STR006,9,4717.73,16.67,6,3,1
2025-10-17,STR025,8,3959.11,19.5,6,0,1
2026-01-05,STR027,13,5908.9,15.23,6,2,1
2026-04-03,STR023,10,5171.76,10.8,3,3,1
2026-03-21,STR025,10,5291.23,15.9,8,2,4
2026-04-06,STR004,17,7690.41,14.18,9,5,0
2026-01-14,STR025,13,7892.48,15.0,7,5,3
2026-04-17,STR003,10,3668.8,16.7,6,2,1
2025-07-08,STR017,12,6380.9,14.0,8,4,1
2026-01-26,STR024,9,5621.31,16.22,6,1,1
2026-05-22,STR014,13,6842.45,18.38,8,4,0
2025-11-26,STR002,4,1934.99,19.75,4,0,0
2026-01-23,STR010,10,3894.59,19.8,6,2,1
2026-03-15,STR025,9,3544.71,16.56,5,3,3
2025-11-23,STR021,17,8532.21,11.94,8,3,0
2025-12-15,STR016,16,7745.17,16.75,7,3,3
2025-11-07,STR029,13,9369.26,14.31,7,2,0
2025-10-11,STR015,6,1951.28,22.5,5,0,1
2026-05-16,STR022,8,3846.81,17.75,6,1,0
2026-04-29,STR012,10,6490.63,15.0,9,2,2
2026-04-11,STR004,14,7371.39,13.64,5,5,0
2026-01-02,STR022,8,4992.05,10.88,2,0,0
2025-09-05,STR030,12,5931.3,19.92,9,1,2
2025-09-04,STR013,7,2424.26,17.71,5,2,1
2026-01-01,STR015,9,4488.74,18.78,5,4,0
2025-12-24,STR012,11,5584.06,15.36,7,1,3
2025-06-04,STR002,12,6770.69,21.33,7,2,1
2026-04-14,STR024,7,3895.23,13.57,4,0,1
2025-06-03,STR020,9,4114.38,14.78,7,1,0
2026-02-02,STR026,8,4084.36,18.88,5,2,0
2026-04-30,STR030,12,6075.92,16.25,7,2,1
2025-09-21,STR002,11,5431.23,16.18,7,1,1
2025-08-27,STR025,8,4187.96,14.5,5,2,0
2025-09-09,STR006,7,4890.49,15.43,5,2,1
2026-04-12,STR012,18,9498.83,16.83,12,5,3
2025-06-05,STR022,8,5089.23,19.0,4,2,1
2025-08-07,STR009,13,7360.67,17.69,11,2,0
2026-04-12,STR006,8,6277.36,13.0,3,3,0
2025-07-23,STR028,5,1112.34,13.6,2,3,0
2025-09-12,STR025,4,1650.49,18.75,4,0,0
2025-09-18,STR010,10,4800.59,20.1,7,1,2
2025-07-21,STR019,11,5194.03,16.73,6,2,1
2025-08-13,STR027,15,7806.53,13.13,9,3,3
2026-04-03,STR024,12,6310.14,25.92,10,2,0
2026-03-11,STR006,19,8732.38,15.11,10,4,0
2025-09-10,STR006,16,8063.06,18.38,11,3,1
2025-10-22,STR016,11,3855.74,17.27,7,4,1
2025-09-25,STR012,11,5297.71,23.64,10,2,1
2026-03-09,STR016,12,9356.19,14.17,5,1,1
2025-09-15,STR004,16,8819.21,22.5,12,8,1
2025-08-01,STR014,14,6767.8,17.14,9,0,1
2025-11-24,STR021,11,8827.54,21.0,9,1,1
2026-04-03,STR013,21,13310.13,20.24,14,5,1
2025-09-26,STR030,14,9544.33,14.14,7,1,1
2026-01-06,STR003,14,7340.52,13.86,7,3,1
2025-09-17,STR014,12,7337.79,19.0,9,1,1
2025-07-27,STR020,21,11355.63,13.62,14,3,2
2025-09-22,STR026,14,6223.69,12.57,6,3,0
2026-02-16,STR007,15,11182.46,17.47,10,5,0
2026-01-12,STR030,18,6655.67,15.67,12,4,4
2025-10-15,STR017,17,7037.75,19.35,14,2,0
2026-04-17,STR002,15,9336.56,16.87,10,3,1
2026-05-17,STR007,18,8087.43,19.17,14,7,0
2026-03-04,STR011,13,4499.56,17.54,9,5,2
2026-06-02,STR001,13,5732.39,20.69,8,3,2
2026-05-19,STR018,10,5843.91,13.0,4,1,1
2025-06-16,STR017,11,6053.24,26.64,11,1,1
2025-10-06,STR018,16,11482.19,16.63,11,5,1
2025-11-27,STR014,13,8510.0,22.08,9,3,1
2025-10-06,STR030,14,9774.72,22.86,13,1,0
2025-07-29,STR023,9,4176.63,18.0,7,2,1
2025-11-18,STR015,16,9413.47,17.44,9,3,2
2025-09-19,STR024,14,7987.51,15.21,10,4,1
2025-06-03,STR025,17,6248.78,14.71,9,6,1
2025-06-04,STR014,15,6392.46,12.13,9,2,1
2025-06-29,STR012,12,3993.55,17.58,9,2,2
2025-11-25,STR012,12,4268.74,14.17,8,4,2
2025-12-10,STR006,9,4980.89,13.78,5,0,0
2026-02-08,STR028,11,5724.85,17.64,4,1,0
2026-05-17,STR020,12,4957.96,12.67,6,4,1
2025-07-19,STR027,10,3686.56,17.2,6,2,1
2026-02-02,STR015,9,1950.81,12.33,5,1,2
2025-12-21,STR014,13,5112.0,14.62,8,4,0
2025-06-08,STR026,10,5226.12,12.3,6,2,2
2025-09-03,STR024,16,3257.97,15.19,10,2,1
2025-07-31,STR014,13,8255.52,16.85,8,4,1
2025-06-16,STR024,19,13453.05,15.63,12,5,1
2026-02-10,STR019,15,5098.07,15.4,7,2,1
2026-02-15,STR007,11,5314.14,15.36,8,4,2
2025-07-21,STR016,9,3974.91,26.11,7,0,1
2025-07-19,STR019,12,5355.91,21.25,8,3,2
2026-01-02,STR003,12,4500.7,18.08,6,2,1
2025-10-27,STR017,9,6248.92,17.11,4,0,1
2025-12-16,STR009,15,6497.84,18.67,8,6,2
2026-04-02,STR029,15,9356.69,14.0,9,2,2
2025-09-26,STR006,11,4669.91,20.64,9,0,2
2025-12-25,STR029,14,7204.81,19.43,9,2,1
2026-02-20,STR017,12,5767.14,14.5,7,0,3
2025-07-27,STR016,12,5787.25,19.67,8,1,2
2025-08-09,STR017,4,1085.34,17.5,3,0,0
2025-09-12,STR002,14,11993.91,19.14,8,4,1
2026-03-06,STR023,17,10801.05,18.06,12,4,2
2025-09-08,STR023,15,8498.73,14.2,9,0,4
2025-08-29,STR006,12,5290.94,15.83,7,4,1
2025-08-24,STR026,9,8034.89,17.11,6,4,1
2026-04-13,STR002,12,4527.3,19.58,10,1,1
2026-03-30,STR005,11,4248.75,17.73,8,3,1
2025-09-22,STR022,12,5987.54,20.67,9,2,2
2025-10-12,STR001,11,3931.72,17.36,7,2,0
2025-10-12,STR002,16,9244.07,18.31,13,3,0
2025-06-15,STR011,14,6808.81,11.71,6,2,2
2025-07-17,STR010,14,3503.07,17.43,13,3,1
2025-08-25,STR011,15,8163.48,18.0,10,3,0
2025-08-26,STR027,12,3846.29,15.5,8,1,5
2025-11-29,STR028,15,8175.56,17.07,8,3,2
2026-01-24,STR023,8,4449.84,12.63,4,3,0
2026-04-27,STR004,22,10850.91,14.27,15,4,5
2026-01-26,STR028,11,7948.67,17.91,8,1,0
2025-10-12,STR016,12,7347.24,16.58,9,1,1
2025-11-19,STR023,17,8031.61,18.47,12,3,0
2025-10-21,STR004,11,5833.17,18.55,7,1,1
2025-12-30,STR007,12,5439.5,17.0,7,2,1
2025-08-01,STR003,11,4517.82,14.18,8,2,0
2026-02-06,STR013,11,3979.91,16.91,7,1,0
2025-06-09,STR006,14,5690.12,16.14,12,0,0
2025-09-20,STR004,16,9406.28,21.88,14,4,0
2025-11-22,STR018,16,8201.93,17.44,9,2,5
2026-04-23,STR006,7,3833.22,17.29,5,1,1
2026-02-24,STR025,14,8502.06,15.07,9,3,3
2026-05-07,STR022,19,11831.23,17.58,12,4,0
2025-06-16,STR019,20,10027.99,16.45,12,8,1
2025-12-10,STR030,11,3770.43,11.64,5,0,3
2025-06-05,STR008,12,6750.27,18.5,9,3,2
2025-11-02,STR027,14,4778.5,18.07,9,2,3
2025-10-11,STR019,6,1814.71,15.83,4,1,0
2025-10-11,STR021,13,4503.98,17.62,10,3,1
2026-01-05,STR026,15,7941.15,15.4,5,2,0
2025-07-14,STR013,12,4629.01,18.67,8,2,1
2025-12-03,STR014,14,7853.84,11.86,8,2,0
2026-02-21,STR004,11,8085.74,14.09,7,2,1
2025-09-09,STR020,12,7713.78,19.83,7,3,1
2026-05-06,STR025,21,11304.87,13.86,9,3,3
2026-03-27,STR021,9,3656.3,14.78,5,4,2
2025-08-23,STR022,11,4692.56,18.64,7,5,1
2025-06-17,STR005,6,1588.27,13.83,4,0,1
2025-06-09,STR020,15,12652.94,15.27,8,0,1
2025-10-09,STR012,20,14713.03,16.55,12,4,5
2025-08-07,STR001,11,6234.72,17.36,8,3,1
2026-04-18,STR028,13,7400.81,18.0,10,2,1
2025-08-20,STR029,8,5597.65,18.88,5,5,1
2025-09-05,STR013,16,6548.31,16.88,12,2,2
2025-06-11,STR030,16,12308.29,17.31,12,2,3
2025-08-29,STR018,15,7735.05,20.73,13,6,2
2026-02-06,STR001,15,5565.41,17.4,11,1,2
2025-11-01,STR003,20,8865.77,17.95,14,4,0
2025-08-26,STR004,20,6829.13,15.95,12,7,2
2025-07-01,STR013,10,6103.81,13.6,6,1,0
2026-03-26,STR013,12,9857.23,17.0,8,3,1
2025-06-06,STR009,11,5839.11,19.73,8,4,1
2025-11-19,STR021,14,10693.71,19.57,12,2,1
2026-05-09,STR007,12,7012.02,19.92,10,0,0
2025-08-02,STR017,21,10060.03,16.52,11,6,3
2025-11-01,STR023,10,3683.05,16.4,5,1,1
2025-11-08,STR012,13,5169.99,15.85,7,0,0
2025-09-28,STR007,15,4497.51,17.33,9,3,2
2025-11-04,STR022,11,4945.09,11.0,5,4,0
2026-03-11,STR027,8,3183.33,16.25,6,2,1
2026-02-23,STR028,13,8143.02,15.85,9,3,3
2025-12-21,STR013,13,5636.64,13.0,6,2,2
2026-05-13,STR015,13,8745.2,21.31,9,3,2
2025-09-16,STR019,10,7751.25,15.7,9,3,0
2025-10-17,STR018,20,12459.45,16.15,15,5,1
2026-06-03,STR016,15,7205.13,16.53,10,2,1
2026-05-22,STR018,9,3512.36,15.0,5,2,1
2026-01-22,STR027,15,5755.31,18.27,10,6,0
2026-03-04,STR016,17,11652.67,12.47,7,7,1
2026-01-27,STR025,16,8629.64,16.38,11,3,2
2026-02-16,STR001,16,8451.29,16.81,11,6,0
2025-07-12,STR026,14,7406.42,15.36,10,4,1
2025-11-24,STR013,14,6969.36,14.14,8,5,3
2025-09-02,STR005,15,6045.94,13.47,9,6,4
2026-05-05,STR022,17,9180.14,16.88,10,2,0
2026-01-03,STR012,17,8903.18,16.82,15,2,3
2026-04-02,STR018,19,12987.81,18.89,14,6,5
2026-01-13,STR012,15,5612.62,15.13,8,0,4
2025-08-19,STR022,17,9593.37,16.76,10,5,1
2025-11-21,STR012,19,8054.81,19.16,14,1,1
2025-09-28,STR026,18,10486.6,15.33,12,5,0
2025-08-31,STR006,16,5999.57,17.75,10,5,1
2025-07-30,STR014,8,2303.33,16.0,5,1,5
2025-12-25,STR015,14,5630.82,16.36,7,4,0
2026-03-30,STR016,11,9163.37,19.45,7,1,3
2025-10-13,STR030,10,6648.82,15.5,5,2,2
2026-05-27,STR021,20,10003.24,16.8,15,6,3
2026-01-25,STR022,8,9959.35,16.63,7,1,1
2025-06-17,STR004,10,5870.87,10.7,3,3,0
2025-09-02,STR014,9,3242.55,22.0,7,2,1
2025-08-30,STR023,9,4331.31,12.67,6,2,0
2025-07-09,STR027,17,7766.49,14.06,11,4,0
2025-10-13,STR003,16,9827.41,17.75,13,0,3
2025-06-15,STR017,14,6595.53,19.0,9,1,3
2025-08-12,STR019,10,3468.65,12.9,5,1,2
2026-05-13,STR007,11,6064.55,16.64,6,1,0
2026-05-18,STR009,17,7980.0,18.24,12,3,5
2026-03-26,STR018,13,5817.57,14.62,7,3,0
2025-07-01,STR019,9,4416.97,17.56,5,2,1
2025-09-03,STR030,15,5861.23,13.6,10,3,1
2026-04-17,STR022,13,4519.88,13.15,8,7,1
2025-10-13,STR008,11,3561.7,15.55,8,4,1
2025-06-16,STR003,12,10746.27,16.58,9,1,0
2025-08-15,STR014,23,12093.55,17.74,13,5,2
2026-03-30,STR017,17,8340.51,16.88,12,4,0
2026-02-08,STR020,17,7119.02,14.94,9,1,2
2025-12-29,STR019,9,3000.45,19.78,4,1,1
2025-11-08,STR011,11,3381.31,15.64,8,4,0
2025-11-21,STR001,24,9156.0,18.17,17,3,3
2026-05-27,STR006,18,9030.7,16.06,11,2,3
2025-06-11,STR019,7,3724.68,11.57,3,2,0
2026-03-07,STR012,17,7842.49,19.0,12,4,5
2026-05-02,STR025,15,5873.88,20.4,12,5,2
2025-08-09,STR011,14,5681.81,14.29,8,4,1
2025-09-30,STR005,20,15480.31,15.2,12,4,3
2026-01-21,STR007,16,9205.05,17.75,9,3,5
2026-03-05,STR007,11,4314.6,16.45,6,0,2
2026-03-30,STR008,9,4707.23,10.67,4,3,1
2026-03-05,STR023,11,5112.74,19.18,8,5,0
2025-07-21,STR030,20,11010.99,16.7,13,2,1
2025-08-10,STR024,12,5213.98,19.83,7,2,1
2026-01-21,STR030,20,11613.31,17.85,10,3,2
2025-10-09,STR027,15,6773.98,12.4,7,2,3
2026-02-17,STR023,16,11004.88,16.13,11,1,3
2025-11-08,STR004,12,7178.98,13.75,5,3,2
2025-08-19,STR010,15,6719.84,19.2,8,2,0
2025-08-03,STR025,16,8621.08,14.75,9,2,0
2025-10-08,STR012,15,6086.09,14.2,8,2,2
2026-05-29,STR014,12,6045.28,20.42,9,3,2
2026-05-18,STR012,11,5050.39,15.0,8,6,1
2026-01-19,STR028,8,3838.63,14.5,2,1,0
2025-08-29,STR016,12,5948.99,14.58,5,2,3
2025-09-06,STR024,12,6067.67,17.17,7,4,2
2026-04-21,STR030,11,7277.56,14.09,5,3,2
2025-08-13,STR010,15,9118.93,15.53,11,3,2
2026-01-29,STR011,12,5796.02,20.17,9,3,0
2026-05-05,STR005,15,10208.2,19.6,8,5,1
2026-03-26,STR009,9,6041.25,12.56,4,0,0
2026-01-29,STR008,21,13325.4,12.95,10,6,5
2025-10-15,STR022,20,11610.11,19.05,13,2,1
2026-02-09,STR029,16,6334.34,16.31,11,4,1
2025-06-03,STR022,14,6946.57,14.21,9,4,0
2026-01-02,STR014,9,3893.91,12.22,4,4,1
2026-05-26,STR015,19,8363.85,19.21,12,3,2
2025-12-03,STR027,10,5498.23,19.3,9,3,2
2026-01-04,STR020,17,9590.71,15.12,15,7,2
2025-10-30,STR017,12,6428.18,15.5,6,2,1
2026-03-28,STR007,15,5825.68,16.4,10,1,2
2026-05-06,STR016,11,8114.31,20.55,7,1,2
2026-04-22,STR011,18,8824.95,16.67,11,5,0
2025-08-23,STR016,14,5507.64,17.36,10,5,1
2025-11-28,STR027,14,12627.37,14.14,9,4,2
2026-05-11,STR020,11,4033.46,14.45,5,2,3
2025-10-07,STR006,15,7910.66,14.47,9,3,2
2026-04-20,STR026,11,5299.18,23.0,8,3,1
2025-10-16,STR002,14,4703.45,17.57,9,1,3
2026-03-25,STR018,13,9827.66,17.08,7,1,2
2026-01-12,STR013,15,6885.08,16.67,8,4,2
2025-09-19,STR008,11,3090.4,15.45,7,4,1
2026-03-10,STR030,15,5621.89,16.4,9,3,2
2025-08-11,STR022,16,5658.91,15.94,8,2,3
2026-05-22,STR007,20,13907.57,20.35,15,6,0
2025-10-27,STR004,10,3857.57,15.4,8,1,0
2025-08-29,STR029,10,2157.8,22.2,7,1,3
2025-12-20,STR013,18,6550.55,16.72,12,3,1
2025-12-29,STR015,14,8286.24,22.93,12,4,0
2025-09-07,STR014,10,7451.19,17.2,8,1,1
2026-03-22,STR008,17,10697.2,19.12,11,1,1
2026-05-06,STR006,15,8648.79,14.67,9,6,4
2026-04-03,STR027,16,10394.42,19.5,12,3,1
2025-08-07,STR014,10,6128.37,20.2,7,4,2
2026-05-08,STR027,23,5888.7,15.57,14,9,2
2025-08-11,STR015,5,5376.25,14.4,2,2,0
2025-06-09,STR027,16,12642.35,16.81,9,5,4
2025-09-30,STR010,13,6203.47,19.54,9,1,4
2025-07-04,STR015,11,5646.0,16.36,6,2,0
2025-09-28,STR004,9,2606.22,18.89,8,1,0
2026-04-02,STR006,15,3639.64,15.73,8,5,1
2025-08-14,STR015,14,7021.44,16.64,9,3,2
2025-06-21,STR003,17,7424.09,15.06,7,0,2
2026-04-17,STR023,12,5747.5,16.42,8,2,1
2025-11-01,STR029,14,6891.28,20.0,9,2,5
2025-11-30,STR015,15,10732.87,18.6,12,5,0
2026-04-14,STR006,21,8863.02,17.95,15,2,2
2025-06-19,STR010,13,8641.51,18.23,8,2,3
2026-03-03,STR012,19,8086.63,14.63,12,4,0
2025-11-17,STR001,15,8631.36,16.13,8,2,1
2026-01-09,STR003,11,11456.78,15.0,8,2,3
2026-02-13,STR003,15,5239.35,18.4,11,4,2
2025-11-27,STR018,10,4346.41,15.9,6,2,1
2026-04-17,STR021,16,6967.3,17.81,13,7,1
2025-09-04,STR006,13,12215.46,14.23,7,2,0
2026-05-12,STR021,21,11660.3,14.86,11,5,3
2025-08-13,STR009,13,6649.3,17.77,8,2,0
2025-07-24,STR002,15,7688.11,16.27,11,4,1
2026-02-28,STR012,16,8893.99,19.81,12,3,1
2026-06-01,STR029,15,5413.46,18.67,12,5,0
2025-11-22,STR030,13,8523.58,14.0,6,0,1
2025-07-01,STR002,16,8532.56,20.19,11,5,1
2026-01-05,STR029,11,5703.47,23.36,8,2,2
2026-05-24,STR006,8,4208.21,16.5,4,2,0
2026-04-26,STR020,21,12474.47,15.62,11,1,0
2025-09-01,STR009,8,2556.32,24.0,7,2,1
2025-11-20,STR021,17,12558.01,19.06,11,3,2
2025-06-23,STR029,12,5877.17,15.67,9,0,1
2025-12-04,STR003,10,4659.89,18.4,7,3,0
2025-07-12,STR012,14,6076.48,11.64,7,1,0
2026-05-11,STR019,12,6763.95,14.25,6,1,1
2026-04-19,STR024,8,2286.08,10.75,2,2,1
2026-03-02,STR012,13,4049.05,14.38,7,2,3
2025-09-14,STR009,16,8101.15,14.0,10,1,2
2025-10-11,STR029,10,2730.22,13.8,5,1,1
2026-03-14,STR017,17,5064.47,16.94,14,5,2
2025-12-10,STR010,12,3890.91,13.58,6,2,0
2026-04-03,STR005,15,7742.54,15.67,6,0,1
2025-10-26,STR029,15,12532.94,14.8,8,3,0
2025-06-22,STR014,13,4593.06,13.23,8,2,2
2026-04-15,STR011,16,7092.45,21.44,12,2,0
2025-07-20,STR003,11,6724.82,15.82,7,1,1
2025-06-04,STR026,9,3889.71,17.11,5,3,0
2025-08-25,STR027,14,8503.56,14.71,10,1,3
2025-08-06,STR027,16,7580.71,20.44,11,3,2
2025-09-30,STR011,13,7592.6,15.54,9,4,1
2026-02-25,STR007,11,6601.62,15.09,8,2,0
2026-04-22,STR012,9,8510.09,16.89,5,1,0
2025-08-23,STR004,9,7003.33,15.67,4,0,1
2025-06-07,STR016,15,9198.28,17.67,10,5,4
2025-10-17,STR028,13,6204.13,15.31,9,1,2
2025-09-24,STR004,19,7364.19,15.42,13,6,1
2025-09-17,STR007,12,8412.01,18.0,8,2,3
2026-02-24,STR016,10,3460.66,11.4,3,3,1
2025-08-08,STR023,14,11210.25,14.07,8,5,0
2026-01-17,STR012,25,17699.97,14.56,10,2,0
2026-05-24,STR027,16,8037.97,19.75,13,3,1
2025-12-05,STR023,9,2906.89,12.56,4,3,0
2026-04-26,STR007,12,4449.11,16.75,8,0,0
2026-03-18,STR026,6,5672.07,22.5,5,2,0
2025-12-13,STR009,14,7292.71,16.43,8,3,1
2025-10-04,STR004,18,10686.51,19.5,15,6,2
2026-01-09,STR029,15,7891.69,15.53,8,3,4
2026-03-02,STR006,6,4394.34,16.67,4,0,1
2025-08-02,STR010,8,5283.35,20.13,7,3,1
2025-06-10,STR012,11,4201.72,22.82,10,2,1
2025-08-11,STR011,14,7719.74,16.36,9,4,2
2026-04-02,STR026,11,5807.65,22.0,9,8,1
2025-07-14,STR003,22,9952.05,17.41,15,3,1
2025-06-09,STR029,18,15802.4,13.44,10,5,3
2026-04-29,STR024,21,10460.88,14.14,12,9,1
2025-12-12,STR006,9,2835.79,20.67,8,3,2
2026-05-22,STR019,13,5491.57,13.92,8,2,3
2025-07-26,STR013,8,2931.47,13.75,4,3,1
2025-08-03,STR009,16,9281.73,14.63,8,2,0
2026-03-11,STR005,15,6283.42,15.8,9,3,1
2025-08-01,STR029,24,11926.06,21.25,18,7,1
2026-01-02,STR002,16,8779.46,16.44,12,3,1
2025-07-19,STR029,23,6783.27,18.91,14,2,2
2026-04-20,STR025,14,9634.22,17.86,7,4,2
2025-11-27,STR025,10,5316.63,19.0,7,2,1
2026-01-29,STR009,13,5305.83,19.46,10,3,1
2026-03-16,STR012,17,8206.81,16.71,10,6,1
2025-09-12,STR020,12,5035.1,13.5,7,2,0
2026-01-31,STR001,10,10204.46,18.5,4,2,1
2025-07-01,STR024,16,7912.63,14.56,9,1,3
2025-12-25,STR020,16,9864.28,19.38,9,4,2
2026-04-03,STR016,8,5393.14,19.25,5,0,0
2025-06-19,STR023,19,11289.3,14.63,6,1,2
2026-04-18,STR025,19,10057.1,18.32,12,3,4
2026-05-19,STR025,13,8023.13,13.62,7,0,1
2025-08-07,STR012,11,7476.53,17.27,7,1,2
2026-02-01,STR021,15,5947.27,18.07,10,2,1
2025-09-21,STR006,14,3349.45,15.36,9,3,4
2025-10-08,STR019,14,9009.84,18.14,8,2,2
2025-07-04,STR017,14,5817.8,18.5,9,4,2
2026-02-06,STR006,12,4126.59,14.08,5,2,1
2025-07-19,STR006,11,4221.18,17.73,5,3,0
2025-07-07,STR011,8,5360.31,20.38,6,3,0
2026-03-12,STR002,16,6046.87,16.5,12,1,1
2026-03-09,STR010,5,3451.01,21.8,4,0,0
2026-04-28,STR030,9,2828.05,14.11,5,0,1
2026-02-18,STR012,16,9722.43,15.88,8,2,3
2026-05-18,STR006,11,5619.27,19.45,8,2,1
2025-10-19,STR022,16,6109.85,15.25,8,3,3
2026-05-16,STR023,11,8868.2,15.91,7,1,0
2026-05-16,STR024,18,8968.03,15.78,12,4,2
2026-03-23,STR022,17,8468.54,16.88,12,4,2
2026-02-26,STR021,9,4412.12,23.33,7,2,0
2025-08-10,STR030,17,7593.16,17.0,10,3,3
2026-03-03,STR016,22,11389.61,21.32,17,3,3
2026-01-14,STR018,18,12707.51,18.39,13,4,1
2026-02-02,STR005,11,8642.83,11.73,3,3,1
2025-11-18,STR003,11,3215.56,12.27,4,2,1
2025-09-04,STR012,14,4918.08,15.07,10,3,1
2025-07-25,STR012,13,6896.94,14.0,7,0,2
2026-05-29,STR010,17,5287.09,14.35,11,5,3
2025-09-03,STR008,15,7178.59,18.0,11,1,1
2025-06-19,STR008,18,9120.24,13.56,8,2,4
2025-09-02,STR028,12,7239.61,16.08,8,2,0
2025-08-06,STR014,18,14049.17,16.39,11,3,0
2025-10-28,STR005,14,6317.56,18.36,12,6,0
2025-06-22,STR010,17,6798.09,17.18,12,7,2
2025-11-08,STR015,18,9517.58,15.44,8,7,2
2025-11-02,STR020,14,4149.72,18.71,10,1,1
2025-07-26,STR015,23,13561.69,15.26,15,2,3
2025-12-29,STR003,16,11119.16,16.44,8,4,1
2025-10-10,STR028,11,6917.31,15.18,4,3,0
2026-04-16,STR029,16,10644.78,15.38,9,6,3
2026-03-18,STR017,9,4559.45,17.78,7,3,1
2025-08-20,STR004,15,6178.66,16.47,11,2,1
2025-08-11,STR028,7,2061.9,21.43,4,1,0
2025-12-11,STR013,14,6957.21,16.79,9,1,1
2025-08-27,STR008,15,11655.08,19.2,11,5,2
2026-03-02,STR025,15,6502.33,19.4,11,1,4
2025-08-22,STR020,14,6258.84,15.93,7,3,4
2025-11-20,STR013,9,4300.57,17.44,7,1,1
2025-11-23,STR007,13,7053.22,14.31,6,1,1
2026-01-04,STR027,10,3971.72,14.5,4,4,0
2026-01-28,STR019,12,6683.51,18.58,9,3,1
2025-07-22,STR014,15,6920.55,13.67,8,1,2
2026-01-23,STR002,18,7722.13,16.5,11,5,1
2026-02-12,STR007,14,8422.54,18.36,7,2,1
2026-02-21,STR027,24,10689.58,17.38,15,4,1
2025-10-10,STR004,12,5947.11,13.42,4,1,3
2025-07-17,STR006,19,10368.28,14.26,8,2,1
2025-12-23,STR006,14,8461.78,17.43,10,2,2
2025-10-15,STR023,11,4965.3,17.73,8,2,0
2025-12-30,STR025,13,8751.87,21.15,7,1,1
2025-07-31,STR007,9,1548.5,17.11,4,2,0
2026-01-19,STR029,7,2239.43,16.43,4,2,0
2025-12-13,STR016,15,8196.28,17.13,11,1,1
2026-03-13,STR025,13,7131.37,16.31,10,4,1
2025-09-07,STR016,13,8783.88,11.85,7,1,2
2025-10-21,STR007,12,6393.49,15.58,7,0,2
2026-05-15,STR014,13,6314.44,18.0,9,2,1
2025-11-08,STR023,7,5812.49,18.43,2,1,0
2025-12-24,STR010,18,8579.21,16.61,10,2,1
2025-09-23,STR013,11,5171.66,12.27,5,1,2
2026-05-14,STR001,10,6096.96,19.6,8,4,0
2026-05-19,STR005,18,10825.98,18.06,15,2,2
2026-03-26,STR022,14,6641.86,10.93,4,0,0
2025-11-01,STR026,10,3573.55,16.8,5,2,0
2026-03-16,STR027,11,5541.7,18.91,5,2,0
2025-11-24,STR012,12,7169.99,18.0,7,1,1
2025-06-13,STR001,12,7576.57,17.0,9,3,1
2026-01-05,STR023,11,4448.16,15.09,8,1,2
2026-02-17,STR013,13,5496.85,17.69,9,3,0
2025-11-13,STR019,11,4361.6,23.0,9,1,1
2026-02-08,STR016,13,10032.88,11.77,6,2,1
2025-11-13,STR026,16,5645.22,12.31,8,2,1
2025-07-06,STR004,15,8477.0,18.8,13,2,2
2025-10-21,STR017,9,4535.26,10.67,3,2,3
2026-06-03,STR029,11,10167.83,15.64,8,4,0
2026-05-27,STR005,16,8215.96,15.88,7,3,1
2025-06-05,STR014,7,4813.92,17.43,6,3,1
2025-07-08,STR012,10,5174.75,14.8,6,2,2
2025-11-28,STR029,15,8134.74,13.6,9,4,1
2025-06-24,STR024,12,4669.2,15.33,9,2,1
2025-10-17,STR015,12,7131.69,11.58,5,0,0
2025-07-07,STR001,10,7468.65,17.9,6,2,1
2025-08-11,STR010,15,4889.7,15.07,9,3,2
2025-10-19,STR030,11,8767.68,13.82,6,3,4
2025-12-01,STR002,8,1535.42,12.0,4,3,1
2025-08-05,STR030,13,7661.28,17.85,11,6,2
2025-07-18,STR005,15,6854.17,19.13,10,1,0
2025-11-17,STR020,11,5719.59,14.64,6,2,2
2026-03-24,STR027,13,7424.18,14.85,6,4,1
2025-07-30,STR020,15,10290.63,14.6,8,1,3
2026-01-29,STR005,17,10309.92,18.88,12,3,1
2025-07-29,STR017,19,12305.5,18.74,13,3,0
2026-05-10,STR002,11,5503.11,12.64,3,2,2
2025-07-21,STR022,20,11136.82,16.5,12,10,1
2025-06-07,STR030,15,4457.47,14.0,7,1,0
2025-10-03,STR007,14,7121.65,16.36,9,2,2
2025-09-14,STR011,19,6619.42,17.79,12,3,3
2025-12-26,STR029,15,7410.97,13.13,10,5,1
2026-05-12,STR030,16,9550.91,16.31,13,1,2
2026-05-01,STR028,14,8925.93,24.43,10,1,0
2025-06-26,STR024,16,7281.33,12.19,8,2,0
2025-12-07,STR024,9,3702.45,12.33,6,2,0
2025-09-20,STR015,10,8736.12,16.4,7,3,2
2025-10-27,STR026,14,4614.49,17.36,7,2,1
2025-09-24,STR026,12,5139.72,10.58,4,2,0
2025-10-03,STR015,14,10825.04,18.57,9,1,1
2025-11-05,STR015,10,8923.16,14.7,5,4,2
2026-01-12,STR002,12,4576.76,16.67,9,3,1
2026-05-08,STR023,18,7143.4,12.5,7,2,2
2026-05-25,STR030,6,9181.82,25.0,5,1,1
2026-02-19,STR023,12,8688.63,17.58,8,2,5
2026-05-05,STR009,10,5860.82,17.1,5,4,2
2025-09-04,STR007,7,3316.5,22.29,5,1,2
2025-11-24,STR023,17,7838.28,14.24,6,6,3
2025-10-06,STR012,16,7490.44,19.19,11,5,3
2025-06-21,STR018,12,9302.92,14.75,8,0,1
2026-02-07,STR024,11,9923.01,26.18,9,6,2
2026-03-16,STR003,13,5624.25,16.54,8,5,2
2026-04-12,STR008,11,5769.22,13.27,6,1,1
2025-11-17,STR016,10,4597.04,18.6,7,2,0
2025-07-17,STR017,7,2350.43,20.71,6,0,1
2026-02-03,STR001,12,7296.45,19.08,9,1,0
2025-08-02,STR011,17,8666.72,14.88,10,5,2
2025-10-05,STR021,15,8185.78,20.13,12,6,3
2026-05-11,STR002,17,9097.47,18.76,12,2,3
2025-12-12,STR023,23,10944.4,14.3,13,2,3
2026-03-18,STR025,13,5458.09,17.92,12,4,3
2025-08-23,STR009,13,5909.98,14.0,8,3,1
2026-05-23,STR030,10,5861.84,15.4,7,1,2
2026-04-28,STR019,14,5954.73,19.14,9,2,3
2025-09-06,STR006,15,8171.76,16.0,10,1,1
2025-06-28,STR011,12,5948.24,21.67,9,3,2
2026-03-23,STR024,15,5998.01,17.13,11,5,2
2026-03-19,STR020,17,8961.17,15.12,13,4,2
2025-12-07,STR002,8,1985.52,15.63,3,1,0
2025-12-26,STR026,11,2984.5,16.55,10,2,0
2026-03-21,STR017,9,2357.25,18.33,7,3,1
2025-12-23,STR015,13,6319.75,17.69,7,2,0
2025-06-12,STR017,15,10900.05,16.6,11,3,2
2025-10-18,STR017,18,8184.19,18.28,12,1,3
2025-11-29,STR013,9,8623.58,19.89,5,1,0
2025-10-28,STR017,18,6354.46,18.56,13,2,2
2026-03-30,STR018,13,5826.65,16.0,9,0,0
2026-01-31,STR002,13,6532.3,14.54,11,2,1
2025-11-29,STR011,13,7398.89,11.38,5,1,2
2025-08-03,STR017,10,8590.21,16.7,8,1,0
2026-02-09,STR016,9,9658.14,11.78,4,0,0
2026-03-27,STR025,15,5440.19,21.27,13,5,1
2026-02-18,STR005,12,5066.91,21.67,11,2,0
2025-12-13,STR029,9,5700.73,17.89,6,1,2
2025-09-04,STR002,14,10765.85,16.93,11,1,2
2026-02-04,STR011,12,10456.5,22.92,11,5,1
2025-09-30,STR024,11,7760.63,11.91,5,5,1
2026-05-16,STR001,15,7690.15,17.93,7,4,0
2025-09-29,STR008,7,5672.31,11.57,2,1,1
2025-08-02,STR003,15,9591.53,12.13,7,6,3
2026-05-03,STR016,16,6964.06,21.69,12,3,1
2025-10-06,STR005,14,6496.26,15.07,8,5,0
2025-08-21,STR015,9,4987.95,14.78,6,4,0
2025-06-28,STR023,17,11038.71,19.88,11,4,3
2026-05-26,STR026,12,9839.97,14.08,8,2,1
2025-09-24,STR003,9,3100.84,20.78,8,3,0
2025-07-24,STR018,10,4628.8,22.2,9,4,2
2026-01-07,STR028,8,3106.71,13.63,5,2,1
2026-05-27,STR004,18,7228.64,19.22,10,5,1
2025-11-17,STR015,15,6837.35,16.93,9,0,2
2026-02-24,STR017,13,6402.31,13.38,8,4,1
2025-06-11,STR028,12,6680.15,14.0,6,2,1
2025-12-20,STR022,13,9497.79,15.31,8,4,2
2025-08-06,STR028,15,7030.75,14.4,7,2,3
2025-12-18,STR009,13,5558.09,16.31,8,2,1
2026-05-28,STR010,14,5189.95,11.5,4,3,1
2025-08-15,STR007,11,4470.16,15.91,9,2,0
2026-03-15,STR001,21,8474.33,16.52,13,2,1
2026-01-23,STR022,9,3256.45,14.0,5,0,1
2025-07-05,STR027,13,8644.97,19.54,11,3,1
2025-09-20,STR025,8,4745.8,16.5,6,2,1
2025-09-08,STR004,13,7650.21,16.92,10,4,2
2026-05-01,STR006,12,6827.84,23.67,9,5,1
2025-09-20,STR002,12,7007.37,18.08,9,2,0
2026-04-13,STR023,18,11566.83,17.61,12,4,2
2026-02-23,STR016,9,6003.06,15.89,7,1,1
2025-06-26,STR023,12,5127.13,21.08,9,4,1
2026-04-12,STR011,12,9147.98,16.33,7,5,3
2025-06-24,STR029,14,5521.56,10.93,4,3,4
2025-10-29,STR004,11,6926.44,18.0,6,3,0
2025-08-27,STR022,13,5313.95,16.38,9,2,3
2026-01-28,STR001,10,6574.68,15.4,6,3,0
2026-01-22,STR006,17,7325.71,19.88,11,2,1
2025-07-05,STR001,9,3196.33,12.33,5,1,3
2025-06-26,STR008,11,3880.74,16.45,8,1,3
2026-01-24,STR007,13,4188.93,14.23,7,1,1
2026-02-08,STR022,10,3821.72,14.8,6,0,1
2026-05-01,STR005,5,2129.43,13.4,3,0,0
2026-01-25,STR029,18,7869.09,20.22,12,5,0
2025-11-06,STR023,7,4173.9,16.0,3,3,0
2026-05-26,STR020,13,9187.14,20.69,10,4,2
2025-11-08,STR025,14,3395.52,18.29,9,1,2
2026-06-02,STR018,13,5204.03,14.0,6,1,1
2026-04-19,STR004,15,9951.07,17.53,8,4,2
2026-02-08,STR007,15,9461.55,17.13,6,4,1
2025-08-08,STR008,11,7125.96,20.91,9,2,1
2025-11-18,STR005,11,5336.92,22.55,7,5,0
2025-06-13,STR009,14,4024.89,14.43,7,0,1
2025-12-26,STR011,13,7185.28,13.77,6,2,2
2026-05-18,STR010,11,3911.13,18.82,9,1,2
2025-09-18,STR015,11,5275.09,17.09,8,2,2
2026-04-16,STR025,13,6710.28,13.77,7,3,2
2026-04-04,STR023,11,5118.15,17.73,8,2,0
2025-07-20,STR012,11,4688.55,18.82,7,2,0
2025-11-21,STR016,8,5987.86,18.13,5,1,3
2026-04-22,STR025,7,2327.95,22.29,4,0,0
2026-05-05,STR024,12,11371.9,16.42,9,4,1
2026-01-04,STR023,19,6532.43,15.11,10,4,5
2025-07-10,STR014,19,7571.49,14.32,11,5,0
2026-01-02,STR024,12,6010.76,15.5,8,1,1
2025-09-21,STR025,9,3522.38,16.22,6,2,2
2025-12-15,STR024,11,6867.83,21.91,9,2,1
2026-04-23,STR004,9,4349.78,18.11,7,2,1
2025-10-17,STR004,14,7879.57,19.71,9,6,0
2025-12-03,STR026,6,5384.49,20.83,5,0,0
2026-04-15,STR024,14,6315.22,15.14,9,4,2
2026-02-07,STR005,12,8105.3,20.75,8,4,1
2025-11-06,STR027,16,12455.99,16.38,11,2,2
2025-09-02,STR003,7,4464.2,20.43,4,1,1
2025-06-12,STR005,17,13872.27,15.18,15,4,3
2025-06-04,STR013,18,9716.62,13.78,7,2,1
2025-09-11,STR010,14,7749.31,15.43,9,1,1
2025-06-03,STR028,11,6265.82,14.18,4,2,1
2026-05-05,STR016,14,5561.64,17.07,8,4,3
2025-06-25,STR012,4,1576.76,11.5,2,2,0
2025-06-18,STR004,18,11524.56,18.0,11,3,0
2025-07-22,STR003,7,3304.74,11.29,5,1,1
2026-05-09,STR024,16,11731.97,14.25,6,3,0
2026-03-22,STR001,16,5658.48,15.44,9,3,2
2025-07-19,STR013,14,6521.26,15.29,9,2,3
2025-07-14,STR011,18,8056.68,15.0,10,7,4
2025-08-18,STR022,11,3946.22,21.09,9,2,2
2025-08-10,STR019,16,6030.24,16.5,10,2,1
2025-06-25,STR003,13,4684.31,21.08,10,3,1
2026-04-20,STR009,18,8649.69,16.94,8,9,1
2026-03-15,STR029,10,3674.55,17.0,7,1,0
2026-03-19,STR030,13,4610.22,15.62,8,4,1
2025-09-18,STR017,11,3725.25,12.45,4,4,2
2025-08-22,STR007,14,4870.87,15.0,6,4,1
2025-11-23,STR016,16,7124.45,16.94,8,3,2
2025-07-08,STR013,11,4955.71,12.0,6,6,1
2025-07-14,STR020,10,5192.97,18.9,8,0,1
2025-08-02,STR020,11,4076.77,16.64,6,1,2
2025-08-14,STR025,8,2807.11,19.88,6,2,2
2026-02-22,STR028,13,8137.48,15.15,8,2,2
2025-06-14,STR029,9,2013.61,14.67,3,2,3
2025-06-20,STR016,12,10238.59,16.08,8,2,2
2025-07-13,STR005,17,10882.91,15.47,9,4,0
2026-02-01,STR006,16,7617.5,15.94,9,2,0
2025-08-26,STR017,16,7311.07,18.5,9,2,1
2025-12-19,STR006,9,8209.26,17.33,5,1,0
2025-06-20,STR026,12,8214.45,19.33,8,3,1
2025-07-21,STR023,14,5885.59,19.36,11,4,0
2025-08-10,STR009,17,7059.67,22.24,12,5,0
2025-11-22,STR014,12,6901.62,14.08,7,3,1
2026-04-17,STR004,9,6042.6,19.0,6,2,1
2026-05-26,STR021,23,13253.02,17.65,13,5,4
2026-04-23,STR005,18,10156.17,14.67,10,1,4
2025-07-08,STR024,9,2872.01,15.78,6,2,0
2025-10-04,STR007,12,3761.38,16.17,8,2,2
2026-01-16,STR020,11,7198.64,18.36,7,2,1
2025-12-12,STR029,14,8366.52,16.0,9,2,0
2025-11-19,STR029,13,7149.43,15.31,7,4,2
2026-04-27,STR027,17,11003.48,15.76,9,4,0
2026-01-14,STR008,13,3236.72,17.54,7,2,2
2026-01-25,STR023,11,4235.57,17.18,6,3,2
2025-06-06,STR018,12,4993.68,15.33,7,1,1
2025-08-18,STR008,8,2805.39,11.88,4,2,0
2025-08-19,STR004,16,10138.38,19.75,11,3,1
2026-05-17,STR023,13,10201.75,16.38,7,1,1
2025-09-16,STR004,12,5630.7,16.83,8,4,0
2025-06-10,STR019,7,3205.72,15.57,2,1,0
2025-09-24,STR007,8,4964.92,13.63,6,2,1
2025-08-15,STR004,12,5784.55,12.33,5,5,1
2025-07-02,STR030,8,2685.72,18.25,6,0,0
2025-10-08,STR004,15,6061.91,15.27,6,1,1
2026-03-23,STR029,12,9215.06,22.92,10,3,1
2025-07-15,STR022,11,5448.64,13.91,6,0,3
2025-09-15,STR011,8,2063.54,13.63,3,0,2
2025-11-05,STR004,13,6004.85,13.38,5,2,1
2025-12-08,STR018,22,14250.76,19.68,15,6,3
2025-07-24,STR019,7,3329.72,22.0,5,2,1
2026-02-25,STR003,16,7430.18,17.25,11,5,2
2026-01-10,STR009,10,4150.97,16.1,6,1,2
2025-06-06,STR019,11,5628.18,12.91,3,4,1
2025-06-03,STR008,12,5264.39,15.17,9,2,0
2025-06-11,STR008,9,7254.18,21.44,9,1,1
2026-01-10,STR005,15,7667.78,13.73,7,1,0
2025-08-13,STR016,13,7301.05,23.08,11,1,1
2026-05-03,STR028,15,9543.44,16.2,8,3,2
2026-02-16,STR013,14,5498.67,20.14,10,3,2
2025-06-27,STR004,6,4988.49,12.0,3,0,1
2025-06-20,STR003,14,8882.75,15.0,9,2,3
2025-11-22,STR005,8,2249.75,19.13,5,2,0
2025-12-19,STR015,17,8482.95,16.47,10,2,1
2026-02-01,STR024,9,4516.99,17.33,6,5,1
2026-02-25,STR014,6,1769.44,25.0,6,1,0
2025-08-04,STR022,17,13157.52,16.65,9,4,1
2025-06-04,STR001,12,9273.65,16.92,8,1,1
2025-07-26,STR024,12,6094.31,14.58,6,2,0
2026-02-05,STR011,12,7828.72,23.67,8,3,2
2026-02-06,STR023,16,8933.23,14.0,11,1,2
2025-07-27,STR013,15,13359.98,13.53,10,2,0
2026-02-18,STR014,16,7538.05,19.69,10,4,1
2026-03-07,STR004,14,7149.05,19.86,11,3,3
2025-06-18,STR010,12,3651.7,15.58,9,3,3
2025-08-01,STR020,15,5478.3,15.0,11,3,1
2025-11-06,STR006,9,1826.92,10.11,2,2,1
2026-05-22,STR020,6,4160.08,22.33,6,1,0
2026-01-03,STR027,4,1256.74,19.25,4,1,1
2025-07-22,STR021,7,1895.52,14.57,6,2,2
2025-09-01,STR029,14,9742.25,15.43,7,7,1
2025-11-04,STR008,12,5994.9,20.83,8,5,0
2026-01-25,STR012,5,2265.7,16.4,3,1,0
2026-05-19,STR002,7,2516.74,11.71,3,1,0
2026-05-29,STR020,11,7252.85,12.82,5,0,1
2026-02-09,STR002,4,1395.0,11.5,2,1,1
2026-02-28,STR008,20,9286.51,13.85,12,3,4
2026-02-11,STR027,22,9698.16,18.27,18,4,0
2025-07-17,STR020,11,5810.07,15.18,7,0,1
2025-09-17,STR004,10,4316.83,18.9,8,1,2
2026-02-26,STR011,15,6785.98,19.27,9,1,3
2026-05-30,STR027,14,10315.3,15.43,9,1,0
2025-06-10,STR002,16,11143.03,21.13,12,6,0
2025-12-15,STR025,16,6435.93,16.75,9,3,3
2025-06-03,STR030,24,11009.64,17.42,15,1,2
2025-12-15,STR003,21,7278.33,15.71,12,0,2
2025-10-29,STR016,14,7613.08,17.57,8,3,1
2025-08-28,STR028,19,9339.6,15.37,9,1,2
2025-06-16,STR025,14,6129.12,16.5,11,2,2
2025-10-21,STR026,6,1404.45,21.0,4,1,0
2026-04-08,STR023,13,6323.86,19.77,9,4,3
2026-03-06,STR020,13,4349.78,13.31,4,5,3
2026-03-23,STR013,12,6119.44,16.08,10,2,0
2026-05-24,STR028,11,3198.96,14.09,7,3,0
2025-06-15,STR003,25,11425.15,14.28,14,5,5
2026-03-01,STR016,18,8882.96,13.72,8,1,3
2025-12-09,STR028,10,6601.96,20.2,8,2,0
2025-12-24,STR030,17,5404.74,17.65,10,0,1
2025-08-27,STR002,14,8264.71,13.93,8,0,2
2025-12-04,STR010,20,8842.1,17.3,13,5,2
2025-08-29,STR025,17,8344.14,18.82,13,4,0
2026-01-01,STR005,16,7554.3,18.19,10,1,2
2026-01-22,STR014,19,11074.78,20.74,11,2,1
2026-05-25,STR007,15,11151.63,14.47,8,2,2
2026-01-09,STR022,15,5739.4,19.4,11,2,0
2025-06-08,STR016,16,7734.11,13.44,7,5,1
2025-06-08,STR015,13,6310.27,16.85,7,4,1
2026-01-23,STR008,13,5379.6,20.08,10,2,2
2025-07-16,STR005,12,4564.36,12.83,4,1,1
2026-05-11,STR029,9,6974.32,15.78,5,1,1
2025-11-03,STR020,16,9908.32,14.19,13,5,1
2025-08-31,STR025,9,3636.38,15.11,4,3,0
2025-10-12,STR004,6,5193.53,12.0,3,2,1
2026-05-28,STR028,17,7066.72,12.12,7,6,2
2026-02-06,STR021,8,2889.06,16.38,4,2,1
2026-01-02,STR030,18,9580.6,14.06,7,4,1
2025-07-16,STR011,11,7071.7,13.45,4,3,2
2025-12-31,STR003,13,7778.22,12.62,6,1,2
2025-10-27,STR002,11,4190.93,15.55,7,1,0
2026-04-13,STR019,12,10794.84,18.08,8,1,1
2026-05-17,STR011,12,4546.44,18.92,7,4,2
2026-02-27,STR018,14,4826.06,16.36,11,2,1
2025-10-17,STR027,14,4918.41,13.5,6,4,1
2025-11-12,STR030,15,8035.37,16.27,9,1,3
2026-05-09,STR010,18,9689.48,14.22,10,3,4
2026-03-03,STR014,13,6859.09,17.54,8,1,2
2025-08-18,STR028,12,4349.96,13.58,7,3,3
2026-04-29,STR015,7,3748.59,17.29,5,2,1
2025-12-25,STR010,15,6677.33,14.33,7,2,1
2026-03-13,STR018,13,5665.43,16.23,8,5,2
2025-07-21,STR005,23,14538.11,16.04,14,4,1
2026-05-05,STR013,16,8915.14,16.31,12,1,0
2025-10-09,STR001,12,5396.29,14.75,9,3,1
2026-03-20,STR008,12,8248.5,12.92,6,2,2
2026-02-13,STR022,6,2134.74,9.5,2,2,0
2025-11-25,STR009,15,9316.72,20.87,12,3,2
2026-04-07,STR005,18,11057.33,13.33,8,5,0
2025-09-06,STR002,13,6159.83,19.38,11,3,2
2025-08-28,STR002,11,5904.82,15.55,8,1,0
2025-08-15,STR012,10,4660.84,17.3,6,1,0
2025-10-02,STR003,19,12191.43,16.26,10,3,3
2025-07-31,STR001,17,10561.5,15.76,11,1,2
2026-03-08,STR006,21,7123.04,14.14,13,0,5
2026-02-13,STR026,8,2076.29,16.0,5,3,0
2026-03-08,STR013,7,5047.55,13.0,4,1,2
2025-08-08,STR027,16,9806.94,15.13,8,2,0
2025-08-16,STR017,15,7923.83,21.47,13,5,1
2025-06-14,STR007,10,4759.34,20.1,8,6,2
2025-11-06,STR025,17,8092.89,19.24,14,5,2
2026-03-12,STR004,10,5351.21,16.8,8,3,2
2025-06-12,STR011,5,2846.81,16.8,2,1,0
2026-02-17,STR008,15,6401.77,20.73,11,4,1
2026-01-06,STR025,11,4913.57,14.45,6,2,3
2025-10-23,STR010,14,8009.89,17.93,10,5,0
2025-12-21,STR022,16,8732.02,19.13,9,4,2
2025-06-26,STR016,16,10012.65,17.25,11,5,2
2026-02-26,STR013,14,7067.46,14.5,9,1,1
2025-10-22,STR012,22,12296.54,16.73,12,2,1
2026-01-03,STR022,9,7732.36,17.11,6,2,2
2026-03-10,STR018,11,3653.73,13.36,6,1,3
2026-03-29,STR003,14,10201.99,19.57,9,3,1
2025-10-26,STR010,19,9105.77,20.53,15,2,0
2025-08-23,STR008,14,7848.49,19.14,10,6,2
2025-09-15,STR007,14,4778.46,17.43,12,7,2
2025-10-16,STR001,10,2797.42,12.4,4,3,3
2025-06-27,STR018,15,7442.67,17.73,11,4,1
2026-05-22,STR022,9,4645.29,17.0,6,2,1
2026-05-19,STR013,14,6121.19,17.21,9,2,3
2026-05-12,STR004,20,10929.11,12.7,7,2,2
2025-12-11,STR009,10,4878.33,15.7,7,1,1
2026-03-28,STR022,12,8431.11,15.33,9,3,3
2025-06-12,STR026,12,7207.15,14.25,5,3,0
2026-03-14,STR029,14,8948.49,16.79,11,5,3
2026-02-26,STR015,19,14039.57,18.26,14,7,1
2026-04-23,STR019,23,12090.36,15.43,14,3,2
2025-08-26,STR014,16,9729.08,16.88,9,4,0
2025-06-15,STR002,13,6303.91,19.62,9,1,3
2026-01-16,STR029,12,4803.53,12.75,7,0,1
2026-02-28,STR020,19,10693.02,15.63,11,8,3
2025-12-17,STR001,16,7397.98,16.88,13,4,2
2025-10-30,STR030,17,7867.71,18.41,12,3,2
2026-01-31,STR003,17,7266.38,14.71,11,5,0
2025-08-22,STR004,14,7498.42,15.93,9,4,0
2026-05-14,STR010,12,5695.74,12.67,6,3,3
2025-08-25,STR003,16,5464.12,16.69,13,3,0
2025-06-08,STR003,16,10030.83,19.56,10,3,2
2026-04-06,STR022,8,7069.44,17.88,6,2,0
2025-07-24,STR022,15,4723.62,15.47,13,1,2
2026-05-12,STR003,8,2200.17,19.38,5,1,0
2025-08-05,STR008,14,8310.77,14.64,10,1,3
2025-06-08,STR001,16,7163.08,16.69,11,1,0
2026-04-22,STR028,14,8449.27,18.43,11,4,1
2025-11-26,STR030,15,9421.08,16.8,10,2,2
2025-10-07,STR027,10,5505.69,16.0,6,2,0
2025-08-02,STR016,10,4106.13,14.1,5,1,1
2025-07-14,STR030,15,13529.76,19.93,8,1,2
2026-05-08,STR004,18,9292.95,16.17,11,3,0
2025-10-18,STR028,17,6177.31,13.47,10,3,3
2025-11-26,STR001,13,4182.31,10.85,4,4,0
2025-06-16,STR015,16,13092.75,19.06,14,1,0
2025-07-21,STR012,17,10980.9,18.06,15,4,3
2026-04-05,STR010,14,8166.75,15.5,5,2,1
2025-12-11,STR008,16,5680.86,19.13,11,3,1
2026-04-27,STR013,12,6673.5,15.83,8,1,0
2026-05-15,STR006,14,7837.26,20.5,11,3,2
2025-08-07,STR023,17,9124.93,17.24,12,0,1
2025-07-02,STR012,16,6615.67,15.31,8,7,3
2025-12-28,STR011,16,5989.4,17.31,9,5,4
2026-06-01,STR008,10,3535.33,17.5,6,3,2
2025-12-22,STR023,22,11452.5,13.86,11,5,2
2025-07-19,STR010,13,4695.79,14.23,7,1,1
2026-04-01,STR029,15,8585.0,14.8,10,3,1
2026-03-21,STR010,15,7139.8,16.8,9,1,1
2026-01-26,STR030,10,7088.92,13.4,4,0,1
2025-12-25,STR030,13,4349.27,14.15,7,5,2
2026-05-09,STR009,14,6341.04,19.93,10,1,3
2025-07-13,STR015,17,9246.72,12.65,9,5,4
2026-02-20,STR019,12,10240.55,15.92,9,3,0
2026-02-09,STR007,17,8812.04,14.88,11,2,2
2025-07-26,STR002,15,4038.64,25.93,13,1,1
2026-03-13,STR002,16,9266.92,13.94,8,4,1
2025-08-26,STR028,13,4666.72,17.62,10,4,4
2026-05-03,STR013,15,9890.19,16.2,12,0,1
2026-03-25,STR026,18,7030.42,16.83,11,4,1
2025-08-21,STR007,16,5821.86,14.25,10,2,2
2025-12-31,STR015,16,7079.65,17.38,12,3,2
2025-06-30,STR013,17,7719.13,18.71,12,6,2
2025-11-25,STR002,17,11689.66,17.35,12,5,1
2025-10-31,STR004,21,9249.22,19.81,13,6,2
2025-07-24,STR004,17,6314.6,17.24,10,4,2
2026-03-20,STR030,11,8303.56,18.18,7,1,3
2025-11-11,STR023,11,6523.56,15.45,6,3,5
2025-07-18,STR029,13,6299.27,16.85,10,3,1
2026-04-06,STR015,9,4592.41,14.89,7,1,1
2025-06-17,STR014,17,10997.47,17.0,12,3,5
2026-02-20,STR018,15,6787.84,11.6,7,4,1
2025-06-06,STR010,17,10137.94,13.65,9,2,1
2025-09-22,STR004,18,13052.26,16.89,11,4,2
2025-07-12,STR027,19,5304.67,17.32,11,3,1
2026-04-07,STR002,18,9820.14,17.67,13,3,5
2025-11-13,STR007,12,3817.89,15.42,7,3,0
2026-04-04,STR026,13,5809.12,20.46,11,5,1
2026-01-13,STR017,16,8093.76,15.0,10,4,4
2025-07-30,STR015,16,5788.57,17.63,13,3,2
2025-11-09,STR011,16,11867.95,20.63,14,3,1
2025-11-20,STR017,14,9418.48,14.57,8,2,1
2026-03-04,STR024,11,6478.68,14.64,8,1,1
2026-02-07,STR027,13,6226.52,18.92,10,2,2
2025-08-27,STR019,10,7697.54,14.6,4,0,0
2026-02-08,STR004,13,8473.8,15.31,8,2,3
2026-03-14,STR007,16,8878.79,17.44,10,5,0
2026-03-22,STR030,22,12242.92,15.14,14,2,1
2025-07-05,STR017,14,11046.04,14.43,10,1,1
2025-09-10,STR015,18,10631.46,14.72,10,4,2
2025-08-12,STR025,17,10085.63,20.0,11,4,3
2025-08-13,STR013,18,5561.62,18.39,12,3,3
2026-01-03,STR021,17,7118.54,16.06,8,3,4
2025-12-22,STR015,17,11106.69,18.71,11,3,2
2025-06-25,STR018,10,3640.49,18.7,8,1,2
2025-07-08,STR020,13,8439.43,17.31,9,1,0
2025-12-13,STR012,15,5821.42,17.13,10,5,2
2026-02-28,STR018,13,8396.03,20.15,10,2,2
2025-12-28,STR009,10,4779.76,18.1,7,2,1
2026-01-09,STR018,9,3910.02,13.11,5,5,0
2025-10-09,STR026,9,3195.18,12.33,6,1,1
2026-03-06,STR021,6,2104.63,17.17,4,1,1
2025-08-13,STR017,16,7847.93,15.94,10,5,2
2026-03-01,STR011,13,12041.79,19.38,10,1,2
2026-05-13,STR004,11,8761.47,17.45,6,1,0
2026-04-04,STR014,16,5483.78,15.44,8,2,1
2025-08-06,STR002,15,5684.9,18.13,12,6,1
2025-08-30,STR007,6,4417.91,16.33,3,1,0
2026-05-12,STR023,15,7878.98,17.2,9,4,3
2026-04-17,STR017,17,8163.8,18.47,10,1,1
2026-06-02,STR008,16,13464.63,16.25,12,5,1
2026-03-01,STR018,16,8311.15,15.88,10,4,2
2025-12-24,STR014,12,4784.07,14.42,7,4,1
2026-01-07,STR013,12,3973.38,16.08,8,4,2
2026-05-17,STR025,16,8468.07,16.75,11,2,0
2026-02-23,STR010,16,7003.96,18.31,10,4,1
2025-12-28,STR018,10,3154.86,15.4,4,2,1
2025-06-16,STR016,15,8717.89,15.8,10,3,0
2025-12-18,STR013,11,4513.22,16.09,7,4,2
2025-08-12,STR028,16,7814.17,15.31,11,11,1
2025-06-18,STR006,26,10834.2,15.12,13,4,0
2026-03-05,STR021,16,9943.74,15.38,7,4,0
2025-12-07,STR001,12,5755.85,17.25,8,1,2
2026-04-01,STR012,17,12276.24,17.71,12,6,2
2025-09-03,STR015,12,4916.48,16.58,9,1,0
2025-08-25,STR017,11,4054.46,13.82,8,2,0
2026-03-31,STR021,20,7681.44,12.45,7,1,1
2026-01-06,STR002,9,4586.08,18.89,8,2,1
2025-09-21,STR017,12,9275.71,18.67,7,3,3
2025-10-17,STR003,11,2303.25,15.91,8,3,1
2025-11-08,STR020,17,7675.24,14.82,10,4,2
2025-08-24,STR020,15,5463.46,19.47,10,5,0
2026-04-30,STR007,10,2724.84,20.8,6,2,0
2026-04-25,STR012,10,4832.32,13.1,5,2,0
2025-09-04,STR018,17,8045.0,17.41,12,5,3
2025-12-30,STR010,15,8342.82,12.2,6,5,0
2026-03-20,STR020,13,6770.79,13.38,6,4,3
2025-12-26,STR018,21,12397.0,17.67,11,3,2
2026-01-23,STR017,11,6346.41,15.27,7,4,4
2025-08-30,STR009,16,8297.49,11.25,7,3,1
2025-10-06,STR004,18,8222.55,14.72,8,3,4
2025-06-22,STR006,19,12738.87,16.58,11,5,1
2025-10-31,STR027,13,3543.68,17.85,9,3,1
2025-06-17,STR010,14,7437.81,14.43,9,5,3
2026-02-21,STR026,16,6762.76,16.63,10,2,0
2026-05-29,STR011,17,11644.66,12.47,7,2,0
2025-09-12,STR021,12,5027.93,16.42,9,2,3
2026-02-25,STR023,22,6876.74,16.18,14,2,4
2025-06-04,STR025,10,8034.92,19.0,9,2,2
2026-01-14,STR021,17,11254.11,15.24,8,4,4
2025-11-27,STR022,14,8050.82,20.29,8,5,1
2026-02-19,STR008,12,3971.9,17.0,7,3,3
2026-05-31,STR012,8,3957.76,17.13,7,2,1
2025-08-26,STR020,14,9302.69,20.14,7,3,2
2025-12-21,STR017,15,9029.0,15.6,9,4,1
2026-03-21,STR001,11,2030.1,18.36,8,1,0
2026-05-14,STR023,10,5098.79,13.8,4,2,0
2026-05-21,STR022,13,6810.12,13.69,11,1,1
2026-06-01,STR020,14,9047.01,15.86,8,1,2
2025-07-09,STR007,10,3868.08,15.6,6,2,2
2026-02-09,STR009,13,5572.5,16.08,10,3,1
2025-06-13,STR008,15,10715.72,13.47,9,3,4
2025-09-28,STR030,17,7386.55,15.47,8,6,5
2025-08-17,STR013,11,6112.99,18.64,7,1,2
2026-02-01,STR013,15,9029.83,18.13,11,4,1
2026-02-22,STR002,11,9360.04,17.73,5,1,2
2025-06-18,STR024,14,5572.68,15.29,7,0,1
2026-02-14,STR008,13,8248.0,15.69,10,2,1
2025-07-25,STR004,8,3972.76,21.75,4,2,0
2025-11-26,STR015,11,8120.81,17.18,8,4,3
2025-12-02,STR019,10,4766.35,18.0,8,3,1
2025-07-07,STR020,9,4991.58,15.44,5,3,0
2025-11-26,STR012,17,12314.45,12.12,8,2,1
2025-10-23,STR025,12,2946.15,17.42,7,1,2
2025-09-29,STR017,14,6895.07,17.43,11,3,0
2025-10-21,STR023,13,7975.0,14.08,8,1,2
2025-10-20,STR022,10,3286.36,21.8,9,0,1
2026-02-10,STR001,15,11431.1,19.73,13,4,1
2025-06-26,STR007,10,5410.05,15.2,8,0,1
2026-01-10,STR013,15,6260.62,16.93,10,5,1
2025-11-03,STR021,16,9341.92,18.38,11,2,2
2026-04-30,STR022,11,5302.41,11.27,4,0,0
2025-08-12,STR010,14,6893.13,13.57,6,1,0
2025-11-04,STR015,17,5500.11,14.41,10,2,0
2025-08-23,STR005,9,5612.89,18.22,6,3,0
2025-08-29,STR024,14,5577.0,16.71,8,3,1
2025-07-06,STR026,12,4508.98,20.58,7,3,1
2025-08-17,STR029,12,6030.15,13.42,7,2,2
2026-03-05,STR003,19,9611.77,15.95,11,5,0
2026-02-01,STR009,8,4248.06,19.38,6,1,1
2026-01-20,STR007,10,5067.32,11.1,3,1,1
2025-07-31,STR006,10,7589.9,15.0,8,1,0
2025-11-28,STR012,18,8492.27,14.39,10,6,0
2026-02-05,STR028,19,7975.39,13.37,10,1,4
2026-03-13,STR006,16,4796.67,14.38,10,4,1
2026-01-03,STR009,20,8691.36,21.8,15,6,4
2026-05-26,STR027,17,9643.7,16.53,11,5,1
2025-09-17,STR001,13,10478.43,16.46,7,4,1
2025-08-13,STR028,5,1831.41,12.8,3,2,0
2026-03-05,STR020,17,7063.89,15.59,12,3,1
2025-11-08,STR021,11,5943.24,20.64,10,3,1
2025-06-27,STR025,18,9154.76,14.78,10,1,2
2026-03-21,STR027,11,5743.59,14.91,6,4,1
2026-03-28,STR016,11,8298.6,15.82,7,1,0
2025-10-28,STR009,14,8585.78,16.79,9,4,2
2025-06-21,STR027,17,6092.44,13.59,8,3,3
2025-11-15,STR024,16,8122.34,11.5,6,0,2
2026-03-11,STR029,16,9991.08,17.56,10,4,2
2025-10-27,STR022,13,6781.66,14.08,9,3,1
2025-10-19,STR019,15,8633.61,16.0,12,2,2
2026-02-21,STR012,12,8079.98,13.17,5,1,2
2025-09-29,STR003,14,6646.26,19.79,8,2,0
2025-07-29,STR018,12,3886.39,16.75,7,1,2
2025-06-23,STR014,9,9387.03,17.0,7,2,2
2025-10-03,STR008,10,4055.08,23.5,7,1,1
2025-10-20,STR030,19,10818.11,13.26,8,5,3
2025-11-04,STR001,15,6971.82,19.0,9,4,0
2025-12-17,STR007,9,1062.19,15.33,6,2,0
2026-01-10,STR002,15,9801.16,17.33,9,6,2
2026-03-28,STR009,9,4880.7,16.89,4,2,2
2025-09-17,STR019,13,5879.42,9.85,3,2,1
2026-03-26,STR026,21,14064.44,12.33,10,5,1
2026-04-15,STR014,18,14655.19,12.33,10,3,3
2026-02-16,STR005,10,3434.01,17.4,6,1,0
2025-08-03,STR015,12,8585.45,16.83,9,4,1
2026-02-08,STR001,15,7705.47,15.13,7,1,0
2025-11-06,STR003,10,5423.82,17.5,4,4,2
2026-01-09,STR005,14,11142.83,11.43,7,5,2
2026-01-29,STR020,14,7902.54,16.86,9,3,3
2026-05-07,STR002,10,2649.13,19.2,8,3,3
2025-06-10,STR011,15,5824.9,14.8,5,3,0
2025-09-21,STR009,13,5798.74,17.46,9,4,0
2025-10-15,STR029,15,5992.87,11.87,7,5,0
2025-09-23,STR029,12,8171.95,17.0,7,2,0
2026-04-06,STR010,20,11378.35,15.9,12,5,2
2025-06-22,STR007,9,5838.87,15.44,5,2,0
2025-11-22,STR023,14,5242.42,16.07,9,1,1
2026-05-25,STR019,19,7522.1,18.53,13,7,1
2025-07-24,STR005,9,3804.41,12.78,5,0,0
2025-06-12,STR013,9,5492.33,24.33,8,2,1
2025-08-15,STR013,16,12277.61,17.69,14,4,2
2025-10-05,STR024,8,2439.53,18.63,7,2,0
2026-01-18,STR023,8,3044.5,10.75,2,2,2
2026-04-09,STR012,11,8213.09,18.0,8,3,2
2026-05-09,STR008,20,7631.73,17.6,15,5,1
2025-10-10,STR030,13,6980.94,20.69,9,1,1
2026-01-02,STR021,16,5722.8,16.44,10,3,2
2026-05-06,STR013,8,1682.15,13.63,4,4,0
2026-05-11,STR027,19,12580.05,19.47,11,3,2
2025-06-09,STR016,15,7945.22,17.53,9,3,0
2025-10-03,STR019,14,5668.9,19.93,12,4,1
2026-01-28,STR016,17,9932.53,15.53,10,0,1
2026-04-02,STR012,16,8423.04,17.44,11,3,3
2026-03-07,STR021,13,7138.64,15.23,6,2,0
2025-08-04,STR014,13,8188.98,18.77,11,4,2
2025-07-22,STR007,14,5649.99,16.0,7,2,1
2026-02-05,STR014,11,7344.7,17.73,8,2,0
2026-04-13,STR005,15,9187.52,19.8,9,4,2
2025-08-29,STR004,12,8683.92,12.0,6,4,1
2025-09-01,STR010,19,5348.84,16.32,10,4,2
2026-05-05,STR006,13,6924.5,17.23,10,3,2
2026-04-19,STR002,22,8361.75,17.0,13,5,4
2026-05-23,STR010,17,13518.79,13.88,7,4,2
2026-01-18,STR016,17,8449.28,12.76,9,4,3
2025-07-10,STR021,12,8585.95,21.92,10,4,2
2026-04-02,STR028,13,7498.39,13.38,5,4,3
2026-05-21,STR009,17,10419.46,18.35,11,4,1
2025-07-16,STR016,12,8087.56,16.33,9,3,1
2026-05-14,STR013,12,6574.34,10.75,4,3,1
2026-05-21,STR012,11,3541.1,17.09,4,4,0
2026-04-14,STR023,10,3154.13,12.3,4,3,1
2026-03-07,STR007,3,866.21,18.0,2,1,2
2025-10-10,STR017,13,6440.63,21.08,10,5,1
2025-08-03,STR023,17,5908.97,16.24,9,5,2
2026-03-15,STR023,9,7510.99,17.11,6,1,2
2026-05-28,STR012,13,4635.19,11.77,5,5,0
2025-11-26,STR025,10,8228.0,12.8,6,0,0
2025-06-10,STR028,11,5957.92,20.73,8,0,3
2026-05-04,STR008,16,9152.05,18.06,9,2,0
2025-06-06,STR002,14,12565.88,15.07,9,2,2
2025-08-30,STR024,18,11393.5,15.44,11,3,3
2026-05-05,STR028,11,5549.13,16.36,7,4,0
2025-10-14,STR007,9,7596.93,13.44,5,5,2
2025-08-12,STR007,16,8866.9,16.19,11,3,1
2025-06-15,STR026,16,9548.83,14.5,9,3,3
2026-05-13,STR009,9,4115.47,15.89,6,2,0
2026-04-05,STR030,16,5350.43,18.13,8,2,0
2026-05-11,STR023,12,5350.13,16.08,9,3,2
2025-06-24,STR015,13,12602.75,22.77,11,3,1
2026-04-03,STR009,8,5383.45,14.88,5,1,0
2025-07-06,STR028,15,10695.29,16.4,9,3,1
2025-10-24,STR002,10,4007.8,14.8,8,3,0
2025-09-16,STR027,9,2977.2,16.78,5,2,2
2025-11-05,STR030,13,6965.2,14.54,9,2,0
2025-07-23,STR023,15,4952.54,16.33,11,3,1
2025-12-20,STR028,16,5893.97,21.81,12,3,1
2025-09-16,STR021,13,5585.09,13.69,7,3,3
2025-11-21,STR004,14,7052.48,17.29,10,4,0
2025-10-07,STR023,15,5543.81,12.0,5,1,3
2025-07-19,STR001,13,8756.57,14.62,10,2,1
2025-10-21,STR022,18,7851.03,14.61,8,4,2
2026-05-14,STR022,17,11466.67,19.18,16,3,1
2025-08-12,STR009,19,8291.98,14.21,9,1,1
2026-04-27,STR001,16,9939.49,14.94,11,1,2
2025-11-03,STR019,18,10506.53,15.67,12,5,1
2025-11-22,STR007,14,5867.12,18.07,10,3,1
2026-04-21,STR029,12,5901.65,18.17,6,4,3
2025-09-28,STR013,18,8911.27,16.33,13,7,1
2025-11-15,STR021,20,11542.07,14.55,12,2,3
2026-06-03,STR022,11,6935.74,17.82,9,4,2
2025-12-07,STR011,13,6146.98,14.15,6,6,0
2025-11-26,STR021,15,8180.26,16.6,11,2,1
2026-05-08,STR002,11,5360.75,14.73,6,3,1
2026-02-09,STR028,9,3138.74,16.56,7,3,1
2025-12-02,STR008,15,5147.3,19.8,10,2,1
2025-06-18,STR009,14,9503.39,16.64,10,3,1
2026-01-09,STR002,11,3914.95,18.36,8,3,3
2026-01-19,STR019,16,7587.85,10.81,5,1,3
2025-09-26,STR017,18,5661.1,17.06,11,4,3
2025-07-04,STR002,11,8109.33,16.73,8,4,1
2025-11-13,STR030,10,3554.39,13.4,7,2,1
2025-12-03,STR017,13,4639.81,19.38,8,3,1
2025-08-13,STR006,10,4818.8,16.4,4,2,1
2025-09-04,STR027,18,9192.16,17.06,11,4,1
2025-08-30,STR029,7,1530.29,11.0,3,1,1
2025-10-07,STR001,19,6726.41,19.84,13,2,0
2025-09-18,STR013,17,6551.5,19.82,12,3,2
2026-01-06,STR006,16,7518.15,17.38,11,4,1
2025-10-18,STR006,16,11974.6,14.13,9,4,2
2025-08-02,STR019,12,7546.27,16.0,5,2,2
2026-02-08,STR024,13,4695.06,19.0,9,1,2
2025-12-18,STR026,13,7323.29,19.77,9,1,2
2025-06-12,STR014,10,5522.01,20.3,7,4,1
2025-10-24,STR001,11,5705.73,15.36,6,2,0
2026-03-17,STR016,11,5639.08,13.73,7,4,1
2026-03-01,STR010,19,12820.19,16.21,13,3,1
2025-12-11,STR001,16,11683.95,11.94,8,6,3
2026-03-17,STR019,17,7340.09,14.35,10,6,1
2025-09-26,STR015,13,6463.84,19.23,9,3,1
2025-08-07,STR007,11,6052.26,15.36,6,3,1
2025-11-28,STR013,10,5419.0,12.4,1,2,0
2025-06-19,STR029,15,9295.78,17.0,9,1,2
2026-02-09,STR020,14,5365.57,18.79,11,4,2
2025-12-23,STR027,12,4378.08,13.0,6,3,1
2025-12-18,STR027,11,3620.05,15.36,5,3,0
2025-12-17,STR002,9,4750.07,12.56,5,2,0
2026-03-11,STR002,7,6231.54,18.43,5,2,1
2026-05-08,STR010,13,6656.2,19.46,7,2,2
2025-08-01,STR016,9,6168.99,20.0,7,0,1
2025-10-22,STR020,18,12089.1,17.28,11,4,0
2026-03-14,STR004,16,9193.28,16.0,8,2,5
2025-09-12,STR014,19,11580.28,17.42,12,4,0
2025-08-11,STR014,19,10203.08,20.47,14,6,3
2025-10-21,STR020,11,5349.9,19.09,8,0,3
2025-12-07,STR018,14,6226.76,20.5,9,4,3
2026-04-03,STR029,8,5014.06,12.5,5,4,0
2026-01-02,STR029,10,6663.5,20.6,8,2,1
2025-12-07,STR025,6,1622.44,12.0,3,2,0
2025-09-25,STR011,14,6754.25,13.21,8,5,2
2025-07-25,STR026,15,8731.48,19.93,11,5,0
2025-07-22,STR011,11,6341.49,15.09,5,2,2
2025-07-10,STR004,13,8633.87,14.31,5,2,0
2026-04-09,STR028,13,7954.81,16.31,8,2,0
2026-01-12,STR011,11,7853.35,16.36,7,2,2
2025-08-18,STR002,15,10407.71,15.6,10,1,0
2026-01-27,STR021,6,2761.43,17.17,4,0,0
2025-10-25,STR021,23,12305.06,16.87,15,1,5
2025-09-22,STR001,11,4879.98,20.36,7,2,0
2026-04-14,STR018,15,12137.12,19.53,12,5,2
2025-06-16,STR005,11,4885.9,14.27,5,2,1
2025-07-26,STR007,15,8568.03,15.33,11,1,2
2026-05-18,STR014,11,6329.19,18.55,8,3,0
2026-05-01,STR010,12,7910.88,17.75,9,3,1
2026-05-17,STR016,15,4440.95,23.33,13,3,2
2025-09-02,STR008,18,8033.21,11.17,7,2,1
2026-01-19,STR015,14,7470.22,13.93,8,0,2
2025-06-11,STR022,14,6381.4,16.79,9,4,2
2026-01-09,STR024,18,9584.63,16.22,11,2,1
2026-03-20,STR023,14,5898.6,15.93,9,5,1
2025-12-25,STR017,9,4316.48,19.0,8,5,1
2025-10-29,STR013,14,8571.54,19.21,10,4,0
2025-10-31,STR010,16,6678.54,16.81,12,3,1
2025-12-18,STR030,19,10119.27,16.79,12,1,1
2025-09-10,STR026,15,5005.21,17.2,10,6,2
2026-04-08,STR001,14,8623.02,15.93,8,1,1
2026-03-20,STR027,11,8049.86,18.0,9,3,3
2025-08-10,STR027,16,7444.82,16.44,9,3,2
2026-01-14,STR003,14,9112.89,16.0,9,1,2
2026-02-02,STR025,15,7184.91,16.0,11,6,1
2026-05-22,STR006,10,2439.49,13.4,5,5,0
2025-09-08,STR013,12,8184.83,14.42,6,2,0
2025-07-04,STR009,14,7908.77,19.14,8,3,0
2026-01-14,STR030,13,5879.44,17.31,8,5,2
2025-10-05,STR004,6,2320.21,12.33,4,1,2
2025-10-23,STR011,12,6723.57,19.25,8,4,1
2025-10-21,STR018,9,3914.31,13.33,4,2,1
2025-09-12,STR029,10,3589.28,11.7,5,3,1
2026-02-23,STR005,8,2960.24,10.88,2,1,1
2026-03-08,STR009,12,5149.07,14.33,6,3,0
2025-11-30,STR012,14,9467.23,13.57,7,5,2
2026-01-27,STR026,9,8453.9,22.78,6,3,0
2025-07-20,STR026,12,4185.45,17.92,8,2,2
2025-09-20,STR026,10,7039.8,20.0,7,2,2
2026-03-18,STR020,10,7309.31,17.6,6,1,0
2026-03-27,STR009,8,5466.0,20.88,5,0,0
2025-07-05,STR022,14,5361.92,18.07,11,0,1
2026-01-24,STR014,15,8079.55,16.33,9,3,0
2025-07-16,STR007,16,7422.75,17.19,9,3,3
2026-02-14,STR018,16,7783.91,18.5,10,4,2
2025-08-11,STR025,17,7709.92,15.35,8,4,2
2025-12-20,STR005,20,9972.59,22.8,17,6,2
2026-05-03,STR008,13,9771.46,24.23,10,1,1
2026-04-22,STR024,14,9876.53,15.43,10,3,3
2025-08-05,STR026,10,5125.89,17.5,7,2,1
2026-02-18,STR006,6,1732.01,12.17,3,1,2
2025-11-04,STR014,10,3942.68,14.9,7,2,0
2025-06-05,STR030,19,9118.52,21.05,16,4,1
2025-09-11,STR012,4,1980.54,10.25,1,0,1
2026-04-30,STR025,16,7332.1,19.06,11,2,3
2025-08-21,STR027,12,10334.44,15.67,7,3,3
2025-09-24,STR022,14,9621.84,16.93,8,3,2
2026-02-02,STR027,7,3216.48,12.0,3,3,0
2025-11-28,STR017,11,6896.96,15.0,7,2,2
2025-08-09,STR016,16,11027.12,20.44,11,2,0
2025-12-18,STR020,18,8477.88,19.89,15,6,0
2026-02-10,STR029,13,5343.73,24.77,11,3,0
2026-04-01,STR002,10,5192.49,19.9,8,0,1
2026-01-30,STR027,8,2643.05,13.25,5,3,1
2025-12-13,STR008,15,7243.32,17.73,13,4,1
2026-02-10,STR014,13,10137.34,11.0,6,2,1
2025-06-24,STR012,11,7339.43,14.55,6,2,1
2026-03-09,STR008,19,10215.8,17.63,14,2,2
2026-05-10,STR021,8,3537.84,20.5,7,1,2
2026-05-21,STR026,10,7326.7,19.5,6,2,1
2025-11-14,STR002,9,4856.51,19.78,6,4,2
2026-01-30,STR023,7,2975.25,18.71,5,1,2
2025-09-25,STR004,18,7478.52,14.28,12,3,4
2026-01-24,STR006,11,6268.57,23.82,8,2,1
2025-07-04,STR001,12,9097.73,15.58,7,3,3
2026-06-02,STR005,15,7122.02,17.93,8,3,3
2025-08-27,STR023,15,8243.75,13.07,9,1,2
2026-03-07,STR029,11,5315.61,17.36,8,3,1
2025-09-27,STR014,9,6255.01,15.11,5,3,3
2025-08-08,STR005,8,3389.32,13.25,5,3,0
2026-03-12,STR010,11,4321.59,13.45,8,2,0
2026-05-13,STR006,10,4407.88,22.3,9,1,0
2025-10-15,STR012,9,3382.06,13.22,6,2,3
2025-07-21,STR025,10,6364.68,18.2,7,3,3
2026-03-30,STR028,16,6445.62,16.94,7,4,1
2026-02-25,STR026,20,9501.82,17.7,10,4,0
2026-04-29,STR001,13,4965.47,18.46,8,2,2
2025-11-09,STR003,9,3606.11,14.22,4,1,0
2025-11-20,STR020,9,3162.6,14.89,8,3,0
2026-01-31,STR019,14,7687.23,18.14,10,3,0
2026-03-03,STR004,12,6804.97,14.67,8,2,0
2026-05-08,STR020,7,3624.87,20.57,5,0,1
2026-06-02,STR009,18,10952.28,16.0,10,2,2
2025-07-27,STR024,16,5568.29,12.63,8,5,0
2026-05-05,STR023,11,7760.35,14.45,7,2,1
2025-10-21,STR021,14,5454.75,15.93,6,2,1
2025-08-18,STR004,12,5031.15,15.92,8,1,2
2025-11-08,STR002,14,9040.9,14.86,9,2,1
2026-05-16,STR028,18,10569.68,22.83,16,6,3
2026-03-05,STR012,11,2737.69,14.73,4,3,1
2026-02-10,STR028,15,7498.98,18.33,11,4,2
2026-05-21,STR017,14,8827.51,16.86,9,0,2
2026-02-22,STR017,14,12013.73,20.14,9,3,3
2025-09-18,STR016,7,3695.05,16.71,4,1,2
2026-05-03,STR026,14,6142.14,15.14,5,3,2
2026-01-05,STR028,12,6767.18,18.92,10,2,2
2025-08-30,STR026,13,4714.72,17.31,9,3,2
2025-10-30,STR011,14,6197.64,13.93,7,1,1
2025-08-23,STR003,12,5054.8,16.67,6,2,1
2026-02-05,STR023,13,4847.42,17.77,10,3,1
2025-09-02,STR009,3,1404.2,15.0,2,0,0
2026-02-22,STR022,7,3770.54,12.0,4,1,2
2026-05-24,STR001,14,6733.15,16.07,8,2,2
2025-09-05,STR012,14,7619.6,17.36,9,3,2
2025-12-09,STR011,15,10365.25,16.67,9,3,1
2026-03-28,STR021,18,8288.28,17.17,13,2,5
2026-04-19,STR030,14,4112.07,16.29,9,5,1
2026-02-07,STR009,9,3374.92,19.22,6,2,1
2026-05-20,STR016,17,9518.79,16.71,12,3,3
2026-05-02,STR002,14,4190.61,19.71,10,1,0
2025-08-19,STR019,9,4843.26,15.0,6,3,1
2025-12-16,STR007,9,4520.38,16.22,3,2,2
2025-10-02,STR013,11,5642.66,18.45,6,2,6
2026-01-24,STR003,14,7743.52,17.93,9,0,1
2026-02-20,STR029,13,7941.8,17.46,9,3,0
2025-11-08,STR027,18,13157.37,16.39,14,4,4
2026-05-01,STR030,10,3549.13,17.2,7,1,0
2026-01-04,STR011,11,3574.25,20.09,9,1,2
2026-05-18,STR020,10,3139.92,18.0,8,3,1
2025-12-26,STR023,8,3802.77,13.13,5,0,0
2025-06-10,STR005,12,7582.32,13.92,8,4,1
2025-11-22,STR011,9,5446.0,17.0,8,2,0
2025-12-10,STR021,10,7258.99,17.1,8,2,1
2025-11-08,STR022,17,11331.03,17.47,13,4,3
2025-11-11,STR018,11,4529.28,16.91,7,2,1
2025-08-06,STR023,8,2776.47,16.5,5,1,1
2025-11-14,STR026,11,7480.94,21.73,9,3,2
2026-01-04,STR017,23,12985.56,14.65,13,6,2
2026-01-22,STR019,11,4313.22,17.36,7,3,1
2026-01-18,STR028,12,6692.3,14.33,7,1,0
2026-02-18,STR007,9,7553.26,17.89,6,1,1
2025-07-15,STR004,12,7820.31,13.0,8,3,0
2026-04-27,STR007,8,6701.15,11.25,3,2,0
2026-05-16,STR006,16,7061.59,16.25,13,2,1
2025-06-14,STR025,18,9063.34,16.61,10,3,4
2026-02-14,STR021,7,5259.32,13.14,4,1,2
2026-04-10,STR014,12,3861.23,20.33,9,1,0
2026-01-05,STR014,13,8133.27,15.77,9,3,5
2025-06-16,STR023,13,4779.91,18.62,9,2,0
2026-04-24,STR007,9,4777.64,14.33,6,1,3
2026-02-04,STR014,15,7089.2,15.87,8,3,0
2026-05-06,STR010,13,5820.43,15.38,8,1,1
2025-08-09,STR024,15,14655.81,12.87,7,4,1
2025-08-20,STR023,10,5514.52,19.4,8,3,0
2026-04-29,STR013,10,8390.4,16.4,5,1,0
2025-07-01,STR010,12,5751.4,16.92,6,2,1
2026-05-17,STR009,16,9558.36,14.94,11,5,1
2025-07-17,STR022,16,6813.78,16.13,9,6,1
2025-08-09,STR002,10,3787.8,16.9,6,5,0
2026-03-21,STR007,16,10857.43,16.69,10,3,3
2025-07-17,STR024,8,2856.24,12.5,3,0,0
2025-07-08,STR027,11,5749.5,20.82,8,1,2
2026-05-01,STR026,14,8444.8,21.64,12,4,2
2026-02-15,STR004,8,6836.02,15.25,3,3,2
2025-08-29,STR030,15,9602.61,14.8,8,2,1
2025-11-27,STR020,14,6705.56,16.07,9,2,1
2025-08-11,STR026,12,5967.4,19.83,9,3,2
2025-10-10,STR026,10,6139.92,17.5,6,2,2
2025-11-23,STR004,10,3275.13,17.3,7,3,1
2025-12-28,STR028,14,6875.41,18.86,11,2,1
2025-06-10,STR006,9,4416.16,16.56,9,3,1
2026-03-10,STR012,10,6541.78,19.5,7,2,2
2026-03-14,STR008,11,5926.61,17.64,7,2,0
2025-09-14,STR029,14,7812.66,19.21,12,4,1
2026-04-18,STR030,13,5095.28,20.62,8,2,2
2026-05-26,STR002,13,6542.8,16.62,9,4,0
2025-09-14,STR022,8,4071.27,13.5,5,1,0
2025-07-11,STR025,12,8539.48,16.58,9,2,2
2025-10-06,STR019,12,4947.53,25.25,11,3,1
2026-01-26,STR021,15,8321.35,12.93,8,3,1
2026-01-21,STR010,14,6430.8,14.29,11,1,4
2025-12-27,STR018,11,5124.07,22.27,8,1,0
2025-12-04,STR020,11,5189.93,15.82,7,2,1
2026-05-19,STR026,14,4706.06,20.29,12,4,1
2025-11-01,STR020,8,1358.72,19.75,6,1,0
2025-12-28,STR008,11,5832.92,16.82,8,4,1
2025-08-08,STR018,10,3894.92,16.9,7,4,1
2026-03-02,STR004,7,2706.56,12.0,3,1,1
2026-05-15,STR023,16,6779.1,13.69,7,4,3
2026-03-23,STR017,11,7723.56,16.64,7,1,2
2026-02-05,STR010,8,2384.73,13.0,5,1,3
2025-08-02,STR026,14,6712.27,15.14,8,2,1
2025-08-30,STR015,9,5996.88,19.0,7,1,0
2025-06-23,STR018,13,4735.92,16.15,8,4,2
2026-05-05,STR012,11,6282.37,16.91,6,3,1
2026-03-19,STR003,9,5219.88,12.11,4,3,1
2026-03-23,STR010,10,4561.65,19.9,8,3,0
2025-12-15,STR021,7,2401.08,20.57,4,1,1
2026-05-04,STR030,13,12634.64,15.08,8,2,0
2025-08-26,STR026,15,7455.08,15.93,9,0,1
2025-10-18,STR024,12,5653.59,18.75,9,4,0
2025-12-05,STR005,15,6459.94,15.27,10,4,3
2026-02-25,STR020,13,6346.63,19.77,9,1,0
2025-10-13,STR006,5,3550.81,17.0,3,1,1
2025-06-27,STR008,7,3161.79,16.29,3,2,0
2025-07-14,STR008,12,3594.58,16.25,8,4,4
2025-12-23,STR013,13,5214.69,14.0,7,2,0
2026-04-04,STR027,11,4141.82,14.82,7,3,1
2026-02-01,STR026,6,3698.27,22.67,3,1,2
2025-07-21,STR018,10,8385.72,17.3,8,1,1
2025-08-03,STR021,9,4519.68,22.89,7,1,2
2026-03-17,STR018,11,7600.65,13.09,5,1,1
2025-09-18,STR022,14,3919.34,16.57,9,3,1
2025-11-11,STR009,8,10265.01,16.63,7,3,1
2026-01-21,STR009,8,5463.31,20.5,5,4,0
2025-11-01,STR028,13,4650.98,21.0,11,3,4
2025-07-03,STR024,8,5343.15,14.75,5,0,0
2026-05-11,STR014,15,11101.9,13.13,8,2,4
2025-10-09,STR010,13,10116.67,21.0,10,2,1
2026-03-22,STR003,8,1991.32,16.13,3,4,1
2026-02-03,STR030,11,4787.2,19.45,7,2,2
2025-09-10,STR021,15,8311.61,16.07,10,3,0
2025-08-29,STR010,5,1149.59,9.6,1,1,0
2025-11-23,STR030,16,8199.37,16.69,9,2,5
2026-03-16,STR024,14,6917.33,13.93,7,1,0
2025-07-02,STR016,9,7935.41,14.89,4,1,2
2026-03-05,STR011,14,7225.13,15.14,8,2,0
2025-08-13,STR030,15,8082.22,17.2,10,2,2
2026-04-24,STR017,10,2856.12,19.4,8,4,0
2025-09-25,STR008,14,6900.0,17.57,9,3,2
2026-05-23,STR007,9,8112.73,19.67,9,1,0
2025-10-30,STR007,11,5517.04,15.0,7,4,1
2025-09-06,STR011,11,6572.51,20.27,7,1,1
2025-12-14,STR023,12,6553.09,20.5,8,5,2
2025-09-17,STR011,16,12152.75,20.13,11,5,2
2026-02-27,STR014,7,5752.03,14.71,5,0,2
2025-12-28,STR020,14,8900.81,17.07,7,3,0
2025-12-15,STR029,11,5114.88,18.64,7,2,2
2025-10-27,STR009,10,4170.21,14.9,7,1,1
2025-07-17,STR011,8,3104.01,14.75,4,2,3
2025-11-24,STR019,16,7662.25,14.38,8,4,1
2026-02-15,STR009,12,11609.49,13.83,6,2,4
2026-02-06,STR017,16,8496.19,19.94,12,2,1
2025-07-25,STR005,17,9553.04,15.0,7,0,1
2025-08-30,STR021,17,4579.63,14.0,13,3,5
2025-08-15,STR001,13,7701.87,14.31,6,2,2
2025-12-02,STR013,9,6076.86,13.67,3,2,2
2025-10-31,STR018,12,12651.69,14.08,7,0,1
2025-09-18,STR019,13,7819.99,15.92,7,4,0
2026-02-24,STR013,10,9581.24,26.0,10,4,1
2025-12-21,STR021,6,3224.81,16.67,4,2,0
2025-08-21,STR016,11,5462.52,18.09,7,2,3
2026-03-15,STR021,12,10229.06,17.83,7,3,1
2025-06-09,STR030,13,5163.29,18.77,10,1,1
2026-01-18,STR021,14,6655.52,17.57,10,3,1
2025-06-05,STR020,10,9051.17,16.3,5,1,1
2026-04-30,STR017,7,2032.46,12.71,3,3,1
2025-10-14,STR001,15,7939.6,16.73,12,3,0
2025-11-17,STR028,7,6520.95,19.29,6,1,2
2025-11-10,STR029,17,10810.84,12.18,7,6,0
2026-04-01,STR005,13,5245.24,13.85,8,1,0
2025-07-05,STR018,10,2745.41,19.4,6,2,1
2025-07-17,STR026,12,6083.58,16.58,8,1,0
2025-07-24,STR009,9,5449.95,17.89,5,3,2
2025-08-15,STR019,13,3193.24,18.15,11,3,1
2025-07-02,STR018,16,8286.78,15.81,9,6,1
2025-12-06,STR024,10,5116.47,16.4,7,2,3
2025-11-11,STR026,16,8231.79,15.44,10,2,1
2026-03-11,STR024,12,6231.57,16.67,9,0,2
2026-01-11,STR013,13,7443.76,16.46,10,3,3
2025-10-03,STR028,5,4298.48,17.8,2,1,0
2026-02-27,STR029,11,6082.6,16.18,8,2,0
2025-08-02,STR015,8,6123.12,22.13,5,3,0
2026-04-04,STR003,13,7518.39,15.15,9,2,1
2026-03-30,STR001,9,4213.27,15.89,4,1,1
2025-07-26,STR014,15,5140.69,18.53,9,5,1
2025-12-03,STR012,13,7652.23,15.54,8,2,3
2025-11-22,STR013,10,7087.34,18.3,6,0,3
2025-08-08,STR009,12,4988.01,11.58,5,2,1
2025-11-08,STR014,13,6616.19,17.08,7,1,4
2025-10-04,STR015,11,3605.08,13.0,7,1,1
2025-11-04,STR005,8,2857.01,20.25,6,3,1
2025-09-26,STR001,17,9589.56,14.35,9,8,0
2025-12-16,STR017,8,4210.64,14.38,6,1,1
2025-12-04,STR006,4,5383.39,12.75,2,0,0
2026-05-22,STR029,6,2323.0,13.17,1,1,0
2026-04-20,STR027,11,4544.98,13.55,6,1,0
2025-06-08,STR006,9,3960.13,20.78,6,3,0
2025-07-21,STR024,11,7650.69,17.36,6,3,1
2026-01-01,STR016,5,2843.33,12.4,2,0,0
2026-05-07,STR017,5,1490.44,13.0,2,1,1
