customer_id,customer_name,city,area,signup_date,customer_segment
CUST0001,Bhavini Chana,Bangalore,Koramangala,2026-04-13,New
CUST0002,Gautami Banik,Mumbai,Bandra,2026-03-07,New
CUST0003,Faras Sinha,Bangalore,Koramangala,2025-04-11,Regular
CUST0004,Reva Khalsa,Bangalore,Koramangala,2024-12-05,Regular
CUST0005,Arya Ramachandran,Pune,Koregaon Park,2025-10-18,New
CUST0006,Fariq Sastry,Pune,Viman Nagar,2026-01-21,Regular
CUST0007,Kritika Bhakta,Bangalore,Indiranagar,2025-09-01,Regular
CUST0008,Avi Rege,Bangalore,BTM Layout,2025-12-04,Regular
CUST0009,Kamya Deo,Mumbai,Borivali,2023-12-12,New
CUST0010,Lakshit Nayar,Pune,Aundh,2026-05-12,Premium
CUST0011,Janani Wadhwa,Bangalore,HSR Layout,2024-02-25,Regular
CUST0012,Damyanti Khalsa,Pune,Wakad,2024-10-31,Premium
CUST0013,Sarthak Kothari,Mumbai,Andheri,2023-12-29,New
CUST0014,Dipta Mall,Pune,Baner,2023-06-21,Premium
CUST0015,Jagrati Rama,Bangalore,Whitefield,2025-10-26,Premium
CUST0016,Omya Johal,Bangalore,HSR Layout,2023-09-14,Regular
CUST0017,Yash Choudhary,Mumbai,Andheri,2023-11-19,Regular
CUST0018,Mahika Seshadri,Bangalore,BTM Layout,2024-07-10,Premium
CUST0019,Libni Balan,Mumbai,Borivali,2024-04-11,New
CUST0020,Tanay Gera,Pune,Koregaon Park,2024-07-24,Regular
CUST0021,Meera Arya,Mumbai,Andheri,2025-06-17,Premium
CUST0022,Wazir Dara,Pune,Kothrud,2026-05-07,New
CUST0023,Eshana Raj,Bangalore,Whitefield,2025-03-01,New
CUST0024,Yashoda Bhattacharyya,Mumbai,Bandra,2023-10-06,Regular
CUST0025,Chasmum Garde,Bangalore,Jayanagar,2023-11-04,Regular
CUST0026,Farhan Balay,Bangalore,Jayanagar,2023-10-05,New
CUST0027,Sarthak Madan,Bangalore,Indiranagar,2024-10-21,New
CUST0028,Arin Sarin,Mumbai,Powai,2024-04-24,Premium
CUST0029,Wriddhish Bassi,Bangalore,Jayanagar,2025-01-28,Regular
CUST0030,Varsha Anne,Bangalore,Whitefield,2024-10-25,Premium
CUST0031,Udarsh Swamy,Pune,Wakad,2025-06-30,Premium
CUST0032,Patrick Chakrabarti,Mumbai,Thane,2025-12-29,New
CUST0033,Shaurya Mistry,Pune,Viman Nagar,2025-01-24,Premium
CUST0034,Hritik Sharaf,Mumbai,Bandra,2024-02-26,Regular
CUST0035,Urmi Balay,Mumbai,Dadar,2026-06-01,Regular
CUST0036,Zashil Ghosh,Mumbai,Bandra,2024-12-11,New
CUST0037,Imaran Cheema,Bangalore,BTM Layout,2025-10-02,New
CUST0038,Max Nigam,Bangalore,HSR Layout,2025-12-22,Premium
CUST0039,Osha Tank,Mumbai,Powai,2024-10-28,New
CUST0040,Netra Amble,Pune,Viman Nagar,2025-09-09,Regular
CUST0041,Tripti Yadav,Pune,Aundh,2026-05-24,New
CUST0042,Nimrat Sarraf,Bangalore,Indiranagar,2025-02-24,Regular
CUST0043,Bhavna Palla,Mumbai,Borivali,2025-03-17,New
CUST0044,Arjun Sood,Mumbai,Borivali,2025-04-04,Premium
CUST0045,Netra Saran,Bangalore,Whitefield,2023-08-14,Premium
CUST0046,Jai Virk,Pune,Hadapsar,2024-10-06,Regular
CUST0047,Girish Kale,Bangalore,BTM Layout,2025-12-15,Regular
CUST0048,Finn Sama,Bangalore,Whitefield,2025-12-21,New
CUST0049,Siya Borra,Mumbai,Bandra,2024-09-26,Regular
CUST0050,Kavya Mani,Bangalore,Jayanagar,2025-05-12,New
CUST0051,Mason Gaba,Bangalore,Indiranagar,2025-11-24,Regular
CUST0052,Mahika Sawhney,Pune,Aundh,2026-02-10,Regular
CUST0053,Barkha Parmer,Bangalore,BTM Layout,2024-01-25,Regular
CUST0054,Nitesh Vasa,Pune,Baner,2025-07-19,Regular
CUST0055,Pooja Tiwari,Bangalore,BTM Layout,2023-11-01,Premium
CUST0056,Gaurang Dyal,Bangalore,Whitefield,2026-05-17,Regular
CUST0057,Fariq Kant,Pune,Baner,2024-10-15,Premium
CUST0058,William Behl,Mumbai,Bandra,2025-09-28,New
CUST0059,Harsh Salvi,Bangalore,Koramangala,2024-03-31,New
CUST0060,Yachana Sathe,Mumbai,Kurla,2023-07-23,New
CUST0061,Maya Agate,Bangalore,Indiranagar,2025-05-24,New
CUST0062,Gautami Iyer,Mumbai,Borivali,2026-04-13,New
CUST0063,Lavanya Patel,Bangalore,BTM Layout,2025-04-04,Regular
CUST0064,Anvi Narayanan,Pune,Viman Nagar,2024-05-08,Regular
CUST0065,Nilima Krishnan,Bangalore,Indiranagar,2025-07-13,Regular
CUST0066,Vasana Tak,Mumbai,Dadar,2024-07-01,Regular
CUST0067,Sanya Narasimhan,Mumbai,Borivali,2026-06-02,Regular
CUST0068,Matthew Balakrishnan,Pune,Wakad,2025-06-16,New
CUST0069,Arjun Kumar,Pune,Viman Nagar,2024-02-20,Regular
CUST0070,Oni Kanda,Bangalore,Indiranagar,2025-08-10,New
CUST0071,Aryan Bumb,Bangalore,Jayanagar,2024-03-10,New
CUST0072,Dalaja Krishnamurthy,Pune,Koregaon Park,2024-01-16,Premium
CUST0073,Aashi Thaman,Pune,Viman Nagar,2026-01-12,New
CUST0074,Indrajit Ravi,Bangalore,HSR Layout,2025-01-16,New
CUST0075,Vedant De,Pune,Hadapsar,2025-08-25,Premium
CUST0076,Ayaan Naidu,Bangalore,BTM Layout,2024-01-18,Regular
CUST0077,Samuel Venkataraman,Mumbai,Kurla,2026-01-28,Regular
CUST0078,Ucchal Ramaswamy,Pune,Koregaon Park,2023-09-26,Regular
CUST0079,Vansha Modi,Mumbai,Thane,2024-02-28,Regular
CUST0080,Bhavika Gera,Bangalore,Koramangala,2025-10-22,Regular
CUST0081,Yamini Talwar,Bangalore,Koramangala,2024-04-18,New
CUST0082,Oni Parikh,Bangalore,Whitefield,2023-08-03,Premium
CUST0083,Omya Mital,Pune,Wakad,2025-11-30,New
CUST0084,Arya Mukherjee,Bangalore,HSR Layout,2023-10-28,New
CUST0085,Fiyaz Suresh,Pune,Baner,2023-11-17,Regular
CUST0086,Widisha Walla,Pune,Kothrud,2023-11-22,Premium
CUST0087,Oviya Chada,Bangalore,Koramangala,2024-01-17,New
CUST0088,Yauvani Kulkarni,Bangalore,Koramangala,2023-07-13,Premium
CUST0089,Leela Wadhwa,Pune,Wakad,2024-11-25,Regular
CUST0090,Vasana Sachdev,Mumbai,Bandra,2024-12-09,Premium
CUST0091,Ridhi Hora,Pune,Wakad,2024-02-25,Regular
CUST0092,Meghana Nair,Mumbai,Powai,2025-04-02,Premium
CUST0093,Akshay Tella,Mumbai,Powai,2023-07-14,Regular
CUST0094,Manan Chand,Bangalore,BTM Layout,2023-10-09,Regular
CUST0095,Zilmil Anne,Mumbai,Bandra,2024-12-28,New
CUST0096,Jairaj Bava,Pune,Koregaon Park,2024-04-25,Regular
CUST0097,Frederick Mand,Bangalore,Koramangala,2024-06-30,Regular
CUST0098,Anjali Prabhu,Pune,Koregaon Park,2025-09-25,Regular
CUST0099,Mohammed Dani,Bangalore,BTM Layout,2024-05-18,New
CUST0100,Ojas Lad,Bangalore,Koramangala,2024-03-25,Premium
CUST0101,Leela Karpe,Pune,Viman Nagar,2024-02-27,New
CUST0102,Laksh Mandal,Pune,Kothrud,2023-06-28,New
CUST0103,Amaira Peri,Bangalore,Indiranagar,2023-09-13,Regular
CUST0104,Advay Oak,Pune,Viman Nagar,2024-04-29,New
CUST0105,Yuvraj Mall,Bangalore,BTM Layout,2025-09-08,Regular
CUST0106,Zayyan Chaudhary,Mumbai,Powai,2024-02-05,New
CUST0107,Abhimanyu Dave,Bangalore,Whitefield,2024-11-14,New
CUST0108,Neel Bava,Mumbai,Bandra,2025-06-15,Regular
CUST0109,Ira Taneja,Mumbai,Thane,2023-08-29,Regular
CUST0110,Reyansh Contractor,Pune,Koregaon Park,2024-05-01,Regular
CUST0111,Qabil Balay,Bangalore,Koramangala,2024-10-16,New
CUST0112,Vaishnavi Palla,Pune,Viman Nagar,2024-09-23,New
CUST0113,Chatura Kakar,Mumbai,Andheri,2025-03-29,Premium
CUST0114,Aarna Dave,Mumbai,Powai,2024-10-20,New
CUST0115,Deepa Sahota,Bangalore,Jayanagar,2026-02-27,Regular
CUST0116,Benjamin Rana,Bangalore,BTM Layout,2023-07-04,New
CUST0117,Veda Cherian,Bangalore,Whitefield,2024-09-21,Premium
CUST0118,Ekantika Kaur,Pune,Wakad,2025-12-23,New
CUST0119,Urvashi Tank,Pune,Hadapsar,2024-12-16,Regular
CUST0120,Nicholas Cherian,Mumbai,Powai,2025-03-28,Regular
CUST0121,Unnati Agrawal,Bangalore,Whitefield,2024-11-28,New
CUST0122,Chaaya Kapoor,Bangalore,Whitefield,2024-06-10,Regular
CUST0123,Darsh Sekhon,Mumbai,Kurla,2024-09-08,New
CUST0124,Zayyan Chatterjee,Bangalore,HSR Layout,2024-06-21,Premium
CUST0125,Victor Bhargava,Pune,Koregaon Park,2024-07-22,Regular
CUST0126,Jacob Shah,Pune,Hadapsar,2025-07-28,Premium
CUST0127,Chatura Pandey,Pune,Hadapsar,2024-12-09,Regular
CUST0128,Jalsa Solanki,Bangalore,HSR Layout,2024-12-19,Regular
CUST0129,Zilmil Roy,Pune,Koregaon Park,2024-03-27,Premium
CUST0130,Advika Sachdeva,Bangalore,Indiranagar,2024-04-15,Regular
CUST0131,Frado Goswami,Mumbai,Borivali,2023-07-19,Regular
CUST0132,Kevin Shenoy,Mumbai,Bandra,2025-03-18,New
CUST0133,Vrishti Sankaran,Mumbai,Kurla,2023-12-24,Premium
CUST0134,Yagnesh Date,Pune,Baner,2025-07-07,New
CUST0135,Ranbir Murthy,Pune,Hadapsar,2025-12-18,New
CUST0136,Bina Gandhi,Bangalore,HSR Layout,2025-07-27,Premium
CUST0137,Rohan Bajwa,Bangalore,Indiranagar,2023-11-20,Premium
CUST0138,Anay Talwar,Pune,Aundh,2026-04-05,New
CUST0139,Jai Ahluwalia,Pune,Kothrud,2025-02-04,New
CUST0140,Faqid Loyal,Bangalore,Whitefield,2025-05-01,Regular
CUST0141,Omya Kala,Mumbai,Kurla,2025-03-31,Regular
CUST0142,Nikita Baral,Bangalore,Indiranagar,2024-01-30,New
CUST0143,Nitesh Ramakrishnan,Bangalore,Koramangala,2023-11-22,Regular
CUST0144,Leena Sura,Pune,Aundh,2023-09-02,Regular
CUST0145,Abdul Dada,Pune,Aundh,2026-05-07,Premium
CUST0146,Odika Soman,Mumbai,Powai,2024-09-01,Premium
CUST0147,Daniel Bath,Pune,Wakad,2026-05-05,New
CUST0148,Om Pall,Pune,Kothrud,2024-05-07,Regular
CUST0149,Alka Kapoor,Pune,Aundh,2026-02-25,New
CUST0150,Omkaar Naidu,Bangalore,BTM Layout,2025-06-03,Regular
CUST0151,Guneet Zacharia,Bangalore,Whitefield,2025-10-27,Premium
CUST0152,Priya Bava,Pune,Baner,2025-09-18,New
CUST0153,Anmol Kala,Mumbai,Andheri,2024-07-14,New
CUST0154,Indali Gera,Mumbai,Powai,2026-01-19,Regular
CUST0155,Aarini Sheth,Mumbai,Thane,2025-05-13,Regular
CUST0156,Ranbir Sha,Bangalore,Koramangala,2023-08-20,Regular
CUST0157,Abha Kurian,Bangalore,Indiranagar,2024-04-07,New
CUST0158,Neha Tank,Bangalore,HSR Layout,2024-10-06,New
CUST0159,Kalpit Barad,Bangalore,Jayanagar,2024-06-29,Regular
CUST0160,Ranbir Gole,Bangalore,Jayanagar,2024-01-20,Regular
CUST0161,Yatan Char,Mumbai,Thane,2023-10-23,New
CUST0162,Vasatika Rau,Bangalore,Whitefield,2024-09-02,Regular
CUST0163,Avni Vasa,Bangalore,Koramangala,2024-11-08,Regular
CUST0164,Devansh Raja,Mumbai,Borivali,2024-06-11,Regular
CUST0165,Maanav More,Mumbai,Powai,2025-02-08,Regular
CUST0166,Dev Nayak,Mumbai,Borivali,2023-10-06,New
CUST0167,Prisha Chaudhari,Mumbai,Dadar,2025-03-10,Premium
CUST0168,Ayushman Dugar,Bangalore,Jayanagar,2024-07-27,Premium
CUST0169,Caleb Vora,Bangalore,BTM Layout,2024-02-11,Regular
CUST0170,Bakhshi Iyengar,Bangalore,Koramangala,2025-05-22,Regular
CUST0171,Kalpit Manda,Pune,Kothrud,2025-07-16,Regular
CUST0172,Dakshesh Lall,Bangalore,Jayanagar,2026-02-13,Regular
CUST0173,Tara Gour,Mumbai,Thane,2024-09-30,Regular
CUST0174,Turvi Agarwal,Bangalore,HSR Layout,2023-10-28,Regular
CUST0175,Tanish Sarin,Bangalore,Indiranagar,2023-07-04,Regular
CUST0176,Ekanta Gill,Mumbai,Borivali,2023-12-08,Regular
CUST0177,Jagrati Sant,Bangalore,Whitefield,2025-11-16,New
CUST0178,Thomas Naidu,Pune,Hadapsar,2026-02-18,Regular
CUST0179,Arjun Comar,Pune,Wakad,2024-07-22,New
CUST0180,Rohan Kalita,Pune,Kothrud,2023-06-13,Regular
CUST0181,Aryan Datta,Pune,Kothrud,2024-04-13,Regular
CUST0182,Amol Kari,Bangalore,BTM Layout,2023-12-29,New
CUST0183,Indira Bhagat,Bangalore,HSR Layout,2024-07-26,Regular
CUST0184,Rehaan More,Pune,Wakad,2025-12-02,Regular
CUST0185,Mitali Narang,Pune,Aundh,2024-05-23,Premium
CUST0186,Ekani Batra,Pune,Aundh,2023-10-12,Regular
CUST0187,Lopa Ganesh,Pune,Aundh,2026-03-14,Premium
CUST0188,Krisha Jani,Bangalore,HSR Layout,2023-06-09,New
CUST0189,Neel Kade,Pune,Aundh,2024-07-09,New
CUST0190,Jackson Dhaliwal,Pune,Aundh,2025-03-21,Regular
CUST0191,Ayush Sarma,Bangalore,BTM Layout,2025-07-24,Regular
CUST0192,Vivaan Barman,Mumbai,Borivali,2024-05-20,Premium
CUST0193,Sathvik Hayre,Bangalore,HSR Layout,2024-09-06,Premium
CUST0194,Yauvani Narang,Bangalore,HSR Layout,2025-05-15,Premium
CUST0195,Rachit Rajagopalan,Bangalore,HSR Layout,2026-02-09,Regular
CUST0196,Zaid Kakar,Pune,Aundh,2025-05-31,Regular
CUST0197,Falan Doctor,Bangalore,HSR Layout,2024-07-17,Regular
CUST0198,Pavani Ratta,Mumbai,Thane,2025-04-07,New
CUST0199,Triveni Chaudhari,Mumbai,Bandra,2023-09-13,New
CUST0200,Advaith Bose,Mumbai,Borivali,2025-05-08,New
CUST0201,Qabil Nazareth,Pune,Wakad,2024-09-20,Regular
CUST0202,Megha Borde,Pune,Hadapsar,2023-08-31,New
CUST0203,Tara Ramaswamy,Mumbai,Thane,2026-01-14,Regular
CUST0204,Akshay Swamy,Mumbai,Thane,2026-01-05,New
CUST0205,Radha Rao,Mumbai,Thane,2025-11-21,Premium
CUST0206,Upma Choudhry,Bangalore,Jayanagar,2024-07-02,New
CUST0207,Zayan Raman,Bangalore,HSR Layout,2025-08-10,Regular
CUST0208,Tejas Chowdhury,Mumbai,Powai,2024-02-06,Regular
CUST0209,Darpan Nagy,Mumbai,Borivali,2023-11-01,Regular
CUST0210,Anirudh Nagar,Bangalore,BTM Layout,2024-05-24,Premium
CUST0211,Kamala Dhillon,Mumbai,Bandra,2024-04-27,New
CUST0212,Riya Pant,Mumbai,Andheri,2024-02-02,Regular
CUST0213,Alexander Babu,Bangalore,Jayanagar,2024-09-09,Regular
CUST0214,Rachita Cheema,Bangalore,Indiranagar,2023-09-26,Premium
CUST0215,Pavani Kumer,Pune,Viman Nagar,2025-09-05,Regular
CUST0216,Girik Chandra,Mumbai,Borivali,2025-10-28,Regular
CUST0217,Upasna Rajagopal,Pune,Koregaon Park,2023-11-16,Regular
CUST0218,Banjeet Sani,Pune,Aundh,2025-11-09,Regular
CUST0219,Dayamai Date,Pune,Baner,2023-07-10,Regular
CUST0220,Bahadurjit Sha,Pune,Kothrud,2023-10-17,Regular
CUST0221,Lakshit Srinivasan,Mumbai,Powai,2024-08-25,Regular
CUST0222,Ekanta Bhat,Mumbai,Powai,2025-06-23,Premium
CUST0223,Mekhala Datta,Mumbai,Andheri,2026-01-17,Regular
CUST0224,Ekanta Devan,Pune,Baner,2025-10-13,New
CUST0225,Avni Rastogi,Pune,Aundh,2026-01-08,Premium
CUST0226,Ekbal Purohit,Pune,Aundh,2024-09-09,New
CUST0227,Krishna Chandra,Pune,Wakad,2026-04-24,Premium
CUST0228,Urvashi Parekh,Bangalore,Indiranagar,2023-06-10,New
CUST0229,Bhavna Sen,Mumbai,Dadar,2025-10-07,New
CUST0230,Libni Bhasin,Pune,Kothrud,2024-09-16,Regular
CUST0231,Indira Ben,Mumbai,Bandra,2025-04-14,Regular
CUST0232,Chakrika Chacko,Bangalore,Jayanagar,2025-10-07,New
CUST0233,Charles Chandran,Pune,Baner,2023-10-07,New
CUST0234,Deepa Varty,Pune,Baner,2023-10-05,Regular
CUST0235,Kashvi Khanna,Mumbai,Thane,2024-01-20,Premium
CUST0236,Ekaja Savant,Pune,Koregaon Park,2024-01-22,Regular
CUST0237,Ekansh Palla,Bangalore,Indiranagar,2024-05-21,New
CUST0238,Zansi Gade,Mumbai,Kurla,2024-02-01,Regular
CUST0239,Raksha Butala,Pune,Aundh,2025-02-17,Premium
CUST0240,Hemal Hegde,Pune,Baner,2024-02-03,Regular
CUST0241,Warda Upadhyay,Bangalore,Whitefield,2024-11-13,New
CUST0242,Imaran Srinivas,Bangalore,Whitefield,2024-02-12,New
CUST0243,Balveer Bhat,Mumbai,Kurla,2026-01-01,Regular
CUST0244,Pranav Chokshi,Mumbai,Powai,2025-10-08,Regular
CUST0245,Madhav Prasad,Mumbai,Dadar,2023-09-09,New
CUST0246,Mitesh Rama,Pune,Hadapsar,2026-01-20,Regular
CUST0247,Oviya Ramanathan,Bangalore,Whitefield,2023-11-15,Regular
CUST0248,Chaaya Kaur,Bangalore,HSR Layout,2026-03-27,Regular
CUST0249,Bhavika Kunda,Bangalore,BTM Layout,2024-05-08,New
CUST0250,Anamika Saini,Pune,Aundh,2026-01-11,Premium
CUST0251,Oviya Taneja,Mumbai,Thane,2024-11-07,New
CUST0252,Alka Merchant,Mumbai,Borivali,2026-04-13,Regular
CUST0253,Upasna Soni,Mumbai,Powai,2026-05-17,New
CUST0254,Ekanta Salvi,Mumbai,Bandra,2025-12-10,Regular
CUST0255,Jacob Sachdev,Mumbai,Kurla,2025-04-04,New
CUST0256,Champak Roy,Mumbai,Borivali,2024-07-18,Regular
CUST0257,Parth Chhabra,Mumbai,Borivali,2024-08-30,New
CUST0258,Rachana Goda,Pune,Koregaon Park,2026-03-02,New
CUST0259,Yatin Kakar,Mumbai,Thane,2023-10-07,Regular
CUST0260,Ishanvi Wali,Pune,Hadapsar,2025-06-27,Regular
CUST0261,Caleb Magar,Bangalore,HSR Layout,2025-03-22,Regular
CUST0262,Onveer Deol,Pune,Koregaon Park,2024-06-16,New
CUST0263,Maanas Shah,Mumbai,Dadar,2024-03-20,New
CUST0264,Andrew Menon,Bangalore,BTM Layout,2025-07-15,Regular
CUST0265,Zinal Sodhi,Bangalore,BTM Layout,2024-10-07,Regular
CUST0266,Vasana Nagi,Bangalore,BTM Layout,2025-10-10,Regular
CUST0267,Mitesh Agate,Bangalore,HSR Layout,2023-06-28,New
CUST0268,Shravya Vala,Mumbai,Bandra,2024-09-23,New
CUST0269,Dev Arora,Pune,Baner,2023-11-18,New
CUST0270,Peter Koshy,Bangalore,Jayanagar,2025-05-13,New
CUST0271,Januja Krishnan,Pune,Hadapsar,2025-07-24,Regular
CUST0272,Nirja Dugar,Bangalore,BTM Layout,2024-10-28,Premium
CUST0273,Waida Srinivasan,Bangalore,BTM Layout,2026-04-09,New
CUST0274,Brinda Kothari,Pune,Aundh,2025-05-10,New
CUST0275,Om Narain,Pune,Baner,2025-07-26,New
CUST0276,Zinal Dani,Pune,Hadapsar,2024-05-10,Regular
CUST0277,Lekha Kar,Mumbai,Andheri,2025-03-14,Premium
CUST0278,Baljiwan Deshpande,Bangalore,Whitefield,2023-08-14,Regular
CUST0279,Bishakha Edwin,Pune,Hadapsar,2023-09-25,Premium
CUST0280,Liam Mann,Mumbai,Andheri,2025-04-06,Premium
CUST0281,Ikshita Sagar,Bangalore,Whitefield,2025-06-14,Regular
CUST0282,Bimala Korpal,Mumbai,Powai,2026-04-08,New
CUST0283,Manya Pau,Pune,Baner,2024-12-24,Premium
CUST0284,Charita Chhabra,Mumbai,Andheri,2023-11-28,Premium
CUST0285,Zaid Viswanathan,Mumbai,Thane,2024-06-30,New
CUST0286,Jeremiah Shroff,Bangalore,Jayanagar,2024-01-01,New
CUST0287,Darika Sura,Pune,Aundh,2023-11-09,Regular
CUST0288,Rachana Johal,Mumbai,Andheri,2023-10-09,Premium
CUST0289,Omya Pandya,Pune,Viman Nagar,2025-09-23,Regular
CUST0290,Vritti Raghavan,Bangalore,BTM Layout,2025-11-16,Regular
CUST0291,Vasana Suri,Pune,Aundh,2025-03-23,Regular
CUST0292,Watika Aurora,Mumbai,Thane,2026-05-03,New
CUST0293,Christopher Bhatnagar,Bangalore,HSR Layout,2025-10-24,Regular
CUST0294,Jasmit Prabhu,Bangalore,Koramangala,2024-10-17,Regular
CUST0295,Damini Dada,Bangalore,Koramangala,2024-05-06,Premium
CUST0296,Indira Ramaswamy,Pune,Hadapsar,2026-02-27,New
CUST0297,Aachal Rama,Bangalore,Koramangala,2026-02-18,New
CUST0298,Vasudha Andra,Pune,Viman Nagar,2024-04-12,New
CUST0299,Pooja Bhardwaj,Pune,Kothrud,2024-05-08,Regular
CUST0300,Onkar Majumdar,Bangalore,HSR Layout,2026-01-17,New
CUST0301,Manan Mishra,Pune,Baner,2025-12-30,Regular
CUST0302,Oeshi Raj,Bangalore,HSR Layout,2025-05-23,New
CUST0303,Unni Barman,Pune,Baner,2025-07-22,Regular
CUST0304,Vamakshi Bobal,Bangalore,BTM Layout,2026-05-11,Regular
CUST0305,Chatura Randhawa,Pune,Kothrud,2026-02-21,New
CUST0306,Advaith Barad,Pune,Hadapsar,2025-10-19,New
CUST0307,Turvi Bajaj,Mumbai,Kurla,2026-03-06,New
CUST0308,Ira Pillai,Pune,Wakad,2024-02-11,Regular
CUST0309,Vivaan Sarraf,Bangalore,Jayanagar,2026-01-08,Premium
CUST0310,Bachittar Kohli,Mumbai,Thane,2024-02-29,New
CUST0311,Sarthak Vyas,Bangalore,Whitefield,2025-06-02,Regular
CUST0312,Praneel Buch,Mumbai,Borivali,2024-11-01,Regular
CUST0313,Hritik Sidhu,Mumbai,Andheri,2026-01-02,Regular
CUST0314,Gautam Nagar,Mumbai,Dadar,2023-09-03,Regular
CUST0315,Anjali Mital,Mumbai,Andheri,2024-09-30,New
CUST0316,Matthew Kohli,Bangalore,BTM Layout,2024-02-15,Regular
CUST0317,Udarsh Master,Pune,Aundh,2024-11-02,Regular
CUST0318,Jai Sharma,Mumbai,Borivali,2025-11-05,New
CUST0319,Faris Mitter,Pune,Kothrud,2025-12-23,Regular
CUST0320,Ira Yohannan,Mumbai,Powai,2025-01-04,New
CUST0321,Gauri Borah,Bangalore,HSR Layout,2026-04-18,Regular
CUST0322,Caleb Deshmukh,Mumbai,Andheri,2025-06-05,Regular
CUST0323,Brinda Hari,Mumbai,Powai,2024-02-14,Regular
CUST0324,Yashvi Om,Pune,Aundh,2024-04-06,New
CUST0325,Yash Rana,Mumbai,Dadar,2025-01-01,Regular
CUST0326,Chandran Vig,Bangalore,HSR Layout,2024-12-08,Premium
CUST0327,Sudiksha Mangal,Bangalore,Koramangala,2024-11-09,Regular
CUST0328,Chatresh Mitter,Mumbai,Powai,2025-01-14,Regular
CUST0329,Caleb Balay,Mumbai,Kurla,2023-07-14,Regular
CUST0330,Peter Buch,Pune,Hadapsar,2024-12-08,Premium
CUST0331,Krishna Badami,Mumbai,Thane,2024-04-30,New
CUST0332,Nathan Doctor,Bangalore,Whitefield,2025-05-05,Regular
CUST0333,Nilima Pall,Mumbai,Dadar,2025-04-19,Regular
CUST0334,Jeet Bhavsar,Pune,Wakad,2024-03-02,New
CUST0335,Saumya Tiwari,Pune,Baner,2024-01-22,Regular
CUST0336,Hemal Srinivas,Bangalore,HSR Layout,2024-07-03,New
CUST0337,Baghyawati Bedi,Bangalore,BTM Layout,2024-04-29,Regular
CUST0338,Nitesh Kari,Bangalore,Indiranagar,2024-12-05,Regular
CUST0339,Samuel Bobal,Pune,Viman Nagar,2025-01-06,Regular
CUST0340,Warhi Manne,Pune,Aundh,2024-09-13,Premium
CUST0341,Fitan Pandey,Mumbai,Andheri,2024-06-25,Regular
CUST0342,Zayyan Aurora,Pune,Kothrud,2024-03-14,Premium
CUST0343,Wakeeta Basu,Mumbai,Borivali,2024-10-28,Regular
CUST0344,Ati Som,Mumbai,Kurla,2024-11-01,Regular
CUST0345,Gaurika Mall,Mumbai,Bandra,2025-04-14,Regular
CUST0346,Amol Ratta,Pune,Kothrud,2024-04-16,New
CUST0347,Kiaan Sani,Bangalore,BTM Layout,2024-12-17,Regular
CUST0348,Indrajit Borah,Pune,Aundh,2024-04-19,New
CUST0349,Charan Bala,Mumbai,Powai,2025-09-03,Premium
CUST0350,Vincent Borde,Bangalore,Whitefield,2026-06-02,Premium
CUST0351,Harinakshi Sinha,Mumbai,Dadar,2026-03-18,New
CUST0352,Orinder Choudhry,Bangalore,BTM Layout,2025-10-23,Premium
CUST0353,Teerth Divan,Mumbai,Kurla,2024-03-09,New
CUST0354,Pahal Bhattacharyya,Bangalore,HSR Layout,2025-07-24,Regular
CUST0355,Charles Kaur,Bangalore,BTM Layout,2025-12-02,Regular
CUST0356,Jason Rana,Mumbai,Kurla,2026-05-05,New
CUST0357,Jyoti Sagar,Bangalore,Indiranagar,2023-10-10,Regular
CUST0358,Megha Kumer,Pune,Aundh,2025-12-08,Regular
CUST0359,Tamanna Kumer,Pune,Baner,2026-02-17,Regular
CUST0360,Yatan Sarma,Bangalore,HSR Layout,2023-12-26,Regular
CUST0361,Sanaya Bhalla,Bangalore,Jayanagar,2026-01-23,Premium
CUST0362,Agastya Aggarwal,Mumbai,Andheri,2023-07-27,New
CUST0363,Tanish Gala,Bangalore,Whitefield,2025-11-07,Premium
CUST0364,Akshay Panchal,Mumbai,Andheri,2024-07-12,Regular
CUST0365,Udarsh Saini,Mumbai,Andheri,2025-06-29,Regular
CUST0366,Elijah Memon,Mumbai,Kurla,2023-07-09,Regular
CUST0367,Karan Goel,Pune,Koregaon Park,2025-05-08,Regular
CUST0368,Mason Garg,Mumbai,Powai,2024-10-25,Regular
CUST0369,Ekantika Agarwal,Mumbai,Dadar,2023-09-17,New
CUST0370,Madhavi Nigam,Mumbai,Kurla,2023-12-04,Regular
CUST0371,Rachit Dada,Bangalore,HSR Layout,2025-01-12,Premium
CUST0372,Udant Ravel,Bangalore,Jayanagar,2025-12-23,Premium
CUST0373,Timothy Luthra,Mumbai,Kurla,2024-01-02,Regular
CUST0374,Zilmil Dua,Bangalore,Koramangala,2026-01-14,New
CUST0375,Bimala Nadig,Bangalore,Whitefield,2025-11-05,Premium
CUST0376,Aditya Dayal,Bangalore,Koramangala,2025-02-27,Regular
CUST0377,Gavin Kapadia,Pune,Aundh,2025-06-29,Regular
CUST0378,Onveer Bhavsar,Pune,Kothrud,2023-12-26,New
CUST0379,Eta Balasubramanian,Mumbai,Andheri,2024-02-26,New
CUST0380,Tarak Sharaf,Pune,Baner,2025-07-16,Regular
CUST0381,Jagat Balakrishnan,Mumbai,Bandra,2024-08-22,New
CUST0382,Dev Lal,Mumbai,Borivali,2025-12-04,Regular
CUST0383,Zaitra Manda,Pune,Wakad,2023-09-16,New
CUST0384,Anthony Mall,Bangalore,HSR Layout,2023-10-17,Regular
CUST0385,Balvan Sengupta,Pune,Kothrud,2024-03-15,Premium
CUST0386,Bhavani Ramesh,Pune,Wakad,2025-11-07,Regular
CUST0387,Harshil Tailor,Mumbai,Thane,2025-10-30,New
CUST0388,Samar Pathak,Pune,Aundh,2026-04-12,Regular
CUST0389,Turvi Wason,Mumbai,Dadar,2026-06-01,Regular
CUST0390,Vasatika Dey,Pune,Kothrud,2024-12-08,Premium
CUST0391,Bhavika Gera,Bangalore,Whitefield,2024-11-06,Regular
CUST0392,Aayush Sibal,Mumbai,Dadar,2025-01-07,New
CUST0393,Nidra Sagar,Mumbai,Bandra,2023-10-27,Premium
CUST0394,Amruta Banik,Mumbai,Andheri,2025-12-06,New
CUST0395,Laban Amble,Bangalore,Whitefield,2025-12-23,Regular
CUST0396,Harita Mukhopadhyay,Bangalore,Whitefield,2024-05-28,New
CUST0397,Ekavir Lad,Bangalore,HSR Layout,2025-10-11,New
CUST0398,Ekapad Pandit,Bangalore,Jayanagar,2023-08-01,Regular
CUST0399,Nitara Kuruvilla,Pune,Viman Nagar,2023-06-18,Regular
CUST0400,Maanas Chandra,Mumbai,Kurla,2025-06-03,Regular
CUST0401,Idika Gulati,Bangalore,Whitefield,2023-08-16,New
CUST0402,Hamsini Gulati,Pune,Viman Nagar,2026-02-10,New
CUST0403,Rayaan Dave,Bangalore,Jayanagar,2023-11-14,Regular
CUST0404,Jack Sarna,Pune,Hadapsar,2025-12-14,New
CUST0405,Deepa Shanker,Bangalore,Jayanagar,2025-10-08,New
CUST0406,Avni Kade,Mumbai,Andheri,2023-06-12,Regular
CUST0407,Kavya Wason,Bangalore,Indiranagar,2024-05-17,New
CUST0408,Onveer Baria,Mumbai,Powai,2024-06-12,Regular
CUST0409,Irya Chaudry,Pune,Wakad,2024-04-29,New
CUST0410,Krishna Bansal,Bangalore,Whitefield,2024-05-11,Regular
CUST0411,Jatin Kalita,Mumbai,Kurla,2026-01-02,New
CUST0412,Ekbal Kant,Mumbai,Kurla,2024-02-21,New
CUST0413,Vidhi Sharma,Mumbai,Kurla,2025-05-28,New
CUST0414,Neha Dave,Pune,Wakad,2023-11-21,Regular
CUST0415,Vasana Mohanty,Pune,Aundh,2024-05-25,Regular
CUST0416,Vyanjana Thakur,Bangalore,HSR Layout,2025-10-02,Premium
CUST0417,Aachal Dubey,Bangalore,Whitefield,2024-02-25,New
CUST0418,Balhaar Talwar,Mumbai,Andheri,2025-10-19,New
CUST0419,Laban Mand,Pune,Kothrud,2023-09-02,Regular
CUST0420,Vidhi Khatri,Bangalore,Jayanagar,2023-10-04,New
CUST0421,Qasim Iyer,Mumbai,Kurla,2023-11-26,Regular
CUST0422,Adya Agate,Mumbai,Andheri,2026-05-16,Regular
CUST0423,Dayamai Dave,Mumbai,Andheri,2023-09-19,Regular
CUST0424,Nilima Dash,Bangalore,Whitefield,2024-05-31,Premium
CUST0425,Hitesh Viswanathan,Pune,Hadapsar,2024-07-08,New
CUST0426,Azad Mann,Mumbai,Dadar,2024-05-04,Regular
CUST0427,Reyansh Nagy,Mumbai,Andheri,2025-10-05,New
CUST0428,Gavin Konda,Pune,Baner,2024-02-27,Premium
CUST0429,Arya Misra,Pune,Koregaon Park,2024-11-09,New
CUST0430,Madhav Babu,Bangalore,Indiranagar,2025-09-15,Regular
CUST0431,Sachi Hora,Mumbai,Dadar,2025-11-21,Premium
CUST0432,Darika Sangha,Bangalore,BTM Layout,2024-12-21,Regular
CUST0433,Harini Bail,Bangalore,Jayanagar,2025-12-30,New
CUST0434,Xavier Arora,Mumbai,Dadar,2025-08-13,New
CUST0435,Fitan Madan,Mumbai,Borivali,2023-07-24,Regular
CUST0436,Neha Apte,Mumbai,Andheri,2026-04-13,Regular
CUST0437,Nilima Atwal,Pune,Kothrud,2023-12-09,Regular
CUST0438,Owen Sagar,Pune,Aundh,2024-05-18,Regular
CUST0439,Yashawini Dhawan,Bangalore,Whitefield,2025-01-24,Regular
CUST0440,Jeet Dutta,Bangalore,Whitefield,2024-12-01,New
CUST0441,Falguni More,Mumbai,Bandra,2025-09-21,Premium
CUST0442,Thomas Bassi,Mumbai,Andheri,2024-08-30,Regular
CUST0443,Kai Dey,Bangalore,Jayanagar,2024-07-16,Regular
CUST0444,Daksha Sarma,Pune,Koregaon Park,2024-05-29,Regular
CUST0445,Victor Mitra,Pune,Wakad,2025-04-02,Regular
CUST0446,Anjali Raman,Pune,Koregaon Park,2024-11-05,Premium
CUST0447,Amruta Dash,Bangalore,Indiranagar,2026-01-04,Regular
CUST0448,Jeet Khatri,Pune,Baner,2025-04-20,Regular
CUST0449,Ucchal Sani,Bangalore,Koramangala,2025-06-28,New
CUST0450,Damini Gandhi,Pune,Wakad,2024-12-04,Regular
CUST0451,Andrew Bhavsar,Pune,Koregaon Park,2024-08-11,Regular
CUST0452,Aayush Pall,Pune,Wakad,2026-03-23,New
CUST0453,Pratyush Tank,Pune,Viman Nagar,2025-12-14,Regular
CUST0454,Gabriel Badami,Pune,Baner,2024-10-05,New
CUST0455,Maanas Gandhi,Bangalore,HSR Layout,2023-06-21,Regular
CUST0456,Nidra Garg,Bangalore,Koramangala,2026-05-04,Regular
CUST0457,Maanas Balasubramanian,Mumbai,Borivali,2025-03-28,Regular
CUST0458,Shivansh Chada,Mumbai,Borivali,2025-05-29,New
CUST0459,Ayushman Virk,Bangalore,Koramangala,2025-03-04,Regular
CUST0460,Nathaniel Gandhi,Bangalore,BTM Layout,2025-08-08,Regular
CUST0461,Eiravati Patel,Bangalore,Koramangala,2025-05-03,New
CUST0462,Jasmit Tak,Mumbai,Kurla,2023-10-11,Regular
CUST0463,Nachiket Doctor,Bangalore,Koramangala,2026-02-14,Regular
CUST0464,Wakeeta Mohan,Mumbai,Andheri,2026-03-24,Premium
CUST0465,Zaitra Mohanty,Mumbai,Borivali,2024-06-21,New
CUST0466,Bhavya Loke,Pune,Baner,2026-03-28,Regular
CUST0467,Siddharth Nagi,Bangalore,BTM Layout,2024-12-03,Regular
CUST0468,Anya Sibal,Mumbai,Borivali,2023-12-31,Regular
CUST0469,Saksham Zacharia,Mumbai,Borivali,2025-06-04,Regular
CUST0470,Wishi Rattan,Pune,Aundh,2023-11-08,Regular
CUST0471,Aadhya Ratta,Bangalore,Jayanagar,2025-06-23,Premium
CUST0472,Jagrati Om,Bangalore,Jayanagar,2025-01-09,Premium
CUST0473,Manya Menon,Mumbai,Thane,2024-12-19,Premium
CUST0474,Deepa Kurian,Mumbai,Powai,2023-11-07,Premium
CUST0475,Charvi Tara,Mumbai,Thane,2025-07-30,Regular
CUST0476,Jeevika Khalsa,Mumbai,Thane,2024-11-14,Regular
CUST0477,Nathan Chaudhuri,Mumbai,Powai,2024-12-09,Premium
CUST0478,Baghyawati Seth,Bangalore,HSR Layout,2024-05-04,New
CUST0479,George Sunder,Pune,Koregaon Park,2025-06-29,Regular
CUST0480,Pranit Devan,Bangalore,Jayanagar,2024-12-13,Regular
CUST0481,Garima Krishnan,Pune,Viman Nagar,2025-01-14,New
CUST0482,Januja Kumar,Bangalore,BTM Layout,2023-08-04,Regular
CUST0483,Nandini Nayak,Pune,Kothrud,2024-08-03,Regular
CUST0484,Ronith Chand,Bangalore,HSR Layout,2025-10-02,Premium
CUST0485,Tanay Venkataraman,Bangalore,Koramangala,2024-02-17,Premium
CUST0486,Chaitaly Gulati,Bangalore,Whitefield,2025-09-16,Regular
CUST0487,Vivaan Kala,Bangalore,BTM Layout,2024-08-22,New
CUST0488,Riya Malhotra,Bangalore,HSR Layout,2024-04-07,New
CUST0489,Garima Bhatt,Pune,Baner,2025-02-06,Premium
CUST0490,Omisha Nagar,Mumbai,Andheri,2026-05-08,Regular
CUST0491,Vansha Basak,Bangalore,Indiranagar,2026-02-27,Premium
CUST0492,Jai Lata,Bangalore,BTM Layout,2024-09-13,Regular
CUST0493,Tanish Raju,Bangalore,BTM Layout,2024-01-06,New
CUST0494,Yagnesh Mittal,Bangalore,Jayanagar,2023-12-31,New
CUST0495,Neha Contractor,Pune,Baner,2024-01-27,Regular
CUST0496,Laban Pau,Mumbai,Powai,2024-07-12,Regular
CUST0497,Rudra Dhar,Pune,Aundh,2025-07-21,New
CUST0498,Bhavika Bali,Bangalore,HSR Layout,2024-08-11,New
CUST0499,Ishwar Pathak,Bangalore,Jayanagar,2023-06-05,Premium
CUST0500,Jasmit Basu,Pune,Hadapsar,2025-09-10,Regular
CUST0501,Jairaj Tripathi,Mumbai,Thane,2024-01-09,Regular
CUST0502,Thomas Wali,Pune,Baner,2024-06-24,Regular
CUST0503,Warda Bahri,Mumbai,Kurla,2025-05-09,Premium
CUST0504,Yutika Bandi,Bangalore,Koramangala,2026-02-06,Premium
CUST0505,Lopa Bhat,Pune,Wakad,2024-11-11,Regular
CUST0506,Chanakya Patla,Pune,Hadapsar,2024-06-24,New
CUST0507,Mugdha Sanghvi,Mumbai,Dadar,2024-06-21,Regular
CUST0508,Praneel Kadakia,Bangalore,HSR Layout,2024-01-07,Regular
CUST0509,Ayushman Gola,Pune,Aundh,2025-03-29,Regular
CUST0510,Triya Kulkarni,Mumbai,Thane,2026-05-22,New
CUST0511,Lajita Baral,Bangalore,Jayanagar,2024-01-08,Regular
CUST0512,Vidhi Sur,Bangalore,Jayanagar,2025-04-09,Regular
CUST0513,Isaac Kota,Pune,Kothrud,2025-12-14,Premium
CUST0514,Unnati Brar,Pune,Koregaon Park,2026-03-03,New
CUST0515,Mohammed Bora,Pune,Aundh,2023-12-07,New
CUST0516,Qadim Iyengar,Mumbai,Powai,2025-07-30,Regular
CUST0517,Raghav Gara,Pune,Kothrud,2023-11-22,Regular
CUST0518,Samar Amble,Pune,Wakad,2024-10-10,Regular
CUST0519,Anamika Om,Bangalore,Indiranagar,2026-04-26,Regular
CUST0520,Agastya Chand,Bangalore,Whitefield,2025-12-08,New
CUST0521,Mason More,Bangalore,Koramangala,2025-04-11,Regular
CUST0522,Kabir Sha,Mumbai,Andheri,2024-03-27,Premium
CUST0523,Zashil Baria,Bangalore,HSR Layout,2026-01-09,Regular
CUST0524,Urvashi Gopal,Bangalore,Jayanagar,2024-09-04,Regular
CUST0525,Oni Walla,Pune,Kothrud,2024-11-17,New
CUST0526,Ekalinga Butala,Mumbai,Bandra,2025-11-14,Premium
CUST0527,George Mangal,Bangalore,HSR Layout,2025-09-09,Premium
CUST0528,Leena Lall,Mumbai,Andheri,2026-02-23,Regular
CUST0529,Bhavini Bhardwaj,Pune,Wakad,2025-10-18,Regular
CUST0530,Sai Chowdhury,Mumbai,Borivali,2024-08-13,New
CUST0531,Banjeet Bhatt,Mumbai,Dadar,2024-06-07,Regular
CUST0532,Riya Kala,Mumbai,Kurla,2024-05-02,New
CUST0533,Matthew Srinivas,Bangalore,Jayanagar,2023-06-30,New
CUST0534,Chatresh Parikh,Bangalore,Indiranagar,2026-04-11,Premium
CUST0535,Nisha Dua,Mumbai,Powai,2025-07-27,Regular
CUST0536,Waida Deo,Bangalore,Indiranagar,2026-02-26,New
CUST0537,Isaiah Chauhan,Pune,Baner,2024-06-09,New
CUST0538,Sanaya Basu,Bangalore,Indiranagar,2024-01-02,Regular
CUST0539,Madhavi Garg,Bangalore,Koramangala,2024-11-22,New
CUST0540,Warhi Srinivas,Bangalore,HSR Layout,2024-06-15,Regular
CUST0541,Caleb Nazareth,Bangalore,BTM Layout,2025-04-21,Regular
CUST0542,Nakul Hora,Bangalore,Jayanagar,2025-03-29,Regular
CUST0543,Dhruv Sandal,Bangalore,Whitefield,2024-12-18,Premium
CUST0544,Vansha Bala,Bangalore,Whitefield,2024-06-08,New
CUST0545,Radha Srivastava,Pune,Kothrud,2024-05-09,Regular
CUST0546,Lakshmi Palla,Mumbai,Kurla,2024-05-25,New
CUST0547,Triveni Mallick,Pune,Baner,2024-09-01,Regular
CUST0548,Vansha Bora,Mumbai,Thane,2026-02-14,Regular
CUST0549,Harinakshi Tandon,Pune,Baner,2024-09-26,Premium
CUST0550,Michael Sarraf,Pune,Hadapsar,2023-08-03,Premium
CUST0551,Mugdha Dar,Pune,Viman Nagar,2025-02-08,Regular
CUST0552,Balendra Dhingra,Mumbai,Thane,2026-04-18,Regular
CUST0553,Hardik Aurora,Bangalore,Koramangala,2025-09-03,Regular
CUST0554,Brijesh Ben,Bangalore,Jayanagar,2023-08-14,New
CUST0555,Rachana Sundaram,Bangalore,HSR Layout,2026-02-05,Regular
CUST0556,Gagan Ahuja,Pune,Kothrud,2025-05-18,New
CUST0557,Qadim Pandey,Mumbai,Dadar,2025-03-21,New
CUST0558,Qasim Bava,Bangalore,Indiranagar,2024-09-03,New
CUST0559,Harita Bali,Bangalore,HSR Layout,2025-11-05,Premium
CUST0560,Aachal Agate,Bangalore,BTM Layout,2024-08-08,Regular
CUST0561,Lavanya Sunder,Mumbai,Powai,2025-08-19,Premium
CUST0562,Krishna Narain,Mumbai,Thane,2026-01-28,Regular
CUST0563,Qabil Iyer,Bangalore,BTM Layout,2025-09-27,New
CUST0564,Aadhya Mutti,Bangalore,Jayanagar,2024-06-06,Regular
CUST0565,Nitara Sangha,Mumbai,Andheri,2025-08-07,Regular
CUST0566,Darpan Edwin,Mumbai,Powai,2024-04-06,New
CUST0567,Indali Sachdev,Bangalore,BTM Layout,2023-09-10,Premium
CUST0568,Varsha Sangha,Mumbai,Andheri,2023-06-20,Regular
CUST0569,Ikshita Raval,Pune,Baner,2023-08-25,Regular
CUST0570,Ria Dani,Bangalore,Jayanagar,2023-10-06,Regular
CUST0571,Radha Maharaj,Pune,Viman Nagar,2023-08-31,Regular
CUST0572,Ekiya Dayal,Pune,Baner,2025-04-24,Regular
CUST0573,Chanchal Oak,Bangalore,Whitefield,2025-04-30,Premium
CUST0574,Ekansh Nadkarni,Bangalore,Jayanagar,2024-10-20,Premium
CUST0575,Laban Mohanty,Bangalore,Jayanagar,2024-06-21,Premium
CUST0576,Urmi Gaba,Pune,Hadapsar,2024-05-29,Regular
CUST0577,Gagan Keer,Bangalore,Whitefield,2024-01-28,New
CUST0578,Gaurangi Tank,Mumbai,Bandra,2025-07-18,Premium
CUST0579,Caleb Kant,Mumbai,Kurla,2024-08-05,Regular
CUST0580,Qushi Patla,Pune,Wakad,2025-10-18,New
CUST0581,Dhriti Lal,Mumbai,Kurla,2024-10-04,Regular
CUST0582,Vrinda Sankaran,Bangalore,BTM Layout,2024-08-13,Premium
CUST0583,Harini Rout,Bangalore,Koramangala,2025-07-27,Regular
CUST0584,Ekaja Mohan,Bangalore,Indiranagar,2024-08-14,Regular
CUST0585,Theodore Ravi,Pune,Wakad,2024-03-11,New
CUST0586,Balendra Saxena,Bangalore,BTM Layout,2024-07-19,Premium
CUST0587,Garima Bobal,Pune,Hadapsar,2025-12-04,Regular
CUST0588,Sara Apte,Mumbai,Powai,2025-05-01,Regular
CUST0589,Idika Bhandari,Pune,Kothrud,2023-12-18,Regular
CUST0590,Jagdish Cherian,Bangalore,HSR Layout,2023-06-20,New
CUST0591,Varsha Butala,Pune,Baner,2025-07-19,Premium
CUST0592,Gaurangi Jhaveri,Mumbai,Kurla,2024-04-26,New
CUST0593,Urmi Tiwari,Bangalore,BTM Layout,2023-11-30,Premium
CUST0594,Luke Bumb,Mumbai,Kurla,2025-02-16,New
CUST0595,Gaurangi D’Alia,Mumbai,Borivali,2026-03-08,Regular
CUST0596,Idika Tak,Pune,Aundh,2025-06-07,New
CUST0597,Vritti Pau,Bangalore,Indiranagar,2026-02-06,Premium
CUST0598,Ranbir Din,Pune,Hadapsar,2024-04-11,Regular
CUST0599,Bimala Magar,Mumbai,Borivali,2025-12-27,Premium
CUST0600,Daksh Om,Bangalore,BTM Layout,2023-09-29,Premium
CUST0601,Dhriti Sharma,Mumbai,Andheri,2025-08-14,Regular
CUST0602,Kritika Grover,Mumbai,Thane,2024-10-02,Premium
CUST0603,George Kata,Pune,Aundh,2025-03-17,Regular
CUST0604,Balhaar Vyas,Pune,Aundh,2024-05-11,Regular
CUST0605,Fiyaz Rama,Mumbai,Andheri,2026-02-22,Regular
CUST0606,Matthew Brahmbhatt,Mumbai,Borivali,2024-01-27,Regular
CUST0607,Osha Ravi,Mumbai,Andheri,2024-07-28,Regular
CUST0608,Gaurang Manne,Pune,Baner,2024-05-09,Premium
CUST0609,Falguni Gaba,Bangalore,Jayanagar,2024-09-01,Regular
CUST0610,Udarsh Mannan,Pune,Wakad,2024-03-11,New
CUST0611,Madhavi Sani,Mumbai,Dadar,2026-03-08,Premium
CUST0612,Deepa Kala,Bangalore,HSR Layout,2024-05-04,Regular
CUST0613,Warinder Dhar,Pune,Koregaon Park,2026-01-01,New
CUST0614,Radha Divan,Pune,Aundh,2024-06-28,New
CUST0615,Harsh Randhawa,Bangalore,BTM Layout,2026-03-16,Regular
CUST0616,Onkar Choudhury,Pune,Aundh,2024-03-01,New
CUST0617,Daksh Grover,Mumbai,Andheri,2025-08-24,New
CUST0618,Chaaya Yogi,Mumbai,Dadar,2025-02-17,Regular
CUST0619,Vamakshi Grewal,Mumbai,Andheri,2025-02-03,New
CUST0620,Lohit Wali,Mumbai,Borivali,2023-11-01,Regular
CUST0621,Sanaya Varkey,Bangalore,BTM Layout,2024-01-14,Regular
CUST0622,Rajeshri Dugal,Bangalore,Indiranagar,2025-07-29,New
CUST0623,Ayushman Balay,Pune,Viman Nagar,2023-07-08,Regular
CUST0624,Vamakshi Dara,Bangalore,HSR Layout,2023-08-12,New
CUST0625,Zarna Dass,Bangalore,Koramangala,2026-03-08,Regular
CUST0626,Yashoda Arya,Mumbai,Andheri,2024-03-10,Premium
CUST0627,Chaman Singh,Bangalore,BTM Layout,2024-04-12,Regular
CUST0628,Praneel Gour,Bangalore,BTM Layout,2024-10-08,New
CUST0629,Upkaar Srivastava,Mumbai,Andheri,2025-09-14,Regular
CUST0630,Yug Virk,Mumbai,Powai,2025-08-28,Regular
CUST0631,Raksha Sundaram,Mumbai,Kurla,2023-09-25,New
CUST0632,Adya Hayre,Pune,Hadapsar,2024-12-28,Regular
CUST0633,Mekhala Rama,Pune,Aundh,2024-10-16,Regular
CUST0634,Jai Khare,Mumbai,Bandra,2026-02-18,New
CUST0635,Unnati Gaba,Bangalore,Whitefield,2025-06-28,Premium
CUST0636,Watika Nayak,Pune,Aundh,2023-09-17,Regular
CUST0637,Neel Wable,Mumbai,Dadar,2024-01-22,Regular
CUST0638,Panini Gandhi,Pune,Aundh,2025-11-18,New
CUST0639,Anita Varkey,Bangalore,HSR Layout,2025-06-05,New
CUST0640,Laksh Gaba,Pune,Koregaon Park,2024-10-30,Regular
CUST0641,Hemang Banik,Pune,Baner,2024-06-03,Premium
CUST0642,Udarsh Khatri,Bangalore,HSR Layout,2023-06-29,Premium
CUST0643,Anay Iyer,Bangalore,HSR Layout,2025-01-06,New
CUST0644,Aarnav Dyal,Bangalore,Indiranagar,2024-07-24,New
CUST0645,Yoshita Mukhopadhyay,Pune,Aundh,2025-08-22,Regular
CUST0646,Yahvi Sangha,Mumbai,Andheri,2025-09-26,Regular
CUST0647,Dakshesh Deshpande,Mumbai,Thane,2023-09-20,Regular
CUST0648,Manan Basak,Mumbai,Powai,2023-07-06,Premium
CUST0649,Daniel Kunda,Mumbai,Dadar,2024-09-04,Regular
CUST0650,Hemangini Gera,Bangalore,Whitefield,2023-07-29,Premium
CUST0651,Manthan Pall,Bangalore,HSR Layout,2025-10-12,New
CUST0652,Darsh Kapoor,Bangalore,Indiranagar,2024-05-30,Regular
CUST0653,Zayyan Dara,Mumbai,Andheri,2024-10-15,New
CUST0654,Aryan Mutti,Bangalore,Whitefield,2025-06-08,Regular
CUST0655,Rushil Sathe,Bangalore,Jayanagar,2024-06-30,Regular
CUST0656,Ayushman Mandal,Bangalore,HSR Layout,2024-12-18,Regular
CUST0657,Ishwar Handa,Pune,Hadapsar,2024-12-11,Premium
CUST0658,Ansh Hayre,Mumbai,Borivali,2024-06-01,Premium
CUST0659,Anita Chopra,Mumbai,Dadar,2025-04-26,Premium
CUST0660,Kalpit Batra,Pune,Koregaon Park,2023-11-08,Regular
CUST0661,Veda Ben,Mumbai,Powai,2025-01-25,Regular
CUST0662,Ekaraj Edwin,Bangalore,Jayanagar,2024-04-02,New
CUST0663,Omisha Bal,Pune,Wakad,2023-12-10,Premium
CUST0664,Ikbal Dhillon,Bangalore,HSR Layout,2025-04-13,New
CUST0665,Bina Zachariah,Pune,Wakad,2025-06-13,Regular
CUST0666,Chatresh Kuruvilla,Mumbai,Powai,2026-05-29,Regular
CUST0667,Falguni Yohannan,Bangalore,Koramangala,2024-03-21,Regular
CUST0668,Qadim Apte,Bangalore,HSR Layout,2025-11-18,Premium
CUST0669,Lakshmi Bhattacharyya,Mumbai,Thane,2024-12-05,Regular
CUST0670,Mohammed Choudhary,Bangalore,Indiranagar,2025-09-29,Regular
CUST0671,Baghyawati Sundaram,Mumbai,Powai,2024-10-31,Regular
CUST0672,Neelima Mukherjee,Pune,Koregaon Park,2025-01-16,New
CUST0673,Warda Sandhu,Pune,Kothrud,2023-06-04,Regular
CUST0674,Qarin Rao,Bangalore,Koramangala,2023-09-16,New
CUST0675,Champak Date,Mumbai,Dadar,2025-04-17,Regular
CUST0676,Vedika Zachariah,Bangalore,Whitefield,2025-05-05,Regular
CUST0677,Panini Bhatt,Mumbai,Bandra,2026-01-19,New
CUST0678,Raksha Chadha,Pune,Kothrud,2023-09-01,New
CUST0679,Kashvi Deshpande,Bangalore,HSR Layout,2024-07-28,Premium
CUST0680,Damini Pillai,Bangalore,Whitefield,2024-03-23,Regular
CUST0681,Amol Narang,Bangalore,Koramangala,2023-11-13,Regular
CUST0682,Anita Mital,Mumbai,Powai,2023-11-01,Premium
CUST0683,Sathvik Menon,Bangalore,Jayanagar,2025-08-15,Premium
CUST0684,Yutika Bobal,Bangalore,Indiranagar,2026-05-31,Regular
CUST0685,Nidhi Nayak,Bangalore,Indiranagar,2023-07-09,New
CUST0686,Gautam Som,Pune,Aundh,2025-01-01,New
CUST0687,Chanchal Gera,Mumbai,Andheri,2026-05-14,Regular
CUST0688,Ronith Sagar,Bangalore,Whitefield,2025-08-21,Regular
CUST0689,Omkaar Baria,Bangalore,Indiranagar,2025-11-18,Regular
CUST0690,Ikshita Arora,Pune,Koregaon Park,2024-03-01,Regular
CUST0691,Balendra Roy,Bangalore,Jayanagar,2023-09-10,Regular
CUST0692,Laban Bhagat,Mumbai,Kurla,2024-10-28,Regular
CUST0693,Advaith Dutt,Bangalore,Koramangala,2024-01-17,New
CUST0694,Aadhya Dubey,Mumbai,Dadar,2024-01-27,New
CUST0695,Rushil Sood,Mumbai,Dadar,2025-12-29,Regular
CUST0696,Ria Reddy,Pune,Aundh,2023-08-26,Regular
CUST0697,Dakshesh Bhagat,Bangalore,BTM Layout,2025-06-21,New
CUST0698,Reyansh Muni,Pune,Kothrud,2023-11-24,Regular
CUST0699,Jagat Acharya,Pune,Aundh,2025-12-17,New
CUST0700,Ucchal Nagarajan,Pune,Baner,2026-03-28,New
CUST0701,Ishani Shankar,Mumbai,Dadar,2023-06-21,New
CUST0702,Chameli Issac,Bangalore,Whitefield,2025-11-07,Premium
CUST0703,Rajata Ramakrishnan,Mumbai,Bandra,2025-08-26,Regular
CUST0704,Upma Bobal,Bangalore,Whitefield,2025-01-31,New
CUST0705,Chaitanya Seshadri,Mumbai,Borivali,2024-01-02,Regular
CUST0706,Amol Sarna,Bangalore,Jayanagar,2025-12-14,New
CUST0707,Aachal Venkataraman,Bangalore,Indiranagar,2024-10-08,New
CUST0708,Liam Lata,Bangalore,Jayanagar,2025-10-30,Premium
CUST0709,Pallavi Sengupta,Mumbai,Kurla,2025-05-22,Premium
CUST0710,Lajita Dayal,Pune,Aundh,2024-02-14,Premium
CUST0711,Bachittar Dhingra,Pune,Koregaon Park,2024-04-03,Premium
CUST0712,Varsha Butala,Bangalore,Whitefield,2024-09-09,Regular
CUST0713,Kritika Khosla,Bangalore,HSR Layout,2024-04-10,Regular
CUST0714,Bhanumati Mitra,Pune,Kothrud,2025-10-29,Premium
CUST0715,Ubika Pillay,Bangalore,Whitefield,2023-10-04,Regular
CUST0716,Dayita Ganesh,Mumbai,Thane,2025-10-26,New
CUST0717,Ekaraj Hans,Bangalore,HSR Layout,2025-03-22,New
CUST0718,Gaurang Sachdev,Pune,Hadapsar,2023-07-05,New
CUST0719,Udyati Gera,Mumbai,Thane,2024-08-23,Regular
CUST0720,Jackson Chad,Pune,Baner,2023-11-02,Regular
CUST0721,Kai Dada,Mumbai,Kurla,2025-03-08,Regular
CUST0722,Isaiah Nagi,Bangalore,Whitefield,2023-11-09,Premium
CUST0723,Laksh Balan,Pune,Aundh,2024-08-15,Regular
CUST0724,Waida Kala,Bangalore,Koramangala,2024-11-15,Regular
CUST0725,Aadhya Lanka,Mumbai,Andheri,2025-03-20,New
CUST0726,Mitesh Walla,Pune,Wakad,2025-01-05,New
CUST0727,Ayushman Srivastava,Mumbai,Thane,2023-07-19,Premium
CUST0728,Vamakshi Chada,Mumbai,Bandra,2024-04-06,Premium
CUST0729,Chaaya Sandal,Pune,Aundh,2024-11-14,Regular
CUST0730,Harini Gandhi,Bangalore,Jayanagar,2024-12-16,Regular
CUST0731,Nihal Banik,Pune,Kothrud,2023-12-16,Premium
CUST0732,Mugdha Chad,Mumbai,Thane,2025-01-06,Premium
CUST0733,Nandini Pau,Mumbai,Andheri,2023-10-23,New
CUST0734,Brinda Mutti,Mumbai,Borivali,2024-06-20,Regular
CUST0735,Rehaan Raju,Pune,Wakad,2024-10-05,Regular
CUST0736,Rohan Rajagopal,Pune,Koregaon Park,2025-03-16,New
CUST0737,Alka Bhatnagar,Bangalore,Jayanagar,2025-01-25,Regular
CUST0738,Bhavika Keer,Mumbai,Borivali,2025-07-03,New
CUST0739,Owen Keer,Pune,Kothrud,2025-03-13,New
CUST0740,Chanakya Sachar,Mumbai,Dadar,2024-03-02,Regular
CUST0741,Anamika Hayre,Mumbai,Powai,2024-05-17,New
CUST0742,Hemangini Dewan,Pune,Viman Nagar,2024-07-18,Regular
CUST0743,Hardik Rattan,Mumbai,Borivali,2025-10-24,New
CUST0744,Xiti Verma,Mumbai,Borivali,2024-11-18,Regular
CUST0745,Manthan Sankar,Bangalore,Whitefield,2023-07-14,Premium
CUST0746,Ishaan Loyal,Bangalore,Jayanagar,2024-06-15,Regular
CUST0747,Mohammed Arora,Pune,Koregaon Park,2025-05-04,Regular
CUST0748,Bachittar Chadha,Mumbai,Borivali,2025-11-15,Premium
CUST0749,Vaishnavi Sarkar,Pune,Wakad,2023-11-01,Regular
CUST0750,Rajeshri Badami,Mumbai,Borivali,2025-05-20,New
CUST0751,Lucky Parmer,Pune,Wakad,2026-01-10,Regular
CUST0752,Osha Johal,Mumbai,Borivali,2024-09-24,Regular
CUST0753,Shravya Deo,Bangalore,BTM Layout,2024-06-02,New
CUST0754,Hredhaan Balasubramanian,Bangalore,Whitefield,2025-06-17,New
CUST0755,Krish Ravi,Bangalore,Jayanagar,2024-11-24,Premium
CUST0756,Advaith Buch,Bangalore,Whitefield,2024-08-15,Regular
CUST0757,Gayathri Murty,Bangalore,BTM Layout,2023-08-21,Regular
CUST0758,Ucchal Deo,Bangalore,Whitefield,2023-09-25,Regular
CUST0759,Arya Deol,Pune,Baner,2024-02-10,Regular
CUST0760,Pranav Thakkar,Pune,Kothrud,2023-07-09,Regular
CUST0761,Dipta Dugar,Bangalore,Jayanagar,2023-12-15,Regular
CUST0762,Ikbal Mahal,Bangalore,HSR Layout,2024-12-15,New
CUST0763,Faqid Biswas,Bangalore,BTM Layout,2023-11-15,Regular
CUST0764,Jackson Baria,Bangalore,Koramangala,2026-04-24,Regular
CUST0765,Ijaya Bansal,Pune,Viman Nagar,2023-09-11,Regular
CUST0766,Naksh Patla,Bangalore,HSR Layout,2023-12-10,New
CUST0767,Vasatika Kala,Bangalore,Indiranagar,2023-07-19,New
CUST0768,Ekanta Sastry,Bangalore,Koramangala,2025-04-02,New
CUST0769,Victor Seshadri,Mumbai,Powai,2026-05-31,Regular
CUST0770,Praneel Mann,Mumbai,Dadar,2026-02-06,New
CUST0771,Kai Deep,Bangalore,BTM Layout,2025-07-05,Premium
CUST0772,Waida Natarajan,Bangalore,Jayanagar,2026-04-20,New
CUST0773,Ayushman Chakrabarti,Pune,Viman Nagar,2024-12-04,New
CUST0774,Gaurangi Shenoy,Mumbai,Dadar,2023-06-04,Regular
CUST0775,Qarin Balay,Mumbai,Powai,2026-02-24,Premium
CUST0776,Sudiksha Jha,Mumbai,Borivali,2024-06-19,Regular
CUST0777,Anvi Nagarajan,Mumbai,Dadar,2024-07-30,Regular
CUST0778,Pooja Desai,Bangalore,Jayanagar,2024-07-11,Regular
CUST0779,Finn Upadhyay,Bangalore,Whitefield,2025-10-20,Regular
CUST0780,Abhiram Roy,Pune,Wakad,2024-01-07,New
CUST0781,Brinda Borah,Mumbai,Bandra,2025-09-29,Premium
CUST0782,Daniel Karpe,Mumbai,Kurla,2025-09-29,New
CUST0783,Utkarsh Shankar,Pune,Hadapsar,2025-12-30,Regular
CUST0784,Faris Sarkar,Mumbai,Thane,2024-01-23,Regular
CUST0785,Upadhriti Dalal,Bangalore,Whitefield,2023-07-31,New
CUST0786,Girindra Ahluwalia,Bangalore,Jayanagar,2024-11-01,Regular
CUST0787,Panini Sur,Mumbai,Kurla,2026-03-28,Regular
CUST0788,Ranveer Baral,Pune,Baner,2023-06-21,New
CUST0789,Hritik Vala,Bangalore,Koramangala,2026-01-30,Regular
CUST0790,Azad Desai,Mumbai,Dadar,2024-04-03,New
CUST0791,Maya Nagar,Mumbai,Bandra,2025-02-11,New
CUST0792,Tanvi Sule,Bangalore,Whitefield,2023-09-13,Premium
CUST0793,Rudra Devan,Bangalore,Whitefield,2023-07-19,New
CUST0794,Balhaar Bava,Bangalore,Jayanagar,2024-10-25,Regular
CUST0795,Faqid Menon,Pune,Koregaon Park,2026-03-10,Regular
CUST0796,Rajata Menon,Bangalore,Indiranagar,2025-02-01,Regular
CUST0797,Fariq Ray,Pune,Koregaon Park,2024-10-22,Regular
CUST0798,Wishi Sundaram,Bangalore,HSR Layout,2024-12-10,New
CUST0799,Amrita Thakur,Pune,Koregaon Park,2026-05-02,Premium
CUST0800,Osha Bahl,Pune,Kothrud,2024-08-15,Regular
CUST0801,Jagat Kara,Mumbai,Thane,2025-08-15,Regular
CUST0802,Abha Parmar,Mumbai,Powai,2023-12-29,New
CUST0803,Qarin Jha,Pune,Aundh,2024-09-19,New
CUST0804,Divya Walia,Bangalore,Indiranagar,2025-11-12,Regular
CUST0805,Joshua Sampath,Bangalore,Koramangala,2025-06-14,Premium
CUST0806,Yoshita Mall,Pune,Kothrud,2023-07-30,Premium
CUST0807,Wazir Wali,Pune,Koregaon Park,2025-04-25,Premium
CUST0808,Kamala Varghese,Mumbai,Kurla,2025-01-07,Regular
CUST0809,Ekani Dube,Bangalore,Whitefield,2024-02-27,Premium
CUST0810,Arunima Sen,Pune,Baner,2024-11-18,Regular
CUST0811,Warinder Cheema,Pune,Baner,2025-05-07,New
CUST0812,Nakul Sur,Bangalore,BTM Layout,2024-10-30,Regular
CUST0813,Rayaan Mani,Pune,Aundh,2025-01-02,Regular
CUST0814,Chatresh Ravi,Mumbai,Bandra,2023-06-28,Premium
CUST0815,Neha Dugal,Mumbai,Bandra,2023-10-01,Regular
CUST0816,Edhitha Deol,Bangalore,Whitefield,2023-07-22,Regular
CUST0817,William Deol,Pune,Hadapsar,2025-08-25,Regular
CUST0818,Ekbal Kapoor,Mumbai,Borivali,2023-10-01,Regular
CUST0819,Yash Baria,Pune,Wakad,2023-10-03,Regular
CUST0820,Bahadurjit Ganguly,Bangalore,HSR Layout,2025-05-10,Premium
CUST0821,Teerth Iyer,Bangalore,Whitefield,2026-05-05,New
CUST0822,Zinal Bala,Bangalore,Koramangala,2023-06-30,New
CUST0823,Sanaya Pradhan,Pune,Kothrud,2025-02-17,Regular
CUST0824,Krish Nair,Pune,Koregaon Park,2024-03-06,New
CUST0825,Ojasvi Sahota,Pune,Kothrud,2024-06-22,Regular
CUST0826,Faras Bedi,Mumbai,Powai,2025-05-31,Regular
CUST0827,Qasim Hari,Bangalore,Koramangala,2023-10-14,New
CUST0828,Omisha Sabharwal,Mumbai,Dadar,2024-05-27,New
CUST0829,Ronith Dua,Bangalore,Koramangala,2026-05-22,Regular
CUST0830,Krishna Bhat,Pune,Kothrud,2025-03-14,Regular
CUST0831,Bimala Borra,Bangalore,Whitefield,2024-08-04,Regular
CUST0832,Qasim Aurora,Bangalore,Whitefield,2024-09-22,Regular
CUST0833,Agastya Wali,Pune,Wakad,2025-10-24,Premium
CUST0834,Shivani Hayre,Mumbai,Bandra,2024-02-04,Regular
CUST0835,Wazir Bhatia,Bangalore,Whitefield,2025-07-28,Regular
CUST0836,Turvi Babu,Bangalore,HSR Layout,2023-07-27,Regular
CUST0837,Xavier Memon,Bangalore,Indiranagar,2023-09-10,Regular
CUST0838,Gaurang Murty,Bangalore,BTM Layout,2025-09-30,Premium
CUST0839,Caleb Thakkar,Pune,Viman Nagar,2024-09-08,Regular
CUST0840,Harini Dayal,Bangalore,Whitefield,2024-06-16,New
CUST0841,Aachal Desai,Bangalore,Koramangala,2025-08-26,New
CUST0842,Yasti Dada,Bangalore,BTM Layout,2025-09-02,New
CUST0843,Riya Dua,Bangalore,Indiranagar,2024-02-10,New
CUST0844,Tanish Ravel,Bangalore,HSR Layout,2026-03-27,New
CUST0845,Vidhi Hayer,Pune,Hadapsar,2024-04-03,Regular
CUST0846,Qadim Bumb,Pune,Viman Nagar,2024-08-06,Regular
CUST0847,Sanya Dave,Pune,Kothrud,2025-03-06,New
CUST0848,Hredhaan Soni,Mumbai,Thane,2025-03-25,Regular
CUST0849,Urishilla Sant,Bangalore,HSR Layout,2025-06-13,Regular
CUST0850,Ekantika Khanna,Mumbai,Dadar,2024-01-10,New
CUST0851,Sanya Mall,Mumbai,Kurla,2024-07-28,New
CUST0852,Aachal Lall,Pune,Viman Nagar,2025-03-25,New
CUST0853,Laban Majumdar,Mumbai,Powai,2023-08-12,Regular
CUST0854,Rishi Mohan,Bangalore,Koramangala,2023-12-23,Premium
CUST0855,Ishani Mital,Pune,Kothrud,2025-10-28,New
CUST0856,Vrinda Vala,Mumbai,Bandra,2023-12-12,Regular
CUST0857,Ekanta Thaker,Bangalore,Jayanagar,2025-08-25,Regular
CUST0858,Luke Sheth,Mumbai,Powai,2025-08-02,Premium
CUST0859,Chameli Kar,Mumbai,Thane,2024-10-14,Premium
CUST0860,Imaran Manne,Mumbai,Thane,2025-02-14,New
CUST0861,Gaurangi Sidhu,Bangalore,BTM Layout,2023-09-04,New
CUST0862,Anthony Subramaniam,Mumbai,Andheri,2025-12-22,New
CUST0863,Ekta Sachdeva,Bangalore,HSR Layout,2023-07-28,Regular
CUST0864,Ayaan Sarkar,Bangalore,Indiranagar,2025-01-21,Premium
CUST0865,Kamya Narula,Pune,Baner,2023-08-15,Regular
CUST0866,George Ranganathan,Bangalore,BTM Layout,2024-03-23,Regular
CUST0867,Ekani Deep,Mumbai,Kurla,2023-10-28,New
CUST0868,Tripti Patla,Mumbai,Powai,2024-11-12,New
CUST0869,Pahal Krish,Pune,Hadapsar,2025-08-10,Regular
CUST0870,Lavanya Buch,Pune,Aundh,2025-10-04,Regular
CUST0871,Eiravati Andra,Bangalore,Koramangala,2026-03-02,New
CUST0872,Gavin Badami,Pune,Koregaon Park,2024-11-26,Regular
CUST0873,Chakradev Chaudhari,Mumbai,Borivali,2023-10-20,Regular
CUST0874,Tejas Saha,Pune,Wakad,2025-07-25,Regular
CUST0875,Deepa Nagi,Mumbai,Thane,2025-11-12,New
CUST0876,Warjas Comar,Pune,Aundh,2026-03-19,Premium
CUST0877,Adya Munshi,Pune,Wakad,2024-10-29,Regular
CUST0878,Wridesh Acharya,Mumbai,Bandra,2025-07-31,Premium
CUST0879,Jonathan Chatterjee,Bangalore,BTM Layout,2025-12-27,Regular
CUST0880,Leela Prabhu,Bangalore,Jayanagar,2025-04-09,Premium
CUST0881,Udarsh Muni,Pune,Baner,2025-08-27,Premium
CUST0882,Devansh Pathak,Bangalore,BTM Layout,2026-01-03,New
CUST0883,Veer Kohli,Mumbai,Powai,2023-06-08,New
CUST0884,Dakshesh Chad,Bangalore,Jayanagar,2024-11-24,Premium
CUST0885,Aadi Sen,Bangalore,Jayanagar,2023-12-18,Regular
CUST0886,Damini Barman,Mumbai,Andheri,2025-02-23,Premium
CUST0887,Ganga Naidu,Bangalore,Jayanagar,2024-09-26,Regular
CUST0888,Kashvi Srivastava,Bangalore,Whitefield,2025-10-09,Regular
CUST0889,Falak Saxena,Mumbai,Bandra,2025-05-19,New
CUST0890,Bakhshi Bail,Pune,Aundh,2025-01-23,Regular
CUST0891,Tara Kar,Pune,Aundh,2025-11-20,New
CUST0892,Triveni Behl,Bangalore,Indiranagar,2024-08-01,Premium
CUST0893,Watika Pandya,Pune,Viman Nagar,2026-01-07,Regular
CUST0894,Veer Ahluwalia,Mumbai,Borivali,2025-03-21,Regular
CUST0895,Farhan Padmanabhan,Mumbai,Bandra,2025-04-25,New
CUST0896,Kalpit Mukherjee,Mumbai,Dadar,2025-11-06,New
CUST0897,Harish Samra,Mumbai,Kurla,2025-04-15,Regular
CUST0898,Naksh Ranganathan,Bangalore,Jayanagar,2026-01-09,Premium
CUST0899,Yasti Rajagopal,Pune,Baner,2023-12-11,Regular
CUST0900,Balvan Borah,Bangalore,BTM Layout,2024-01-25,New
CUST0901,Ria Natarajan,Pune,Wakad,2023-07-30,Premium
CUST0902,Arya Chakrabarti,Bangalore,Jayanagar,2025-11-23,Regular
CUST0903,Falak Bail,Pune,Kothrud,2023-12-20,New
CUST0904,Ekiya Bawa,Mumbai,Powai,2024-06-04,Premium
CUST0905,Saksham Pal,Pune,Wakad,2026-05-12,Premium
CUST0906,Vedika Shan,Bangalore,Koramangala,2026-01-06,Regular
CUST0907,Nitara Aggarwal,Mumbai,Bandra,2024-06-24,Regular
CUST0908,Forum Sunder,Bangalore,Indiranagar,2026-04-23,Regular
CUST0909,Jackson Narula,Pune,Viman Nagar,2023-06-22,Regular
CUST0910,Teerth Radhakrishnan,Mumbai,Thane,2025-07-24,Regular
CUST0911,Kashvi Varghese,Bangalore,Whitefield,2024-03-21,Regular
CUST0912,Damini Batta,Mumbai,Borivali,2023-07-05,Premium
CUST0913,Anamika Rege,Mumbai,Andheri,2024-06-02,Premium
CUST0914,Gunbir Bajwa,Bangalore,HSR Layout,2025-09-30,Regular
CUST0915,Indira Soman,Mumbai,Bandra,2025-06-08,Regular
CUST0916,Aahana Khosla,Mumbai,Andheri,2023-07-12,Regular
CUST0917,Devansh Nagar,Pune,Hadapsar,2024-11-24,New
CUST0918,Omya Garg,Mumbai,Borivali,2026-05-07,Premium
CUST0919,Advik Aurora,Bangalore,Jayanagar,2024-02-06,Regular
CUST0920,Yug Gopal,Pune,Wakad,2024-12-06,Regular
CUST0921,Vedhika Puri,Mumbai,Borivali,2025-03-18,Premium
CUST0922,Luke Saha,Mumbai,Borivali,2025-10-24,Regular
CUST0923,Girik Raju,Bangalore,Whitefield,2023-12-28,New
CUST0924,Nilima Tripathi,Mumbai,Dadar,2025-05-06,Regular
CUST0925,Pooja Dutt,Mumbai,Thane,2026-03-13,New
CUST0926,Ikbal Khare,Mumbai,Bandra,2024-09-07,New
CUST0927,Yagnesh Kunda,Bangalore,HSR Layout,2025-03-07,New
CUST0928,Hemani Shenoy,Bangalore,Jayanagar,2024-05-15,Premium
CUST0929,Vanya Sharaf,Bangalore,Koramangala,2024-09-02,Premium
CUST0930,Yash Chad,Pune,Aundh,2025-11-03,Regular
CUST0931,Benjamin Palla,Pune,Kothrud,2026-02-05,New
CUST0932,Benjamin Madan,Bangalore,Indiranagar,2025-04-17,New
CUST0933,Ekani Chauhan,Pune,Koregaon Park,2025-07-05,New
CUST0934,Champak Dua,Mumbai,Powai,2024-03-01,New
CUST0935,Ekavir Balasubramanian,Bangalore,Jayanagar,2025-01-06,Premium
CUST0936,Rehaan Gara,Mumbai,Dadar,2024-01-27,Regular
CUST0937,Gaurang Chhabra,Pune,Viman Nagar,2024-09-22,Regular
CUST0938,Wishi Wadhwa,Pune,Koregaon Park,2024-03-16,Regular
CUST0939,Sanaya Khosla,Mumbai,Borivali,2024-08-31,Premium
CUST0940,Unni Badal,Pune,Viman Nagar,2026-02-21,Premium
CUST0941,Samesh Sha,Bangalore,HSR Layout,2025-01-26,Premium
CUST0942,Vedant Nanda,Pune,Koregaon Park,2025-01-11,Premium
CUST0943,Naveen Viswanathan,Bangalore,Indiranagar,2025-09-29,New
CUST0944,Faqid Chana,Bangalore,BTM Layout,2023-09-07,New
CUST0945,Upadhriti Narayanan,Mumbai,Powai,2024-09-18,Regular
CUST0946,Harrison Wable,Pune,Baner,2024-08-26,Premium
CUST0947,Upkaar Deo,Mumbai,Borivali,2026-02-13,New
CUST0948,Hredhaan Rattan,Bangalore,Indiranagar,2025-10-11,New
CUST0949,Gautami Mand,Pune,Hadapsar,2024-11-02,Premium
CUST0950,George Sachar,Bangalore,Koramangala,2023-12-24,New
CUST0951,Maanas Barman,Mumbai,Thane,2025-09-14,Regular
CUST0952,Wahab Sabharwal,Pune,Hadapsar,2026-04-12,New
CUST0953,Prisha Bedi,Pune,Koregaon Park,2023-08-18,Regular
CUST0954,Avi Ahluwalia,Mumbai,Dadar,2024-05-02,Regular
CUST0955,Januja Choudhury,Bangalore,Koramangala,2023-12-29,Premium
CUST0956,Udyati Soni,Pune,Wakad,2024-02-13,New
CUST0957,Raghav Virk,Bangalore,BTM Layout,2024-02-16,Regular
CUST0958,Elijah Ratta,Pune,Koregaon Park,2026-03-30,Regular
CUST0959,Max Divan,Mumbai,Borivali,2025-05-08,Regular
CUST0960,Robert Loke,Pune,Wakad,2024-10-03,Premium
CUST0961,Abhiram Sankar,Mumbai,Andheri,2023-07-17,Premium
CUST0962,Nirja Sarkar,Bangalore,Indiranagar,2024-04-27,Regular
CUST0963,Inaya Keer,Bangalore,HSR Layout,2024-10-28,Premium
CUST0964,Aahana Boase,Mumbai,Bandra,2024-06-04,Regular
CUST0965,Harsh Mukhopadhyay,Bangalore,HSR Layout,2023-07-25,Regular
CUST0966,Tara Ganesan,Bangalore,Whitefield,2024-05-01,Regular
CUST0967,Gaurav Sandhu,Bangalore,Indiranagar,2023-09-19,Regular
CUST0968,Aachal Tak,Bangalore,Jayanagar,2024-03-17,New
CUST0969,Bhavika Wable,Bangalore,Whitefield,2026-03-02,New
CUST0970,Hemang Pillay,Mumbai,Bandra,2025-12-03,Premium
CUST0971,Vasana Pandya,Mumbai,Borivali,2026-04-11,Regular
CUST0972,Pahal Dua,Bangalore,HSR Layout,2025-03-16,Premium
CUST0973,Indali Gokhale,Mumbai,Andheri,2024-04-12,Regular
CUST0974,Ekaja Setty,Mumbai,Thane,2025-06-19,New
CUST0975,Turvi Hayre,Bangalore,HSR Layout,2024-09-10,Regular
CUST0976,Isha Shankar,Bangalore,BTM Layout,2024-11-19,Regular
CUST0977,Warjas Srinivas,Pune,Aundh,2024-04-09,Regular
CUST0978,Jairaj Mitter,Pune,Hadapsar,2023-11-08,New
CUST0979,Hritik Kulkarni,Mumbai,Bandra,2024-11-08,Regular
CUST0980,Turvi Dyal,Bangalore,Indiranagar,2024-10-04,Regular
CUST0981,Hardik Chanda,Mumbai,Powai,2024-01-06,New
CUST0982,Dominic Hans,Pune,Baner,2026-01-20,Regular
CUST0983,Ishita Muni,Mumbai,Andheri,2024-06-25,New
CUST0984,Dominic Kannan,Pune,Kothrud,2023-07-18,Regular
CUST0985,Janya Biswas,Bangalore,BTM Layout,2026-05-02,Regular
CUST0986,Turvi Balay,Pune,Koregaon Park,2025-10-01,Regular
CUST0987,Qushi Prasad,Pune,Viman Nagar,2024-06-07,Regular
CUST0988,Jairaj Buch,Mumbai,Kurla,2023-09-11,Regular
CUST0989,Raghav Thakkar,Mumbai,Thane,2024-03-12,Regular
CUST0990,Aachal Jhaveri,Pune,Hadapsar,2023-08-30,Premium
CUST0991,Sachi Rama,Pune,Viman Nagar,2024-06-03,Regular
CUST0992,Kashish Sidhu,Bangalore,HSR Layout,2026-01-09,New
CUST0993,Tanvi Minhas,Mumbai,Powai,2025-12-21,New
CUST0994,Veda Shere,Pune,Koregaon Park,2025-12-11,New
CUST0995,Nimrat Rau,Mumbai,Thane,2025-04-15,New
CUST0996,Xiti Saraf,Pune,Baner,2024-11-01,New
CUST0997,Geetika Srinivas,Pune,Hadapsar,2026-03-08,Regular
CUST0998,Harini Ravel,Bangalore,BTM Layout,2026-03-31,New
CUST0999,Wishi Sur,Pune,Wakad,2025-12-05,Regular
CUST1000,Charvi Palla,Mumbai,Powai,2026-01-26,Premium
CUST1001,Ijaya Kumar,Mumbai,Kurla,2025-08-12,Premium
CUST1002,Yashawini Barman,Mumbai,Powai,2026-05-04,Regular
CUST1003,Vihaan Mannan,Bangalore,BTM Layout,2024-07-16,New
CUST1004,Pranav Bahri,Mumbai,Borivali,2023-11-17,Premium
CUST1005,Chakradhar Dara,Pune,Kothrud,2025-06-20,Regular
CUST1006,Rishi Edwin,Mumbai,Powai,2024-11-22,New
CUST1007,Turvi Ramanathan,Bangalore,Jayanagar,2024-05-16,Regular
CUST1008,Bakhshi Mutti,Bangalore,Indiranagar,2026-04-15,Regular
CUST1009,Aarush Palla,Mumbai,Kurla,2026-04-25,Regular
CUST1010,Arin Ganguly,Mumbai,Andheri,2026-02-10,Premium
CUST1011,Watika Rana,Pune,Viman Nagar,2026-03-01,Premium
CUST1012,Tamanna Chaudry,Pune,Hadapsar,2024-03-18,Regular
CUST1013,Rushil Vig,Pune,Hadapsar,2025-08-09,Regular
CUST1014,Aarav Amble,Bangalore,Indiranagar,2024-06-10,Regular
CUST1015,Ikbal Chhabra,Mumbai,Kurla,2026-03-10,Regular
CUST1016,Viraj Bassi,Mumbai,Dadar,2026-03-05,Regular
CUST1017,Yauvani Mann,Bangalore,Whitefield,2024-08-22,New
CUST1018,Nicholas Nori,Bangalore,Indiranagar,2026-01-21,Regular
CUST1019,Varenya Butala,Mumbai,Andheri,2024-01-10,Regular
CUST1020,Abhimanyu Devi,Bangalore,HSR Layout,2023-10-09,Regular
CUST1021,Faraj Lalla,Bangalore,BTM Layout,2024-01-11,Premium
CUST1022,Chavvi Ahuja,Bangalore,HSR Layout,2023-08-21,Regular
CUST1023,Ijaya Sha,Mumbai,Dadar,2026-02-18,Premium
CUST1024,Rayaan Nadkarni,Bangalore,BTM Layout,2026-04-17,Regular
CUST1025,Saanvi Sunder,Pune,Koregaon Park,2023-07-27,Regular
CUST1026,Chanchal Dutta,Bangalore,Jayanagar,2023-07-18,Regular
CUST1027,Yasti Guha,Bangalore,BTM Layout,2025-02-04,New
CUST1028,Chakradev Gandhi,Bangalore,Jayanagar,2025-01-18,Regular
CUST1029,Sathvik Nagi,Mumbai,Kurla,2026-01-11,Regular
CUST1030,Anita Kant,Pune,Koregaon Park,2024-12-05,New
CUST1031,Hiral Bhasin,Bangalore,Jayanagar,2024-04-01,Regular
CUST1032,Pallavi Naik,Bangalore,Jayanagar,2024-03-07,Regular
CUST1033,Bakhshi Koshy,Mumbai,Powai,2023-09-05,Regular
CUST1034,Hitesh Sidhu,Bangalore,BTM Layout,2025-10-17,Regular
CUST1035,Daniel Deo,Pune,Baner,2024-03-16,Premium
CUST1036,Jagdish Raju,Mumbai,Andheri,2026-03-05,New
CUST1037,Tanay Badami,Pune,Koregaon Park,2025-06-28,Premium
CUST1038,Aarna Chakraborty,Bangalore,Indiranagar,2023-12-02,Regular
CUST1039,Hamsini Naik,Mumbai,Thane,2025-12-31,Regular
CUST1040,Tamanna Chaudhuri,Bangalore,HSR Layout,2026-04-05,Regular
CUST1041,Kavya Dhillon,Pune,Kothrud,2025-01-25,Regular
CUST1042,Vritti Jani,Mumbai,Powai,2023-07-14,New
CUST1043,Fariq Lata,Pune,Aundh,2023-12-21,Regular
CUST1044,Madhavi Ratta,Pune,Aundh,2023-10-12,Regular
CUST1045,Caleb Murty,Pune,Hadapsar,2024-09-04,Premium
CUST1046,Girik Dar,Bangalore,Indiranagar,2025-03-16,Regular
CUST1047,Vrinda Khanna,Bangalore,Indiranagar,2025-02-27,Regular
CUST1048,Ekani Loke,Mumbai,Thane,2026-03-27,New
CUST1049,Manan Kumar,Mumbai,Dadar,2025-01-16,New
CUST1050,Avi Johal,Bangalore,Jayanagar,2025-02-01,Regular
CUST1051,Anjali Hans,Pune,Hadapsar,2024-07-28,Regular
CUST1052,Anthony Bhakta,Pune,Kothrud,2024-11-21,Regular
CUST1053,Hardik Minhas,Mumbai,Andheri,2023-08-25,Regular
CUST1054,Kalpit Kothari,Pune,Baner,2024-08-04,Regular
CUST1055,Qasim Chatterjee,Pune,Viman Nagar,2025-08-30,New
CUST1056,Vamakshi Parmer,Bangalore,Indiranagar,2025-09-16,Regular
CUST1057,Patrick Dora,Pune,Kothrud,2023-12-28,New
CUST1058,Rachana Vaidya,Bangalore,HSR Layout,2024-06-20,Regular
CUST1059,Nidhi Biswas,Bangalore,Whitefield,2026-01-27,Regular
CUST1060,Idika Bhavsar,Bangalore,HSR Layout,2024-11-25,Regular
CUST1061,Matthew Lall,Mumbai,Powai,2026-01-23,Premium
CUST1062,Upasna Saraf,Bangalore,Indiranagar,2025-12-23,Premium
CUST1063,Tanay Kumar,Bangalore,Whitefield,2024-02-22,Premium
CUST1064,Nidra Kannan,Bangalore,Koramangala,2026-01-17,Regular
CUST1065,Bakhshi Saran,Mumbai,Andheri,2023-12-09,New
CUST1066,Krisha Bhattacharyya,Pune,Wakad,2023-07-25,Regular
CUST1067,Girish Agrawal,Pune,Viman Nagar,2024-03-27,Regular
CUST1068,Ekapad Aggarwal,Bangalore,Indiranagar,2024-07-25,Regular
CUST1069,Tanmayi Gade,Mumbai,Bandra,2024-07-08,Regular
CUST1070,Kavya Panchal,Bangalore,Jayanagar,2023-11-07,Premium
CUST1071,Damini Wali,Pune,Viman Nagar,2026-01-25,New
CUST1072,Nakul Bose,Mumbai,Bandra,2024-04-11,New
CUST1073,Advika Mistry,Mumbai,Borivali,2023-07-19,New
CUST1074,Aahana Hora,Mumbai,Andheri,2024-03-01,Regular
CUST1075,Ijaya Gulati,Pune,Aundh,2025-02-07,Regular
CUST1076,Falan Lala,Bangalore,BTM Layout,2025-11-16,Regular
CUST1077,Balveer Ganesh,Mumbai,Dadar,2025-11-20,Regular
CUST1078,Mekhala Subramaniam,Bangalore,HSR Layout,2024-05-20,Regular
CUST1079,Zashil Andra,Pune,Viman Nagar,2023-10-08,New
CUST1080,Jason Nazareth,Pune,Baner,2026-02-12,New
CUST1081,Vaishnavi Vora,Pune,Viman Nagar,2025-05-01,New
CUST1082,Qarin Toor,Mumbai,Borivali,2023-08-30,Regular
CUST1083,Chandani Khosla,Mumbai,Borivali,2025-06-05,Regular
CUST1084,Fiyaz Varty,Bangalore,Koramangala,2023-12-10,New
CUST1085,Simon Johal,Bangalore,Whitefield,2024-04-16,Regular
CUST1086,Neha Narula,Pune,Aundh,2026-03-08,Regular
CUST1087,Andrew Sen,Bangalore,Indiranagar,2024-02-20,Premium
CUST1088,Anmol Goyal,Pune,Hadapsar,2026-02-09,Premium
CUST1089,Samaksh Manne,Pune,Baner,2026-05-20,Premium
CUST1090,Ekta Bahl,Pune,Kothrud,2025-05-28,New
CUST1091,Daksha Mitter,Pune,Kothrud,2025-01-02,Premium
CUST1092,Panini Rana,Pune,Aundh,2023-07-18,Premium
CUST1093,Wakeeta Divan,Pune,Aundh,2025-04-13,Regular
CUST1094,Januja Rout,Bangalore,Whitefield,2025-10-08,Premium
CUST1095,Turvi Sridhar,Bangalore,Jayanagar,2025-08-24,Regular
CUST1096,Osha Bava,Bangalore,Indiranagar,2025-12-14,Regular
CUST1097,Januja Upadhyay,Pune,Aundh,2024-01-08,New
CUST1098,Jason Saini,Mumbai,Borivali,2024-11-29,New
CUST1099,Pavani Manda,Bangalore,Indiranagar,2025-12-02,Regular
CUST1100,Sudiksha Subramanian,Bangalore,Whitefield,2023-11-07,New
CUST1101,Naveen Chatterjee,Mumbai,Kurla,2025-03-06,Regular
CUST1102,Ria Gill,Bangalore,Koramangala,2023-11-29,New
CUST1103,Netra Naidu,Mumbai,Andheri,2025-10-01,Premium
CUST1104,Yug Soni,Bangalore,Indiranagar,2023-09-08,Regular
CUST1105,Faras Lad,Pune,Wakad,2025-08-31,New
CUST1106,Vansha Luthra,Mumbai,Kurla,2023-09-14,New
CUST1107,Urmi Borra,Bangalore,HSR Layout,2024-12-07,Regular
CUST1108,Pallavi Devi,Bangalore,Jayanagar,2026-05-30,New
CUST1109,Aditya Desai,Mumbai,Thane,2024-01-20,Regular
CUST1110,Oni Choudhury,Bangalore,Koramangala,2026-02-13,Regular
CUST1111,Max Patil,Bangalore,Whitefield,2026-01-18,Regular
CUST1112,Pooja Gera,Mumbai,Thane,2025-10-28,Premium
CUST1113,Bhavna Bora,Mumbai,Borivali,2025-07-18,New
CUST1114,Advaith Dixit,Bangalore,Koramangala,2024-02-04,Regular
CUST1115,Quincy Varty,Mumbai,Dadar,2023-09-06,Regular
CUST1116,Caleb Bhat,Mumbai,Kurla,2023-11-15,New
CUST1117,Ekalinga Varma,Bangalore,HSR Layout,2025-08-18,New
CUST1118,Watika Goswami,Mumbai,Kurla,2025-09-16,New
CUST1119,Quincy Deol,Mumbai,Powai,2026-02-23,Premium
CUST1120,Samar Chaudhuri,Mumbai,Borivali,2024-01-19,Regular
CUST1121,Charita Gupta,Bangalore,HSR Layout,2025-07-29,Regular
CUST1122,Vaishnavi Mishra,Bangalore,Koramangala,2024-05-31,New
CUST1123,Utkarsh Gill,Bangalore,HSR Layout,2024-06-21,New
CUST1124,Yachana Sathe,Pune,Kothrud,2025-04-02,Regular
CUST1125,Tripti Sharaf,Mumbai,Bandra,2023-06-19,Premium
CUST1126,Frederick Din,Pune,Hadapsar,2024-12-29,Regular
CUST1127,Aryan Bawa,Mumbai,Andheri,2023-12-02,Regular
CUST1128,Warjas Mall,Mumbai,Andheri,2025-06-01,Regular
CUST1129,Tara Mannan,Bangalore,Indiranagar,2024-04-05,New
CUST1130,Kamala Mand,Bangalore,Whitefield,2025-06-26,Regular
CUST1131,Libni Chand,Pune,Kothrud,2024-01-22,Regular
CUST1132,Ekapad Chad,Bangalore,Koramangala,2026-01-20,New
CUST1133,Upadhriti Shere,Mumbai,Andheri,2024-10-03,New
CUST1134,Maya Sagar,Pune,Viman Nagar,2024-06-25,Regular
CUST1135,Bhavna Bhandari,Pune,Koregaon Park,2024-11-23,Regular
CUST1136,Darpan Chand,Pune,Aundh,2023-07-26,Regular
CUST1137,Aadhya Dugar,Pune,Kothrud,2026-05-16,New
CUST1138,Madhav Chada,Mumbai,Andheri,2025-05-29,Regular
CUST1139,Nathan Chokshi,Pune,Koregaon Park,2025-02-15,Regular
CUST1140,Ladli Pillay,Mumbai,Bandra,2025-05-23,Regular
CUST1141,Lila Kata,Pune,Hadapsar,2026-05-23,Premium
CUST1142,Yoshita Chaudhry,Pune,Koregaon Park,2025-01-18,Regular
CUST1143,Urmi Jani,Pune,Viman Nagar,2025-04-05,Regular
CUST1144,Anthony Dar,Mumbai,Powai,2025-05-28,Regular
CUST1145,Hamsini Patla,Bangalore,Jayanagar,2024-11-11,New
CUST1146,Siya Purohit,Mumbai,Borivali,2024-07-01,Regular
CUST1147,Vanya Contractor,Pune,Koregaon Park,2024-09-03,Premium
CUST1148,Nakul Murty,Pune,Aundh,2023-12-18,New
CUST1149,Gaurika Kade,Bangalore,HSR Layout,2024-03-09,Regular
CUST1150,Azad Purohit,Mumbai,Powai,2024-04-15,Regular
CUST1151,Netra Patla,Pune,Baner,2025-05-27,Regular
CUST1152,Isaiah Mohan,Pune,Viman Nagar,2026-04-24,Regular
CUST1153,Lavanya Bhasin,Bangalore,BTM Layout,2025-01-13,New
CUST1154,Ronith Tella,Bangalore,Koramangala,2023-08-15,Premium
CUST1155,Frado Pradhan,Bangalore,Whitefield,2025-01-09,New
CUST1156,Ekavir Korpal,Bangalore,BTM Layout,2024-01-21,New
CUST1157,Gunbir Kaur,Mumbai,Powai,2026-03-07,Regular
CUST1158,Ekta Grover,Pune,Kothrud,2025-03-25,Regular
CUST1159,Bahadurjit Garde,Pune,Kothrud,2025-05-28,Regular
CUST1160,Ojas Kannan,Pune,Viman Nagar,2025-04-16,Premium
CUST1161,Wahab Sinha,Pune,Baner,2026-03-20,Premium
CUST1162,Wakeeta Parikh,Pune,Kothrud,2024-02-21,Premium
CUST1163,Krisha Sagar,Bangalore,HSR Layout,2024-11-25,Regular
CUST1164,Thomas Bhalla,Bangalore,Indiranagar,2024-12-24,Regular
CUST1165,Zayyan Wadhwa,Pune,Koregaon Park,2025-01-31,Regular
CUST1166,Brinda Bhavsar,Pune,Baner,2024-06-27,New
CUST1167,Utkarsh Sem,Pune,Aundh,2026-01-31,Regular
CUST1168,Ekiya Ganesh,Mumbai,Dadar,2026-04-19,Regular
CUST1169,Jhalak Sangha,Mumbai,Thane,2023-12-31,Regular
CUST1170,Niharika Deshmukh,Pune,Hadapsar,2023-09-28,Regular
CUST1171,Ishaan Menon,Bangalore,Indiranagar,2024-01-10,New
CUST1172,Girindra Bose,Mumbai,Andheri,2024-07-09,Regular
CUST1173,Naksh Ahuja,Pune,Aundh,2024-10-29,New
CUST1174,Shravya Shroff,Mumbai,Thane,2023-07-15,Regular
CUST1175,Jagdish Sinha,Bangalore,Jayanagar,2024-07-17,Regular
CUST1176,Hitesh Panchal,Mumbai,Dadar,2023-08-15,Regular
CUST1177,Ekaja Gour,Pune,Koregaon Park,2025-04-10,New
CUST1178,Lucky Agarwal,Mumbai,Andheri,2023-08-08,Regular
CUST1179,Aryan Shenoy,Bangalore,Koramangala,2023-08-25,Regular
CUST1180,Ekapad Buch,Bangalore,Jayanagar,2025-07-23,Regular
CUST1181,Neha Dara,Pune,Koregaon Park,2025-01-20,Regular
CUST1182,Fiyaz Sampath,Bangalore,Koramangala,2026-03-04,New
CUST1183,Rachit Gill,Mumbai,Borivali,2026-02-22,Regular
CUST1184,Garima Uppal,Bangalore,Whitefield,2026-01-17,New
CUST1185,Fitan Bhatia,Pune,Hadapsar,2024-02-29,Regular
CUST1186,Yatin Agrawal,Mumbai,Dadar,2024-09-10,Premium
CUST1187,Hitesh Chandran,Pune,Baner,2025-04-04,Premium
CUST1188,Sneha Chaudhuri,Mumbai,Borivali,2024-10-08,New
CUST1189,Warjas Muni,Bangalore,BTM Layout,2025-12-24,Regular
CUST1190,Jagdish Narayan,Mumbai,Thane,2026-03-03,Regular
CUST1191,Michael Narang,Pune,Kothrud,2024-09-06,Premium
CUST1192,Sara D’Alia,Pune,Baner,2025-09-26,New
CUST1193,Dalbir Toor,Pune,Viman Nagar,2024-01-13,Regular
CUST1194,Nihal Ranganathan,Pune,Wakad,2024-10-27,Regular
CUST1195,Ikshita Mohan,Pune,Koregaon Park,2025-08-19,Premium
CUST1196,Gavin Chandra,Pune,Wakad,2024-02-08,New
CUST1197,Azaan Dara,Mumbai,Thane,2024-04-17,Premium
CUST1198,Chasmum Comar,Pune,Aundh,2025-09-01,New
CUST1199,Advik Pillai,Bangalore,Jayanagar,2023-11-18,Regular
CUST1200,Oliver Choudhry,Pune,Baner,2024-06-02,New
CUST1201,Henry Rout,Bangalore,Whitefield,2026-03-29,New
CUST1202,Ira Bawa,Pune,Viman Nagar,2024-07-06,Regular
CUST1203,Hamsini Korpal,Bangalore,Jayanagar,2026-05-08,Premium
CUST1204,Lila Iyer,Pune,Wakad,2024-09-11,Premium
CUST1205,Ishani Amble,Pune,Kothrud,2025-08-30,New
CUST1206,Fitan Chacko,Mumbai,Kurla,2024-08-15,New
CUST1207,Varenya Sarraf,Mumbai,Powai,2026-03-31,New
CUST1208,Ekbal Ghosh,Mumbai,Andheri,2025-10-08,Regular
CUST1209,Alka Magar,Mumbai,Borivali,2024-08-23,Regular
CUST1210,Waida Tripathi,Bangalore,BTM Layout,2025-09-01,New
CUST1211,Anika Tata,Mumbai,Borivali,2025-05-22,Premium
CUST1212,Faris Parmer,Pune,Hadapsar,2023-07-31,Premium
CUST1213,Bishakha Hayer,Pune,Wakad,2024-09-20,New
CUST1214,Advik Chhabra,Mumbai,Andheri,2026-04-25,New
CUST1215,Nitara Sani,Mumbai,Dadar,2024-12-21,Premium
CUST1216,Faras Butala,Pune,Baner,2024-04-27,New
CUST1217,Lajita Goyal,Bangalore,HSR Layout,2026-01-08,Premium
CUST1218,Tanveer Balasubramanian,Bangalore,Whitefield,2023-07-20,New
CUST1219,Thomas Rajan,Bangalore,Indiranagar,2024-11-30,Regular
CUST1220,Dalbir Srinivasan,Pune,Wakad,2026-01-03,Regular
CUST1221,Naksh Parmar,Pune,Koregaon Park,2026-04-13,Premium
CUST1222,Lucky Handa,Bangalore,HSR Layout,2026-04-14,Regular
CUST1223,Chavvi Shankar,Mumbai,Thane,2025-02-07,Premium
CUST1224,Baljiwan Sundaram,Pune,Viman Nagar,2024-04-28,New
CUST1225,Rachita Mane,Pune,Hadapsar,2025-12-11,Premium
CUST1226,Nakul Amble,Pune,Viman Nagar,2024-04-01,Regular
CUST1227,Zinal Verma,Mumbai,Dadar,2024-02-13,Premium
CUST1228,Meghana Dutta,Pune,Baner,2026-03-25,New
CUST1229,Laban Deol,Mumbai,Kurla,2025-03-28,Regular
CUST1230,Vyanjana Taneja,Bangalore,Whitefield,2026-04-22,Regular
CUST1231,Theodore Arora,Mumbai,Bandra,2024-06-19,New
CUST1232,Bakhshi Koshy,Pune,Wakad,2026-02-19,Regular
CUST1233,Faraj D’Alia,Bangalore,Koramangala,2025-12-12,New
CUST1234,Aadi Chad,Pune,Kothrud,2024-10-05,Regular
CUST1235,Unnati Purohit,Mumbai,Andheri,2024-05-24,Regular
CUST1236,Nilima Mangat,Pune,Kothrud,2024-08-21,Regular
CUST1237,Mohammed Bhakta,Mumbai,Kurla,2025-11-12,New
CUST1238,Fariq Venkataraman,Pune,Aundh,2024-09-07,Regular
CUST1239,Leela Pradhan,Bangalore,Jayanagar,2024-01-02,Regular
CUST1240,Mitesh Khurana,Pune,Aundh,2024-09-03,Premium
CUST1241,Lavanya Sura,Pune,Koregaon Park,2025-08-29,Regular
CUST1242,Theodore Oza,Mumbai,Thane,2023-08-12,Regular
CUST1243,Agastya Mammen,Bangalore,Whitefield,2024-11-23,New
CUST1244,Radhika Handa,Pune,Koregaon Park,2025-12-06,Premium
CUST1245,Ekanta Bail,Mumbai,Borivali,2025-03-20,Regular
CUST1246,Charan Kapadia,Pune,Koregaon Park,2023-11-23,Regular
CUST1247,Nachiket Pradhan,Pune,Koregaon Park,2024-09-13,New
CUST1248,Abhimanyu Sastry,Pune,Wakad,2026-01-19,New
CUST1249,Anita Batra,Mumbai,Powai,2024-07-19,Regular
CUST1250,Jack Sundaram,Bangalore,Koramangala,2023-09-06,Regular
CUST1251,Nitara Acharya,Mumbai,Kurla,2024-05-24,New
CUST1252,Nitesh Borah,Pune,Wakad,2026-04-14,Premium
CUST1253,Agastya Zacharia,Mumbai,Kurla,2025-08-24,New
CUST1254,Wahab Rau,Mumbai,Andheri,2024-09-20,New
CUST1255,Gagan Sinha,Mumbai,Andheri,2025-04-04,New
CUST1256,Amrita Manne,Bangalore,HSR Layout,2024-01-12,Premium
CUST1257,Ranveer Cheema,Mumbai,Thane,2025-08-27,New
CUST1258,Mohini Dar,Bangalore,HSR Layout,2024-04-16,New
CUST1259,Ekta Upadhyay,Pune,Wakad,2024-03-20,New
CUST1260,Aachal Saran,Mumbai,Bandra,2023-11-20,New
CUST1261,Alka Sangha,Bangalore,BTM Layout,2023-11-20,New
CUST1262,Quincy Kaul,Mumbai,Thane,2024-05-23,Regular
CUST1263,Wyatt Parsa,Bangalore,HSR Layout,2024-07-30,New
CUST1264,Thomas Sant,Mumbai,Thane,2024-12-22,New
CUST1265,Yadavi Dhaliwal,Pune,Hadapsar,2025-06-23,Premium
CUST1266,Ayaan Patla,Bangalore,Indiranagar,2023-07-24,Regular
CUST1267,Ethan Balakrishnan,Bangalore,Koramangala,2026-01-01,Premium
CUST1268,Charvi Bains,Bangalore,Whitefield,2024-01-06,Regular
CUST1269,Devansh Borde,Mumbai,Powai,2024-06-15,Premium
CUST1270,Ekiya Sha,Bangalore,Whitefield,2023-10-12,Regular
CUST1271,Anya Tiwari,Pune,Koregaon Park,2024-05-29,Regular
CUST1272,Abhiram Trivedi,Pune,Koregaon Park,2024-07-09,Premium
CUST1273,Raghav Parikh,Mumbai,Andheri,2024-04-07,Premium
CUST1274,Dalaja Rai,Mumbai,Borivali,2024-05-17,Regular
CUST1275,Janani Kala,Bangalore,Indiranagar,2024-07-04,Premium
CUST1276,Kashvi Barad,Pune,Wakad,2026-02-24,Regular
CUST1277,Lipika Bhakta,Mumbai,Borivali,2023-10-24,Premium
CUST1278,Qasim Varty,Bangalore,Koramangala,2026-02-21,Regular
CUST1279,Ishita Sastry,Pune,Viman Nagar,2024-10-16,Premium
CUST1280,Tarak Sawhney,Mumbai,Powai,2024-08-19,Premium
CUST1281,Parth Biswas,Pune,Wakad,2023-11-11,New
CUST1282,Leela Mahal,Mumbai,Kurla,2025-06-02,Regular
CUST1283,Chameli Solanki,Mumbai,Borivali,2026-03-31,New
CUST1284,Krisha Salvi,Bangalore,Whitefield,2024-11-19,Premium
CUST1285,Aradhana Maharaj,Bangalore,Indiranagar,2024-10-29,Regular
CUST1286,Yadavi Sundaram,Pune,Aundh,2025-07-21,Premium
CUST1287,Ekbal Sanghvi,Mumbai,Borivali,2023-08-21,Regular
CUST1288,Darpan Issac,Mumbai,Andheri,2026-03-07,New
CUST1289,Kai Brahmbhatt,Pune,Viman Nagar,2024-09-20,New
CUST1290,Omisha Gulati,Bangalore,HSR Layout,2025-06-08,New
CUST1291,Pavani Mangal,Bangalore,Indiranagar,2024-05-01,Premium
CUST1292,Tanveer Mallick,Mumbai,Dadar,2023-09-14,New
CUST1293,Pranav Chatterjee,Mumbai,Andheri,2024-03-23,New
CUST1294,Samaksh Bail,Bangalore,Jayanagar,2023-07-09,Premium
CUST1295,Neelima Prakash,Pune,Aundh,2025-11-03,Regular
CUST1296,Yuvraj Suri,Mumbai,Andheri,2024-11-24,Regular
CUST1297,Odika Mani,Bangalore,HSR Layout,2025-12-18,Regular
CUST1298,Zansi Ratti,Mumbai,Powai,2024-01-01,Regular
CUST1299,Leena Kibe,Pune,Hadapsar,2024-06-23,Premium
CUST1300,Pavani Ganesh,Bangalore,HSR Layout,2025-07-05,Regular
CUST1301,Banjeet Raghavan,Pune,Hadapsar,2024-12-11,Premium
CUST1302,Timothy Bumb,Bangalore,BTM Layout,2025-10-01,Regular
CUST1303,Mahika Kulkarni,Pune,Hadapsar,2024-07-30,Regular
CUST1304,Varenya Bahri,Pune,Kothrud,2025-08-25,Regular
CUST1305,Saksham Comar,Bangalore,Whitefield,2024-12-24,New
CUST1306,Anya Dixit,Bangalore,Koramangala,2024-02-18,Premium
CUST1307,Ucchal Sarraf,Bangalore,HSR Layout,2024-08-17,Premium
CUST1308,Rajata Prabhu,Bangalore,Koramangala,2024-11-10,New
CUST1309,Samesh Sen,Mumbai,Kurla,2023-12-01,Premium
CUST1310,Jeevika Soni,Pune,Hadapsar,2024-10-02,Regular
CUST1311,Zarna Nadkarni,Mumbai,Bandra,2025-05-08,Regular
CUST1312,Yashodhara Deshpande,Pune,Wakad,2025-03-03,Regular
CUST1313,Peter Radhakrishnan,Mumbai,Bandra,2026-03-26,Regular
CUST1314,Jalsa Raman,Pune,Aundh,2023-06-17,Regular
CUST1315,Vasana Sem,Bangalore,Jayanagar,2024-04-10,Premium
CUST1316,Matthew Bobal,Mumbai,Andheri,2023-06-28,New
CUST1317,Tristan Loke,Pune,Hadapsar,2024-10-06,New
CUST1318,Kavya Baria,Mumbai,Kurla,2024-09-30,New
CUST1319,Pranit Seshadri,Pune,Koregaon Park,2026-04-19,Regular
CUST1320,Yashica Bir,Bangalore,HSR Layout,2024-12-02,Premium
CUST1321,Rachana Sant,Mumbai,Thane,2025-03-12,Premium
CUST1322,Upasna Rao,Mumbai,Borivali,2024-03-04,Regular
CUST1323,Nilima Hayre,Mumbai,Kurla,2023-06-07,Premium
CUST1324,Lucky Dave,Bangalore,Jayanagar,2025-05-19,New
CUST1325,Sanya Dayal,Mumbai,Andheri,2024-11-05,Regular
CUST1326,Vinaya Sengupta,Pune,Baner,2024-04-02,New
CUST1327,Vincent Sharma,Mumbai,Andheri,2026-05-13,New
CUST1328,Warjas Kaur,Pune,Kothrud,2024-08-24,New
CUST1329,Naksh Naidu,Pune,Viman Nagar,2025-08-09,Premium
CUST1330,Yahvi Chauhan,Pune,Baner,2026-01-07,Regular
CUST1331,Jagat Jhaveri,Bangalore,HSR Layout,2025-02-19,Regular
CUST1332,Kabir Borah,Mumbai,Dadar,2025-07-02,New
CUST1333,Priya Kashyap,Mumbai,Bandra,2023-12-11,New
CUST1334,Ethan Shere,Mumbai,Bandra,2024-07-16,Premium
CUST1335,Unni Dey,Mumbai,Dadar,2024-04-29,Regular
CUST1336,Siya Mahajan,Bangalore,BTM Layout,2024-10-08,New
CUST1337,Rushil Dass,Mumbai,Powai,2025-05-23,New
CUST1338,Sachi Jain,Pune,Kothrud,2026-01-18,Regular
CUST1339,Unnati Raju,Mumbai,Bandra,2026-04-27,New
CUST1340,Ekansh De,Pune,Kothrud,2026-01-03,New
CUST1341,Victor Soman,Bangalore,Jayanagar,2023-10-23,Regular
CUST1342,Turvi Das,Pune,Koregaon Park,2024-12-24,New
CUST1343,Pahal Peri,Pune,Hadapsar,2024-01-28,New
CUST1344,Andrew Varkey,Pune,Kothrud,2024-01-15,Premium
CUST1345,Chanakya Varghese,Mumbai,Kurla,2024-04-02,Regular
CUST1346,George Saha,Mumbai,Dadar,2024-01-12,New
CUST1347,Sanaya Mander,Bangalore,BTM Layout,2025-09-04,Regular
CUST1348,Brijesh Ganesan,Mumbai,Thane,2026-02-23,Regular
CUST1349,Tripti Rajagopal,Mumbai,Andheri,2025-06-23,New
CUST1350,Aarnav Dyal,Mumbai,Powai,2025-06-04,New
CUST1351,Dev Roy,Mumbai,Borivali,2024-08-28,New
CUST1352,Nakul Banerjee,Bangalore,Jayanagar,2023-07-24,New
CUST1353,Devansh Doshi,Bangalore,Whitefield,2026-01-18,Premium
CUST1354,Gagan Dara,Mumbai,Kurla,2023-09-29,Regular
CUST1355,Anjali Bava,Bangalore,Koramangala,2024-08-10,Premium
CUST1356,Shravya Hora,Bangalore,HSR Layout,2024-07-10,Premium
CUST1357,Fitan Dugar,Bangalore,HSR Layout,2023-12-18,Regular
CUST1358,Ethan Kothari,Pune,Kothrud,2023-07-30,New
CUST1359,Lekha Ghosh,Mumbai,Kurla,2026-03-17,Regular
CUST1360,Wriddhish Mallick,Bangalore,BTM Layout,2025-06-09,Premium
CUST1361,Dominic Dani,Bangalore,Jayanagar,2026-03-12,Premium
CUST1362,Maanas Mohan,Pune,Koregaon Park,2024-04-22,Premium
CUST1363,Hiral Padmanabhan,Mumbai,Bandra,2026-05-16,Premium
CUST1364,Januja Cherian,Pune,Wakad,2024-12-02,Premium
CUST1365,Zansi Kannan,Pune,Koregaon Park,2024-05-12,Regular
CUST1366,Ethan Rout,Bangalore,HSR Layout,2024-05-30,New
CUST1367,Radha Mand,Bangalore,Indiranagar,2023-06-20,Premium
CUST1368,Wyatt Garde,Mumbai,Powai,2025-06-28,Premium
CUST1369,Adweta Parmar,Pune,Koregaon Park,2024-07-25,Regular
CUST1370,Kavya Keer,Mumbai,Borivali,2025-11-26,Regular
CUST1371,Girik Gupta,Mumbai,Borivali,2025-11-06,Regular
CUST1372,Garima Sathe,Pune,Aundh,2024-07-30,Regular
CUST1373,Shivani Venkataraman,Bangalore,BTM Layout,2025-09-07,Regular
CUST1374,Warhi Dhar,Pune,Kothrud,2023-09-30,New
CUST1375,Inaya Ramanathan,Bangalore,BTM Layout,2025-07-14,Regular
CUST1376,Charita Bobal,Pune,Koregaon Park,2023-10-17,Regular
CUST1377,Laban Mann,Pune,Aundh,2026-02-17,New
CUST1378,Aarna Gulati,Bangalore,Whitefield,2023-07-11,Premium
CUST1379,Vanya Chana,Mumbai,Thane,2025-04-05,Regular
CUST1380,Ucchal Chauhan,Bangalore,BTM Layout,2025-05-14,Regular
CUST1381,Frado Aurora,Pune,Baner,2023-08-26,Regular
CUST1382,Ijaya Wable,Bangalore,BTM Layout,2024-01-28,Regular
CUST1383,Omisha Vala,Mumbai,Andheri,2025-01-31,Regular
CUST1384,Indrajit Sundaram,Mumbai,Dadar,2026-01-22,New
CUST1385,Damini Saran,Bangalore,HSR Layout,2025-10-07,Premium
CUST1386,Vedhika Sampath,Mumbai,Andheri,2025-12-29,Regular
CUST1387,Baljiwan Dugar,Mumbai,Powai,2023-10-21,New
CUST1388,Mitesh Venkatesh,Mumbai,Kurla,2023-10-20,Regular
CUST1389,Eesha Kota,Pune,Aundh,2025-07-12,New
CUST1390,Ati Kashyap,Mumbai,Dadar,2024-06-10,Regular
CUST1391,Kala Kaul,Mumbai,Powai,2025-01-27,Regular
CUST1392,Falguni Shere,Bangalore,Jayanagar,2025-09-02,New
CUST1393,Jonathan Nagarajan,Mumbai,Bandra,2025-04-17,Premium
CUST1394,Ria Baral,Mumbai,Dadar,2024-04-10,Regular
CUST1395,Abhiram Chaudry,Bangalore,Whitefield,2025-10-05,Premium
CUST1396,Kashish Kannan,Bangalore,Indiranagar,2023-10-16,New
CUST1397,Abeer Bhavsar,Bangalore,BTM Layout,2025-12-11,Regular
CUST1398,Pranit Baria,Bangalore,BTM Layout,2026-04-01,New
CUST1399,Bina Lala,Pune,Aundh,2024-01-07,New
CUST1400,Leela Mangat,Pune,Wakad,2025-04-21,New
CUST1401,Mitali Bhagat,Pune,Baner,2026-05-31,Regular
CUST1402,Frado Sahni,Mumbai,Powai,2024-10-23,Premium
CUST1403,Vanya Khanna,Bangalore,HSR Layout,2023-11-15,Regular
CUST1404,Karan Kala,Pune,Hadapsar,2024-07-02,New
CUST1405,Dakshesh Sarin,Mumbai,Thane,2024-10-12,Regular
CUST1406,Chameli Sachdev,Pune,Aundh,2026-02-21,Regular
CUST1407,Raagini Mandal,Bangalore,Whitefield,2025-09-27,Regular
CUST1408,Warhi More,Mumbai,Dadar,2025-08-14,Premium
CUST1409,Charan Sarma,Pune,Baner,2023-12-15,New
CUST1410,Lucky Mane,Pune,Wakad,2024-12-15,Premium
CUST1411,Samarth Setty,Pune,Aundh,2025-05-31,New
CUST1412,Rayaan Kara,Pune,Hadapsar,2026-04-24,New
CUST1413,Yagnesh Singhal,Bangalore,HSR Layout,2023-06-08,Regular
CUST1414,Dalaja Sankaran,Bangalore,Koramangala,2024-02-03,Regular
CUST1415,Yashawini Lal,Pune,Hadapsar,2025-05-11,New
CUST1416,Caleb Varty,Pune,Wakad,2025-03-09,New
CUST1417,Owen Kumar,Mumbai,Dadar,2025-03-11,Premium
CUST1418,Azaan Walia,Bangalore,Whitefield,2024-02-12,Regular
CUST1419,George Sachar,Mumbai,Kurla,2023-10-29,Regular
CUST1420,Ekiya Prabhu,Mumbai,Bandra,2023-06-05,Regular
CUST1421,William Aurora,Bangalore,BTM Layout,2026-03-20,Premium
CUST1422,Jairaj Lalla,Mumbai,Borivali,2023-06-18,New
CUST1423,Noah Munshi,Bangalore,Jayanagar,2024-01-18,Premium
CUST1424,Chavvi Joshi,Mumbai,Borivali,2026-03-31,Regular
CUST1425,Krisha Raman,Bangalore,Whitefield,2024-01-31,New
CUST1426,Amara Balan,Pune,Kothrud,2025-02-03,New
CUST1427,Edhitha Master,Mumbai,Dadar,2023-09-18,Regular
CUST1428,Ekaraj Mammen,Mumbai,Powai,2024-06-18,Regular
CUST1429,Janani Keer,Bangalore,Whitefield,2024-02-14,New
CUST1430,Idika Arya,Bangalore,Indiranagar,2024-04-15,Premium
CUST1431,Tanvi Konda,Bangalore,HSR Layout,2026-05-04,Regular
CUST1432,Yamini Bajaj,Bangalore,Indiranagar,2024-01-17,Regular
CUST1433,Faraj Misra,Bangalore,HSR Layout,2024-09-04,Premium
CUST1434,William Pandit,Mumbai,Thane,2024-10-16,Regular
CUST1435,Saanvi Ram,Bangalore,Koramangala,2024-02-18,Regular
CUST1436,Chameli Acharya,Bangalore,Indiranagar,2023-09-19,Regular
CUST1437,Tara Swaminathan,Bangalore,Indiranagar,2026-04-30,Regular
CUST1438,Gayathri Sachar,Bangalore,HSR Layout,2024-01-23,Premium
CUST1439,Ayush Hora,Bangalore,Whitefield,2024-11-13,Regular
CUST1440,Samuel Narain,Pune,Aundh,2023-08-22,Regular
CUST1441,Alka Saha,Bangalore,Indiranagar,2024-07-24,New
CUST1442,Om Lad,Mumbai,Bandra,2026-05-26,Regular
CUST1443,Daksh Badami,Bangalore,BTM Layout,2024-03-09,Regular
CUST1444,Suhani Konda,Pune,Hadapsar,2024-06-02,Premium
CUST1445,Abhiram Pal,Bangalore,Koramangala,2023-06-09,New
CUST1446,Hemani Thakur,Pune,Hadapsar,2025-11-17,Premium
CUST1447,Yasti Dass,Mumbai,Kurla,2025-03-10,Premium
CUST1448,Alexander De,Mumbai,Powai,2025-07-30,Regular
CUST1449,Liam Sha,Mumbai,Kurla,2026-01-04,New
CUST1450,Wazir Babu,Pune,Aundh,2024-12-03,Regular
CUST1451,Jeet Goyal,Bangalore,BTM Layout,2023-09-15,New
CUST1452,Rohan Yohannan,Pune,Viman Nagar,2026-04-20,New
CUST1453,Warhi Zachariah,Bangalore,HSR Layout,2025-06-27,Regular
CUST1454,Samuel Mittal,Mumbai,Andheri,2025-06-21,Premium
CUST1455,Netra Gara,Pune,Wakad,2024-02-01,Premium
CUST1456,Wishi Gade,Mumbai,Thane,2024-01-02,Premium
CUST1457,Hiral Nagi,Mumbai,Bandra,2024-04-18,Regular
CUST1458,Madhavi Devi,Bangalore,Indiranagar,2026-05-01,Regular
CUST1459,Yash Bandi,Mumbai,Powai,2024-06-22,Regular
CUST1460,Libni Sharma,Pune,Baner,2025-06-14,Regular
CUST1461,Anika Nagar,Pune,Kothrud,2025-01-24,New
CUST1462,Siddharth Loke,Pune,Viman Nagar,2026-01-18,Regular
CUST1463,Warda Barad,Mumbai,Kurla,2024-10-19,Regular
CUST1464,Tripti Kanda,Pune,Wakad,2026-03-26,Regular
CUST1465,Gagan Deshmukh,Bangalore,HSR Layout,2024-12-07,Regular
CUST1466,Eta Edwin,Mumbai,Thane,2025-10-04,New
CUST1467,Peter Borde,Bangalore,Indiranagar,2024-12-22,Regular
CUST1468,Hamsini Kaul,Pune,Baner,2024-08-02,Regular
CUST1469,Oscar Ahuja,Bangalore,Indiranagar,2025-03-22,New
CUST1470,Rachita Verma,Pune,Hadapsar,2024-10-10,Regular
CUST1471,Samesh Shere,Pune,Hadapsar,2024-08-07,Premium
CUST1472,Michael Dara,Mumbai,Bandra,2024-08-20,New
CUST1473,Harsh Wali,Bangalore,BTM Layout,2024-12-29,Regular
CUST1474,Hredhaan Devi,Pune,Aundh,2024-02-17,New
CUST1475,Aayush Balay,Mumbai,Thane,2024-08-13,Regular
CUST1476,Yashodhara Singh,Bangalore,BTM Layout,2024-01-21,Regular
CUST1477,Yasti Modi,Bangalore,Indiranagar,2024-07-12,Regular
CUST1478,Jairaj Swaminathan,Mumbai,Powai,2025-07-16,Regular
CUST1479,Teerth Kala,Pune,Aundh,2024-06-26,Regular
CUST1480,Wriddhish Goswami,Pune,Wakad,2025-05-23,Regular
CUST1481,Arin Narula,Pune,Wakad,2024-12-26,Regular
CUST1482,Rayaan Halder,Bangalore,BTM Layout,2023-08-26,New
CUST1483,Maanav Khatri,Mumbai,Dadar,2025-10-19,Regular
CUST1484,Krishna Oak,Pune,Kothrud,2024-11-19,Premium
CUST1485,Hemang Chowdhury,Mumbai,Kurla,2024-10-29,Regular
CUST1486,Kashish Balay,Pune,Viman Nagar,2025-08-07,Premium
CUST1487,Dakshesh Nayak,Bangalore,Koramangala,2025-01-20,Regular
CUST1488,Yahvi Walla,Pune,Koregaon Park,2023-09-01,Regular
CUST1489,Pranit Doctor,Mumbai,Thane,2024-01-27,Regular
CUST1490,Zayyan Swamy,Bangalore,Whitefield,2026-01-10,Regular
CUST1491,Sai Kant,Pune,Wakad,2024-10-27,Regular
CUST1492,Viraj Gupta,Bangalore,Koramangala,2025-11-10,Regular
CUST1493,Naveen Setty,Bangalore,Koramangala,2026-01-02,Regular
CUST1494,Oni Singhal,Mumbai,Borivali,2024-10-12,Regular
CUST1495,Turvi Bhalla,Pune,Kothrud,2025-08-12,Premium
CUST1496,Yamini Madan,Pune,Viman Nagar,2024-08-07,Regular
CUST1497,Aashi Malhotra,Pune,Baner,2023-08-29,New
CUST1498,Mohammed Bal,Pune,Kothrud,2025-03-26,New
CUST1499,Sanaya Mohanty,Pune,Aundh,2024-09-21,New
CUST1500,Nirja Parmer,Bangalore,Indiranagar,2025-09-28,Regular
CUST1501,Anamika Ram,Mumbai,Powai,2025-10-29,New
CUST1502,Darpan Kakar,Bangalore,HSR Layout,2025-11-01,Premium
CUST1503,Manbir Pau,Bangalore,HSR Layout,2026-03-18,Regular
CUST1504,Vamakshi Venkataraman,Pune,Koregaon Park,2025-09-17,Regular
CUST1505,Unnati Ramanathan,Pune,Aundh,2026-05-23,Regular
CUST1506,Saksham Panchal,Mumbai,Bandra,2024-11-17,Premium
CUST1507,Siddharth Contractor,Bangalore,Koramangala,2025-09-03,Regular
CUST1508,Ekbal Nayar,Pune,Baner,2024-11-08,Regular
CUST1509,Yutika Dhawan,Mumbai,Powai,2024-10-21,New
CUST1510,Gopal Banerjee,Pune,Koregaon Park,2024-07-16,Premium
CUST1511,Divya Nadkarni,Pune,Aundh,2023-06-22,New
CUST1512,Omya Chaudhary,Bangalore,Whitefield,2024-07-29,Regular
CUST1513,William Mani,Pune,Koregaon Park,2026-03-07,Premium
CUST1514,Bahadurjit Ray,Pune,Koregaon Park,2023-09-15,Premium
CUST1515,Mason Srinivasan,Bangalore,Jayanagar,2025-04-18,New
CUST1516,Fitan Bir,Mumbai,Thane,2025-09-29,Premium
CUST1517,Ekavir Sha,Mumbai,Dadar,2024-08-17,New
CUST1518,Amruta Savant,Mumbai,Bandra,2024-04-29,New
CUST1519,Maya Ganesh,Mumbai,Thane,2025-05-03,New
CUST1520,Oviya Sastry,Mumbai,Dadar,2026-02-06,Premium
CUST1521,Balhaar Dora,Mumbai,Dadar,2024-09-13,Premium
CUST1522,Chakrika Bhargava,Pune,Koregaon Park,2024-06-08,New
CUST1523,Barkha Sama,Bangalore,Koramangala,2023-07-20,Premium
CUST1524,Ijaya Aurora,Pune,Koregaon Park,2026-04-20,Regular
CUST1525,Edhitha Hayer,Bangalore,HSR Layout,2025-09-24,Premium
CUST1526,William Bhatti,Bangalore,HSR Layout,2024-10-07,New
CUST1527,Chanchal Sane,Mumbai,Kurla,2025-04-21,Regular
CUST1528,Raghav Mannan,Pune,Aundh,2026-04-10,Regular
CUST1529,Chakradhar Chahal,Bangalore,Indiranagar,2026-02-03,Regular
CUST1530,Anmol Rege,Mumbai,Andheri,2023-07-18,Premium
CUST1531,Nisha Desai,Mumbai,Andheri,2025-04-01,New
CUST1532,Faras Bhatia,Bangalore,Whitefield,2025-10-18,New
CUST1533,Yug Chana,Bangalore,BTM Layout,2024-01-08,Regular
CUST1534,Gautami Madan,Bangalore,Jayanagar,2024-12-30,Regular
CUST1535,Ekta Kale,Bangalore,Whitefield,2023-07-12,Regular
CUST1536,Madhavi Sami,Bangalore,Jayanagar,2026-01-09,Regular
CUST1537,Chatresh Palla,Mumbai,Dadar,2023-12-06,Regular
CUST1538,Vasana Lalla,Mumbai,Powai,2026-04-25,Regular
CUST1539,Nikita Saxena,Bangalore,HSR Layout,2024-04-02,New
CUST1540,Krishna Sampath,Bangalore,BTM Layout,2024-07-26,New
CUST1541,Anamika Borah,Bangalore,Indiranagar,2024-06-06,Regular
CUST1542,Warhi Sinha,Mumbai,Kurla,2024-06-23,Regular
CUST1543,Falguni Sagar,Pune,Koregaon Park,2025-09-04,Regular
CUST1544,Simon Rajagopal,Mumbai,Bandra,2023-09-13,Regular
CUST1545,Varsha Cherian,Mumbai,Andheri,2023-06-17,Regular
CUST1546,Chanakya Divan,Bangalore,Jayanagar,2024-06-16,Regular
CUST1547,Yadavi Venkatesh,Pune,Koregaon Park,2023-12-19,Regular
CUST1548,Amrita Sura,Bangalore,HSR Layout,2026-02-08,New
CUST1549,Nihal Bhavsar,Mumbai,Thane,2024-12-03,Regular
CUST1550,Xiti Bajaj,Mumbai,Dadar,2023-10-08,Regular
CUST1551,Gunbir Dara,Pune,Kothrud,2025-08-05,Regular
CUST1552,Mitali Gola,Bangalore,BTM Layout,2023-08-29,New
CUST1553,Ati Tara,Pune,Aundh,2023-07-23,Regular
CUST1554,Leena Peri,Bangalore,Jayanagar,2023-08-12,Regular
CUST1555,Vaishnavi Balay,Bangalore,BTM Layout,2023-10-25,New
CUST1556,Ranbir Deol,Bangalore,HSR Layout,2025-02-22,Premium
CUST1557,Faqid Prasad,Mumbai,Kurla,2025-08-14,New
CUST1558,Oeshi Mahajan,Pune,Aundh,2026-02-08,Regular
CUST1559,Tarak Sidhu,Bangalore,BTM Layout,2025-02-09,Regular
CUST1560,Vyanjana Bhatnagar,Bangalore,Jayanagar,2025-08-24,Regular
CUST1561,Turvi Hegde,Mumbai,Andheri,2026-02-28,New
CUST1562,Anya Kannan,Bangalore,Indiranagar,2024-02-24,New
CUST1563,Nidra Sami,Mumbai,Kurla,2024-12-17,Regular
CUST1564,Udyati Keer,Mumbai,Borivali,2025-10-07,Regular
CUST1565,Indrajit Wadhwa,Bangalore,Koramangala,2024-04-18,New
CUST1566,Alka Nagar,Pune,Kothrud,2024-11-05,New
CUST1567,Abhiram Mallick,Bangalore,Jayanagar,2023-07-22,Regular
CUST1568,Jeremiah Baria,Pune,Baner,2024-08-10,Regular
CUST1569,Nidra Rama,Pune,Koregaon Park,2025-04-29,Premium
CUST1570,Jai Toor,Mumbai,Bandra,2026-04-20,Regular
CUST1571,Rishi Uppal,Pune,Hadapsar,2024-10-30,Regular
CUST1572,Onkar Wali,Mumbai,Andheri,2023-08-26,Premium
CUST1573,Girish Chawla,Bangalore,BTM Layout,2023-11-09,New
CUST1574,Ekanta Seshadri,Mumbai,Thane,2024-10-15,Regular
CUST1575,Anvi Dugar,Bangalore,Indiranagar,2023-07-14,Premium
CUST1576,Neelima Rau,Pune,Viman Nagar,2025-07-19,Regular
CUST1577,Darsh Varghese,Bangalore,HSR Layout,2025-01-17,Premium
CUST1578,Ubika Parmar,Mumbai,Borivali,2026-01-03,Regular
CUST1579,Onveer Sagar,Pune,Hadapsar,2024-11-20,Regular
CUST1580,Falak Shukla,Bangalore,Indiranagar,2023-07-15,New
CUST1581,Lavanya Ratti,Bangalore,BTM Layout,2024-11-28,Regular
CUST1582,Gagan Banerjee,Mumbai,Borivali,2024-05-09,Premium
CUST1583,Mohini Halder,Mumbai,Borivali,2024-06-25,Premium
CUST1584,Zinal Chada,Pune,Baner,2025-02-07,Regular
CUST1585,Fariq Bhattacharyya,Mumbai,Powai,2026-03-12,Regular
CUST1586,Neel D’Alia,Pune,Wakad,2025-10-28,Regular
CUST1587,Ikbal Nanda,Bangalore,Jayanagar,2025-10-20,Regular
CUST1588,Yashica Saha,Bangalore,BTM Layout,2026-02-01,Premium
CUST1589,Arjun Bhalla,Bangalore,Jayanagar,2023-12-03,Premium
CUST1590,Rachana Behl,Bangalore,Indiranagar,2026-05-02,New
CUST1591,Hamsini Chadha,Bangalore,Jayanagar,2025-02-16,New
CUST1592,Anthony Arya,Mumbai,Dadar,2024-12-19,New
CUST1593,Ayaan Sharaf,Bangalore,Jayanagar,2024-04-08,Premium
CUST1594,Warinder Kaur,Pune,Viman Nagar,2024-10-08,Regular
CUST1595,Faras Krishnan,Bangalore,Whitefield,2025-12-31,Regular
CUST1596,Udant Mall,Mumbai,Borivali,2025-01-03,Regular
CUST1597,Jhalak Parsa,Bangalore,Jayanagar,2025-09-07,Regular
CUST1598,Krishna Kuruvilla,Bangalore,Jayanagar,2025-06-13,Premium
CUST1599,Veer Pillay,Bangalore,Whitefield,2025-02-12,Premium
CUST1600,Manan Uppal,Mumbai,Kurla,2024-10-21,New
CUST1601,Kiaan Pai,Pune,Koregaon Park,2023-07-24,Regular
CUST1602,Kai Tiwari,Pune,Hadapsar,2023-12-02,New
CUST1603,Robert Kaul,Mumbai,Kurla,2026-04-12,Regular
CUST1604,Yash Chaudhary,Mumbai,Dadar,2025-02-20,New
CUST1605,Vrinda Kapoor,Pune,Hadapsar,2023-08-05,Regular
CUST1606,Nilima Sen,Pune,Aundh,2024-01-12,Regular
CUST1607,Ikbal Palan,Mumbai,Kurla,2025-11-23,Regular
CUST1608,Ansh Sheth,Bangalore,Jayanagar,2025-09-20,Regular
CUST1609,Jeevika Malhotra,Pune,Hadapsar,2024-04-04,Regular
CUST1610,Orinder Balay,Mumbai,Bandra,2026-05-10,Regular
CUST1611,Vanya Parikh,Bangalore,Whitefield,2023-10-21,Regular
CUST1612,Shravya Ahuja,Pune,Kothrud,2024-12-04,Regular
CUST1613,Gaurav Arora,Bangalore,Whitefield,2025-02-01,Premium
CUST1614,Eshana Barad,Pune,Koregaon Park,2023-12-03,Regular
CUST1615,Rachana Khosla,Pune,Viman Nagar,2023-09-18,Premium
CUST1616,Maanav Bumb,Mumbai,Kurla,2023-07-31,New
CUST1617,Vidhi Parsa,Bangalore,Jayanagar,2025-10-17,Regular
CUST1618,Andrew Ramakrishnan,Mumbai,Kurla,2026-02-01,Regular
CUST1619,Charita Nadig,Bangalore,BTM Layout,2024-12-02,New
CUST1620,Ishita Sangha,Bangalore,Indiranagar,2025-10-31,New
CUST1621,Harshil Chawla,Pune,Hadapsar,2023-11-09,New
CUST1622,Warhi Shenoy,Pune,Hadapsar,2023-09-04,Regular
CUST1623,Avi Sami,Mumbai,Andheri,2026-02-14,Regular
CUST1624,Gavin Luthra,Bangalore,Whitefield,2023-12-26,New
CUST1625,Ekaja Baral,Bangalore,Whitefield,2023-08-03,New
CUST1626,Tripti Vala,Mumbai,Dadar,2023-11-20,Premium
CUST1627,Yug Goda,Pune,Wakad,2025-08-13,Premium
CUST1628,Ethan Khosla,Bangalore,Koramangala,2024-06-25,Regular
CUST1629,Mugdha Murthy,Bangalore,BTM Layout,2025-05-27,Premium
CUST1630,Nitara Batta,Mumbai,Thane,2024-05-15,Regular
CUST1631,Upasna Keer,Bangalore,Whitefield,2024-02-13,New
CUST1632,Patrick Rattan,Bangalore,Whitefield,2023-11-01,Regular
CUST1633,Robert Shan,Pune,Viman Nagar,2024-05-09,New
CUST1634,Ekaja Handa,Bangalore,Indiranagar,2024-02-23,Regular
CUST1635,Janaki Virk,Bangalore,HSR Layout,2025-08-19,New
CUST1636,Laban Kohli,Pune,Wakad,2024-04-15,Regular
CUST1637,Timothy Nagi,Mumbai,Powai,2025-07-28,New
CUST1638,Tara Doctor,Bangalore,BTM Layout,2025-09-07,Regular
CUST1639,Nisha Raghavan,Bangalore,Jayanagar,2025-08-22,New
CUST1640,Neha Rout,Bangalore,Whitefield,2024-05-19,Regular
CUST1641,Patrick Sandal,Bangalore,BTM Layout,2025-08-06,Premium
CUST1642,Rehaan Konda,Pune,Koregaon Park,2023-12-21,Regular
CUST1643,Anirudh Lalla,Mumbai,Thane,2025-09-24,Premium
CUST1644,Kai Dara,Pune,Kothrud,2025-09-26,New
CUST1645,Henry Sood,Bangalore,Whitefield,2024-05-03,New
CUST1646,Chakradev Brar,Bangalore,Whitefield,2024-11-13,Regular
CUST1647,Bhavika Devi,Bangalore,HSR Layout,2024-12-10,Regular
CUST1648,Daniel Bhatti,Mumbai,Dadar,2026-01-25,New
CUST1649,Anita Murthy,Bangalore,Koramangala,2023-12-13,Premium
CUST1650,Adweta Soni,Pune,Aundh,2026-05-19,Regular
CUST1651,Samuel Kala,Pune,Hadapsar,2025-04-29,New
CUST1652,Ekanta Garg,Bangalore,Jayanagar,2026-02-27,Regular
CUST1653,Reyansh Kalla,Bangalore,HSR Layout,2024-02-19,Premium
CUST1654,Bhavya Bal,Pune,Viman Nagar,2026-04-23,Premium
CUST1655,Ekta Bhatnagar,Bangalore,HSR Layout,2025-01-22,Regular
CUST1656,Reva Mody,Pune,Hadapsar,2025-08-13,Regular
CUST1657,Thomas Srinivas,Pune,Kothrud,2026-05-01,Regular
CUST1658,Lopa Varty,Pune,Koregaon Park,2024-03-20,New
CUST1659,Tanveer Thaker,Pune,Aundh,2026-04-14,New
CUST1660,Udant Kuruvilla,Pune,Viman Nagar,2024-09-05,Premium
CUST1661,Victor Kurian,Mumbai,Thane,2025-01-08,Regular
CUST1662,Pranit Mohanty,Bangalore,HSR Layout,2024-09-12,Regular
CUST1663,Eta Karpe,Pune,Kothrud,2025-05-07,Regular
CUST1664,Ryan Hayer,Bangalore,Koramangala,2024-09-10,Regular
CUST1665,Bimala Sura,Bangalore,Koramangala,2023-07-17,Regular
CUST1666,Harini Karan,Bangalore,Koramangala,2024-05-11,Regular
CUST1667,Bakhshi Bail,Pune,Baner,2023-06-04,Premium
CUST1668,Shivani Dugar,Pune,Baner,2026-05-24,Regular
CUST1669,Farhan Dalal,Mumbai,Borivali,2025-04-29,New
CUST1670,Chakradev Gera,Mumbai,Thane,2024-11-03,Regular
CUST1671,Vasana Jain,Bangalore,Koramangala,2026-05-11,Regular
CUST1672,Ojasvi Borah,Bangalore,Indiranagar,2023-09-19,New
CUST1673,Hemangini Krish,Mumbai,Kurla,2024-11-03,Regular
CUST1674,Falak Khatri,Bangalore,Whitefield,2025-01-08,Premium
CUST1675,Aashi Goda,Pune,Baner,2023-12-16,Regular
CUST1676,Kabir Bajaj,Bangalore,Jayanagar,2026-01-22,Regular
CUST1677,Christopher Kothari,Pune,Viman Nagar,2023-10-09,Premium
CUST1678,Aahana Sachdeva,Pune,Koregaon Park,2025-02-19,New
CUST1679,Jeet Chad,Bangalore,BTM Layout,2025-11-28,Regular
CUST1680,Jagat Walla,Bangalore,Koramangala,2024-08-26,Regular
CUST1681,Ekansh Deep,Bangalore,Jayanagar,2025-09-01,Premium
CUST1682,Ekbal Babu,Mumbai,Bandra,2024-07-10,Regular
CUST1683,Ranveer Sidhu,Bangalore,BTM Layout,2025-08-06,New
CUST1684,Ishanvi Shere,Pune,Wakad,2024-07-31,Regular
CUST1685,Suhani Wadhwa,Mumbai,Bandra,2024-05-06,New
CUST1686,Chanakya Hans,Bangalore,BTM Layout,2026-03-08,Premium
CUST1687,Odika Batta,Bangalore,HSR Layout,2023-06-07,Regular
CUST1688,Deepa Bassi,Pune,Baner,2026-05-22,Regular
CUST1689,Hemang Swamy,Mumbai,Andheri,2025-08-06,New
CUST1690,Kai Natt,Bangalore,HSR Layout,2024-01-16,Premium
CUST1691,Jhalak Keer,Mumbai,Bandra,2025-09-21,Regular
CUST1692,Owen Sane,Pune,Koregaon Park,2026-04-03,New
CUST1693,Udyati Kata,Pune,Wakad,2023-09-08,Regular
CUST1694,Abhimanyu Talwar,Mumbai,Powai,2025-01-16,Regular
CUST1695,Jeevika Ben,Mumbai,Dadar,2024-05-08,Regular
CUST1696,Yochana Chand,Bangalore,BTM Layout,2025-04-18,Regular
CUST1697,Omkaar Bhattacharyya,Mumbai,Thane,2026-04-02,New
CUST1698,Peter Brahmbhatt,Mumbai,Bandra,2026-05-14,Regular
CUST1699,Wakeeta Goyal,Bangalore,Jayanagar,2024-09-05,Regular
CUST1700,Noah Mital,Mumbai,Kurla,2025-09-09,Regular
CUST1701,Vivaan Toor,Bangalore,Jayanagar,2025-06-03,Regular
CUST1702,Chaitanya Shere,Mumbai,Thane,2024-03-01,Regular
CUST1703,Yasti Setty,Mumbai,Thane,2023-07-30,Regular
CUST1704,Yoshita Lal,Pune,Hadapsar,2023-06-26,Regular
CUST1705,Warinder Dugar,Mumbai,Kurla,2026-04-12,Premium
CUST1706,Amara Bedi,Bangalore,Indiranagar,2024-05-03,New
CUST1707,Naksh Shere,Bangalore,Koramangala,2025-07-06,Regular
CUST1708,Gavin Bhargava,Pune,Aundh,2024-10-22,Regular
CUST1709,Warhi Amble,Pune,Aundh,2025-01-11,Regular
CUST1710,Meghana Mannan,Mumbai,Kurla,2023-11-22,Regular
CUST1711,Hamsini Salvi,Pune,Viman Nagar,2024-08-05,New
CUST1712,Theodore Uppal,Bangalore,HSR Layout,2025-07-11,Regular
CUST1713,Mohini Prashad,Pune,Baner,2025-06-07,Regular
CUST1714,Hiral Lad,Bangalore,Jayanagar,2025-08-10,Premium
CUST1715,Triya Jayaraman,Pune,Kothrud,2024-11-18,Regular
CUST1716,Rohan Dhillon,Pune,Kothrud,2025-12-06,Regular
CUST1717,Ekavir Kakar,Pune,Hadapsar,2026-02-09,New
CUST1718,Anjali Warrior,Bangalore,Jayanagar,2024-04-18,New
CUST1719,Laksh Gera,Bangalore,Indiranagar,2026-01-17,Regular
CUST1720,Rudra Dutt,Pune,Viman Nagar,2026-04-26,Premium
CUST1721,Urishilla Narang,Bangalore,Indiranagar,2025-10-14,Regular
CUST1722,Chandresh Mitter,Mumbai,Powai,2023-11-28,New
CUST1723,Atharv Sengupta,Mumbai,Bandra,2025-03-23,New
CUST1724,Kiaan Narula,Mumbai,Bandra,2025-06-17,New
CUST1725,Arya Anand,Pune,Viman Nagar,2024-05-09,Premium
CUST1726,Ishaan Prakash,Mumbai,Thane,2025-12-15,Regular
CUST1727,Chakradhar Sekhon,Mumbai,Andheri,2025-09-25,New
CUST1728,Netra Ram,Bangalore,Whitefield,2024-04-24,New
CUST1729,Amrita Savant,Bangalore,Jayanagar,2025-08-03,Premium
CUST1730,Udant Arora,Bangalore,Whitefield,2024-06-01,Regular
CUST1731,Balveer Bains,Bangalore,Indiranagar,2025-02-02,Regular
CUST1732,Bhavya Sankaran,Mumbai,Powai,2025-02-08,Regular
CUST1733,Diya Kata,Pune,Viman Nagar,2024-11-25,New
CUST1734,Panini Sridhar,Pune,Viman Nagar,2025-05-27,Regular
CUST1735,Rudra Shetty,Mumbai,Thane,2023-09-28,Regular
CUST1736,Januja Varghese,Bangalore,Koramangala,2025-06-28,Regular
CUST1737,Anmol Ganesh,Pune,Kothrud,2024-05-21,New
CUST1738,Kalpit Sethi,Pune,Viman Nagar,2025-03-27,Regular
CUST1739,Yamini Ganguly,Pune,Wakad,2026-03-29,New
CUST1740,Vaishnavi Dyal,Mumbai,Borivali,2024-01-21,Regular
CUST1741,Yadavi Dhingra,Pune,Hadapsar,2025-01-22,New
CUST1742,Faraj Pandey,Mumbai,Dadar,2024-09-24,New
CUST1743,Upkaar Rattan,Bangalore,HSR Layout,2024-07-31,Regular
CUST1744,Mugdha Nath,Bangalore,Indiranagar,2025-12-11,Regular
CUST1745,Ubika Bhargava,Mumbai,Andheri,2024-03-11,New
CUST1746,Chandran Muni,Pune,Viman Nagar,2024-05-04,Regular
CUST1747,Adya Nath,Pune,Hadapsar,2026-03-25,Regular
CUST1748,Yashasvi Ahuja,Bangalore,Indiranagar,2025-10-14,New
CUST1749,Krish Bath,Mumbai,Bandra,2023-11-10,Regular
CUST1750,Ria Basu,Mumbai,Borivali,2024-01-26,Premium
CUST1751,Frederick Sankar,Bangalore,Koramangala,2024-06-12,Premium
CUST1752,Balhaar Shankar,Bangalore,Jayanagar,2024-09-06,Premium
CUST1753,Yochana Sheth,Pune,Wakad,2025-05-24,Regular
CUST1754,Qushi Chhabra,Mumbai,Kurla,2024-07-28,Regular
CUST1755,Aadi Virk,Pune,Aundh,2025-10-26,Regular
CUST1756,Pavani Sathe,Pune,Aundh,2024-08-01,Regular
CUST1757,Wazir Aggarwal,Pune,Viman Nagar,2025-01-09,Regular
CUST1758,Vasana Kata,Mumbai,Bandra,2024-03-02,Regular
CUST1759,Pranit Patil,Mumbai,Thane,2026-03-23,Regular
CUST1760,Hemangini Balay,Pune,Wakad,2023-10-01,Regular
CUST1761,Nidhi Parsa,Pune,Koregaon Park,2025-08-07,New
CUST1762,Zaitra Murthy,Bangalore,BTM Layout,2024-10-02,Regular
CUST1763,Rushil Thakur,Pune,Viman Nagar,2024-03-29,New
CUST1764,Wridesh Badal,Mumbai,Borivali,2025-10-18,Regular
CUST1765,Liam Pingle,Bangalore,BTM Layout,2024-12-11,Regular
CUST1766,Daksha Chandra,Pune,Kothrud,2026-01-29,Regular
CUST1767,Dayamai Mander,Bangalore,BTM Layout,2023-12-02,Premium
CUST1768,Onveer Devan,Bangalore,Jayanagar,2026-05-12,Regular
CUST1769,Atharv Batra,Mumbai,Powai,2024-04-02,Premium
CUST1770,Praneel Bail,Bangalore,BTM Layout,2023-11-02,Regular
CUST1771,Girish Dass,Mumbai,Kurla,2023-10-25,Regular
CUST1772,Varsha Choudhry,Mumbai,Borivali,2026-05-12,Premium
CUST1773,Varsha Agate,Bangalore,BTM Layout,2025-09-25,New
CUST1774,Harsh Dani,Pune,Baner,2023-07-26,Regular
CUST1775,Amruta Dube,Pune,Aundh,2023-07-22,New
CUST1776,Urmi Prashad,Bangalore,BTM Layout,2023-09-09,Regular
CUST1777,Dhriti Pillai,Pune,Koregaon Park,2026-04-05,Regular
CUST1778,Devansh Rege,Pune,Viman Nagar,2024-08-26,Regular
CUST1779,Vritti Rajan,Bangalore,Koramangala,2026-03-20,Regular
CUST1780,Urmi Chaudry,Pune,Hadapsar,2025-03-01,Premium
CUST1781,Patrick Ramanathan,Mumbai,Powai,2023-12-17,New
CUST1782,Aadhya Bose,Mumbai,Dadar,2023-08-24,Regular
CUST1783,Chasmum Pandit,Mumbai,Kurla,2023-06-25,Regular
CUST1784,Dhruv Sodhi,Bangalore,Whitefield,2024-11-17,Regular
CUST1785,Darika Mukherjee,Bangalore,HSR Layout,2023-11-15,Regular
CUST1786,Tara Anand,Mumbai,Borivali,2023-12-21,Regular
CUST1787,Matthew Sheth,Mumbai,Bandra,2026-01-27,Regular
CUST1788,Zehaan Manda,Bangalore,HSR Layout,2024-05-21,New
CUST1789,Sathvik Raja,Mumbai,Borivali,2024-02-04,Regular
CUST1790,Bhavini Gill,Bangalore,HSR Layout,2025-01-03,Regular
CUST1791,Yoshita D’Alia,Bangalore,Koramangala,2025-04-15,Regular
CUST1792,Hredhaan Sodhi,Mumbai,Kurla,2024-09-27,Regular
CUST1793,Wazir Karnik,Pune,Koregaon Park,2024-06-16,New
CUST1794,Panini Kalita,Mumbai,Kurla,2024-06-02,Regular
CUST1795,Varenya Das,Bangalore,BTM Layout,2023-06-21,Regular
CUST1796,Aarav Bahl,Bangalore,Koramangala,2024-11-01,New
CUST1797,Brinda Banerjee,Bangalore,Koramangala,2025-03-08,Premium
CUST1798,Ekani Cheema,Pune,Kothrud,2024-08-23,Premium
CUST1799,Raghav Merchant,Mumbai,Andheri,2025-01-24,New
CUST1800,Xalak Murty,Pune,Baner,2024-04-27,New
CUST1801,Rudra Bir,Pune,Hadapsar,2025-01-14,Regular
CUST1802,Simon Aggarwal,Mumbai,Borivali,2023-12-11,Regular
CUST1803,Thomas Khalsa,Mumbai,Dadar,2026-02-28,Premium
CUST1804,Balendra Chokshi,Pune,Aundh,2025-09-19,Premium
CUST1805,Viraj Mitra,Bangalore,HSR Layout,2024-11-12,Regular
CUST1806,Vihaan Guha,Pune,Aundh,2025-04-28,Regular
CUST1807,Mahika Bhasin,Bangalore,Whitefield,2025-01-21,New
CUST1808,Priya Kohli,Bangalore,BTM Layout,2024-01-25,Regular
CUST1809,Zinal Sachar,Pune,Viman Nagar,2025-01-31,New
CUST1810,Irya Sodhi,Pune,Baner,2024-11-12,New
CUST1811,Michael Tripathi,Pune,Wakad,2023-06-12,New
CUST1812,Raghav Maharaj,Mumbai,Kurla,2024-04-09,Regular
CUST1813,Max Kurian,Bangalore,HSR Layout,2024-05-18,Regular
CUST1814,Nidra Sinha,Pune,Viman Nagar,2023-11-16,New
CUST1815,Gaurangi Aggarwal,Bangalore,Koramangala,2024-09-22,Premium
CUST1816,Nathaniel Zacharia,Bangalore,Whitefield,2025-09-01,Regular
CUST1817,Pushti Kurian,Bangalore,BTM Layout,2023-07-21,Regular
CUST1818,Rachita Virk,Mumbai,Bandra,2025-02-01,Regular
CUST1819,Damyanti Srinivas,Pune,Kothrud,2024-05-14,Premium
CUST1820,Madhavi Issac,Bangalore,Koramangala,2025-12-29,New
CUST1821,Ryan Bhatt,Mumbai,Borivali,2026-03-03,New
CUST1822,Yachana Gola,Pune,Viman Nagar,2025-06-30,New
CUST1823,Abhiram Dhawan,Pune,Aundh,2025-06-20,Regular
CUST1824,Damyanti Dora,Mumbai,Borivali,2025-10-13,Premium
CUST1825,Balvan Nayak,Bangalore,Whitefield,2024-06-12,Regular
CUST1826,Warda Som,Mumbai,Borivali,2024-04-22,Regular
CUST1827,Mitali Magar,Pune,Aundh,2024-04-24,Regular
CUST1828,Chandani Saxena,Mumbai,Dadar,2023-06-15,Regular
CUST1829,Dev Ghosh,Bangalore,Koramangala,2024-10-09,Regular
CUST1830,Indira Mammen,Mumbai,Andheri,2024-01-04,Regular
CUST1831,Onveer Srinivas,Pune,Hadapsar,2025-03-24,Regular
CUST1832,Chandani Ramaswamy,Mumbai,Thane,2025-08-19,Premium
CUST1833,Ishwar Samra,Bangalore,BTM Layout,2024-01-17,New
CUST1834,Indira Nagarajan,Mumbai,Bandra,2025-01-01,New
CUST1835,Gabriel Narula,Mumbai,Dadar,2024-02-05,Regular
CUST1836,Baljiwan Baral,Mumbai,Andheri,2024-01-12,Regular
CUST1837,Dev Kala,Pune,Kothrud,2025-09-01,Regular
CUST1838,Dipta Guha,Pune,Viman Nagar,2025-07-29,New
CUST1839,Arin Issac,Bangalore,Jayanagar,2025-07-25,Premium
CUST1840,Oeshi Wable,Pune,Kothrud,2024-11-08,Regular
CUST1841,Barkha Sekhon,Pune,Hadapsar,2025-05-13,New
CUST1842,Girik Batta,Mumbai,Bandra,2026-04-07,New
CUST1843,Aarnav Mahal,Pune,Aundh,2025-09-16,Regular
CUST1844,Indira Pal,Pune,Aundh,2024-12-20,New
CUST1845,Teerth Anand,Pune,Hadapsar,2023-10-21,Premium
CUST1846,Samesh Gandhi,Mumbai,Borivali,2025-01-21,New
CUST1847,Barkha Trivedi,Bangalore,Koramangala,2024-06-16,Premium
CUST1848,Gunbir Nagi,Mumbai,Borivali,2024-03-19,Regular
CUST1849,Fitan Chandra,Bangalore,Whitefield,2024-09-25,Regular
CUST1850,Shivani Agate,Bangalore,Whitefield,2025-08-25,Regular
CUST1851,Bishakha Wadhwa,Bangalore,Indiranagar,2024-08-08,New
CUST1852,Ijaya Kumer,Mumbai,Thane,2025-12-11,Premium
CUST1853,Ridhi Grover,Pune,Viman Nagar,2023-11-04,Regular
CUST1854,Aayush Parmer,Bangalore,Indiranagar,2024-09-22,Regular
CUST1855,Nathan Chaudhary,Pune,Hadapsar,2024-11-14,Regular
CUST1856,Sanaya Shankar,Mumbai,Dadar,2025-09-05,New
CUST1857,Avni Morar,Bangalore,Indiranagar,2024-04-14,Regular
CUST1858,Vedant Parsa,Pune,Baner,2023-11-11,Regular
CUST1859,Divya Jaggi,Mumbai,Bandra,2023-09-09,Regular
CUST1860,Hritik Bava,Pune,Baner,2025-01-09,Regular
CUST1861,Lakshmi Manne,Bangalore,Whitefield,2026-03-13,Regular
CUST1862,Gauri Varkey,Mumbai,Thane,2025-03-26,New
CUST1863,Om Kaur,Bangalore,Whitefield,2024-03-23,Regular
CUST1864,Abeer Chopra,Mumbai,Powai,2026-02-06,Regular
CUST1865,Anmol Loke,Bangalore,Indiranagar,2024-02-11,Premium
CUST1866,Diya Bhatt,Bangalore,Indiranagar,2025-09-09,Premium
CUST1867,Yutika Chakrabarti,Bangalore,Whitefield,2025-12-27,Premium
CUST1868,Qadim Ramachandran,Bangalore,HSR Layout,2023-11-06,Premium
CUST1869,Radhika Bava,Pune,Wakad,2026-04-11,Premium
CUST1870,Ojas Dhawan,Bangalore,Indiranagar,2025-06-17,Regular
CUST1871,Benjamin Shankar,Pune,Wakad,2023-06-14,Regular
CUST1872,Eiravati Garde,Pune,Aundh,2025-04-01,Regular
CUST1873,Aarna Sahni,Bangalore,Jayanagar,2023-06-23,Regular
CUST1874,Anirudh Palla,Mumbai,Powai,2025-10-06,New
CUST1875,Tara Gulati,Bangalore,Koramangala,2024-11-24,Regular
CUST1876,Chanakya Bera,Bangalore,Indiranagar,2026-04-26,New
CUST1877,Lipika Setty,Mumbai,Thane,2024-07-16,Premium
CUST1878,Bhavika Varma,Pune,Kothrud,2024-04-02,Regular
CUST1879,Rushil Merchant,Mumbai,Powai,2024-10-01,Regular
CUST1880,Omkaar Mangat,Bangalore,Whitefield,2025-12-25,Regular
CUST1881,Rajata Sant,Mumbai,Andheri,2026-01-22,Regular
CUST1882,Michael Shanker,Bangalore,BTM Layout,2024-11-22,New
CUST1883,Onkar Gala,Bangalore,Jayanagar,2026-01-16,Regular
CUST1884,Thomas Chaudry,Pune,Aundh,2024-08-09,New
CUST1885,Maya Sankaran,Mumbai,Dadar,2024-03-12,Regular
CUST1886,Veda Keer,Bangalore,HSR Layout,2025-10-28,Premium
CUST1887,Naveen Lad,Mumbai,Borivali,2024-02-13,New
CUST1888,Vrinda Chand,Bangalore,Indiranagar,2024-01-10,Premium
CUST1889,Max Apte,Bangalore,Whitefield,2023-12-03,Regular
CUST1890,Avni Khalsa,Bangalore,BTM Layout,2023-09-18,Regular
CUST1891,Sathvik Walia,Pune,Koregaon Park,2024-04-17,New
CUST1892,Xavier Konda,Pune,Baner,2025-01-21,Regular
CUST1893,Indali Mane,Mumbai,Dadar,2024-08-04,New
CUST1894,Nidra Krishna,Bangalore,HSR Layout,2023-06-18,New
CUST1895,Yashvi Chauhan,Mumbai,Kurla,2026-01-15,Premium
CUST1896,Viraj Wagle,Mumbai,Dadar,2024-05-09,Regular
CUST1897,Ekaja Sule,Mumbai,Thane,2024-07-22,New
CUST1898,Keya Pau,Pune,Wakad,2024-07-12,Regular
CUST1899,Jonathan Anand,Bangalore,Whitefield,2025-02-12,Premium
CUST1900,Vinaya Nayar,Bangalore,Jayanagar,2025-06-01,New
CUST1901,Mugdha Venkataraman,Pune,Kothrud,2024-07-04,New
CUST1902,Rohan Choudhary,Pune,Kothrud,2025-04-06,Regular
CUST1903,Sanaya Contractor,Pune,Aundh,2025-08-23,Regular
CUST1904,Siya Oza,Pune,Koregaon Park,2025-05-28,New
CUST1905,Nitesh Kala,Pune,Koregaon Park,2025-05-20,Regular
CUST1906,Rudra Nadig,Mumbai,Powai,2023-11-27,New
CUST1907,Farhan Lad,Bangalore,Whitefield,2025-10-02,Regular
CUST1908,Gauri Shanker,Pune,Wakad,2024-02-25,Regular
CUST1909,Ishanvi Mandal,Pune,Koregaon Park,2024-09-11,New
CUST1910,Rajata Tiwari,Mumbai,Kurla,2024-05-14,Premium
CUST1911,Chatura Sarma,Mumbai,Thane,2024-06-26,Premium
CUST1912,Robert Oommen,Bangalore,Whitefield,2024-06-07,Regular
CUST1913,Nisha Rattan,Pune,Hadapsar,2024-09-10,Regular
CUST1914,Hritik Contractor,Bangalore,BTM Layout,2026-04-11,Regular
CUST1915,Bimala Boase,Bangalore,Jayanagar,2026-02-26,Premium
CUST1916,Widisha Sama,Mumbai,Borivali,2025-12-27,Regular
CUST1917,Amara Mital,Bangalore,Whitefield,2025-09-22,Premium
CUST1918,Xavier Kala,Mumbai,Borivali,2025-04-16,New
CUST1919,Advika Bansal,Pune,Kothrud,2026-01-12,Regular
CUST1920,Ayush Nagarajan,Mumbai,Powai,2025-10-01,New
CUST1921,Oliver Chand,Pune,Koregaon Park,2025-11-02,Regular
CUST1922,Sathvik Agarwal,Pune,Baner,2025-07-16,New
CUST1923,Frederick Singh,Bangalore,Koramangala,2024-01-09,Regular
CUST1924,Dayamai Garde,Mumbai,Kurla,2025-01-20,Regular
CUST1925,Faris Anand,Pune,Aundh,2024-04-09,Regular
CUST1926,Yatan More,Mumbai,Borivali,2024-02-19,New
CUST1927,Harrison Sekhon,Pune,Viman Nagar,2025-02-12,Regular
CUST1928,Ansh Modi,Mumbai,Borivali,2024-07-13,Regular
CUST1929,Christopher Kannan,Pune,Wakad,2024-09-11,Regular
CUST1930,Ishaan Chandra,Bangalore,HSR Layout,2023-06-27,Premium
CUST1931,Zaitra Nagy,Pune,Baner,2023-06-15,New
CUST1932,Banjeet Chaudhuri,Bangalore,Indiranagar,2024-07-24,Regular
CUST1933,Tejas Sankaran,Bangalore,Jayanagar,2026-04-26,Regular
CUST1934,Anya Misra,Mumbai,Dadar,2025-03-30,Regular
CUST1935,Ekansh Badal,Mumbai,Thane,2024-03-09,New
CUST1936,Atharv Tella,Pune,Wakad,2024-01-22,New
CUST1937,Deepa Dara,Pune,Hadapsar,2024-07-14,Regular
CUST1938,Arunima Parsa,Mumbai,Powai,2024-04-15,Regular
CUST1939,Anya Kothari,Mumbai,Bandra,2024-04-04,Regular
CUST1940,Lajita Bhatti,Pune,Koregaon Park,2025-02-03,Premium
CUST1941,Saanvi Sahota,Pune,Wakad,2024-10-27,Premium
CUST1942,Harsh Dua,Mumbai,Powai,2025-08-18,New
CUST1943,Yamini Dani,Mumbai,Dadar,2024-04-22,New
CUST1944,Ladli Singh,Pune,Wakad,2024-11-03,New
CUST1945,Amol Gopal,Pune,Baner,2025-07-16,Regular
CUST1946,Pranav Kala,Mumbai,Powai,2025-04-23,Regular
CUST1947,Amrita Kohli,Pune,Baner,2025-03-16,New
CUST1948,Ishita Sarraf,Pune,Koregaon Park,2026-04-09,New
CUST1949,Elijah Banerjee,Mumbai,Andheri,2024-12-26,Regular
CUST1950,Thomas Arora,Pune,Wakad,2024-01-21,Premium
CUST1951,Vritti Pradhan,Mumbai,Kurla,2025-07-31,Regular
CUST1952,Jatin Roy,Pune,Koregaon Park,2025-05-26,Premium
CUST1953,Yagnesh Varghese,Bangalore,Indiranagar,2025-04-26,Regular
CUST1954,Zansi Aurora,Mumbai,Bandra,2025-04-16,Regular
CUST1955,Noah Padmanabhan,Pune,Wakad,2024-09-05,Regular
CUST1956,Kavya Bhat,Pune,Viman Nagar,2024-01-18,Regular
CUST1957,Lipika Zachariah,Pune,Kothrud,2023-12-15,Regular
CUST1958,Ikbal Gara,Mumbai,Powai,2025-10-14,New
CUST1959,Tristan Kuruvilla,Bangalore,Koramangala,2025-04-09,Regular
CUST1960,Chandani Swaminathan,Bangalore,BTM Layout,2025-06-18,New
CUST1961,Advay Padmanabhan,Mumbai,Dadar,2025-12-03,New
CUST1962,Jack Saran,Mumbai,Andheri,2025-09-06,Premium
CUST1963,Deepa Venkatesh,Pune,Koregaon Park,2025-10-06,New
CUST1964,Jason Naidu,Mumbai,Powai,2026-04-03,New
CUST1965,Chakradev Nori,Mumbai,Borivali,2024-07-09,New
CUST1966,Gagan De,Pune,Koregaon Park,2026-03-31,Premium
CUST1967,Michael Varughese,Bangalore,Jayanagar,2024-09-17,Regular
CUST1968,Meghana Thakur,Bangalore,Indiranagar,2025-07-24,Regular
CUST1969,Theodore Bhatt,Pune,Wakad,2024-06-02,New
CUST1970,Vidhi Tiwari,Pune,Hadapsar,2025-05-13,Regular
CUST1971,Manthan Ben,Bangalore,Koramangala,2024-06-21,New
CUST1972,Chakradhar Barman,Bangalore,Indiranagar,2025-01-14,Regular
CUST1973,Yashawini Rout,Pune,Wakad,2024-09-21,Regular
CUST1974,Varenya Roy,Mumbai,Borivali,2025-05-31,Regular
CUST1975,Frado Vig,Mumbai,Kurla,2023-11-19,Premium
CUST1976,Tejas Bhakta,Bangalore,Indiranagar,2023-06-19,New
CUST1977,Nathaniel Bansal,Mumbai,Powai,2026-01-14,Regular
CUST1978,Nikita Randhawa,Mumbai,Andheri,2023-12-13,Regular
CUST1979,Teerth Dhar,Mumbai,Borivali,2024-09-29,New
CUST1980,Harrison Sampath,Bangalore,HSR Layout,2025-03-24,New
CUST1981,Balvan Bhatnagar,Pune,Viman Nagar,2026-01-10,Regular
CUST1982,Reyansh Sem,Bangalore,HSR Layout,2025-08-16,New
CUST1983,Daksh Kumer,Bangalore,BTM Layout,2023-11-13,New
CUST1984,Lajita Dhawan,Bangalore,Indiranagar,2025-08-29,Regular
CUST1985,Pooja Kara,Mumbai,Borivali,2024-11-22,Regular
CUST1986,Riya Sengupta,Pune,Aundh,2024-10-13,Regular
CUST1987,Kritika Varty,Mumbai,Dadar,2026-01-11,New
CUST1988,Hemani Sarma,Pune,Viman Nagar,2024-04-03,Premium
CUST1989,Andrew Hans,Bangalore,Indiranagar,2023-11-02,Regular
CUST1990,Harrison Ravi,Pune,Hadapsar,2023-10-07,Premium
CUST1991,Tara Subramanian,Mumbai,Bandra,2025-01-06,Regular
CUST1992,Neha Chanda,Mumbai,Kurla,2026-03-17,Regular
CUST1993,Chaaya Badami,Bangalore,Whitefield,2023-11-29,Regular
CUST1994,Saksham Sampath,Bangalore,Whitefield,2025-12-02,New
CUST1995,Indali Lad,Bangalore,Jayanagar,2024-10-09,New
CUST1996,Hritik Sura,Pune,Wakad,2025-01-30,Premium
CUST1997,Fiyaz Bora,Pune,Koregaon Park,2023-10-31,Regular
CUST1998,Kashish Dora,Pune,Koregaon Park,2023-12-19,Regular
CUST1999,Timothy Panchal,Mumbai,Dadar,2025-12-10,Regular
CUST2000,Chandani Kohli,Bangalore,Jayanagar,2024-09-29,Regular
CUST2001,Jagat Ramanathan,Pune,Baner,2026-01-11,New
CUST2002,Rishi Dewan,Bangalore,Koramangala,2024-06-03,New
CUST2003,Zashil Batta,Pune,Hadapsar,2026-05-24,Regular
CUST2004,Samaksh Das,Pune,Kothrud,2023-07-22,Premium
CUST2005,Waida Taneja,Pune,Baner,2023-07-22,Regular
CUST2006,Yachana Vig,Mumbai,Kurla,2023-06-30,Regular
CUST2007,Balendra Toor,Bangalore,Koramangala,2024-01-10,Premium
CUST2008,Sanya Peri,Mumbai,Borivali,2024-12-17,New
CUST2009,Samarth Sawhney,Pune,Aundh,2025-04-07,Regular
CUST2010,Qadim Contractor,Pune,Viman Nagar,2023-08-23,New
CUST2011,Onkar Seshadri,Bangalore,Indiranagar,2024-11-28,Regular
CUST2012,Udyati Samra,Pune,Wakad,2023-10-19,Regular
CUST2013,Rajeshri Mukhopadhyay,Pune,Viman Nagar,2024-10-20,Regular
CUST2014,Brinda Khurana,Pune,Viman Nagar,2023-06-26,Regular
CUST2015,David Madan,Mumbai,Dadar,2025-06-06,New
CUST2016,Abhiram Ram,Bangalore,BTM Layout,2025-12-21,Regular
CUST2017,Jyoti Bandi,Mumbai,Dadar,2024-08-31,Regular
CUST2018,Krish Dube,Pune,Wakad,2025-11-14,Regular
CUST2019,Osha Yohannan,Bangalore,HSR Layout,2024-02-20,Regular
CUST2020,Advaith Koshy,Bangalore,Indiranagar,2023-06-28,Regular
CUST2021,Forum Gandhi,Bangalore,HSR Layout,2025-02-04,Premium
CUST2022,Jalsa Murthy,Mumbai,Borivali,2024-09-25,Premium
CUST2023,Siya Chatterjee,Mumbai,Kurla,2024-10-04,Regular
CUST2024,Karan Bassi,Bangalore,HSR Layout,2023-11-10,Premium
CUST2025,Caleb Chadha,Mumbai,Borivali,2023-10-10,New
CUST2026,Elijah Sampath,Bangalore,Indiranagar,2026-01-03,Regular
CUST2027,Forum Srinivas,Bangalore,Jayanagar,2023-11-11,New
CUST2028,Zaid Sathe,Mumbai,Thane,2026-04-04,Premium
CUST2029,Dhriti Sem,Pune,Hadapsar,2024-03-20,New
CUST2030,Anita Krishna,Mumbai,Borivali,2025-05-26,New
CUST2031,Warhi Bhalla,Pune,Baner,2024-07-07,New
CUST2032,Anthony Kar,Pune,Wakad,2025-10-25,Premium
CUST2033,Qabil Rai,Pune,Aundh,2025-02-06,Premium
CUST2034,Wahab Rout,Bangalore,Whitefield,2024-10-16,Premium
CUST2035,Chandran Ghosh,Bangalore,BTM Layout,2026-04-27,Regular
CUST2036,Omya Mistry,Bangalore,Indiranagar,2025-10-22,New
CUST2037,Zansi Apte,Mumbai,Powai,2024-09-28,New
CUST2038,Quincy Bail,Mumbai,Powai,2023-11-08,Premium
CUST2039,William Krishnamurthy,Pune,Wakad,2025-10-31,New
CUST2040,Xalak Magar,Mumbai,Andheri,2024-12-31,Regular
CUST2041,Aarnav Kade,Bangalore,Indiranagar,2024-06-12,Regular
CUST2042,Veda Srivastava,Bangalore,Whitefield,2024-02-04,Regular
CUST2043,Farhan Gade,Pune,Kothrud,2024-05-02,Premium
CUST2044,Yachana Tank,Bangalore,Jayanagar,2024-11-07,Regular
CUST2045,Mekhala Chaudhary,Pune,Viman Nagar,2025-11-14,Regular
CUST2046,Yauvani Pingle,Pune,Hadapsar,2023-12-01,Premium
CUST2047,Aarna Bhavsar,Mumbai,Andheri,2024-06-06,Regular
CUST2048,Gayathri Ahuja,Mumbai,Powai,2025-08-19,Premium
CUST2049,Nikita Sengupta,Mumbai,Thane,2024-06-02,Premium
CUST2050,Vihaan Din,Pune,Aundh,2023-12-23,Regular
CUST2051,Pallavi Rege,Bangalore,Jayanagar,2025-01-23,Premium
CUST2052,Pranav Samra,Pune,Hadapsar,2025-05-09,Regular
CUST2053,Hritik Banerjee,Mumbai,Andheri,2025-08-31,Regular
CUST2054,Wishi Zachariah,Pune,Baner,2023-07-07,Regular
CUST2055,Megha Barad,Pune,Baner,2024-09-30,Regular
CUST2056,Nitesh Jani,Pune,Wakad,2023-10-14,New
CUST2057,Lajita Rajagopal,Bangalore,HSR Layout,2026-02-27,Premium
CUST2058,Ijaya Dewan,Bangalore,BTM Layout,2026-05-09,Regular
CUST2059,Warinder Kohli,Pune,Kothrud,2023-07-29,New
CUST2060,Ayaan Choudhury,Mumbai,Bandra,2025-03-26,New
CUST2061,Krishna Dhaliwal,Pune,Kothrud,2025-10-19,Regular
CUST2062,Ekalinga Shenoy,Pune,Viman Nagar,2024-02-25,Regular
CUST2063,Faraj Chaudhuri,Pune,Kothrud,2023-08-06,Regular
CUST2064,Simon Loke,Bangalore,Indiranagar,2025-08-17,Regular
CUST2065,Rishi Uppal,Mumbai,Borivali,2025-11-19,New
CUST2066,Ekantika Naidu,Mumbai,Dadar,2026-05-21,Regular
CUST2067,Fiyaz Seshadri,Bangalore,BTM Layout,2023-12-07,Premium
CUST2068,Alexander Sant,Bangalore,Indiranagar,2023-06-09,New
CUST2069,Zayyan Chaudhary,Mumbai,Kurla,2026-01-26,Regular
CUST2070,Viraj Borah,Bangalore,BTM Layout,2024-01-22,New
CUST2071,Falan Kothari,Bangalore,HSR Layout,2025-05-31,Regular
CUST2072,Caleb Rama,Mumbai,Bandra,2024-06-05,Regular
CUST2073,Pranit Mandal,Bangalore,Jayanagar,2025-03-06,New
CUST2074,Janani Singh,Mumbai,Bandra,2026-03-07,Premium
CUST2075,Indrajit Deo,Bangalore,HSR Layout,2025-03-08,Regular
CUST2076,Saanvi Kale,Mumbai,Andheri,2023-07-16,Premium
CUST2077,Suhani Chaudhry,Pune,Wakad,2025-06-29,Regular
CUST2078,Ubika Ganguly,Pune,Aundh,2025-01-14,Regular
CUST2079,Ekantika Mital,Pune,Koregaon Park,2024-09-27,Regular
CUST2080,Pavani Vohra,Pune,Viman Nagar,2026-03-01,Premium
CUST2081,Vritti Agate,Mumbai,Andheri,2023-08-26,Regular
CUST2082,Anay Anne,Pune,Baner,2025-06-21,Regular
CUST2083,Rohan Ray,Pune,Baner,2023-11-21,New
CUST2084,Anya Halder,Bangalore,Indiranagar,2025-07-20,New
CUST2085,Ekapad Nagy,Bangalore,Whitefield,2025-07-03,Regular
CUST2086,Manan Gara,Bangalore,Jayanagar,2026-03-16,Premium
CUST2087,Harsh Bumb,Bangalore,Jayanagar,2026-04-13,Regular
CUST2088,Saumya Basak,Mumbai,Borivali,2025-05-20,Premium
CUST2089,Yashawini Gole,Bangalore,Koramangala,2024-10-20,New
CUST2090,Charita De,Pune,Baner,2026-04-27,New
CUST2091,Prisha Raju,Bangalore,BTM Layout,2024-10-02,New
CUST2092,Aarav Magar,Mumbai,Dadar,2024-08-30,Premium
CUST2093,Ayushman Kashyap,Pune,Kothrud,2023-12-17,Regular
CUST2094,Lakshit Datta,Bangalore,Jayanagar,2024-09-13,Regular
CUST2095,Nandini Dhaliwal,Pune,Koregaon Park,2024-01-17,New
CUST2096,Utkarsh Mody,Bangalore,HSR Layout,2025-05-08,New
CUST2097,Lavanya Nigam,Mumbai,Borivali,2024-08-16,Premium
CUST2098,Chanchal Chandra,Pune,Baner,2024-06-13,Regular
CUST2099,Amaira Bir,Bangalore,BTM Layout,2025-11-14,New
CUST2100,Chameli Rege,Pune,Viman Nagar,2025-08-21,Premium
CUST2101,Krish Malhotra,Bangalore,Jayanagar,2024-06-25,New
CUST2102,Onkar Kohli,Pune,Viman Nagar,2024-05-30,Regular
CUST2103,Lopa Halder,Mumbai,Thane,2024-03-31,Regular
CUST2104,Forum Rama,Pune,Baner,2026-01-21,Regular
CUST2105,Anmol Kari,Mumbai,Dadar,2024-04-25,Regular
CUST2106,Warda Deshpande,Bangalore,Whitefield,2024-01-23,Premium
CUST2107,Damini Andra,Bangalore,Whitefield,2025-06-05,Premium
CUST2108,Shivansh Shan,Pune,Viman Nagar,2024-04-18,Premium
CUST2109,Shivansh Panchal,Pune,Wakad,2026-01-24,Regular
CUST2110,Michael Mand,Mumbai,Dadar,2023-06-09,New
CUST2111,Manan Nadig,Bangalore,HSR Layout,2025-10-26,Regular
CUST2112,Ayushman Kale,Bangalore,BTM Layout,2026-01-11,Premium
CUST2113,Oscar Bath,Bangalore,Indiranagar,2026-04-27,Regular
CUST2114,Falguni Mall,Bangalore,Indiranagar,2026-02-01,Regular
CUST2115,Dayita Kumer,Mumbai,Borivali,2025-01-05,Regular
CUST2116,Urmi Iyer,Bangalore,Indiranagar,2024-03-19,New
CUST2117,Meghana Bansal,Pune,Viman Nagar,2024-01-29,Regular
CUST2118,Vedhika Bandi,Pune,Aundh,2025-08-16,New
CUST2119,Aarna Verma,Bangalore,Jayanagar,2025-05-01,Premium
CUST2120,Chaman Lad,Pune,Kothrud,2025-06-15,Premium
CUST2121,Osha Oommen,Pune,Hadapsar,2025-08-17,Premium
CUST2122,Lipika Dyal,Pune,Baner,2024-09-27,New
CUST2123,Harsh Arora,Bangalore,Jayanagar,2023-12-27,New
CUST2124,Om Chakraborty,Mumbai,Kurla,2025-01-25,Premium
CUST2125,Hiral Balakrishnan,Bangalore,Koramangala,2025-09-23,Regular
CUST2126,Yuvraj Basu,Mumbai,Thane,2025-07-05,Regular
CUST2127,Saumya Hans,Bangalore,Jayanagar,2025-05-11,Premium
CUST2128,Siddharth Mital,Mumbai,Bandra,2023-11-08,Regular
CUST2129,Anusha Khanna,Pune,Wakad,2024-08-05,New
CUST2130,Krish Vasa,Bangalore,BTM Layout,2025-04-25,New
CUST2131,Nilima Hora,Bangalore,BTM Layout,2025-05-28,New
CUST2132,Umang Seth,Pune,Wakad,2023-11-22,Regular
CUST2133,Krishna Natarajan,Mumbai,Andheri,2023-08-09,Regular
CUST2134,Devika Deol,Mumbai,Bandra,2023-09-12,Regular
CUST2135,Chakrika Kapur,Bangalore,HSR Layout,2025-08-02,Regular
CUST2136,Chaman Sandal,Mumbai,Bandra,2026-04-30,Premium
CUST2137,Kai Kapur,Mumbai,Thane,2025-01-27,New
CUST2138,Ikbal Mammen,Pune,Wakad,2025-08-19,New
CUST2139,Ranbir Mitter,Pune,Baner,2026-01-16,Premium
CUST2140,Jagrati Pau,Pune,Hadapsar,2026-04-13,Regular
CUST2141,Onveer Chhabra,Pune,Aundh,2026-04-19,New
CUST2142,Veda Kannan,Pune,Kothrud,2024-12-20,Premium
CUST2143,Xavier Bal,Mumbai,Dadar,2023-07-07,Regular
CUST2144,Sai Luthra,Mumbai,Bandra,2024-01-11,Regular
CUST2145,Fariq Sem,Pune,Viman Nagar,2024-01-06,Regular
CUST2146,Om Bhavsar,Mumbai,Dadar,2023-09-13,Regular
CUST2147,Gaurang Tailor,Bangalore,Jayanagar,2025-05-06,Regular
CUST2148,Kiaan Babu,Bangalore,BTM Layout,2026-02-23,Regular
CUST2149,Ekaja Chauhan,Bangalore,Koramangala,2024-11-20,Regular
CUST2150,Oni Panchal,Mumbai,Thane,2023-08-06,Premium
CUST2151,Priya Ray,Pune,Wakad,2024-01-24,Regular
CUST2152,Ishaan Dhaliwal,Mumbai,Dadar,2026-05-17,New
CUST2153,Zilmil Sinha,Mumbai,Borivali,2023-12-09,Regular
CUST2154,Ijaya Dayal,Pune,Wakad,2024-09-26,New
CUST2155,Ojas Oak,Mumbai,Powai,2023-12-01,Regular
CUST2156,Ubika Mutti,Mumbai,Thane,2025-04-03,New
CUST2157,Omaja Narain,Mumbai,Borivali,2026-01-07,Premium
CUST2158,Rishi Nagi,Bangalore,BTM Layout,2024-10-30,Premium
CUST2159,Niharika Tella,Mumbai,Kurla,2024-11-24,Regular
CUST2160,Andrew Pai,Pune,Hadapsar,2025-04-01,Regular
CUST2161,Indira Bath,Pune,Aundh,2023-11-16,Regular
CUST2162,Xalak Chhabra,Bangalore,BTM Layout,2026-04-26,New
CUST2163,Yashvi Prashad,Mumbai,Powai,2025-12-25,Regular
CUST2164,Manan Subramanian,Pune,Kothrud,2026-01-16,Regular
CUST2165,Triya Chakrabarti,Bangalore,Indiranagar,2026-04-12,Premium
CUST2166,Jagrati Mahal,Pune,Baner,2026-01-31,Regular
CUST2167,Gauri Kurian,Bangalore,Jayanagar,2025-11-26,Regular
CUST2168,Kai Pradhan,Bangalore,Jayanagar,2024-09-16,New
CUST2169,Zaitra Magar,Pune,Hadapsar,2026-01-13,Regular
CUST2170,Warinder Walla,Mumbai,Andheri,2026-02-09,Regular
CUST2171,Wyatt Shan,Mumbai,Dadar,2024-01-04,Regular
CUST2172,Ekta Palla,Bangalore,BTM Layout,2023-07-14,Premium
CUST2173,Riya Dewan,Mumbai,Borivali,2023-11-20,Regular
CUST2174,Irya Rege,Pune,Baner,2024-09-20,Regular
CUST2175,Rayaan Dugar,Bangalore,Indiranagar,2025-01-03,New
CUST2176,Devika Johal,Pune,Wakad,2025-03-11,Regular
CUST2177,Zaitra Chandran,Pune,Kothrud,2025-09-02,Regular
CUST2178,Charvi Sur,Bangalore,HSR Layout,2024-09-28,New
CUST2179,Advika Chandra,Pune,Koregaon Park,2025-10-25,Premium
CUST2180,Yahvi Mishra,Pune,Koregaon Park,2023-07-22,Regular
CUST2181,Varenya Puri,Mumbai,Andheri,2023-12-23,Regular
CUST2182,Xavier Bhatia,Mumbai,Borivali,2025-11-24,Premium
CUST2183,Falak Kalla,Bangalore,HSR Layout,2024-04-28,New
CUST2184,Brijesh Nayar,Bangalore,Jayanagar,2025-02-20,Regular
CUST2185,Ekaja Toor,Mumbai,Thane,2024-10-17,New
CUST2186,Sai Sampath,Bangalore,Koramangala,2025-08-22,New
CUST2187,Girik Roy,Bangalore,Whitefield,2024-12-16,Regular
CUST2188,Aradhana Krishna,Bangalore,Indiranagar,2026-03-02,New
CUST2189,Gautami Chaudry,Pune,Koregaon Park,2026-02-17,Regular
CUST2190,Janani Memon,Pune,Wakad,2026-04-26,Premium
CUST2191,Jyoti Devi,Bangalore,BTM Layout,2024-04-09,Premium
CUST2192,Niharika Soman,Mumbai,Powai,2024-10-01,Premium
CUST2193,Chasmum Varughese,Pune,Koregaon Park,2025-06-19,Regular
CUST2194,Wridesh Bhalla,Pune,Wakad,2025-02-13,Regular
CUST2195,Manthan Deo,Bangalore,Jayanagar,2025-03-28,Regular
CUST2196,Vrinda Rana,Bangalore,BTM Layout,2025-06-05,Regular
CUST2197,Lakshit Kadakia,Pune,Kothrud,2024-12-13,Regular
CUST2198,Rachita Ben,Mumbai,Andheri,2024-12-09,New
CUST2199,Raghav Shah,Mumbai,Powai,2025-11-08,Regular
CUST2200,Nidra Vasa,Mumbai,Kurla,2024-06-07,New
CUST2201,Mitesh Chanda,Mumbai,Kurla,2025-08-09,Regular
CUST2202,Prisha Khosla,Mumbai,Thane,2025-06-13,New
CUST2203,Jasmit Bal,Bangalore,Whitefield,2025-05-27,Regular
CUST2204,Dhriti Chandra,Mumbai,Borivali,2024-06-12,New
CUST2205,Darika Bhatia,Pune,Viman Nagar,2026-01-11,New
CUST2206,Devika Sankaran,Bangalore,Jayanagar,2023-11-17,Premium
CUST2207,Megha Palla,Bangalore,Koramangala,2024-12-19,Regular
CUST2208,Lila Tata,Bangalore,BTM Layout,2024-09-16,Premium
CUST2209,Hamsini Banik,Bangalore,Whitefield,2023-08-02,Regular
CUST2210,Unni Rama,Mumbai,Powai,2024-07-17,Regular
CUST2211,Vrinda Rana,Bangalore,Whitefield,2025-03-07,Premium
CUST2212,Upkaar Tandon,Bangalore,BTM Layout,2023-07-16,Regular
CUST2213,Krish Khurana,Bangalore,Jayanagar,2025-08-10,Regular
CUST2214,Faras Grover,Pune,Viman Nagar,2025-09-06,New
CUST2215,Advaith Mani,Mumbai,Bandra,2025-11-21,New
CUST2216,Qabil Sachdeva,Pune,Kothrud,2023-07-14,Regular
CUST2217,Vrinda Krishna,Pune,Hadapsar,2024-06-10,Premium
CUST2218,Vyanjana Sunder,Bangalore,HSR Layout,2023-06-28,Regular
CUST2219,Gautam Balakrishnan,Mumbai,Powai,2025-11-14,Regular
CUST2220,Ranbir Soni,Bangalore,Indiranagar,2025-03-25,New
CUST2221,Yadavi Babu,Pune,Hadapsar,2025-11-22,New
CUST2222,Vamakshi Bedi,Pune,Baner,2026-02-27,Regular
CUST2223,Wazir Shukla,Bangalore,Whitefield,2025-05-25,Regular
CUST2224,Girik Mandal,Pune,Hadapsar,2026-01-11,Regular
CUST2225,Faras Chaudry,Mumbai,Dadar,2025-12-21,Regular
CUST2226,Tanish Kaur,Pune,Aundh,2026-05-10,New
CUST2227,Yauvani Behl,Mumbai,Kurla,2024-07-13,Regular
CUST2228,Manthan Nori,Bangalore,HSR Layout,2026-03-06,Premium
CUST2229,Krisha Madan,Pune,Hadapsar,2025-11-26,New
CUST2230,Upma Bassi,Pune,Hadapsar,2023-09-29,Regular
CUST2231,Anirudh Barad,Bangalore,Whitefield,2024-06-05,Regular
CUST2232,Andrew Sabharwal,Mumbai,Dadar,2025-12-28,New
CUST2233,Adya Mangat,Bangalore,Whitefield,2026-05-27,Regular
CUST2234,Lekha Barman,Bangalore,Whitefield,2024-08-02,Regular
CUST2235,Varsha Prabhakar,Pune,Wakad,2025-07-30,Regular
CUST2236,Viraj Behl,Mumbai,Kurla,2025-06-15,Premium
CUST2237,Mason Sha,Mumbai,Andheri,2025-06-17,Premium
CUST2238,Dayamai Gill,Mumbai,Kurla,2025-09-11,New
CUST2239,Lekha Ghosh,Mumbai,Dadar,2025-11-14,Regular
CUST2240,Chakradev Kar,Pune,Viman Nagar,2023-10-12,Regular
CUST2241,Mohammed Aggarwal,Pune,Viman Nagar,2025-07-17,New
CUST2242,Vasudha Dixit,Mumbai,Dadar,2025-07-10,Premium
CUST2243,Indali Bains,Bangalore,Koramangala,2024-05-07,New
CUST2244,Om Pingle,Pune,Kothrud,2023-08-17,Premium
CUST2245,Avi Krishna,Mumbai,Thane,2024-12-03,Premium
CUST2246,Nidhi Murthy,Mumbai,Bandra,2025-10-04,Regular
CUST2247,Harish Mall,Pune,Koregaon Park,2025-05-13,Regular
CUST2248,Isha Bumb,Pune,Aundh,2024-10-12,New
CUST2249,Deepa Wali,Pune,Kothrud,2023-06-04,Regular
CUST2250,Jai Bhatnagar,Mumbai,Borivali,2025-05-04,New
CUST2251,Damini Suri,Mumbai,Thane,2024-06-16,Regular
CUST2252,Jasmit Pillai,Bangalore,Whitefield,2025-07-08,Regular
CUST2253,Oni Hari,Pune,Aundh,2026-04-26,Premium
CUST2254,Aarav Batta,Bangalore,Jayanagar,2025-06-20,Premium
CUST2255,Eta Walia,Pune,Hadapsar,2025-10-06,New
CUST2256,Faris Subramaniam,Mumbai,Dadar,2024-04-07,Premium
CUST2257,Nachiket Khatri,Pune,Koregaon Park,2025-09-24,Regular
CUST2258,Gagan Buch,Pune,Hadapsar,2023-06-29,Premium
CUST2259,Chaaya Chakraborty,Pune,Baner,2024-08-05,Regular
CUST2260,Guneet Chhabra,Pune,Koregaon Park,2025-08-30,Regular
CUST2261,Nitara Purohit,Bangalore,Jayanagar,2024-06-04,Regular
CUST2262,Yochana Palla,Bangalore,Whitefield,2025-08-10,Regular
CUST2263,Oliver Mane,Pune,Baner,2024-06-27,New
CUST2264,Utkarsh Rege,Mumbai,Powai,2024-05-27,Regular
CUST2265,Praneel Deol,Mumbai,Dadar,2024-12-07,New
CUST2266,Odika Anand,Pune,Wakad,2023-06-08,New
CUST2267,Abeer Parekh,Pune,Viman Nagar,2025-06-29,Regular
CUST2268,Madhav Sahota,Pune,Wakad,2024-08-06,Regular
CUST2269,Harinakshi Andra,Bangalore,Whitefield,2024-05-02,New
CUST2270,Mohini Chahal,Bangalore,Whitefield,2024-10-12,Regular
CUST2271,Vrinda Bhagat,Pune,Koregaon Park,2026-02-05,Regular
CUST2272,Udarsh Nagy,Mumbai,Borivali,2025-03-08,Regular
CUST2273,Tristan Tata,Pune,Koregaon Park,2025-10-28,Regular
CUST2274,Balveer Batta,Bangalore,Koramangala,2024-04-12,New
CUST2275,Lila Dhawan,Pune,Koregaon Park,2024-10-24,Regular
CUST2276,Balveer Tella,Pune,Hadapsar,2024-10-05,Regular
CUST2277,Balvan Ravel,Bangalore,Jayanagar,2024-03-21,Premium
CUST2278,Vrishti Saran,Bangalore,HSR Layout,2025-10-28,Regular
CUST2279,Chasmum Sant,Mumbai,Powai,2026-03-27,Premium
CUST2280,Manthan Konda,Bangalore,Jayanagar,2025-12-24,Premium
CUST2281,Bahadurjit Ramachandran,Pune,Aundh,2025-12-01,Regular
CUST2282,Aayush Ratti,Bangalore,Indiranagar,2023-07-20,New
CUST2283,Samarth Wason,Bangalore,HSR Layout,2026-03-18,New
CUST2284,Frado Nadkarni,Mumbai,Dadar,2024-06-18,Regular
CUST2285,Abeer Korpal,Mumbai,Thane,2026-05-06,New
CUST2286,Yoshita Dhingra,Pune,Wakad,2025-07-07,Premium
CUST2287,Darsh Dhar,Bangalore,Whitefield,2024-01-09,Premium
CUST2288,Naveen Bhardwaj,Mumbai,Bandra,2025-01-25,Regular
CUST2289,Pallavi Bava,Bangalore,Whitefield,2025-03-02,Regular
CUST2290,Om Bora,Mumbai,Thane,2026-01-31,Regular
CUST2291,Frederick Kohli,Pune,Kothrud,2025-07-29,New
CUST2292,Chanchal Wali,Mumbai,Thane,2024-05-22,Premium
CUST2293,Jacob Gupta,Mumbai,Kurla,2023-11-08,Regular
CUST2294,Kiaan Mannan,Bangalore,Indiranagar,2024-01-30,Regular
CUST2295,Jacob Arora,Mumbai,Kurla,2026-03-29,Regular
CUST2296,Henry Goyal,Pune,Baner,2023-07-16,Regular
CUST2297,Maanav Kulkarni,Pune,Aundh,2025-10-08,Regular
CUST2298,Hitesh Sem,Mumbai,Thane,2024-12-26,Regular
CUST2299,Sachi Kalla,Pune,Viman Nagar,2025-09-24,New
CUST2300,Laban Khare,Pune,Kothrud,2024-01-22,Regular
CUST2301,Dayita Wali,Mumbai,Bandra,2023-06-14,Premium
CUST2302,Upkaar Muni,Bangalore,HSR Layout,2023-10-11,Regular
CUST2303,Azad Bala,Mumbai,Borivali,2025-10-08,Regular
CUST2304,Faraj Narain,Bangalore,Jayanagar,2024-07-08,New
CUST2305,Charvi Munshi,Bangalore,Jayanagar,2025-03-11,New
CUST2306,Yash Raval,Bangalore,BTM Layout,2023-08-22,Premium
CUST2307,Abhiram Chaudhuri,Pune,Viman Nagar,2023-11-21,Regular
CUST2308,Kevin Babu,Mumbai,Borivali,2024-06-23,New
CUST2309,Raksha Kurian,Mumbai,Bandra,2023-10-12,Regular
CUST2310,Urvashi Chada,Mumbai,Andheri,2024-12-02,Regular
CUST2311,Kala Lanka,Bangalore,BTM Layout,2024-06-29,Regular
CUST2312,William Gandhi,Mumbai,Powai,2026-01-24,Regular
CUST2313,Amara Sem,Bangalore,Koramangala,2024-06-23,New
CUST2314,Ladli Dara,Pune,Viman Nagar,2023-10-12,Premium
CUST2315,Yashasvi Das,Bangalore,Koramangala,2025-05-27,Regular
CUST2316,Luke Ramanathan,Bangalore,Indiranagar,2025-08-14,Regular
CUST2317,Chanchal Saini,Mumbai,Thane,2023-06-11,Regular
CUST2318,Aarna Mangat,Mumbai,Bandra,2023-12-28,New
CUST2319,Naveen Toor,Mumbai,Powai,2025-01-12,Regular
CUST2320,Aadhya Peri,Bangalore,Whitefield,2025-04-27,Premium
CUST2321,Chaaya Walia,Mumbai,Dadar,2025-05-22,Premium
CUST2322,Isaac Rau,Mumbai,Andheri,2025-08-02,Regular
CUST2323,Omisha Mane,Bangalore,BTM Layout,2025-05-26,Regular
CUST2324,Eta Narula,Pune,Aundh,2025-08-11,New
CUST2325,Samarth Varma,Mumbai,Borivali,2025-04-11,Premium
CUST2326,Indali Krish,Pune,Hadapsar,2025-10-29,Regular
CUST2327,Harinakshi Apte,Mumbai,Andheri,2025-03-18,Premium
CUST2328,Mekhala Madan,Pune,Wakad,2023-07-11,Regular
CUST2329,Isaac Dhar,Bangalore,HSR Layout,2024-01-27,Regular
CUST2330,Bhavani Pau,Bangalore,HSR Layout,2024-10-04,Regular
CUST2331,Raghav Walla,Mumbai,Borivali,2025-01-17,New
CUST2332,Idika Borra,Pune,Kothrud,2025-09-10,New
CUST2333,Zaid Mukherjee,Bangalore,HSR Layout,2024-07-05,Premium
CUST2334,Oni Sem,Mumbai,Kurla,2023-12-15,Regular
CUST2335,Waida Sathe,Mumbai,Kurla,2024-02-29,Regular
CUST2336,Oscar Issac,Pune,Koregaon Park,2024-12-20,New
CUST2337,Owen Sankar,Pune,Wakad,2024-02-06,Regular
CUST2338,Ridhi Krishna,Mumbai,Dadar,2026-04-11,Regular
CUST2339,Gopal Uppal,Pune,Koregaon Park,2023-07-06,New
CUST2340,Rachana Brar,Mumbai,Kurla,2025-07-05,Regular
CUST2341,Falan Doshi,Bangalore,BTM Layout,2026-01-04,Premium
CUST2342,Triveni Karpe,Bangalore,Indiranagar,2024-12-17,Regular
CUST2343,Kashvi Kale,Mumbai,Borivali,2025-08-13,Premium
CUST2344,Yatin Bobal,Mumbai,Powai,2026-01-29,New
CUST2345,Anthony Prasad,Mumbai,Borivali,2026-03-27,New
CUST2346,Harish Pall,Mumbai,Kurla,2024-06-02,Regular
CUST2347,Atharv Deshmukh,Bangalore,BTM Layout,2025-09-23,New
CUST2348,Oliver Srinivas,Bangalore,BTM Layout,2025-12-13,Regular
CUST2349,Elijah Kibe,Pune,Viman Nagar,2024-07-04,Regular
CUST2350,Siya Palla,Mumbai,Andheri,2024-11-25,Regular
CUST2351,Isaiah Murthy,Bangalore,Koramangala,2023-08-08,New
CUST2352,Daksh Cherian,Bangalore,BTM Layout,2024-10-29,Premium
CUST2353,Ranbir Nath,Mumbai,Thane,2025-08-29,Regular
CUST2354,George Kunda,Bangalore,BTM Layout,2024-12-04,New
CUST2355,Qadim Kumar,Mumbai,Dadar,2024-11-20,Regular
CUST2356,Indira Arya,Bangalore,Koramangala,2023-11-05,Regular
CUST2357,Amaira Banerjee,Bangalore,BTM Layout,2024-10-14,Regular
CUST2358,Lekha Deshmukh,Pune,Baner,2025-04-21,Regular
CUST2359,Vanya Sarna,Pune,Kothrud,2026-04-15,Regular
CUST2360,Anay Khalsa,Mumbai,Borivali,2024-10-23,Regular
CUST2361,Aadi Deol,Mumbai,Powai,2024-06-21,Premium
CUST2362,Faris Gola,Mumbai,Powai,2025-12-14,New
CUST2363,Raghav Shetty,Bangalore,BTM Layout,2025-07-17,Regular
CUST2364,Chakradev Wable,Bangalore,BTM Layout,2025-09-02,New
CUST2365,Januja Buch,Bangalore,HSR Layout,2025-04-30,Regular
CUST2366,Dayamai Tara,Bangalore,Koramangala,2026-04-06,Regular
CUST2367,Dayamai Nadig,Mumbai,Kurla,2024-02-04,Regular
CUST2368,Nisha Dass,Pune,Baner,2024-11-01,Regular
CUST2369,Jatin Munshi,Pune,Viman Nagar,2025-11-17,New
CUST2370,Yochana Sethi,Mumbai,Powai,2026-05-04,New
CUST2371,Jairaj Bail,Mumbai,Powai,2024-09-05,Premium
CUST2372,Jyoti Sridhar,Pune,Hadapsar,2026-04-26,New
CUST2373,Liam Rajagopal,Pune,Viman Nagar,2023-07-04,Regular
CUST2374,Samuel Amble,Bangalore,HSR Layout,2024-12-03,Regular
CUST2375,Rehaan Chakrabarti,Pune,Baner,2026-01-07,Regular
CUST2376,Anay Dani,Pune,Kothrud,2024-03-31,New
CUST2377,Thomas Chopra,Bangalore,Koramangala,2024-02-02,Regular
CUST2378,Mason Koshy,Pune,Wakad,2024-04-03,Regular
CUST2379,Zaid Manne,Pune,Aundh,2024-03-13,Regular
CUST2380,Gunbir Ramanathan,Mumbai,Kurla,2024-12-02,Regular
CUST2381,Tamanna Sur,Bangalore,HSR Layout,2024-03-16,Regular
CUST2382,Faraj Purohit,Pune,Wakad,2025-09-10,Regular
CUST2383,Chaman Bose,Mumbai,Andheri,2023-10-04,Regular
CUST2384,Teerth Rout,Pune,Koregaon Park,2026-05-02,New
CUST2385,Devansh Gole,Mumbai,Thane,2023-10-23,Regular
CUST2386,Bachittar Mani,Bangalore,BTM Layout,2025-06-11,New
CUST2387,Maanas Chada,Bangalore,Jayanagar,2025-03-09,Regular
CUST2388,Ubika Sarna,Mumbai,Bandra,2025-06-08,Regular
CUST2389,Ira Purohit,Mumbai,Andheri,2025-04-08,New
CUST2390,Nidra Buch,Mumbai,Thane,2026-01-18,Regular
CUST2391,Jagdish Kapur,Bangalore,Jayanagar,2023-10-10,Premium
CUST2392,Qabil Sahni,Pune,Viman Nagar,2025-08-06,Regular
CUST2393,Logan Munshi,Mumbai,Borivali,2024-09-13,Premium
CUST2394,Yutika Mammen,Mumbai,Powai,2025-02-25,New
CUST2395,Lajita Kari,Pune,Baner,2024-05-09,Regular
CUST2396,Sara Walla,Mumbai,Thane,2023-11-03,Regular
CUST2397,Deepa Mall,Bangalore,Indiranagar,2023-07-26,Regular
CUST2398,Aarnav Narain,Bangalore,Indiranagar,2024-01-08,Regular
CUST2399,Dalaja Doshi,Bangalore,Jayanagar,2025-05-23,Premium
CUST2400,Kashvi Chandra,Mumbai,Borivali,2025-09-07,New
CUST2401,Vidhi Barad,Pune,Aundh,2023-11-23,New
CUST2402,Warda Nagi,Mumbai,Andheri,2024-03-03,Regular
CUST2403,Jagvi Sanghvi,Bangalore,HSR Layout,2024-10-14,Regular
CUST2404,Ansh Balan,Bangalore,Whitefield,2024-06-02,New
CUST2405,Ekani Chaudhuri,Pune,Koregaon Park,2023-07-19,Regular
CUST2406,Yutika Gera,Pune,Viman Nagar,2026-05-12,Regular
CUST2407,Arjun Prasad,Pune,Viman Nagar,2025-08-11,Regular
CUST2408,Vrinda Kibe,Bangalore,Koramangala,2023-11-26,New
CUST2409,Nikita Nagar,Bangalore,Indiranagar,2024-01-17,Regular
CUST2410,Faras Bains,Bangalore,BTM Layout,2024-12-24,Premium
CUST2411,Parth Virk,Pune,Koregaon Park,2025-09-22,Regular
CUST2412,Odika Sem,Mumbai,Powai,2025-04-07,Regular
CUST2413,Harshil Panchal,Pune,Hadapsar,2023-07-23,Regular
CUST2414,Jagrati Bora,Mumbai,Kurla,2026-05-23,Regular
CUST2415,Aradhana Kamdar,Bangalore,Whitefield,2024-04-17,New
CUST2416,Hemangini Atwal,Pune,Baner,2024-11-23,Regular
CUST2417,Anya Ramakrishnan,Mumbai,Thane,2026-02-06,Regular
CUST2418,Vaishnavi Brar,Pune,Baner,2025-01-05,Premium
CUST2419,Tanveer Bhattacharyya,Mumbai,Bandra,2025-11-29,Regular
CUST2420,Aarav Keer,Mumbai,Bandra,2026-03-09,Regular
CUST2421,Ladli Bakshi,Pune,Hadapsar,2025-06-09,Regular
CUST2422,Vincent Comar,Pune,Viman Nagar,2023-08-19,Regular
CUST2423,Orinder Manda,Pune,Viman Nagar,2025-01-16,Regular
CUST2424,Ijaya Bath,Mumbai,Dadar,2023-11-23,New
CUST2425,Rachita Ben,Pune,Koregaon Park,2025-05-23,New
CUST2426,Daniel Biswas,Bangalore,Whitefield,2025-10-21,Regular
CUST2427,Kavya Som,Pune,Kothrud,2024-04-14,New
CUST2428,Vivaan Koshy,Bangalore,Koramangala,2023-11-29,Premium
CUST2429,Ikbal Hegde,Bangalore,HSR Layout,2024-02-09,New
CUST2430,Tara Mital,Bangalore,Whitefield,2023-08-07,Premium
CUST2431,Abhiram Mohan,Bangalore,Koramangala,2024-08-05,Regular
CUST2432,Banjeet Bhagat,Mumbai,Thane,2026-02-10,Regular
CUST2433,Jatin Ravel,Bangalore,Koramangala,2024-03-31,Regular
CUST2434,Bimala Handa,Pune,Kothrud,2024-08-25,Premium
CUST2435,Turvi Dara,Mumbai,Andheri,2025-09-06,Regular
CUST2436,Anamika Modi,Mumbai,Powai,2025-03-14,Regular
CUST2437,Dayamai Kale,Mumbai,Andheri,2026-05-14,Regular
CUST2438,Rushil Merchant,Bangalore,Koramangala,2023-12-05,Regular
CUST2439,Vasana Chopra,Mumbai,Andheri,2023-10-05,Premium
CUST2440,Kai Narasimhan,Mumbai,Dadar,2025-08-10,New
CUST2441,Nitesh Sur,Bangalore,Koramangala,2026-03-23,Premium
CUST2442,Girindra Sodhi,Bangalore,Indiranagar,2023-10-18,New
CUST2443,Manthan Soni,Mumbai,Andheri,2026-05-23,Regular
CUST2444,Jagdish Chaudhary,Mumbai,Thane,2025-11-09,New
CUST2445,Vasatika Dhaliwal,Bangalore,HSR Layout,2025-06-04,Regular
CUST2446,Panini Gera,Pune,Koregaon Park,2025-09-19,New
CUST2447,Vinaya Ganesh,Bangalore,BTM Layout,2025-01-11,New
CUST2448,Kai Dugar,Mumbai,Andheri,2025-07-02,Regular
CUST2449,Om Bala,Bangalore,Whitefield,2025-10-14,Regular
CUST2450,Dominic Mannan,Mumbai,Andheri,2024-11-11,New
CUST2451,Rachit Sami,Pune,Baner,2026-03-19,Regular
CUST2452,Madhavi Dhingra,Pune,Kothrud,2024-01-20,New
CUST2453,Ijaya Khurana,Bangalore,Jayanagar,2024-01-20,Regular
CUST2454,Dhruv Edwin,Bangalore,BTM Layout,2024-05-26,New
CUST2455,Shivansh Ghosh,Bangalore,Indiranagar,2025-09-13,Premium
CUST2456,Widisha Kari,Pune,Hadapsar,2023-06-19,New
CUST2457,Karan Grover,Bangalore,Koramangala,2024-07-13,Regular
CUST2458,Matthew Wason,Bangalore,Koramangala,2026-02-13,New
CUST2459,Veer Kala,Bangalore,Indiranagar,2024-05-05,New
CUST2460,Neelima Grover,Bangalore,Koramangala,2026-05-11,Premium
CUST2461,Om Badal,Pune,Kothrud,2026-03-10,Regular
CUST2462,Unnati Iyengar,Bangalore,Koramangala,2024-12-03,Premium
CUST2463,Yashodhara Singh,Pune,Koregaon Park,2024-03-02,Regular
CUST2464,Nitara Palla,Bangalore,Indiranagar,2024-02-12,New
CUST2465,Saanvi Arora,Pune,Kothrud,2024-05-09,Regular
CUST2466,Yashica Sama,Bangalore,Jayanagar,2025-11-11,Regular
CUST2467,Vasatika Bhardwaj,Pune,Hadapsar,2025-11-29,Regular
CUST2468,Oliver Chokshi,Pune,Baner,2025-03-10,Premium
CUST2469,Neel Rout,Pune,Aundh,2023-08-13,New
CUST2470,Ekani Ratti,Pune,Baner,2025-08-14,New
CUST2471,Forum Dalal,Mumbai,Bandra,2026-02-28,Regular
CUST2472,Agastya Varghese,Pune,Hadapsar,2025-06-30,Regular
CUST2473,Nicholas Kanda,Pune,Kothrud,2023-08-10,New
CUST2474,Veer Bajwa,Bangalore,Koramangala,2025-10-07,New
CUST2475,Mugdha Sule,Bangalore,BTM Layout,2024-02-10,Regular
CUST2476,Warinder Solanki,Pune,Koregaon Park,2025-06-03,Premium
CUST2477,Advaith Madan,Pune,Koregaon Park,2024-04-27,New
CUST2478,Gopal Chada,Pune,Hadapsar,2025-10-16,Regular
CUST2479,Omya Iyer,Mumbai,Thane,2025-09-17,Regular
CUST2480,Ronith Mahajan,Mumbai,Dadar,2026-01-08,New
CUST2481,Radhika Buch,Pune,Hadapsar,2025-10-25,New
CUST2482,Harshil Pingle,Mumbai,Thane,2025-05-09,New
CUST2483,Vyanjana Memon,Pune,Viman Nagar,2025-04-24,Regular
CUST2484,Thomas Parmar,Bangalore,Indiranagar,2025-12-27,Regular
CUST2485,Anamika Borde,Bangalore,Koramangala,2023-10-25,Regular
CUST2486,Unni Agrawal,Mumbai,Powai,2024-08-08,Regular
CUST2487,Radhika Wali,Bangalore,Indiranagar,2025-05-20,New
CUST2488,Caleb Bumb,Bangalore,Koramangala,2025-03-13,Regular
CUST2489,Ojas Menon,Bangalore,BTM Layout,2025-02-28,New
CUST2490,Jonathan Subramanian,Bangalore,Jayanagar,2024-02-20,New
CUST2491,Janaki Din,Pune,Wakad,2024-12-27,New
CUST2492,Finn Pillay,Pune,Hadapsar,2023-11-03,Premium
CUST2493,Deepa Goda,Mumbai,Thane,2023-11-23,New
CUST2494,Triya Luthra,Bangalore,Koramangala,2025-11-12,New
CUST2495,Azad Gaba,Mumbai,Powai,2025-11-05,New
CUST2496,Indrajit Bal,Mumbai,Powai,2023-08-03,Regular
CUST2497,Lajita Kala,Mumbai,Andheri,2024-02-24,New
CUST2498,Inaya Venkataraman,Pune,Viman Nagar,2023-12-14,New
CUST2499,Sanaya Mutti,Pune,Kothrud,2026-05-02,Regular
CUST2500,Anya Swaminathan,Pune,Wakad,2023-06-16,Regular
CUST2501,Jatin Raj,Bangalore,BTM Layout,2026-01-14,Regular
CUST2502,Devika Sharma,Pune,Hadapsar,2025-01-31,Regular
CUST2503,Chasmum Prashad,Mumbai,Bandra,2024-07-19,Regular
CUST2504,Chanakya Kothari,Mumbai,Bandra,2024-12-02,New
CUST2505,Teerth Shetty,Bangalore,HSR Layout,2025-03-22,Premium
CUST2506,Ishita Menon,Mumbai,Bandra,2023-11-27,New
CUST2507,Lekha Pal,Bangalore,HSR Layout,2025-07-10,New
CUST2508,Isaac Verma,Mumbai,Bandra,2026-01-18,New
CUST2509,Raagini Jain,Bangalore,HSR Layout,2025-04-16,New
CUST2510,Ishaan Uppal,Mumbai,Bandra,2023-08-28,Regular
CUST2511,Indira Suri,Pune,Hadapsar,2024-12-12,Regular
CUST2512,Ojasvi Bhalla,Mumbai,Bandra,2024-06-11,Regular
CUST2513,David Seshadri,Pune,Hadapsar,2023-12-15,Regular
CUST2514,Nitesh Nath,Mumbai,Bandra,2024-12-23,New
CUST2515,Divya Ghosh,Mumbai,Thane,2025-09-15,Regular
CUST2516,Maya Lala,Mumbai,Bandra,2026-01-31,Premium
CUST2517,Yamini Kalita,Bangalore,Indiranagar,2023-07-17,Regular
CUST2518,Harish Ravi,Bangalore,BTM Layout,2024-03-27,Premium
CUST2519,Yadavi Dube,Bangalore,BTM Layout,2024-12-03,Premium
CUST2520,Faras Raja,Pune,Kothrud,2024-05-10,Premium
CUST2521,Shivani Som,Mumbai,Kurla,2026-05-15,Premium
CUST2522,Dev Mandal,Bangalore,HSR Layout,2024-04-27,Premium
CUST2523,Madhavi Mani,Mumbai,Andheri,2026-05-01,Regular
CUST2524,Gagan Solanki,Bangalore,Indiranagar,2024-04-16,New
CUST2525,Turvi Bassi,Mumbai,Borivali,2025-07-17,New
CUST2526,Odika Thaker,Bangalore,Indiranagar,2025-01-31,Premium
CUST2527,Yutika Hari,Pune,Kothrud,2023-10-13,Premium
CUST2528,Michael Sheth,Pune,Kothrud,2024-10-11,Regular
CUST2529,Odika Barad,Bangalore,Koramangala,2025-04-29,Regular
CUST2530,Bhavna Dhaliwal,Mumbai,Thane,2025-03-04,Premium
CUST2531,Chanchal Nair,Bangalore,Koramangala,2024-11-28,Regular
CUST2532,Priya Lalla,Pune,Koregaon Park,2025-06-16,Regular
CUST2533,Pratyush Borra,Pune,Hadapsar,2023-09-12,Regular
CUST2534,Yashasvi Dube,Pune,Wakad,2024-12-01,Regular
CUST2535,Yauvani Rai,Pune,Hadapsar,2023-07-14,Premium
CUST2536,Dhriti Chaudhry,Pune,Kothrud,2026-05-16,Regular
CUST2537,Agastya Reddy,Pune,Hadapsar,2024-01-06,Regular
CUST2538,Gaurangi Salvi,Bangalore,Jayanagar,2026-02-01,Regular
CUST2539,Vasudha Mand,Mumbai,Thane,2023-11-15,Regular
CUST2540,Upasna Dhaliwal,Bangalore,HSR Layout,2025-10-05,New
CUST2541,Yoshita Bumb,Mumbai,Dadar,2024-01-08,Regular
CUST2542,Vritti Hari,Bangalore,Koramangala,2026-04-30,Premium
CUST2543,Tarak Srivastava,Pune,Kothrud,2024-05-01,Premium
CUST2544,Jason Dhillon,Mumbai,Borivali,2025-08-17,New
CUST2545,Siddharth Varghese,Mumbai,Kurla,2024-12-21,New
CUST2546,Chakrika Shere,Bangalore,BTM Layout,2025-02-18,Regular
CUST2547,Vinaya Subramanian,Pune,Aundh,2025-11-11,Regular
CUST2548,Advika Shanker,Bangalore,Whitefield,2024-02-06,Regular
CUST2549,Hemani Dhillon,Pune,Viman Nagar,2024-11-07,Premium
CUST2550,Zilmil Goda,Bangalore,Whitefield,2026-03-25,Premium
CUST2551,Aashi Sawhney,Pune,Kothrud,2023-09-13,Regular
CUST2552,Yashoda Lal,Bangalore,Koramangala,2025-08-19,Regular
CUST2553,Mahika Chander,Pune,Hadapsar,2026-05-24,Regular
CUST2554,Caleb Narang,Pune,Viman Nagar,2024-01-17,Regular
CUST2555,Turvi Bhatt,Pune,Wakad,2024-04-11,Premium
CUST2556,Pranit Lala,Pune,Viman Nagar,2024-02-02,New
CUST2557,Orinder Khare,Mumbai,Dadar,2024-03-08,Premium
CUST2558,Manya Sachdeva,Bangalore,Jayanagar,2023-10-06,New
CUST2559,Faras Raman,Bangalore,Indiranagar,2024-02-24,Regular
CUST2560,Veer Comar,Mumbai,Borivali,2023-12-14,Regular
CUST2561,Amruta Badal,Mumbai,Andheri,2024-09-23,New
CUST2562,Dayita Ratta,Mumbai,Thane,2024-09-03,Regular
CUST2563,Oscar Savant,Bangalore,Koramangala,2025-10-16,Regular
CUST2564,Farhan Muni,Bangalore,Jayanagar,2025-02-14,Premium
CUST2565,Yuvraj Biswas,Mumbai,Thane,2023-10-28,Regular
CUST2566,Aarna Patla,Bangalore,Jayanagar,2026-01-13,Premium
CUST2567,Kalpit Rama,Pune,Wakad,2024-10-05,Premium
CUST2568,Tarak Vohra,Mumbai,Andheri,2025-08-12,New
CUST2569,Harish Sabharwal,Pune,Baner,2025-05-26,Premium
CUST2570,Divya Kashyap,Pune,Koregaon Park,2024-05-01,New
CUST2571,Aadhya Tripathi,Pune,Hadapsar,2024-12-13,New
CUST2572,Jagat Bhakta,Pune,Aundh,2023-11-11,New
CUST2573,Gagan Bala,Bangalore,Koramangala,2024-03-04,New
CUST2574,Aradhana Kade,Bangalore,BTM Layout,2024-04-28,Premium
CUST2575,Oeshi Keer,Mumbai,Powai,2023-06-09,Regular
CUST2576,Dalbir Mukhopadhyay,Bangalore,Jayanagar,2023-10-15,New
CUST2577,Anamika Nadig,Pune,Koregaon Park,2025-09-06,New
CUST2578,Samar Mane,Pune,Aundh,2026-03-11,Premium
CUST2579,Frederick Sarin,Bangalore,Whitefield,2024-11-13,Regular
CUST2580,Yadavi Pall,Mumbai,Dadar,2023-07-26,Regular
CUST2581,Hemangini Balasubramanian,Mumbai,Thane,2025-08-04,Regular
CUST2582,Indrajit Ramesh,Bangalore,BTM Layout,2024-05-06,Premium
CUST2583,Gaurika Dar,Mumbai,Thane,2024-03-10,Regular
CUST2584,Sneha Bal,Pune,Aundh,2025-02-26,Regular
CUST2585,Indira Muni,Mumbai,Bandra,2026-06-01,Regular
CUST2586,Urishilla Sangha,Mumbai,Kurla,2024-09-22,Premium
CUST2587,Dalbir Karan,Pune,Baner,2025-11-18,New
CUST2588,Kevin Dugar,Pune,Viman Nagar,2025-12-19,Premium
CUST2589,Dayamai Cherian,Bangalore,BTM Layout,2024-07-22,New
CUST2590,Eshana Lata,Pune,Aundh,2026-05-15,Regular
CUST2591,Diya Patil,Bangalore,Indiranagar,2024-09-02,New
CUST2592,Janaki Kamdar,Pune,Koregaon Park,2026-01-13,Premium
CUST2593,Victor Magar,Bangalore,Indiranagar,2024-12-21,Regular
CUST2594,Fariq Mand,Mumbai,Bandra,2024-06-22,New
CUST2595,Zinal Panchal,Bangalore,Koramangala,2024-03-31,Regular
CUST2596,Nisha Dhillon,Mumbai,Bandra,2023-08-23,Regular
CUST2597,Wahab Bhandari,Bangalore,Indiranagar,2024-01-07,Regular
CUST2598,Oscar Dhar,Pune,Koregaon Park,2024-07-11,Regular
CUST2599,Gautam Shah,Mumbai,Kurla,2024-03-16,New
CUST2600,Libni Suresh,Mumbai,Powai,2024-10-19,New
CUST2601,Indira Kakar,Bangalore,BTM Layout,2023-08-21,Premium
CUST2602,Fitan Kumar,Mumbai,Dadar,2023-12-14,Regular
CUST2603,Harinakshi Dash,Mumbai,Powai,2024-04-12,Premium
CUST2604,Zayyan Bhat,Bangalore,Jayanagar,2024-11-20,New
CUST2605,Girik Pandya,Bangalore,Jayanagar,2025-11-10,Premium
CUST2606,Praneel Shan,Mumbai,Powai,2023-07-06,Regular
CUST2607,David Mital,Bangalore,HSR Layout,2024-11-28,Premium
CUST2608,Warjas Shenoy,Pune,Hadapsar,2026-01-21,Regular
CUST2609,Libni Prabhu,Mumbai,Andheri,2024-08-18,Regular
CUST2610,Yahvi Toor,Pune,Kothrud,2024-12-24,Regular
CUST2611,Girish Nazareth,Mumbai,Andheri,2025-02-26,Regular
CUST2612,Azad Shanker,Pune,Viman Nagar,2023-09-03,Regular
CUST2613,Ira Ramaswamy,Mumbai,Bandra,2024-07-17,New
CUST2614,Yug Loyal,Bangalore,HSR Layout,2025-07-10,Regular
CUST2615,Logan Venkataraman,Pune,Viman Nagar,2025-09-30,Regular
CUST2616,Ishanvi Kari,Mumbai,Powai,2023-12-15,Regular
CUST2617,Anmol Sodhi,Bangalore,Koramangala,2025-04-19,Premium
CUST2618,Manbir Kumar,Mumbai,Thane,2023-11-23,New
CUST2619,Ijaya Saraf,Mumbai,Powai,2026-04-25,Regular
CUST2620,Vasatika Barad,Pune,Baner,2023-09-28,Regular
CUST2621,Onkar Acharya,Mumbai,Thane,2023-10-29,Premium
CUST2622,Wriddhish Khalsa,Pune,Wakad,2023-08-11,Regular
CUST2623,Aryan Mani,Mumbai,Dadar,2024-08-05,Premium
CUST2624,Gautami Vyas,Mumbai,Powai,2024-05-11,New
CUST2625,Janani Comar,Bangalore,HSR Layout,2023-08-31,Regular
CUST2626,Pushti Dayal,Mumbai,Bandra,2023-12-01,Premium
CUST2627,Bakhshi Cheema,Bangalore,Koramangala,2024-05-29,New
CUST2628,Hamsini Arya,Mumbai,Thane,2026-05-02,Premium
CUST2629,Warinder Krishnamurthy,Bangalore,Whitefield,2024-02-01,New
CUST2630,Utkarsh Sachdev,Bangalore,HSR Layout,2024-12-22,New
CUST2631,Devansh Sastry,Mumbai,Dadar,2024-01-13,Premium
CUST2632,Yashodhara Ravi,Mumbai,Bandra,2025-12-08,Regular
CUST2633,Manya Manne,Bangalore,BTM Layout,2024-04-02,Regular
CUST2634,Bina Sabharwal,Pune,Wakad,2025-03-10,New
CUST2635,Jai Dani,Mumbai,Powai,2024-11-16,Regular
CUST2636,Liam Gour,Pune,Aundh,2024-10-20,Premium
CUST2637,Garima Merchant,Bangalore,Whitefield,2025-05-29,Regular
CUST2638,Prisha Chowdhury,Bangalore,HSR Layout,2026-01-06,New
CUST2639,Zansi Tailor,Pune,Wakad,2025-11-28,New
CUST2640,Gunbir Mishra,Bangalore,Jayanagar,2024-05-09,Regular
CUST2641,Anya Morar,Bangalore,Jayanagar,2025-11-15,Premium
CUST2642,Chakradev Keer,Mumbai,Bandra,2024-01-23,Regular
CUST2643,Nitara Ghosh,Bangalore,Jayanagar,2023-08-19,New
CUST2644,Zayyan Sarraf,Pune,Aundh,2026-03-24,New
CUST2645,Ijaya Chaudhary,Pune,Viman Nagar,2026-02-03,Regular
CUST2646,Siddharth Bassi,Bangalore,HSR Layout,2024-04-26,Regular
CUST2647,Manya Mistry,Mumbai,Dadar,2024-11-05,Regular
CUST2648,Bakhshi Mand,Bangalore,Koramangala,2025-02-21,Regular
CUST2649,Idika Mital,Bangalore,BTM Layout,2024-07-03,New
CUST2650,Faris Golla,Mumbai,Bandra,2025-04-18,Regular
CUST2651,Aarna Chaudhary,Pune,Baner,2024-04-29,Regular
CUST2652,Bina Amble,Bangalore,Indiranagar,2025-06-16,Regular
CUST2653,Geetika Joshi,Pune,Baner,2024-01-14,Regular
CUST2654,Yashawini Taneja,Bangalore,Whitefield,2023-12-19,New
CUST2655,Qushi Badal,Mumbai,Borivali,2025-02-04,Regular
CUST2656,Lakshmi Krishnamurthy,Pune,Viman Nagar,2025-03-15,New
CUST2657,Ekbal Sinha,Bangalore,Indiranagar,2023-12-11,Regular
CUST2658,Zinal Golla,Bangalore,Indiranagar,2024-11-20,Regular
CUST2659,Nidra Loke,Mumbai,Kurla,2026-02-19,Premium
CUST2660,Krisha Sule,Mumbai,Powai,2025-12-11,Regular
CUST2661,Dalaja Karpe,Bangalore,Whitefield,2024-11-01,New
CUST2662,Pratyush Mishra,Bangalore,Whitefield,2025-03-07,Premium
CUST2663,Girish Nagy,Pune,Wakad,2025-01-19,Regular
CUST2664,Xiti Lad,Mumbai,Kurla,2024-10-26,Regular
CUST2665,Mitali Rama,Mumbai,Bandra,2024-07-10,New
CUST2666,Saksham Arora,Pune,Viman Nagar,2025-02-06,New
CUST2667,Ekaraj Sane,Pune,Aundh,2025-05-20,Premium
CUST2668,Qushi Gulati,Bangalore,Jayanagar,2024-03-21,Premium
CUST2669,Pratyush Soman,Bangalore,BTM Layout,2026-05-02,Regular
CUST2670,Vanya Sabharwal,Bangalore,Koramangala,2025-06-06,Regular
CUST2671,Yoshita Goda,Pune,Koregaon Park,2023-06-28,Premium
CUST2672,Yadavi Koshy,Pune,Kothrud,2025-08-22,Regular
CUST2673,Harrison Deep,Bangalore,Whitefield,2024-08-06,New
CUST2674,Chaitaly Choudhary,Mumbai,Borivali,2026-03-09,Regular
CUST2675,Oviya Kar,Mumbai,Bandra,2024-09-23,Regular
CUST2676,Hemang Bhatnagar,Pune,Hadapsar,2023-10-05,Premium
CUST2677,Zarna Shenoy,Pune,Wakad,2024-09-13,Premium
CUST2678,Tanvi Nigam,Pune,Hadapsar,2025-04-11,New
CUST2679,Idika Devi,Pune,Wakad,2024-10-06,New
CUST2680,Veer Bassi,Pune,Kothrud,2024-11-02,Regular
CUST2681,Chaaya Chad,Pune,Koregaon Park,2026-04-23,New
CUST2682,Brijesh Arya,Mumbai,Kurla,2026-01-24,Regular
CUST2683,Eta Buch,Pune,Koregaon Park,2025-11-11,New
CUST2684,Indira Sood,Bangalore,BTM Layout,2023-06-14,Regular
CUST2685,Oni Borde,Mumbai,Andheri,2025-12-05,Premium
CUST2686,Ekanta Handa,Pune,Koregaon Park,2026-05-08,Regular
CUST2687,Advik Kurian,Pune,Aundh,2024-07-02,New
CUST2688,Oliver Bhatt,Pune,Viman Nagar,2025-11-08,New
CUST2689,Gautami Sachar,Pune,Wakad,2024-11-11,Regular
CUST2690,Zaitra Bakshi,Pune,Koregaon Park,2023-07-18,New
CUST2691,Wyatt Butala,Bangalore,Whitefield,2025-11-15,Premium
CUST2692,Simon Pradhan,Mumbai,Powai,2024-09-02,New
CUST2693,Ikshita Divan,Bangalore,Jayanagar,2025-09-30,Regular
CUST2694,Naksh Lad,Bangalore,BTM Layout,2023-08-03,New
CUST2695,Guneet Mammen,Bangalore,Koramangala,2025-12-19,Regular
CUST2696,Ikshita Agarwal,Bangalore,Indiranagar,2025-05-24,Premium
CUST2697,Atharv Venkataraman,Pune,Aundh,2025-08-04,Regular
CUST2698,Jhalak D’Alia,Bangalore,Koramangala,2025-03-29,Premium
CUST2699,Brijesh Yadav,Bangalore,Jayanagar,2024-11-03,Regular
CUST2700,Ishita Koshy,Bangalore,BTM Layout,2025-06-17,New
CUST2701,Varenya Chopra,Bangalore,Koramangala,2025-01-23,New
CUST2702,Joshua Deshmukh,Mumbai,Thane,2023-08-22,Regular
CUST2703,Caleb Dalal,Bangalore,Indiranagar,2024-03-16,Regular
CUST2704,Arjun Sengupta,Mumbai,Andheri,2023-10-05,Regular
CUST2705,Kavya Thakur,Bangalore,Indiranagar,2024-07-28,Regular
CUST2706,Harshil Madan,Mumbai,Dadar,2024-01-09,New
CUST2707,Ishanvi Nadig,Bangalore,Koramangala,2025-10-05,New
CUST2708,Udarsh Mahal,Mumbai,Andheri,2024-07-11,Regular
CUST2709,Hritik Srivastava,Mumbai,Borivali,2024-11-29,Regular
CUST2710,Avni Gara,Bangalore,HSR Layout,2025-06-06,New
CUST2711,Kabir Ramachandran,Mumbai,Powai,2024-04-10,Premium
CUST2712,Chaaya Zacharia,Mumbai,Bandra,2026-05-28,Premium
CUST2713,Falan Naik,Mumbai,Dadar,2023-06-22,Regular
CUST2714,Vincent Divan,Pune,Hadapsar,2025-11-11,Regular
CUST2715,Dipta Kapoor,Pune,Kothrud,2024-11-11,Regular
CUST2716,Yasti Oommen,Bangalore,Jayanagar,2026-03-16,New
CUST2717,Yahvi Tiwari,Pune,Kothrud,2025-05-21,Regular
CUST2718,Warda Sem,Bangalore,Koramangala,2025-03-19,Regular
CUST2719,Advika Chahal,Pune,Koregaon Park,2024-11-06,Regular
CUST2720,Rachit Lad,Pune,Baner,2025-12-23,New
CUST2721,Warda Raghavan,Mumbai,Andheri,2025-07-29,New
CUST2722,Oviya Pillai,Mumbai,Dadar,2025-10-05,Regular
CUST2723,Warinder Ratta,Bangalore,BTM Layout,2023-09-25,Regular
CUST2724,Finn Kara,Bangalore,HSR Layout,2023-08-11,Regular
CUST2725,Libni Sami,Bangalore,BTM Layout,2025-10-24,Premium
CUST2726,Saksham Bajaj,Mumbai,Borivali,2026-05-12,New
CUST2727,Omaja Bedi,Mumbai,Andheri,2024-09-09,New
CUST2728,Dipta Lanka,Mumbai,Thane,2025-07-31,New
CUST2729,Bhavika Raghavan,Pune,Koregaon Park,2024-08-07,New
CUST2730,Ayush Som,Pune,Aundh,2024-11-18,New
CUST2731,Maanav Dada,Bangalore,Koramangala,2024-12-12,Premium
CUST2732,Hemang Soni,Mumbai,Borivali,2024-09-12,Regular
CUST2733,Girik Apte,Pune,Baner,2026-03-13,Regular
CUST2734,Oni Aurora,Pune,Aundh,2025-01-08,New
CUST2735,Adya Chand,Bangalore,HSR Layout,2026-02-28,Regular
CUST2736,Luke Tripathi,Pune,Baner,2025-01-24,Regular
CUST2737,Ekani Bains,Mumbai,Borivali,2026-04-12,New
CUST2738,Darika Manne,Mumbai,Kurla,2025-11-04,Premium
CUST2739,Vansha Bhavsar,Bangalore,Koramangala,2024-12-26,Premium
CUST2740,Meera Tella,Pune,Kothrud,2025-06-22,Premium
CUST2741,Ubika Banik,Pune,Kothrud,2024-12-01,Regular
CUST2742,Onkar Sastry,Mumbai,Thane,2024-11-12,Regular
CUST2743,Joshua Gaba,Pune,Wakad,2024-04-29,Regular
CUST2744,Theodore Chakrabarti,Mumbai,Dadar,2024-05-20,New
CUST2745,Ojas Subramaniam,Mumbai,Bandra,2025-04-03,Regular
CUST2746,Indali Mallick,Mumbai,Thane,2026-05-14,Regular
CUST2747,Guneet Madan,Bangalore,Jayanagar,2024-10-29,Regular
CUST2748,Frado Bains,Bangalore,Jayanagar,2023-10-31,Regular
CUST2749,Devansh Date,Mumbai,Thane,2024-09-23,Regular
CUST2750,Upma Pandey,Pune,Viman Nagar,2023-09-14,New
CUST2751,Manan Grewal,Mumbai,Thane,2024-03-02,Regular
CUST2752,Harinakshi Palla,Mumbai,Borivali,2024-05-25,Regular
CUST2753,Faqid Vohra,Mumbai,Powai,2025-02-14,New
CUST2754,Pranav Desai,Bangalore,Koramangala,2025-08-27,New
CUST2755,Zaid Chakrabarti,Mumbai,Powai,2026-01-20,Premium
CUST2756,Yamini Karpe,Bangalore,Koramangala,2024-08-10,Regular
CUST2757,Hema Shan,Bangalore,Whitefield,2026-02-25,Regular
CUST2758,Finn Jhaveri,Mumbai,Powai,2024-06-17,Premium
CUST2759,Ekiya Pingle,Mumbai,Powai,2024-04-18,New
CUST2760,Chasmum Raja,Pune,Wakad,2025-03-13,New
CUST2761,Ekapad Sant,Mumbai,Borivali,2025-10-22,New
CUST2762,Aachal Misra,Bangalore,Koramangala,2023-10-22,Premium
CUST2763,Neelima Raj,Pune,Baner,2025-01-10,New
CUST2764,Kamala Kakar,Bangalore,Whitefield,2025-06-17,New
CUST2765,Jai Kanda,Bangalore,HSR Layout,2025-11-27,Regular
CUST2766,Ekavir Parsa,Mumbai,Powai,2025-03-27,New
CUST2767,Nimrat Gara,Mumbai,Borivali,2026-02-08,New
CUST2768,Om Thaman,Mumbai,Thane,2025-09-15,Regular
CUST2769,Eiravati Sahota,Mumbai,Borivali,2024-05-16,New
CUST2770,Robert Ranganathan,Mumbai,Andheri,2025-05-02,Regular
CUST2771,Vasana Madan,Pune,Baner,2025-03-25,Regular
CUST2772,Eshana Mahajan,Bangalore,Whitefield,2026-02-26,New
CUST2773,Dhriti Sha,Mumbai,Powai,2025-05-21,Premium
CUST2774,Rachana Hayer,Pune,Kothrud,2026-01-21,Regular
CUST2775,Ekanta Dani,Pune,Aundh,2024-06-16,Premium
CUST2776,Mason Devi,Pune,Baner,2026-01-24,New
CUST2777,Jonathan Minhas,Mumbai,Borivali,2024-02-26,Regular
CUST2778,Dalbir Sood,Pune,Viman Nagar,2025-06-28,Regular
CUST2779,Vihaan Mukherjee,Pune,Hadapsar,2025-01-03,Premium
CUST2780,Bhanumati Desai,Pune,Viman Nagar,2025-11-14,Regular
CUST2781,Zashil Cheema,Pune,Viman Nagar,2026-05-21,Premium
CUST2782,Tara Bajwa,Mumbai,Thane,2026-05-09,New
CUST2783,Samar Tata,Pune,Hadapsar,2025-07-17,Premium
CUST2784,Unni Kaul,Bangalore,Whitefield,2024-08-22,Regular
CUST2785,Gunbir Bawa,Bangalore,Whitefield,2023-09-15,New
CUST2786,Kabir Thaman,Mumbai,Powai,2023-08-03,Regular
CUST2787,Advay Chaudhry,Mumbai,Dadar,2026-04-25,Regular
CUST2788,Urmi Raj,Pune,Koregaon Park,2024-01-14,Regular
CUST2789,Qasim Anne,Bangalore,Indiranagar,2024-06-25,Regular
CUST2790,Jhalak Parmer,Pune,Hadapsar,2025-01-16,Premium
CUST2791,Prisha Dube,Bangalore,HSR Layout,2023-08-25,New
CUST2792,Hamsini Kale,Bangalore,BTM Layout,2023-09-26,Premium
CUST2793,Yachana Dass,Mumbai,Borivali,2024-02-04,Regular
CUST2794,Ria Krishnan,Pune,Viman Nagar,2025-03-10,New
CUST2795,Vedhika Roy,Mumbai,Bandra,2024-02-21,New
CUST2796,Omkaar Maharaj,Bangalore,Jayanagar,2025-10-01,Regular
CUST2797,Rudra Sem,Mumbai,Thane,2024-12-11,Regular
CUST2798,Wridesh Kohli,Pune,Hadapsar,2026-04-17,New
CUST2799,Aahana Gole,Mumbai,Powai,2025-04-10,Premium
CUST2800,Sachi Shankar,Bangalore,Indiranagar,2025-08-16,New
CUST2801,Kritika Din,Bangalore,Indiranagar,2023-11-28,Regular
CUST2802,Kabir Chad,Pune,Wakad,2024-12-05,New
CUST2803,Pahal More,Pune,Aundh,2024-08-17,Premium
CUST2804,Daksh Gandhi,Mumbai,Thane,2025-05-10,Regular
CUST2805,Turvi Samra,Mumbai,Thane,2023-07-23,Regular
CUST2806,Charita Nayar,Pune,Wakad,2023-07-24,New
CUST2807,Ekalinga Dave,Pune,Koregaon Park,2025-03-21,New
CUST2808,Sanaya Badal,Mumbai,Dadar,2025-03-08,Regular
CUST2809,Balendra Vora,Bangalore,Koramangala,2025-08-07,Premium
CUST2810,Neel Pillay,Mumbai,Kurla,2024-12-23,New
CUST2811,Rushil Seshadri,Pune,Baner,2025-01-21,Regular
CUST2812,Rayaan Kapadia,Pune,Kothrud,2025-01-27,Premium
CUST2813,Teerth Nanda,Bangalore,Jayanagar,2025-05-25,Premium
CUST2814,Ranbir Deshmukh,Mumbai,Kurla,2026-01-17,Regular
CUST2815,Ishanvi Contractor,Pune,Wakad,2026-03-23,New
CUST2816,Dalbir Devi,Bangalore,BTM Layout,2025-09-14,Premium
CUST2817,Vincent Sha,Bangalore,Jayanagar,2024-08-07,Premium
CUST2818,Zarna Mammen,Bangalore,Whitefield,2025-09-02,Regular
CUST2819,Rachita Raja,Pune,Wakad,2025-12-24,Regular
CUST2820,Jagdish Dutt,Mumbai,Powai,2026-03-19,Premium
CUST2821,Warinder Lad,Bangalore,HSR Layout,2025-10-02,Premium
CUST2822,Pallavi Raj,Bangalore,Indiranagar,2024-04-28,Premium
CUST2823,Om Prabhu,Pune,Wakad,2024-12-14,New
CUST2824,Aashi Gill,Pune,Baner,2025-08-14,Regular
CUST2825,Falguni Merchant,Mumbai,Kurla,2024-05-24,Regular
CUST2826,Aarnav Chahal,Mumbai,Borivali,2023-11-05,Regular
CUST2827,Jasmit Kadakia,Pune,Baner,2023-06-08,Regular
CUST2828,Charita Saha,Mumbai,Dadar,2025-12-20,New
CUST2829,Lila Sawhney,Mumbai,Kurla,2024-03-06,Premium
CUST2830,Manbir Kata,Mumbai,Thane,2024-04-15,Regular
CUST2831,Laksh Mital,Mumbai,Andheri,2024-02-07,Regular
CUST2832,Ubika Behl,Bangalore,Koramangala,2025-02-25,Premium
CUST2833,Tripti Warrior,Bangalore,Koramangala,2026-05-31,Regular
CUST2834,Umang Lata,Bangalore,Indiranagar,2023-08-09,New
CUST2835,Yoshita Issac,Mumbai,Powai,2026-03-28,Regular
CUST2836,Falguni Ben,Bangalore,Whitefield,2023-11-17,Premium
CUST2837,Ubika Varkey,Bangalore,Koramangala,2024-02-19,Regular
CUST2838,Ekaja Gala,Pune,Aundh,2025-10-21,Regular
CUST2839,Ansh Lall,Pune,Kothrud,2023-09-16,Premium
CUST2840,Mugdha Mangat,Mumbai,Powai,2025-04-27,New
CUST2841,Yug Gera,Pune,Baner,2024-05-28,New
CUST2842,Barkha Chana,Pune,Kothrud,2023-12-31,Regular
CUST2843,Jasmit Banik,Bangalore,HSR Layout,2023-09-27,Regular
CUST2844,Vedika Raj,Mumbai,Kurla,2023-09-22,New
CUST2845,Luke Chauhan,Mumbai,Thane,2026-04-03,Regular
CUST2846,Nitesh Basu,Mumbai,Dadar,2024-02-07,Regular
CUST2847,Upadhriti Bath,Pune,Aundh,2023-08-10,New
CUST2848,Sachi Bandi,Mumbai,Borivali,2024-01-31,New
CUST2849,Akshay Shere,Mumbai,Borivali,2024-02-20,Regular
CUST2850,Anthony Balasubramanian,Bangalore,Jayanagar,2023-06-14,Regular
CUST2851,Adweta Sanghvi,Bangalore,Koramangala,2024-04-18,Regular
CUST2852,Divya Nadig,Bangalore,Jayanagar,2026-05-01,New
CUST2853,Jatin Bala,Mumbai,Kurla,2024-02-01,Regular
CUST2854,Fariq Samra,Pune,Kothrud,2024-07-05,New
CUST2855,Finn Dave,Mumbai,Powai,2025-02-06,Regular
CUST2856,Gaurangi Kannan,Pune,Wakad,2025-08-07,New
CUST2857,Tanmayi Natt,Bangalore,Jayanagar,2025-12-22,Regular
CUST2858,Henry Deol,Bangalore,Jayanagar,2024-09-01,Regular
CUST2859,Alka Desai,Mumbai,Thane,2025-03-02,Regular
CUST2860,Aarav Choudhary,Bangalore,Indiranagar,2025-08-27,New
CUST2861,Raghav Sabharwal,Bangalore,BTM Layout,2023-10-26,Premium
CUST2862,Omkaar Chada,Mumbai,Bandra,2024-10-12,New
CUST2863,Omisha Jayaraman,Mumbai,Bandra,2025-11-21,Regular
CUST2864,Ekansh Sama,Mumbai,Kurla,2024-07-19,Premium
CUST2865,Nisha Balay,Pune,Koregaon Park,2025-10-27,Premium
CUST2866,Avi Vig,Bangalore,Jayanagar,2025-04-09,Regular
CUST2867,Frado Solanki,Pune,Koregaon Park,2025-04-13,Premium
CUST2868,Zinal Bhasin,Pune,Baner,2024-06-30,Regular
CUST2869,Jyoti Ghosh,Pune,Koregaon Park,2024-07-06,Regular
CUST2870,Samuel Sekhon,Mumbai,Borivali,2025-03-20,New
CUST2871,Vrishti Sachdev,Pune,Baner,2025-02-07,New
CUST2872,Azad Khalsa,Bangalore,Koramangala,2023-09-13,New
CUST2873,Faqid Bhatti,Bangalore,HSR Layout,2025-08-13,Regular
CUST2874,Jagvi Wali,Mumbai,Kurla,2025-10-22,Regular
CUST2875,Maanav Majumdar,Pune,Wakad,2024-10-15,Regular
CUST2876,Wishi Bath,Pune,Aundh,2025-09-01,Premium
CUST2877,Devika Narayan,Mumbai,Powai,2024-02-16,Regular
CUST2878,Chakradev Sachdev,Mumbai,Bandra,2023-10-12,Regular
CUST2879,Bahadurjit Dugar,Pune,Viman Nagar,2025-06-29,New
CUST2880,Yauvani Apte,Mumbai,Dadar,2025-07-16,Regular
CUST2881,Madhavi Desai,Mumbai,Bandra,2024-09-19,Regular
CUST2882,Lopa Sem,Pune,Koregaon Park,2024-12-26,New
CUST2883,Reyansh Mani,Mumbai,Bandra,2026-04-27,Regular
CUST2884,Rishi Lata,Pune,Baner,2025-03-14,Regular
CUST2885,Gopal Bhargava,Bangalore,HSR Layout,2026-01-10,New
CUST2886,Kamala Prabhakar,Mumbai,Bandra,2025-08-01,Premium
CUST2887,Manthan Chand,Bangalore,HSR Layout,2023-06-07,Regular
CUST2888,Xiti Chakraborty,Bangalore,HSR Layout,2025-05-19,Regular
CUST2889,Shivani Lall,Bangalore,BTM Layout,2024-05-09,New
CUST2890,Raksha Mital,Pune,Viman Nagar,2024-07-29,New
CUST2891,Yadavi Sant,Mumbai,Bandra,2025-03-05,Regular
CUST2892,Chavvi Dalal,Mumbai,Borivali,2026-02-10,Premium
CUST2893,Krishna Krish,Bangalore,Jayanagar,2023-11-22,Regular
CUST2894,Unni Suri,Pune,Koregaon Park,2025-10-12,New
CUST2895,Aadhya Nanda,Bangalore,HSR Layout,2024-03-03,Regular
CUST2896,Yamini Ganesan,Mumbai,Dadar,2024-01-13,Regular
CUST2897,Samarth Ray,Bangalore,Koramangala,2023-07-04,Regular
CUST2898,Ikshita Lad,Mumbai,Bandra,2024-01-08,Regular
CUST2899,Jagvi Golla,Mumbai,Thane,2024-03-13,New
CUST2900,Udarsh Keer,Mumbai,Dadar,2024-04-09,Regular
CUST2901,Samaksh Guha,Pune,Baner,2023-07-12,New
CUST2902,Balendra Chatterjee,Pune,Wakad,2024-08-07,Regular
CUST2903,Bhanumati Upadhyay,Mumbai,Dadar,2025-07-30,Regular
CUST2904,Simon Loke,Mumbai,Powai,2025-03-28,Premium
CUST2905,Baljiwan Jaggi,Mumbai,Borivali,2026-04-17,Premium
CUST2906,Gauri Gokhale,Mumbai,Borivali,2025-01-05,Regular
CUST2907,Kevin Dutta,Pune,Baner,2023-07-30,Regular
CUST2908,Ranbir Keer,Mumbai,Kurla,2024-02-08,Premium
CUST2909,Maanav Baral,Bangalore,Jayanagar,2026-02-04,Regular
CUST2910,Ekantika Pau,Mumbai,Andheri,2025-08-11,New
CUST2911,Dayita Mishra,Pune,Wakad,2024-10-29,New
CUST2912,Jagat Pillai,Mumbai,Powai,2025-10-19,New
CUST2913,Radhika Pai,Mumbai,Thane,2025-06-30,New
CUST2914,Jackson Mannan,Mumbai,Andheri,2023-12-06,Regular
CUST2915,Daniel Chana,Bangalore,BTM Layout,2025-06-15,Regular
CUST2916,Jhalak Cherian,Mumbai,Andheri,2026-05-18,Premium
CUST2917,Bhanumati Pal,Pune,Koregaon Park,2024-05-20,Regular
CUST2918,Watika Choudhury,Pune,Aundh,2025-04-06,New
CUST2919,Azad Sant,Pune,Hadapsar,2025-06-22,Regular
CUST2920,Jalsa Bhavsar,Mumbai,Borivali,2024-11-04,Premium
CUST2921,Christopher Jayaraman,Bangalore,Indiranagar,2025-11-07,Regular
CUST2922,Aahana Khatri,Pune,Viman Nagar,2026-01-15,Regular
CUST2923,Vivaan Gour,Pune,Kothrud,2026-05-18,Premium
CUST2924,Bimala Bhandari,Pune,Aundh,2023-06-09,Regular
CUST2925,Darsh Batra,Pune,Baner,2026-04-23,New
CUST2926,Ubika Vora,Bangalore,Jayanagar,2025-06-03,New
CUST2927,Ayushman Khare,Mumbai,Borivali,2024-01-26,Premium
CUST2928,Upkaar Ramaswamy,Pune,Aundh,2024-10-06,Regular
CUST2929,Tamanna Bala,Pune,Koregaon Park,2025-11-24,Regular
CUST2930,Unni Rege,Bangalore,Jayanagar,2024-07-15,Regular
CUST2931,Amaira Parikh,Bangalore,Whitefield,2026-02-07,Regular
CUST2932,Aadi Palla,Pune,Baner,2024-06-26,Premium
CUST2933,Azaan Sridhar,Bangalore,BTM Layout,2024-10-26,Premium
CUST2934,Siya Venkataraman,Mumbai,Dadar,2023-10-19,Premium
CUST2935,Fiyaz Krish,Bangalore,Indiranagar,2026-01-26,New
CUST2936,Raghav Maharaj,Pune,Aundh,2023-10-28,Regular
CUST2937,Gabriel Naidu,Mumbai,Kurla,2026-01-26,New
CUST2938,Amol Gaba,Pune,Viman Nagar,2023-07-23,Premium
CUST2939,Ekaja Doshi,Mumbai,Andheri,2023-08-21,Regular
CUST2940,Vansha Varkey,Pune,Wakad,2023-11-27,Premium
CUST2941,Hardik Mani,Mumbai,Andheri,2025-04-03,New
CUST2942,Ijaya Dani,Pune,Wakad,2024-04-28,Regular
CUST2943,Wahab Palan,Mumbai,Powai,2025-08-22,Regular
CUST2944,Teerth Trivedi,Bangalore,Indiranagar,2024-09-26,New
CUST2945,Maanas Bir,Mumbai,Kurla,2025-10-27,Regular
CUST2946,Lekha Doctor,Mumbai,Dadar,2025-12-25,Regular
CUST2947,Karan Bava,Mumbai,Dadar,2024-04-24,New
CUST2948,Riya Sane,Mumbai,Borivali,2025-04-22,New
CUST2949,Radha Ramakrishnan,Mumbai,Thane,2024-03-09,Regular
CUST2950,Elijah Bose,Bangalore,BTM Layout,2025-09-14,Regular
CUST2951,Harini Pal,Mumbai,Kurla,2025-06-17,Regular
CUST2952,Upma Gulati,Pune,Kothrud,2023-11-27,Regular
CUST2953,Tanmayi Sehgal,Pune,Koregaon Park,2023-09-10,Regular
CUST2954,Irya Balasubramanian,Mumbai,Dadar,2023-06-12,New
CUST2955,Caleb Bava,Bangalore,Jayanagar,2026-05-23,New
CUST2956,Pranav Murty,Mumbai,Borivali,2024-07-29,Regular
CUST2957,Vrinda Vasa,Bangalore,Koramangala,2025-12-01,New
CUST2958,Kashvi Bal,Mumbai,Andheri,2024-05-09,Premium
CUST2959,Qarin Divan,Mumbai,Powai,2024-10-22,New
CUST2960,Yatan Din,Pune,Hadapsar,2024-04-22,Premium
CUST2961,Varsha Kamdar,Pune,Viman Nagar,2024-07-16,Regular
CUST2962,Chatura Batta,Bangalore,Koramangala,2024-10-06,Regular
CUST2963,Kiaan Baral,Pune,Viman Nagar,2024-12-02,New
CUST2964,Brijesh Sarin,Mumbai,Thane,2024-01-18,New
CUST2965,Vansha Subramaniam,Bangalore,Jayanagar,2024-12-16,Regular
CUST2966,Alka Rajagopalan,Mumbai,Powai,2025-08-22,New
CUST2967,Aradhana Patel,Pune,Aundh,2023-08-05,Regular
CUST2968,Pavani Chopra,Pune,Hadapsar,2026-01-30,Regular
CUST2969,Christopher Chana,Pune,Aundh,2024-06-11,New
CUST2970,Yadavi Wali,Mumbai,Andheri,2025-04-16,New
CUST2971,Anthony Kunda,Bangalore,Whitefield,2024-01-21,Regular
CUST2972,Zayyan Mital,Bangalore,HSR Layout,2023-06-21,Regular
CUST2973,Abha Gole,Mumbai,Borivali,2025-09-28,Premium
CUST2974,Lopa Aurora,Mumbai,Kurla,2024-12-10,Premium
CUST2975,Ryan Minhas,Pune,Wakad,2024-05-04,New
CUST2976,Geetika Sankar,Bangalore,Whitefield,2024-01-16,Premium
CUST2977,Agastya Sengupta,Pune,Kothrud,2025-04-26,Regular
CUST2978,Neha Lad,Pune,Kothrud,2023-06-25,New
CUST2979,Onkar Magar,Pune,Hadapsar,2023-11-11,Regular
CUST2980,Hemal Peri,Bangalore,HSR Layout,2026-02-14,Premium
CUST2981,Inaya Setty,Bangalore,BTM Layout,2025-02-17,Regular
CUST2982,Matthew Sant,Mumbai,Borivali,2025-07-27,Premium
CUST2983,Bhavika Mammen,Bangalore,Whitefield,2023-09-26,Regular
CUST2984,Kalpit Cherian,Bangalore,Jayanagar,2025-03-24,Regular
CUST2985,Rohan Kala,Mumbai,Andheri,2025-09-20,New
CUST2986,Joshua Natt,Pune,Wakad,2024-11-18,New
CUST2987,Libni Cheema,Pune,Hadapsar,2024-01-16,Premium
CUST2988,Megha Banerjee,Pune,Wakad,2026-05-11,Regular
CUST2989,Simon Sampath,Pune,Hadapsar,2023-08-12,New
CUST2990,Jason Rana,Bangalore,BTM Layout,2025-12-12,New
CUST2991,Hemang Chaudhry,Mumbai,Kurla,2024-02-22,Regular
CUST2992,Hredhaan Krishna,Mumbai,Thane,2025-04-15,New
CUST2993,Yashvi Dora,Pune,Wakad,2025-05-18,Regular
CUST2994,Agastya Pal,Mumbai,Thane,2023-07-21,Regular
CUST2995,Laban Sabharwal,Mumbai,Borivali,2025-06-28,New
CUST2996,Keya Modi,Mumbai,Borivali,2025-04-01,Premium
CUST2997,Jeet Dara,Mumbai,Andheri,2023-06-05,Regular
CUST2998,Januja Hayre,Pune,Hadapsar,2025-06-19,Premium
CUST2999,Benjamin Dara,Mumbai,Thane,2024-10-19,Premium
CUST3000,Vidhi Sanghvi,Bangalore,BTM Layout,2024-09-15,Regular
CUST3001,Hredhaan Golla,Bangalore,Whitefield,2024-01-20,New
CUST3002,Priya Butala,Mumbai,Thane,2023-08-23,Regular
CUST3003,Sai Master,Bangalore,BTM Layout,2025-09-06,Premium
CUST3004,Anjali Contractor,Mumbai,Bandra,2025-11-21,Regular
CUST3005,Udarsh Pant,Bangalore,Koramangala,2025-04-24,Regular
CUST3006,Pushti Mitra,Mumbai,Borivali,2026-02-25,New
CUST3007,Pahal Sinha,Bangalore,HSR Layout,2026-05-30,Premium
CUST3008,Matthew Rajan,Pune,Kothrud,2023-08-03,Regular
CUST3009,Chaman Mane,Bangalore,Whitefield,2026-03-24,Regular
CUST3010,Shivani Nath,Mumbai,Andheri,2023-11-08,New
CUST3011,Yashawini Pall,Bangalore,Indiranagar,2024-12-17,Regular
CUST3012,Jagvi Comar,Mumbai,Bandra,2024-02-09,Regular
CUST3013,Gautam Krishnamurthy,Bangalore,Jayanagar,2024-09-27,Regular
CUST3014,Jai Varghese,Bangalore,Jayanagar,2024-02-11,Regular
CUST3015,Hemangini Venkataraman,Pune,Baner,2025-05-05,Regular
CUST3016,Baljiwan Kar,Mumbai,Thane,2026-04-23,Premium
CUST3017,Rehaan Pai,Bangalore,Jayanagar,2024-12-20,Regular
CUST3018,Warjas Mani,Mumbai,Kurla,2025-08-12,Premium
CUST3019,Dipta Gera,Pune,Viman Nagar,2024-06-05,New
CUST3020,Dipta Dara,Bangalore,Jayanagar,2025-01-04,New
CUST3021,Joshua Walla,Mumbai,Bandra,2025-07-19,New
CUST3022,Forum Iyengar,Pune,Viman Nagar,2025-06-06,Regular
CUST3023,Oviya Sachdev,Mumbai,Thane,2024-01-12,Regular
CUST3024,Abdul Bhatt,Pune,Viman Nagar,2024-07-07,New
CUST3025,Girish Golla,Pune,Baner,2025-06-28,Premium
CUST3026,Xalak Randhawa,Mumbai,Dadar,2024-04-11,New
CUST3027,Kashvi Dayal,Bangalore,Koramangala,2024-04-29,Premium
CUST3028,Daksh Batra,Mumbai,Thane,2023-07-08,New
CUST3029,Yauvani Narayanan,Pune,Koregaon Park,2023-09-05,Regular
CUST3030,Isaac Apte,Mumbai,Powai,2024-09-09,Premium
CUST3031,Nikita Dayal,Mumbai,Kurla,2024-04-29,New
CUST3032,Ekanta Jaggi,Bangalore,Whitefield,2025-04-04,Premium
CUST3033,Jagat Krishnan,Bangalore,BTM Layout,2025-04-27,Regular
CUST3034,Imaran Dugar,Pune,Hadapsar,2023-07-11,New
CUST3035,Eshana Vasa,Mumbai,Kurla,2024-12-10,Regular
CUST3036,Ayaan Chauhan,Pune,Koregaon Park,2024-03-09,Regular
CUST3037,Farhan Kohli,Bangalore,Koramangala,2026-05-30,Premium
CUST3038,Baghyawati Chahal,Pune,Viman Nagar,2024-03-15,New
CUST3039,Siddharth Patla,Bangalore,Koramangala,2024-07-05,Premium
CUST3040,Pranav Soman,Mumbai,Bandra,2024-07-12,Regular
CUST3041,Alka Hayer,Bangalore,HSR Layout,2024-06-15,Regular
CUST3042,Eesha Manne,Mumbai,Dadar,2023-10-27,Premium
CUST3043,Odika Bhattacharyya,Pune,Hadapsar,2023-08-25,Regular
CUST3044,Vihaan Oak,Pune,Koregaon Park,2026-05-06,Premium
CUST3045,Nidhi Chandra,Mumbai,Thane,2025-12-10,Regular
CUST3046,Vedant Comar,Pune,Wakad,2026-02-20,Premium
CUST3047,David Dash,Mumbai,Powai,2026-01-23,New
CUST3048,Gautami Subramaniam,Pune,Koregaon Park,2026-04-09,New
CUST3049,Udyati Sarna,Bangalore,HSR Layout,2024-06-11,Regular
CUST3050,Nicholas Mander,Bangalore,Indiranagar,2026-05-07,New
CUST3051,Ekta Pillai,Bangalore,HSR Layout,2024-07-29,Regular
CUST3052,Matthew Thakur,Pune,Aundh,2024-05-07,Regular
CUST3053,Divya Patla,Mumbai,Thane,2023-10-11,Premium
CUST3054,Logan Rege,Bangalore,Jayanagar,2024-06-12,Regular
CUST3055,Indali Puri,Pune,Kothrud,2026-03-13,New
CUST3056,Chaman Sundaram,Pune,Hadapsar,2025-12-19,Premium
CUST3057,Varenya Savant,Pune,Koregaon Park,2025-09-24,Regular
CUST3058,Balveer Barad,Mumbai,Kurla,2023-10-26,New
CUST3059,Qarin Tank,Pune,Kothrud,2024-03-10,Regular
CUST3060,Ekani Yohannan,Bangalore,Jayanagar,2025-11-06,New
CUST3061,Samuel Apte,Bangalore,Koramangala,2025-02-03,Premium
CUST3062,Xalak Trivedi,Bangalore,Jayanagar,2025-04-20,Premium
CUST3063,Zaitra Dua,Mumbai,Thane,2023-10-03,Regular
CUST3064,Rachana Ranganathan,Bangalore,Jayanagar,2023-12-04,Regular
CUST3065,Triya Jhaveri,Mumbai,Dadar,2024-03-11,Regular
CUST3066,Jeet Buch,Mumbai,Andheri,2023-10-22,Premium
CUST3067,Hema Barman,Bangalore,BTM Layout,2023-12-11,Premium
CUST3068,Mohammed Bedi,Bangalore,HSR Layout,2025-01-18,Regular
CUST3069,Chandran Goda,Pune,Viman Nagar,2025-07-24,Regular
CUST3070,Rushil Sachdeva,Bangalore,Jayanagar,2026-01-25,Regular
CUST3071,Azaan Kala,Mumbai,Kurla,2025-05-26,Regular
CUST3072,Megha Dayal,Mumbai,Kurla,2023-12-23,New
CUST3073,Omisha Upadhyay,Mumbai,Andheri,2024-01-02,New
CUST3074,Eesha Kar,Mumbai,Thane,2025-08-02,Regular
CUST3075,Saanvi Doshi,Bangalore,Indiranagar,2025-10-18,Regular
CUST3076,Neel Walia,Bangalore,Whitefield,2023-09-18,New
CUST3077,Neelima Singh,Bangalore,BTM Layout,2025-08-09,Regular
CUST3078,Nathan Prashad,Mumbai,Kurla,2025-10-15,Regular
CUST3079,Damini Madan,Pune,Koregaon Park,2024-04-23,Premium
CUST3080,Vidhi Kapoor,Bangalore,BTM Layout,2024-12-07,New
CUST3081,Dipta Goda,Mumbai,Dadar,2023-06-07,Regular
CUST3082,Omkaar Sibal,Bangalore,Koramangala,2025-09-11,Regular
CUST3083,Omkaar Sura,Mumbai,Powai,2024-01-10,Regular
CUST3084,Nilima Deo,Mumbai,Andheri,2024-06-02,New
CUST3085,Vrinda Garde,Bangalore,Koramangala,2026-02-21,Regular
CUST3086,Vinaya Sha,Bangalore,Jayanagar,2025-08-28,New
CUST3087,Michael Vig,Mumbai,Bandra,2024-08-04,Premium
CUST3088,Zayan Chaudhary,Bangalore,BTM Layout,2023-08-16,Regular
CUST3089,Tamanna Khosla,Bangalore,Jayanagar,2024-02-12,Regular
CUST3090,Nimrat Saha,Bangalore,Indiranagar,2024-02-07,Regular
CUST3091,Tristan Raja,Mumbai,Dadar,2025-01-30,Regular
CUST3092,Liam Borah,Bangalore,BTM Layout,2025-09-12,Regular
CUST3093,Mugdha Tella,Bangalore,HSR Layout,2023-07-02,Regular
CUST3094,Kevin Apte,Pune,Koregaon Park,2026-05-17,Regular
CUST3095,Gaurika Kannan,Bangalore,Indiranagar,2025-06-05,Premium
CUST3096,Varsha Sarkar,Mumbai,Thane,2025-12-12,New
CUST3097,Ikbal Gill,Bangalore,HSR Layout,2025-08-28,Premium
CUST3098,Benjamin Sibal,Pune,Koregaon Park,2023-12-10,New
CUST3099,Anika Thaman,Pune,Kothrud,2026-03-18,New
CUST3100,Ridhi Mall,Pune,Baner,2025-04-24,Regular
CUST3101,Osha Bava,Mumbai,Borivali,2026-05-14,Regular
CUST3102,Lakshmi Ravi,Mumbai,Kurla,2026-04-03,New
CUST3103,Gauri Sodhi,Mumbai,Dadar,2023-08-15,Regular
CUST3104,Falak Mangal,Mumbai,Dadar,2024-08-04,Premium
CUST3105,Andrew De,Mumbai,Dadar,2025-07-27,Premium
CUST3106,Laksh Pall,Pune,Wakad,2025-02-26,Regular
CUST3107,Logan Nadkarni,Mumbai,Dadar,2025-12-11,Regular
CUST3108,Benjamin Naik,Bangalore,BTM Layout,2024-03-15,Premium
CUST3109,Dalaja Basak,Pune,Hadapsar,2024-10-16,New
CUST3110,Gaurangi Saxena,Mumbai,Andheri,2025-01-09,Regular
CUST3111,Anusha Ramesh,Bangalore,Whitefield,2026-02-20,Premium
CUST3112,William Rastogi,Pune,Viman Nagar,2023-06-11,Premium
CUST3113,Chakradev Dash,Pune,Koregaon Park,2023-07-05,Regular
CUST3114,Tanvi D’Alia,Mumbai,Andheri,2026-01-23,Regular
CUST3115,Chaaya Menon,Pune,Baner,2023-10-16,Regular
CUST3116,Garima Salvi,Mumbai,Powai,2024-02-01,New
CUST3117,Libni Salvi,Pune,Aundh,2024-03-30,New
CUST3118,Ishani Narayanan,Bangalore,HSR Layout,2025-01-30,New
CUST3119,Baljiwan Bakshi,Mumbai,Powai,2025-06-25,New
CUST3120,Aachal Parmar,Bangalore,HSR Layout,2026-05-18,New
CUST3121,Leela Modi,Bangalore,Whitefield,2025-05-24,New
CUST3122,Januja Nanda,Pune,Kothrud,2025-02-22,Regular
CUST3123,Samesh Bhavsar,Mumbai,Borivali,2023-07-18,Regular
CUST3124,Darsh Mitter,Mumbai,Kurla,2025-11-07,Regular
CUST3125,Samesh Roy,Bangalore,BTM Layout,2025-03-20,New
CUST3126,Chanchal Kakar,Pune,Viman Nagar,2024-11-01,Regular
CUST3127,Bimala Merchant,Mumbai,Dadar,2025-09-09,Regular
CUST3128,Libni Chaudhry,Bangalore,Whitefield,2025-06-03,New
CUST3129,Kashvi Garg,Bangalore,Jayanagar,2025-12-31,Regular
CUST3130,Alka Prashad,Mumbai,Bandra,2024-05-13,Premium
CUST3131,Yatan Guha,Mumbai,Borivali,2025-02-03,New
CUST3132,Neha Venkatesh,Bangalore,HSR Layout,2024-11-25,Regular
CUST3133,Arya Rajagopalan,Bangalore,Koramangala,2023-12-21,Premium
CUST3134,Oeshi Sood,Bangalore,Koramangala,2025-01-17,Regular
CUST3135,Samar Sahni,Bangalore,Whitefield,2023-08-18,Regular
CUST3136,Nilima Viswanathan,Pune,Hadapsar,2024-11-07,Regular
CUST3137,Indira Narayan,Pune,Viman Nagar,2023-07-26,Regular
CUST3138,Nathaniel Gandhi,Pune,Viman Nagar,2024-10-23,Regular
CUST3139,Waida Kothari,Mumbai,Borivali,2023-12-11,Premium
CUST3140,Chaitanya Ahluwalia,Pune,Hadapsar,2023-09-18,Premium
CUST3141,Aayush Srinivas,Pune,Koregaon Park,2024-01-16,New
CUST3142,Isha Raman,Pune,Wakad,2025-09-08,Premium
CUST3143,Udyati Lad,Bangalore,HSR Layout,2026-03-29,New
CUST3144,Akshay Sachar,Bangalore,BTM Layout,2024-07-31,Regular
CUST3145,Vinaya Mane,Bangalore,Koramangala,2024-12-29,Regular
CUST3146,Siya Kade,Pune,Baner,2024-12-05,Regular
CUST3147,Garima Desai,Mumbai,Andheri,2023-10-27,Premium
CUST3148,Jhalak Kamdar,Mumbai,Thane,2026-02-17,New
CUST3149,Simon Gala,Pune,Koregaon Park,2025-04-30,Regular
CUST3150,Priya Krishnamurthy,Mumbai,Bandra,2025-01-28,New
CUST3151,Sai Madan,Pune,Wakad,2024-11-27,Regular
CUST3152,Ubika Chandra,Mumbai,Dadar,2023-12-17,New
CUST3153,Yagnesh Grover,Bangalore,Whitefield,2023-07-20,New
CUST3154,Lakshmi Tella,Bangalore,Koramangala,2024-02-22,New
CUST3155,Ati Patla,Pune,Baner,2025-03-16,New
CUST3156,Lucky Sankar,Mumbai,Powai,2024-03-01,Regular
CUST3157,Anthony Bahri,Pune,Koregaon Park,2025-02-06,New
CUST3158,Dominic Mohan,Bangalore,BTM Layout,2024-07-08,New
CUST3159,Meghana Gopal,Bangalore,BTM Layout,2025-04-03,Regular
CUST3160,Krishna Mitter,Pune,Baner,2023-11-18,New
CUST3161,Leena Varghese,Mumbai,Borivali,2024-06-04,Regular
CUST3162,Lakshit Mani,Mumbai,Andheri,2024-12-09,Regular
CUST3163,Jackson Dhawan,Pune,Koregaon Park,2024-06-22,New
CUST3164,Eshana Murthy,Bangalore,Jayanagar,2025-10-07,New
CUST3165,Harrison Deshmukh,Bangalore,Jayanagar,2026-01-13,Regular
CUST3166,Zaitra De,Mumbai,Borivali,2024-02-28,Regular
CUST3167,Vasana Dey,Pune,Aundh,2023-08-31,Regular
CUST3168,Girish Ratta,Pune,Aundh,2024-08-05,Premium
CUST3169,Sai Sur,Mumbai,Borivali,2024-10-26,Premium
CUST3170,Kai Padmanabhan,Pune,Viman Nagar,2025-08-21,Premium
CUST3171,Nidhi Kothari,Bangalore,HSR Layout,2024-06-02,New
CUST3172,Zinal Minhas,Mumbai,Kurla,2024-07-08,Regular
CUST3173,Gabriel Shankar,Bangalore,Indiranagar,2024-09-21,New
CUST3174,Aishani Sura,Mumbai,Powai,2024-03-31,Regular
CUST3175,Manya Ray,Bangalore,HSR Layout,2023-07-03,Premium
CUST3176,Zilmil Salvi,Bangalore,Indiranagar,2023-09-27,Regular
CUST3177,Xalak Narula,Bangalore,Whitefield,2023-06-27,New
CUST3178,Vanya Thakkar,Bangalore,BTM Layout,2026-05-12,Regular
CUST3179,Jatin Sachar,Mumbai,Andheri,2025-01-15,Regular
CUST3180,Meera Sood,Pune,Aundh,2024-04-08,New
CUST3181,Ubika Soni,Bangalore,Whitefield,2025-12-17,Premium
CUST3182,Aryan Zacharia,Pune,Viman Nagar,2025-02-09,Regular
CUST3183,Hemang Kanda,Mumbai,Dadar,2023-07-17,Premium
CUST3184,Damini Mannan,Bangalore,Whitefield,2023-12-09,Premium
CUST3185,Radhika Chaudhari,Bangalore,HSR Layout,2025-03-04,New
CUST3186,Tejas Upadhyay,Bangalore,Whitefield,2023-12-12,Regular
CUST3187,Nimrat Badami,Mumbai,Borivali,2025-05-08,Regular
CUST3188,Eta Garg,Bangalore,Indiranagar,2026-01-11,Regular
CUST3189,Ekapad Dar,Pune,Viman Nagar,2023-11-21,Regular
CUST3190,Kai Handa,Pune,Hadapsar,2023-12-17,New
CUST3191,Fiyaz Mohanty,Bangalore,Jayanagar,2026-02-08,Regular
CUST3192,Jeevika Kannan,Mumbai,Borivali,2025-06-25,New
CUST3193,David Varty,Bangalore,Jayanagar,2025-03-21,New
CUST3194,Ubika Sandal,Pune,Aundh,2025-02-23,Premium
CUST3195,Zayan Mahajan,Mumbai,Dadar,2024-05-15,New
CUST3196,Manbir Sen,Mumbai,Kurla,2026-01-11,Regular
CUST3197,Andrew Tak,Mumbai,Bandra,2024-04-17,Premium
CUST3198,Aachal Mitra,Bangalore,Koramangala,2024-09-20,New
CUST3199,Anita Kibe,Mumbai,Bandra,2023-11-19,Regular
CUST3200,Jeet Kurian,Pune,Hadapsar,2025-12-01,New
CUST3201,Bimala Banik,Mumbai,Dadar,2025-05-15,Premium
CUST3202,Jacob Bains,Mumbai,Bandra,2023-10-04,New
CUST3203,Hritik Cherian,Bangalore,Jayanagar,2023-08-02,Regular
CUST3204,Caleb Ghose,Bangalore,Indiranagar,2024-11-15,New
CUST3205,Girindra Saraf,Mumbai,Powai,2025-03-31,New
CUST3206,Daniel Pillay,Mumbai,Dadar,2026-01-03,Regular
CUST3207,Idika Bora,Pune,Koregaon Park,2024-10-06,New
CUST3208,Raagini Halder,Bangalore,HSR Layout,2023-07-24,New
CUST3209,Urishilla Kanda,Mumbai,Borivali,2025-08-22,Regular
CUST3210,Vyanjana Mammen,Pune,Viman Nagar,2025-01-29,New
CUST3211,Samar Buch,Bangalore,BTM Layout,2024-12-21,Regular
CUST3212,Charvi Seth,Bangalore,BTM Layout,2023-06-18,New
CUST3213,Lipika Chaudhry,Bangalore,Indiranagar,2023-12-10,Regular
CUST3214,Imaran Doshi,Pune,Baner,2023-06-22,Premium
CUST3215,Vedhika Balakrishnan,Pune,Viman Nagar,2024-11-17,Regular
CUST3216,Aarush Amble,Mumbai,Bandra,2026-04-18,Premium
CUST3217,Laksh Shukla,Pune,Hadapsar,2025-07-26,Regular
CUST3218,Chameli Mann,Bangalore,Whitefield,2023-12-19,Regular
CUST3219,Arya Sastry,Mumbai,Andheri,2026-05-24,Premium
CUST3220,Yagnesh Tripathi,Bangalore,Jayanagar,2025-10-07,Premium
CUST3221,Hamsini Bhasin,Pune,Aundh,2024-02-16,Premium
CUST3222,Wyatt Purohit,Mumbai,Kurla,2025-06-19,Premium
CUST3223,Manya Balay,Mumbai,Andheri,2024-07-31,Regular
CUST3224,Nachiket Sanghvi,Mumbai,Thane,2025-08-09,Regular
CUST3225,Max Chadha,Pune,Hadapsar,2023-07-23,New
CUST3226,Onkar Banerjee,Mumbai,Thane,2026-05-22,Regular
CUST3227,Kashvi Chaudhry,Mumbai,Andheri,2025-10-08,Regular
CUST3228,Yashica Jaggi,Mumbai,Andheri,2024-12-06,Premium
CUST3229,Ishwar Parikh,Pune,Hadapsar,2024-04-14,New
CUST3230,Bhavini Chad,Bangalore,HSR Layout,2024-06-05,Premium
CUST3231,Chakrika Kapadia,Pune,Wakad,2025-01-14,New
CUST3232,Shaurya Memon,Mumbai,Andheri,2025-11-27,Regular
CUST3233,Jeremiah Banik,Pune,Koregaon Park,2026-03-17,Regular
CUST3234,Yoshita Trivedi,Pune,Viman Nagar,2023-12-18,Regular
CUST3235,Hamsini Grewal,Mumbai,Kurla,2024-09-07,New
CUST3236,Charles Tata,Pune,Kothrud,2024-12-29,New
CUST3237,Saksham Grover,Mumbai,Kurla,2025-12-22,New
CUST3238,Mugdha Shetty,Mumbai,Borivali,2024-11-11,Regular
CUST3239,Om Dixit,Pune,Aundh,2024-05-24,Regular
CUST3240,Xavier Kanda,Mumbai,Kurla,2024-10-18,New
CUST3241,Chandani Kakar,Mumbai,Borivali,2026-05-25,New
CUST3242,Azaan Malhotra,Pune,Koregaon Park,2023-10-29,Regular
CUST3243,Simon Varkey,Bangalore,Koramangala,2023-08-14,Regular
CUST3244,Sneha Ganguly,Pune,Aundh,2025-05-30,Regular
CUST3245,Maya Jhaveri,Mumbai,Borivali,2023-12-24,Regular
CUST3246,Shivansh Shenoy,Pune,Koregaon Park,2024-08-08,Regular
CUST3247,Abhimanyu Banerjee,Bangalore,Koramangala,2024-06-13,New
CUST3248,Inaya Gokhale,Mumbai,Thane,2025-09-12,New
CUST3249,Faraj Vora,Mumbai,Bandra,2024-10-16,Premium
CUST3250,Orinder Radhakrishnan,Bangalore,BTM Layout,2024-12-17,New
CUST3251,Panini Vaidya,Mumbai,Thane,2024-12-08,Regular
CUST3252,Triya Ghosh,Bangalore,BTM Layout,2024-01-22,New
CUST3253,Nitara Baria,Bangalore,Jayanagar,2025-03-04,Regular
CUST3254,Udyati Chana,Mumbai,Borivali,2025-08-15,Regular
CUST3255,Oeshi Jaggi,Pune,Koregaon Park,2023-11-25,New
CUST3256,Chanchal Bhagat,Bangalore,Jayanagar,2025-03-21,New
CUST3257,Unnati Chadha,Pune,Viman Nagar,2025-07-25,New
CUST3258,Gavin Lall,Bangalore,Whitefield,2024-10-20,Regular
CUST3259,Saksham Raja,Mumbai,Dadar,2024-03-23,Regular
CUST3260,Faraj Kohli,Pune,Wakad,2026-01-23,New
CUST3261,Chandani Kapadia,Pune,Koregaon Park,2026-03-07,New
CUST3262,Kala Dugar,Bangalore,HSR Layout,2024-12-26,Regular
CUST3263,Yochana Desai,Bangalore,Whitefield,2026-01-23,Regular
CUST3264,Dalbir Sandal,Bangalore,Indiranagar,2025-11-08,New
CUST3265,Bhanumati Babu,Mumbai,Borivali,2024-03-01,Regular
CUST3266,Harita Gokhale,Mumbai,Andheri,2024-10-29,Regular
CUST3267,Pranit Mahal,Bangalore,Jayanagar,2026-02-08,New
CUST3268,Rachit Sane,Pune,Viman Nagar,2026-01-16,Premium
CUST3269,Chakradhar Kothari,Bangalore,Koramangala,2025-02-21,Regular
CUST3270,Ansh Bahl,Pune,Wakad,2025-03-24,Regular
CUST3271,Vasana Sheth,Pune,Aundh,2026-03-28,New
CUST3272,Lohit Mitra,Pune,Hadapsar,2025-08-04,Regular
CUST3273,Mitesh Ramachandran,Bangalore,HSR Layout,2025-11-07,Regular
CUST3274,Pooja Lalla,Mumbai,Kurla,2023-11-04,Regular
CUST3275,Yashasvi Hegde,Mumbai,Borivali,2024-03-21,New
CUST3276,Bhavika Choudhury,Mumbai,Bandra,2024-01-11,New
CUST3277,Benjamin Buch,Pune,Kothrud,2025-07-29,New
CUST3278,Hemani Karnik,Pune,Hadapsar,2023-06-04,New
CUST3279,Kala Hayer,Pune,Kothrud,2024-02-21,Regular
CUST3280,Raghav De,Pune,Kothrud,2024-05-04,Regular
CUST3281,Ria Yadav,Mumbai,Kurla,2026-05-04,Regular
CUST3282,Dayamai Rau,Pune,Kothrud,2023-12-26,New
CUST3283,Rishi Srivastava,Pune,Baner,2026-04-17,New
CUST3284,Wyatt Tandon,Mumbai,Andheri,2024-02-04,Regular
CUST3285,Nachiket Narula,Pune,Baner,2025-12-24,Regular
CUST3286,Farhan Gill,Bangalore,BTM Layout,2026-02-02,Premium
CUST3287,Nidhi Vohra,Mumbai,Andheri,2025-10-22,Premium
CUST3288,Utkarsh Gandhi,Pune,Wakad,2024-07-31,New
CUST3289,Ucchal Chacko,Pune,Baner,2026-01-10,Regular
CUST3290,Waida Kala,Mumbai,Kurla,2025-08-12,Regular
CUST3291,Xalak Tailor,Pune,Wakad,2026-02-26,New
CUST3292,Pahal Tank,Mumbai,Andheri,2023-08-17,New
CUST3293,Zarna Magar,Bangalore,Indiranagar,2024-05-16,Regular
CUST3294,Yatan Bhargava,Pune,Baner,2023-06-22,Premium
CUST3295,Faris Maharaj,Mumbai,Thane,2025-07-08,New
CUST3296,Ekani Comar,Mumbai,Dadar,2023-07-17,New
CUST3297,Hritik Yohannan,Bangalore,BTM Layout,2025-02-15,Premium
CUST3298,Bhanumati Korpal,Bangalore,Koramangala,2024-09-23,New
CUST3299,Manan Buch,Pune,Aundh,2026-01-27,New
CUST3300,Ekanta Ganguly,Bangalore,HSR Layout,2025-12-17,Regular
CUST3301,Oeshi Tiwari,Mumbai,Borivali,2024-09-17,Regular
CUST3302,Divya Kota,Bangalore,Indiranagar,2024-02-27,Premium
CUST3303,Gauri Jayaraman,Bangalore,BTM Layout,2024-12-27,New
CUST3304,Leena Tripathi,Bangalore,Whitefield,2023-12-10,Regular
CUST3305,Karan Mall,Mumbai,Bandra,2024-03-29,New
CUST3306,Frederick Tailor,Mumbai,Kurla,2025-12-30,New
CUST3307,Zarna Batra,Bangalore,BTM Layout,2024-12-31,Premium
CUST3308,Hemani Chada,Pune,Hadapsar,2024-09-27,New
CUST3309,Ojas Dada,Mumbai,Kurla,2025-02-26,Regular
CUST3310,Abhiram Ben,Pune,Wakad,2023-06-08,Regular
CUST3311,Tanveer Subramanian,Bangalore,BTM Layout,2024-09-07,Regular
CUST3312,Upma Balan,Bangalore,HSR Layout,2023-11-05,New
CUST3313,Rachit Patel,Bangalore,Whitefield,2025-07-13,Regular
CUST3314,Yashvi Kumar,Mumbai,Dadar,2023-10-09,Premium
CUST3315,Ekiya Krish,Mumbai,Powai,2024-05-02,Regular
CUST3316,Nitara Agate,Bangalore,BTM Layout,2023-12-11,Regular
CUST3317,Chaitaly Bahl,Pune,Wakad,2025-08-21,Premium
CUST3318,Qasim Nayak,Mumbai,Kurla,2025-03-24,New
CUST3319,Rushil Gade,Pune,Baner,2023-07-15,Regular
CUST3320,Alexander Baria,Mumbai,Borivali,2025-09-16,New
CUST3321,Lekha Deshmukh,Mumbai,Powai,2023-10-23,Regular
CUST3322,Chakradev Chaudhry,Pune,Aundh,2026-03-28,New
CUST3323,Gautam Tank,Mumbai,Borivali,2024-11-25,Regular
CUST3324,Raksha Puri,Bangalore,Koramangala,2026-02-26,Regular
CUST3325,Chakradhar Mital,Bangalore,Whitefield,2025-11-10,Regular
CUST3326,Tanay Mander,Mumbai,Thane,2023-06-27,Regular
CUST3327,Lekha Chatterjee,Mumbai,Powai,2023-11-13,New
CUST3328,Megha Rai,Pune,Wakad,2025-07-05,Regular
CUST3329,Arjun Malhotra,Mumbai,Dadar,2024-12-28,New
CUST3330,Rachit Rattan,Pune,Baner,2025-12-30,Premium
CUST3331,Aryan Ganesan,Bangalore,BTM Layout,2025-07-13,Regular
CUST3332,Jackson Dani,Mumbai,Bandra,2024-12-07,New
CUST3333,Dayamai Deshmukh,Pune,Baner,2023-10-12,New
CUST3334,Raagini Rama,Pune,Baner,2024-08-15,New
CUST3335,Advaith Jaggi,Mumbai,Powai,2025-04-08,Regular
CUST3336,Ekansh Sinha,Bangalore,Whitefield,2025-03-27,New
CUST3337,Chaman Chahal,Bangalore,Indiranagar,2025-02-23,Premium
CUST3338,Upadhriti Kunda,Bangalore,Jayanagar,2026-02-11,Regular
CUST3339,Rayaan Tak,Mumbai,Andheri,2024-10-18,Regular
CUST3340,Nathaniel Dutt,Mumbai,Kurla,2024-04-25,Regular
CUST3341,Chakradhar Tiwari,Mumbai,Thane,2025-06-09,Premium
CUST3342,Rajata Rattan,Bangalore,Koramangala,2025-09-13,Regular
CUST3343,Rohan Pandit,Bangalore,Indiranagar,2023-11-11,Premium
CUST3344,Noah Samra,Pune,Wakad,2023-07-25,Regular
CUST3345,Aadhya Warrior,Pune,Kothrud,2025-01-09,New
CUST3346,Vivaan Swaminathan,Bangalore,BTM Layout,2026-04-11,Regular
CUST3347,Pratyush Raju,Bangalore,HSR Layout,2023-10-24,Regular
CUST3348,Dev Sanghvi,Pune,Baner,2024-07-14,Premium
CUST3349,Janaki Mannan,Mumbai,Kurla,2024-07-08,Premium
CUST3350,Hamsini Amble,Mumbai,Bandra,2026-02-04,Regular
CUST3351,Falan Dua,Bangalore,Koramangala,2025-03-12,Regular
CUST3352,Bhavya Roy,Bangalore,Indiranagar,2024-11-20,Regular
CUST3353,Utkarsh Basu,Bangalore,Koramangala,2024-09-26,Regular
CUST3354,Rachit Brahmbhatt,Bangalore,Whitefield,2023-09-20,Regular
CUST3355,Jeremiah Nigam,Mumbai,Thane,2025-12-17,Regular
CUST3356,Idika Kibe,Mumbai,Kurla,2026-01-12,Regular
CUST3357,Lopa Puri,Bangalore,Whitefield,2025-10-17,Regular
CUST3358,Mohini Morar,Pune,Viman Nagar,2024-05-04,Regular
CUST3359,Bhavani Basak,Pune,Wakad,2024-12-18,Premium
CUST3360,Ekalinga Roy,Mumbai,Borivali,2025-03-24,Regular
CUST3361,Ekiya Sarraf,Bangalore,BTM Layout,2023-08-14,Regular
CUST3362,Tanveer Chakraborty,Mumbai,Thane,2026-05-17,New
CUST3363,Bhavani Mander,Mumbai,Andheri,2024-08-04,Regular
CUST3364,Naksh Master,Pune,Kothrud,2026-03-19,New
CUST3365,Siddharth Dave,Bangalore,HSR Layout,2024-03-12,Regular
CUST3366,Xalak Tank,Mumbai,Andheri,2026-05-14,New
CUST3367,Viraj Wadhwa,Bangalore,BTM Layout,2023-07-26,New
CUST3368,Dhriti Munshi,Bangalore,BTM Layout,2025-06-13,Regular
CUST3369,Raghav Chakrabarti,Pune,Wakad,2024-05-04,New
CUST3370,Yasti Keer,Mumbai,Powai,2025-03-30,New
CUST3371,Anita Dara,Mumbai,Dadar,2025-03-24,Regular
CUST3372,Nandini Dara,Mumbai,Andheri,2026-02-02,Regular
CUST3373,Chaitaly Khatri,Pune,Wakad,2025-12-10,Regular
CUST3374,Madhavi Bhakta,Mumbai,Thane,2023-11-19,New
CUST3375,Omkaar Kashyap,Pune,Wakad,2025-01-17,Regular
CUST3376,Janaki Chahal,Mumbai,Dadar,2023-11-11,New
CUST3377,Manan Biswas,Pune,Wakad,2026-04-14,Premium
CUST3378,Manya Rattan,Mumbai,Thane,2025-06-22,Premium
CUST3379,Vedant Bajaj,Bangalore,HSR Layout,2025-02-20,New
CUST3380,Madhav Rana,Bangalore,Whitefield,2024-11-02,Regular
CUST3381,Siddharth Konda,Bangalore,Jayanagar,2024-08-18,Regular
CUST3382,Falan Biswas,Mumbai,Bandra,2024-05-31,New
CUST3383,Jyoti Contractor,Pune,Kothrud,2025-05-28,New
CUST3384,Pratyush Kapoor,Mumbai,Borivali,2024-06-14,Premium
CUST3385,Xiti Agate,Bangalore,Whitefield,2024-09-09,Premium
CUST3386,Yatan Balasubramanian,Mumbai,Thane,2023-07-01,Regular
CUST3387,Ishani Bal,Pune,Hadapsar,2025-05-08,New
CUST3388,Jagat Bumb,Bangalore,HSR Layout,2025-04-17,Regular
CUST3389,Manan Seshadri,Bangalore,Whitefield,2024-01-02,Regular
CUST3390,Mugdha Srinivasan,Pune,Kothrud,2024-08-21,New
CUST3391,Panini Swamy,Bangalore,Jayanagar,2026-03-04,Regular
CUST3392,Abdul Talwar,Mumbai,Dadar,2023-11-28,New
CUST3393,Xalak Sule,Bangalore,Koramangala,2023-10-04,Regular
CUST3394,Damyanti Parmer,Pune,Wakad,2023-12-08,Premium
CUST3395,Indira Kibe,Pune,Baner,2023-11-16,Premium
CUST3396,Yashasvi Karpe,Bangalore,Whitefield,2023-09-10,Regular
CUST3397,Rishi Sehgal,Pune,Hadapsar,2024-07-07,Regular
CUST3398,Chandresh Sathe,Pune,Kothrud,2025-07-04,Regular
CUST3399,Rajeshri Mangal,Bangalore,Koramangala,2026-02-09,Premium
CUST3400,Brijesh Pillay,Pune,Aundh,2024-12-25,New
CUST3401,Alexander Bhalla,Mumbai,Thane,2026-02-27,Regular
CUST3402,Hritik Mani,Mumbai,Bandra,2024-12-16,Regular
CUST3403,Saksham More,Mumbai,Andheri,2025-08-25,New
CUST3404,Ryan Bawa,Bangalore,Jayanagar,2024-05-01,Regular
CUST3405,Ishita Hans,Mumbai,Powai,2024-08-17,Regular
CUST3406,Sara Raval,Pune,Kothrud,2025-05-20,New
CUST3407,Siya Sachdev,Mumbai,Andheri,2023-06-10,Regular
CUST3408,Reyansh Pandit,Pune,Baner,2024-08-04,Regular
CUST3409,Yashvi Upadhyay,Mumbai,Thane,2026-03-09,Regular
CUST3410,Bahadurjit Dixit,Pune,Viman Nagar,2025-04-25,Regular
CUST3411,Fariq Sant,Bangalore,HSR Layout,2026-02-03,New
CUST3412,Vasatika Gopal,Mumbai,Kurla,2023-12-26,New
CUST3413,Yashawini Chandra,Pune,Viman Nagar,2025-01-03,New
CUST3414,Atharv Gole,Mumbai,Andheri,2024-07-06,Regular
CUST3415,Kamya Kari,Mumbai,Bandra,2025-02-04,New
CUST3416,Xalak Bhasin,Pune,Hadapsar,2026-01-02,New
CUST3417,Sai Chahal,Mumbai,Powai,2024-10-29,New
CUST3418,Anjali Char,Bangalore,Koramangala,2026-04-08,Premium
CUST3419,Brijesh Date,Bangalore,Indiranagar,2024-12-15,Regular
CUST3420,Eiravati Ray,Pune,Aundh,2023-10-11,Regular
CUST3421,Maya Lall,Bangalore,Jayanagar,2024-02-22,Regular
CUST3422,Vedika Mohanty,Bangalore,Koramangala,2026-04-06,Regular
CUST3423,Pahal Sarin,Mumbai,Thane,2026-01-29,New
CUST3424,Yutika Bains,Pune,Koregaon Park,2025-01-22,Regular
CUST3425,Darsh Patel,Pune,Wakad,2025-12-16,Regular
CUST3426,Abha Gopal,Pune,Wakad,2023-08-25,New
CUST3427,Parth Ahuja,Mumbai,Andheri,2025-11-13,Premium
CUST3428,Zarna Ravi,Mumbai,Kurla,2025-07-30,New
CUST3429,Reyansh Biswas,Bangalore,Koramangala,2023-10-04,New
CUST3430,Vritti Kala,Pune,Aundh,2024-07-10,Premium
CUST3431,Oliver Wagle,Bangalore,Indiranagar,2025-09-06,Regular
CUST3432,Atharv Bhatia,Pune,Kothrud,2025-10-11,Regular
CUST3433,Mahika Ahluwalia,Mumbai,Powai,2024-09-30,Regular
CUST3434,Wridesh Kota,Pune,Viman Nagar,2025-02-04,New
CUST3435,Adya Char,Bangalore,HSR Layout,2024-06-22,Premium
CUST3436,Indrajit Bail,Pune,Wakad,2024-01-13,New
CUST3437,Jagat Bobal,Mumbai,Powai,2025-05-12,New
CUST3438,Parth Bera,Mumbai,Dadar,2023-10-25,Regular
CUST3439,Raksha Ram,Mumbai,Bandra,2025-08-09,Regular
CUST3440,Dev Ranganathan,Pune,Hadapsar,2024-01-09,Premium
CUST3441,Anthony Goswami,Bangalore,BTM Layout,2024-12-28,Regular
CUST3442,Warda Sane,Pune,Wakad,2023-08-17,Regular
CUST3443,Robert Ganesan,Bangalore,HSR Layout,2025-07-04,Premium
CUST3444,Karan Nadig,Pune,Hadapsar,2026-03-31,Regular
CUST3445,Qasim Dar,Bangalore,Indiranagar,2025-10-27,New
CUST3446,Aachal Bains,Pune,Viman Nagar,2025-01-03,Regular
CUST3447,Abeer Sheth,Bangalore,Jayanagar,2024-08-04,Regular
CUST3448,Guneet Salvi,Bangalore,Indiranagar,2025-04-08,Regular
CUST3449,Hardik Nair,Bangalore,Jayanagar,2024-02-13,Regular
CUST3450,Lohit Chahal,Bangalore,HSR Layout,2023-06-18,New
CUST3451,Chakradhar Dugar,Pune,Viman Nagar,2026-05-22,Premium
CUST3452,Kalpit Panchal,Mumbai,Thane,2026-02-15,Regular
CUST3453,Aadhya Mandal,Bangalore,Indiranagar,2023-10-25,Regular
CUST3454,Girindra Roy,Bangalore,Koramangala,2024-09-20,New
CUST3455,Oscar Koshy,Bangalore,Koramangala,2023-07-28,Regular
CUST3456,Urishilla Apte,Bangalore,HSR Layout,2024-10-16,Regular
CUST3457,Ayaan Mital,Bangalore,Koramangala,2025-11-02,New
CUST3458,Sudiksha Shanker,Mumbai,Thane,2024-09-26,New
CUST3459,Laksh Patla,Pune,Kothrud,2025-07-14,New
CUST3460,Leena Rao,Pune,Wakad,2025-09-12,Premium
CUST3461,Nidhi Rajagopal,Bangalore,HSR Layout,2025-06-18,Regular
CUST3462,Amaira Dixit,Mumbai,Bandra,2024-05-24,New
CUST3463,Bina Narayan,Bangalore,Koramangala,2025-11-08,Regular
CUST3464,Tripti Chandran,Mumbai,Dadar,2023-07-16,Premium
CUST3465,Vansha Mishra,Pune,Wakad,2024-04-25,Premium
CUST3466,Madhav Dhillon,Mumbai,Powai,2024-05-09,New
CUST3467,Oscar Morar,Bangalore,Koramangala,2025-09-17,Premium
CUST3468,Hemangini Chaudhuri,Bangalore,Indiranagar,2025-01-24,Premium
CUST3469,Dakshesh Srinivas,Bangalore,Jayanagar,2024-03-11,New
CUST3470,Girindra Misra,Mumbai,Borivali,2025-11-21,Regular
CUST3471,Indira Ratti,Mumbai,Dadar,2023-07-18,New
CUST3472,Darpan D’Alia,Mumbai,Andheri,2026-02-02,Premium
CUST3473,Jeremiah Sangha,Pune,Hadapsar,2026-03-01,Premium
CUST3474,Chakradev Virk,Pune,Wakad,2023-07-06,New
CUST3475,Maanav Mann,Bangalore,BTM Layout,2025-06-23,Premium
CUST3476,Michael Chaudhuri,Pune,Wakad,2023-07-30,Regular
CUST3477,Dipta Karnik,Mumbai,Dadar,2024-01-01,Regular
CUST3478,Falak Taneja,Pune,Hadapsar,2025-04-21,New
CUST3479,Eta Dutt,Mumbai,Bandra,2024-04-27,Regular
CUST3480,Shaurya Rajagopalan,Mumbai,Powai,2025-07-13,Regular
CUST3481,Balhaar Rattan,Bangalore,Indiranagar,2023-10-18,New
CUST3482,Joshua Sibal,Mumbai,Andheri,2025-11-23,Premium
CUST3483,Gunbir Ramesh,Mumbai,Thane,2026-03-22,Regular
CUST3484,Amruta Prabhakar,Mumbai,Thane,2026-01-21,Regular
CUST3485,Ubika Narula,Bangalore,Jayanagar,2023-07-01,Regular
CUST3486,Warhi Balasubramanian,Pune,Aundh,2025-01-30,Premium
CUST3487,Ekalinga Suri,Mumbai,Andheri,2025-02-06,Regular
CUST3488,Shivani Sachdev,Mumbai,Kurla,2024-10-18,New
CUST3489,Rohan Tailor,Mumbai,Borivali,2025-05-09,Regular
CUST3490,Ekaja Sant,Bangalore,Jayanagar,2026-01-26,New
CUST3491,Jack Bajaj,Mumbai,Thane,2023-09-03,Regular
CUST3492,Eesha Sane,Mumbai,Thane,2025-11-10,Regular
CUST3493,Nathan Buch,Mumbai,Andheri,2025-01-12,Regular
CUST3494,Hemang Lal,Bangalore,HSR Layout,2023-07-29,New
CUST3495,Amruta Dara,Pune,Koregaon Park,2025-03-07,New
CUST3496,Gautami Patil,Bangalore,Jayanagar,2024-06-24,Regular
CUST3497,Chaitaly Pal,Mumbai,Thane,2023-08-06,Premium
CUST3498,Gayathri Deep,Mumbai,Dadar,2025-05-16,Regular
CUST3499,Arunima Dhawan,Mumbai,Powai,2024-12-29,Regular
CUST3500,Neelima Lad,Bangalore,Koramangala,2026-02-21,Regular
CUST3501,Ijaya Borah,Pune,Koregaon Park,2025-11-01,Regular
CUST3502,Peter Biswas,Bangalore,Indiranagar,2023-06-21,New
CUST3503,Ekanta Patla,Mumbai,Powai,2024-09-15,Regular
CUST3504,Ayaan Chadha,Bangalore,Whitefield,2024-06-04,Regular
CUST3505,Hiral Mukherjee,Mumbai,Dadar,2026-03-12,Regular
CUST3506,Meera Pau,Bangalore,Koramangala,2024-07-21,Regular
CUST3507,Zilmil Oommen,Mumbai,Dadar,2025-12-05,New
CUST3508,Omaja Chad,Mumbai,Andheri,2024-02-25,Premium
CUST3509,Raghav Doctor,Mumbai,Dadar,2023-07-09,Regular
CUST3510,Hredhaan Bal,Pune,Hadapsar,2024-04-10,Regular
CUST3511,Gabriel Singh,Pune,Baner,2024-09-13,Regular
CUST3512,Faqid Sheth,Bangalore,Indiranagar,2024-09-09,New
CUST3513,Ishwar Karnik,Bangalore,BTM Layout,2024-06-04,Premium
CUST3514,Vedika Comar,Pune,Koregaon Park,2025-12-14,New
CUST3515,Fiyaz Goel,Pune,Hadapsar,2023-07-17,Regular
CUST3516,Jalsa Chawla,Mumbai,Thane,2024-04-19,Regular
CUST3517,Dev Aurora,Pune,Viman Nagar,2024-06-02,Premium
CUST3518,Lohit Pillay,Mumbai,Bandra,2024-10-01,Premium
CUST3519,Vritti Borde,Mumbai,Dadar,2026-04-01,Regular
CUST3520,Zashil Memon,Bangalore,Jayanagar,2025-03-31,Premium
CUST3521,Siddharth Kaul,Bangalore,Whitefield,2024-12-09,Regular
CUST3522,Yatin Kumar,Bangalore,Koramangala,2024-07-06,New
CUST3523,Devansh Agrawal,Bangalore,Whitefield,2024-02-02,Premium
CUST3524,Charita Baral,Mumbai,Dadar,2023-12-01,New
CUST3525,Yashawini Khosla,Bangalore,HSR Layout,2025-04-19,Regular
CUST3526,Kai Kapoor,Pune,Wakad,2024-06-02,Premium
CUST3527,Tanvi Bajwa,Pune,Koregaon Park,2024-02-11,New
CUST3528,Bhavika Khalsa,Bangalore,HSR Layout,2023-09-26,Regular
CUST3529,Girish Chadha,Bangalore,Whitefield,2025-12-12,Regular
CUST3530,Kevin Sarna,Pune,Wakad,2024-01-05,Regular
CUST3531,Siya Rao,Bangalore,Indiranagar,2024-01-19,New
CUST3532,Chandran Randhawa,Pune,Viman Nagar,2023-08-17,Premium
CUST3533,Nitesh Trivedi,Mumbai,Borivali,2025-11-07,Premium
CUST3534,Lavanya Kapoor,Pune,Wakad,2024-03-17,New
CUST3535,Raghav Kapoor,Pune,Aundh,2025-07-04,Regular
CUST3536,Frado Bhagat,Mumbai,Kurla,2025-04-28,Regular
CUST3537,Wahab Aggarwal,Bangalore,BTM Layout,2023-10-23,New
CUST3538,Eesha Loke,Bangalore,Indiranagar,2025-07-17,New
CUST3539,Ekani Dua,Pune,Kothrud,2024-10-07,New
CUST3540,Nicholas Dasgupta,Pune,Baner,2024-11-07,New
CUST3541,Ekansh Salvi,Pune,Kothrud,2025-11-16,Regular
CUST3542,Wriddhish Bhat,Pune,Koregaon Park,2026-05-06,New
CUST3543,Devika Sengupta,Pune,Hadapsar,2025-11-10,Regular
CUST3544,Reva Acharya,Pune,Koregaon Park,2026-02-11,New
CUST3545,Andrew Gill,Pune,Kothrud,2025-06-25,Regular
CUST3546,Ojasvi Tiwari,Mumbai,Thane,2025-09-27,Regular
CUST3547,Priya Gour,Mumbai,Borivali,2025-08-14,Regular
CUST3548,Jonathan Rastogi,Mumbai,Dadar,2024-11-13,Premium
CUST3549,Brinda Johal,Mumbai,Kurla,2026-01-05,New
CUST3550,Christopher Pall,Mumbai,Dadar,2024-10-06,Regular
CUST3551,Jason Sandal,Bangalore,Koramangala,2023-10-09,Premium
CUST3552,Robert Jha,Mumbai,Kurla,2025-08-17,New
CUST3553,Gautam Shenoy,Mumbai,Kurla,2024-03-09,Regular
CUST3554,Girish Mann,Bangalore,Indiranagar,2025-07-21,New
CUST3555,Jalsa Bala,Pune,Aundh,2023-09-04,Regular
CUST3556,Ayush Sura,Bangalore,Indiranagar,2026-03-01,Regular
CUST3557,Indrajit Lad,Bangalore,Jayanagar,2026-02-25,Regular
CUST3558,Kamala Salvi,Mumbai,Borivali,2026-01-15,Regular
CUST3559,Onveer Sampath,Pune,Koregaon Park,2026-02-21,Premium
CUST3560,Meghana Raman,Mumbai,Andheri,2025-05-15,Regular
CUST3561,Udant Badal,Pune,Aundh,2024-05-09,Regular
CUST3562,Panini Talwar,Bangalore,HSR Layout,2026-04-16,New
CUST3563,Harinakshi Bandi,Mumbai,Thane,2025-11-02,Regular
CUST3564,Janani Kohli,Pune,Baner,2025-06-17,Regular
CUST3565,Dipta Dewan,Mumbai,Dadar,2026-03-15,Premium
CUST3566,Abhiram Sampath,Pune,Hadapsar,2026-01-30,Regular
CUST3567,Tanish Ratta,Bangalore,Indiranagar,2026-03-24,Regular
CUST3568,Tamanna Sawhney,Bangalore,BTM Layout,2024-02-23,Regular
CUST3569,Harsh Kakar,Bangalore,BTM Layout,2023-12-02,New
CUST3570,Jai Chokshi,Mumbai,Kurla,2024-04-11,New
CUST3571,Lakshit Talwar,Bangalore,BTM Layout,2026-02-08,Premium
CUST3572,Prisha Bandi,Mumbai,Bandra,2025-05-28,Premium
CUST3573,Faras Agate,Pune,Kothrud,2023-12-20,Regular
CUST3574,Vasudha Sathe,Pune,Wakad,2025-05-24,New
CUST3575,Agastya Wable,Bangalore,Jayanagar,2024-03-31,New
CUST3576,Yoshita Ghosh,Mumbai,Dadar,2023-10-31,New
CUST3577,Qadim Pingle,Mumbai,Thane,2025-04-09,Regular
CUST3578,Charles Agrawal,Pune,Hadapsar,2024-09-01,New
CUST3579,Dakshesh Yogi,Mumbai,Dadar,2025-10-29,New
CUST3580,Madhavi Aggarwal,Pune,Viman Nagar,2024-06-17,Regular
CUST3581,Oeshi Bora,Mumbai,Andheri,2024-05-12,Regular
CUST3582,Ekapad Loyal,Mumbai,Kurla,2023-08-31,New
CUST3583,Siya Banik,Bangalore,BTM Layout,2024-05-21,New
CUST3584,Yash Chadha,Mumbai,Thane,2023-08-23,Premium
CUST3585,Xavier Pandey,Bangalore,Jayanagar,2024-10-06,Regular
CUST3586,Teerth Patla,Bangalore,Jayanagar,2023-06-08,Regular
CUST3587,Nidra Mannan,Mumbai,Kurla,2024-01-02,New
CUST3588,Peter Sankaran,Mumbai,Andheri,2024-12-07,New
CUST3589,Zehaan Ramanathan,Pune,Koregaon Park,2024-04-02,Regular
CUST3590,George Chakraborty,Bangalore,Indiranagar,2023-07-26,Regular
CUST3591,Xavier Yogi,Pune,Viman Nagar,2025-12-10,Regular
CUST3592,Sneha Lala,Mumbai,Thane,2025-05-24,Regular
CUST3593,Atharv Chahal,Pune,Baner,2026-04-15,New
CUST3594,Nilima Talwar,Bangalore,Indiranagar,2024-02-18,Premium
CUST3595,Anika Chakrabarti,Mumbai,Powai,2024-03-17,Regular
CUST3596,Charan Brahmbhatt,Bangalore,Indiranagar,2025-03-30,Regular
CUST3597,Wridesh Nagi,Bangalore,BTM Layout,2024-12-24,New
CUST3598,Januja Iyengar,Mumbai,Andheri,2024-06-11,Regular
CUST3599,Yamini Puri,Mumbai,Powai,2023-12-08,New
CUST3600,Vritti Sagar,Mumbai,Kurla,2024-05-31,New
CUST3601,Darika Divan,Bangalore,HSR Layout,2024-08-25,New
CUST3602,Samuel Ranganathan,Mumbai,Bandra,2025-10-20,Regular
CUST3603,Thomas Bala,Bangalore,Koramangala,2023-11-09,Regular
CUST3604,Rehaan Sane,Mumbai,Borivali,2025-03-02,Premium
CUST3605,Radhika Kalla,Pune,Baner,2024-08-20,Premium
CUST3606,Sarthak Venkataraman,Bangalore,BTM Layout,2023-12-25,Regular
CUST3607,Geetika Raja,Pune,Kothrud,2025-09-29,New
CUST3608,Daniel Nori,Mumbai,Andheri,2025-07-16,Premium
CUST3609,Ishaan Om,Mumbai,Bandra,2025-05-18,Premium
CUST3610,Advaith Bawa,Pune,Aundh,2023-10-08,Regular
CUST3611,Yahvi Kashyap,Pune,Hadapsar,2024-01-08,Regular
CUST3612,Viraj Shah,Pune,Aundh,2025-06-21,Regular
CUST3613,Ekanta Upadhyay,Mumbai,Powai,2023-07-19,Premium
CUST3614,Naveen Toor,Bangalore,Indiranagar,2023-09-09,Premium
CUST3615,Samarth Tank,Bangalore,HSR Layout,2025-09-25,Regular
CUST3616,Madhav Ramachandran,Bangalore,HSR Layout,2023-09-01,Premium
CUST3617,Urvashi Virk,Mumbai,Thane,2023-12-01,New
CUST3618,Pallavi Goswami,Bangalore,Whitefield,2025-08-25,New
CUST3619,Vyanjana Krish,Pune,Hadapsar,2024-08-12,Premium
CUST3620,Yuvraj Dada,Mumbai,Andheri,2024-02-16,New
CUST3621,Naveen Amble,Bangalore,Koramangala,2026-03-16,Premium
CUST3622,Yashodhara Wadhwa,Bangalore,Whitefield,2026-05-17,Regular
CUST3623,Anya Majumdar,Pune,Viman Nagar,2024-11-16,New
CUST3624,Nirja Contractor,Bangalore,HSR Layout,2024-02-19,New
CUST3625,Caleb Kadakia,Pune,Wakad,2026-02-18,New
CUST3626,Naveen Narula,Bangalore,Indiranagar,2023-10-08,Regular
CUST3627,Damini Rai,Pune,Baner,2025-01-28,Regular
CUST3628,Nidra Modi,Bangalore,Koramangala,2025-08-20,Regular
CUST3629,Yasti Sibal,Pune,Kothrud,2023-08-18,Premium
CUST3630,Baghyawati Deshpande,Mumbai,Dadar,2025-08-01,Premium
CUST3631,Nandini Shroff,Pune,Koregaon Park,2024-12-23,Regular
CUST3632,Nakul Gala,Mumbai,Bandra,2026-05-15,Premium
CUST3633,Forum Barman,Pune,Viman Nagar,2024-08-22,Regular
CUST3634,Omkaar Yohannan,Bangalore,HSR Layout,2024-08-28,Premium
CUST3635,Balvan Mann,Bangalore,Jayanagar,2026-06-03,Regular
CUST3636,Sachi Kapur,Pune,Koregaon Park,2024-11-14,New
CUST3637,Brijesh Kalla,Mumbai,Powai,2026-03-11,Regular
CUST3638,William Nagarajan,Pune,Hadapsar,2025-12-09,Regular
CUST3639,Irya Nagarajan,Bangalore,Jayanagar,2025-12-04,Regular
CUST3640,Udarsh Trivedi,Mumbai,Kurla,2026-05-02,Premium
CUST3641,Wriddhish Kamdar,Mumbai,Powai,2025-07-12,Regular
CUST3642,William Gulati,Mumbai,Powai,2025-07-22,New
CUST3643,Vamakshi Mohan,Pune,Koregaon Park,2024-10-29,New
CUST3644,Avi Chad,Bangalore,Jayanagar,2023-09-15,Premium
CUST3645,Jeremiah Bhavsar,Pune,Koregaon Park,2026-03-12,Regular
CUST3646,Upma Anand,Bangalore,HSR Layout,2026-01-17,New
CUST3647,Anusha Bhargava,Bangalore,Koramangala,2025-04-19,Regular
CUST3648,Ira Sachar,Pune,Kothrud,2024-06-11,Regular
CUST3649,Triya Garde,Bangalore,Jayanagar,2025-11-11,Regular
CUST3650,Benjamin Chada,Bangalore,Indiranagar,2023-06-23,New
CUST3651,Bahadurjit Rajan,Pune,Hadapsar,2025-04-07,Premium
CUST3652,Zayyan Chad,Bangalore,Indiranagar,2024-06-29,Regular
CUST3653,Abhimanyu Kata,Bangalore,Koramangala,2025-11-10,Regular
CUST3654,Onkar Chaudhary,Bangalore,BTM Layout,2023-12-23,Regular
CUST3655,Varsha Chowdhury,Bangalore,BTM Layout,2025-02-02,Regular
CUST3656,Unnati Divan,Bangalore,Koramangala,2024-03-01,Regular
CUST3657,Mason Dugar,Pune,Hadapsar,2023-07-04,Premium
CUST3658,Anika Biswas,Pune,Aundh,2023-08-10,Regular
CUST3659,Ekta Dora,Pune,Koregaon Park,2024-11-28,Regular
CUST3660,Ranveer Manne,Mumbai,Andheri,2024-12-18,New
CUST3661,Victor Sunder,Bangalore,Indiranagar,2023-10-19,Regular
CUST3662,Ganga Dada,Pune,Viman Nagar,2024-01-22,New
CUST3663,Kiaan Gopal,Pune,Koregaon Park,2026-02-09,Premium
CUST3664,Avi Peri,Bangalore,Whitefield,2026-05-04,Regular
CUST3665,Sudiksha Wali,Bangalore,Indiranagar,2026-05-30,Regular
CUST3666,Rishi Joshi,Bangalore,Koramangala,2024-04-11,New
CUST3667,Arjun Wable,Pune,Viman Nagar,2023-10-04,Premium
CUST3668,Girish Sen,Mumbai,Dadar,2024-12-21,Regular
CUST3669,Barkha Doctor,Pune,Viman Nagar,2023-11-17,Regular
CUST3670,Chatresh Kapur,Mumbai,Borivali,2025-02-01,Premium
CUST3671,Krishna Shenoy,Mumbai,Borivali,2023-07-28,Regular
CUST3672,Yatan Venkataraman,Pune,Hadapsar,2024-04-10,New
CUST3673,Laban Rajan,Pune,Wakad,2023-08-18,New
CUST3674,Urishilla Gaba,Pune,Baner,2023-11-19,Premium
CUST3675,Nimrat Patel,Pune,Wakad,2024-07-09,Regular
CUST3676,Yashawini Ramachandran,Pune,Viman Nagar,2025-10-17,Regular
CUST3677,Jagrati Goyal,Pune,Hadapsar,2025-10-31,Regular
CUST3678,Arya Chaudhari,Pune,Viman Nagar,2025-09-07,New
CUST3679,Hiral Badami,Mumbai,Dadar,2025-12-09,Premium
CUST3680,Jonathan Kibe,Mumbai,Thane,2023-08-07,New
CUST3681,Umang Bahri,Mumbai,Dadar,2024-06-11,Regular
CUST3682,Tristan Salvi,Bangalore,Indiranagar,2026-04-26,Regular
CUST3683,Samarth Patel,Pune,Hadapsar,2025-10-22,Regular
CUST3684,Aadhya Gupta,Bangalore,Jayanagar,2025-04-22,Regular
CUST3685,Osha Zacharia,Bangalore,Whitefield,2023-10-14,Regular
CUST3686,Champak Babu,Bangalore,BTM Layout,2026-01-12,Regular
CUST3687,Anamika Srinivas,Mumbai,Kurla,2023-10-08,New
CUST3688,Yashodhara Agrawal,Mumbai,Thane,2024-08-16,New
CUST3689,Wyatt Kadakia,Bangalore,Indiranagar,2026-02-15,New
CUST3690,Gagan Sampath,Pune,Viman Nagar,2023-10-12,New
CUST3691,Pavani Kala,Bangalore,HSR Layout,2024-05-29,New
CUST3692,Idika Keer,Bangalore,Koramangala,2023-11-20,Regular
CUST3693,Ikbal Sane,Mumbai,Kurla,2023-11-12,New
CUST3694,Neha Salvi,Pune,Baner,2025-12-28,New
CUST3695,Omkaar Kalla,Mumbai,Bandra,2023-07-25,Regular
CUST3696,Wahab Ramakrishnan,Pune,Aundh,2023-11-06,Premium
CUST3697,Meghana Biswas,Pune,Viman Nagar,2023-09-08,Regular
CUST3698,Aashi Buch,Mumbai,Borivali,2025-09-12,Premium
CUST3699,Falak Merchant,Mumbai,Andheri,2025-01-20,Regular
CUST3700,Vedant Trivedi,Bangalore,BTM Layout,2023-09-03,Premium
CUST3701,Saumya Sami,Bangalore,Whitefield,2026-04-06,Regular
CUST3702,Zehaan Wali,Pune,Wakad,2026-05-19,Regular
CUST3703,Krish Din,Mumbai,Bandra,2023-11-23,Regular
CUST3704,Upma Amble,Bangalore,Jayanagar,2025-08-08,Premium
CUST3705,Hiral Lad,Bangalore,BTM Layout,2025-02-06,Regular
CUST3706,Dominic De,Mumbai,Thane,2025-07-11,Regular
CUST3707,Hemal Dayal,Mumbai,Andheri,2024-02-01,Regular
CUST3708,Jai Biswas,Bangalore,Indiranagar,2024-06-30,Regular
CUST3709,Mohammed Memon,Pune,Kothrud,2026-04-10,Regular
CUST3710,George Oommen,Mumbai,Andheri,2024-11-15,Premium
CUST3711,Harini Iyer,Bangalore,Whitefield,2024-03-10,Regular
CUST3712,Vihaan Bora,Pune,Hadapsar,2023-10-23,Regular
CUST3713,Indira Gola,Bangalore,HSR Layout,2024-06-06,New
CUST3714,Ubika Comar,Mumbai,Kurla,2025-05-27,Regular
CUST3715,Falguni Banerjee,Mumbai,Powai,2025-09-24,Premium
CUST3716,Keya Bains,Bangalore,Jayanagar,2025-07-09,Premium
CUST3717,Keya Dugal,Pune,Baner,2025-03-09,Regular
CUST3718,Janani Tripathi,Pune,Baner,2024-09-10,Regular
CUST3719,Zehaan Batta,Mumbai,Kurla,2025-09-28,New
CUST3720,Alka Gera,Pune,Koregaon Park,2023-11-04,Regular
CUST3721,Yahvi Sen,Pune,Wakad,2023-11-24,Regular
CUST3722,Jacob Oza,Pune,Hadapsar,2025-04-04,New
CUST3723,Chaman Sarin,Mumbai,Kurla,2025-01-18,Premium
CUST3724,Keya Wable,Mumbai,Dadar,2024-11-18,Regular
CUST3725,Tanveer Panchal,Bangalore,Indiranagar,2026-05-12,Regular
CUST3726,Gopal Cheema,Bangalore,Jayanagar,2025-12-05,Premium
CUST3727,Mugdha Dyal,Bangalore,Jayanagar,2023-12-17,New
CUST3728,Liam Batta,Pune,Viman Nagar,2025-08-04,New
CUST3729,Chandani Joshi,Bangalore,Koramangala,2023-09-21,Regular
CUST3730,Damini Morar,Bangalore,BTM Layout,2026-04-30,Regular
CUST3731,Chasmum Pillay,Pune,Hadapsar,2024-04-19,Regular
CUST3732,Sanya Suresh,Bangalore,Jayanagar,2024-11-17,Regular
CUST3733,Saanvi Batta,Bangalore,HSR Layout,2023-06-22,Premium
CUST3734,Bimala Dora,Bangalore,BTM Layout,2023-11-20,Premium
CUST3735,Aarini Sood,Pune,Koregaon Park,2024-03-26,Regular
CUST3736,Bhavna Sanghvi,Pune,Viman Nagar,2025-11-21,Regular
CUST3737,Upadhriti Dutt,Pune,Kothrud,2025-10-09,Regular
CUST3738,Jasmit Bera,Pune,Baner,2025-01-11,Premium
CUST3739,Idika Raval,Mumbai,Dadar,2025-12-18,New
CUST3740,Charles Sarin,Bangalore,Koramangala,2023-07-26,New
CUST3741,Veda Hari,Mumbai,Powai,2024-08-27,New
CUST3742,Ranbir Kurian,Pune,Hadapsar,2025-10-17,Regular
CUST3743,Arunima Grewal,Mumbai,Bandra,2026-03-03,Premium
CUST3744,Nathaniel Gala,Bangalore,BTM Layout,2025-06-29,Premium
CUST3745,Saksham Chakrabarti,Pune,Kothrud,2024-02-04,Premium
CUST3746,Amol Dora,Mumbai,Andheri,2026-05-22,Regular
CUST3747,Samar Bobal,Bangalore,HSR Layout,2025-07-09,Regular
CUST3748,Wazir Buch,Mumbai,Andheri,2025-07-13,New
CUST3749,Janaki Sood,Bangalore,Indiranagar,2026-02-15,Regular
CUST3750,Chatresh Boase,Pune,Koregaon Park,2026-03-07,Regular
CUST3751,Onkar Verma,Pune,Koregaon Park,2024-09-18,Regular
CUST3752,Anjali Wagle,Pune,Kothrud,2026-04-23,New
CUST3753,Irya Brahmbhatt,Mumbai,Andheri,2024-01-30,New
CUST3754,Vritti Soni,Bangalore,Whitefield,2026-01-30,New
CUST3755,Prisha Jayaraman,Mumbai,Powai,2023-07-24,New
CUST3756,Lakshmi Banik,Mumbai,Bandra,2025-11-15,Regular
CUST3757,Darika Mutti,Mumbai,Andheri,2025-12-26,Premium
CUST3758,Tejas Lata,Bangalore,HSR Layout,2025-09-01,New
CUST3759,Ekavir Warrior,Mumbai,Dadar,2023-09-03,Regular
CUST3760,Tripti Tara,Mumbai,Kurla,2024-06-23,Regular
CUST3761,Chandran Sen,Pune,Wakad,2026-04-22,New
CUST3762,Indrajit Hegde,Pune,Kothrud,2025-03-19,Regular
CUST3763,Yatan Sethi,Mumbai,Andheri,2025-11-03,New
CUST3764,Nathan Sharma,Pune,Kothrud,2024-05-29,Premium
CUST3765,Yadavi Goel,Mumbai,Andheri,2023-07-11,Regular
CUST3766,Megha Dhawan,Bangalore,HSR Layout,2024-06-14,Regular
CUST3767,Faris Ghosh,Bangalore,Indiranagar,2025-03-03,Regular
CUST3768,Ganga Raghavan,Mumbai,Borivali,2023-08-08,Regular
CUST3769,Yamini Dave,Bangalore,HSR Layout,2023-11-25,New
CUST3770,Aditya Chandran,Pune,Aundh,2024-11-05,New
CUST3771,Januja Gupta,Pune,Baner,2024-05-07,Regular
CUST3772,Jeet Raju,Bangalore,Indiranagar,2025-08-19,New
CUST3773,Ladli Handa,Mumbai,Thane,2023-11-14,Premium
CUST3774,Jackson Palla,Bangalore,Koramangala,2024-08-16,Regular
CUST3775,Indira Arora,Mumbai,Powai,2024-12-21,Regular
CUST3776,Baljiwan Bava,Mumbai,Bandra,2026-02-20,Regular
CUST3777,Tejas Agate,Bangalore,BTM Layout,2024-08-11,New
CUST3778,Chaman Oommen,Mumbai,Kurla,2025-08-14,New
CUST3779,Zashil Bera,Mumbai,Dadar,2025-05-16,New
CUST3780,Pooja Barman,Mumbai,Bandra,2026-05-01,Regular
CUST3781,Ladli Karpe,Pune,Hadapsar,2026-02-04,Regular
CUST3782,Pavani Mutti,Bangalore,Indiranagar,2024-04-03,New
CUST3783,Dhriti De,Bangalore,Jayanagar,2026-01-14,Regular
CUST3784,Utkarsh Talwar,Pune,Koregaon Park,2025-05-27,New
CUST3785,Anthony Desai,Pune,Baner,2025-05-18,Premium
CUST3786,Zehaan Dutta,Pune,Kothrud,2024-06-03,New
CUST3787,Kamala Gara,Pune,Koregaon Park,2026-03-27,Premium
CUST3788,Azad Bora,Mumbai,Thane,2025-12-16,Regular
CUST3789,Lucky Nadig,Bangalore,Jayanagar,2026-03-24,Premium
CUST3790,Qasim Rajagopalan,Pune,Baner,2024-11-10,Regular
CUST3791,Ubika Badami,Pune,Viman Nagar,2024-01-01,Regular
CUST3792,Pranav Sharaf,Pune,Baner,2024-06-29,New
CUST3793,Rudra Behl,Mumbai,Powai,2023-12-21,Premium
CUST3794,Imaran Solanki,Bangalore,HSR Layout,2026-04-21,New
CUST3795,Aishani Peri,Pune,Wakad,2023-07-13,New
CUST3796,Madhavi Kanda,Pune,Hadapsar,2025-05-29,Regular
CUST3797,Faris Andra,Pune,Baner,2023-09-29,Regular
CUST3798,Aahana Kunda,Bangalore,Koramangala,2024-11-25,Regular
CUST3799,Indira Munshi,Mumbai,Thane,2024-01-18,Regular
CUST3800,Chandresh Bains,Mumbai,Andheri,2024-10-30,New
CUST3801,Chatresh Bhattacharyya,Pune,Hadapsar,2024-03-14,Regular
CUST3802,Ojas Hari,Pune,Baner,2023-10-07,Regular
CUST3803,Shivani Chandran,Mumbai,Dadar,2025-01-02,Regular
CUST3804,Yutika Gala,Bangalore,BTM Layout,2023-09-21,Regular
CUST3805,Hredhaan Gandhi,Bangalore,Whitefield,2024-12-14,New
CUST3806,Arjun Sandal,Mumbai,Andheri,2026-05-11,Premium
CUST3807,Kala Sarkar,Pune,Hadapsar,2023-07-23,Regular
CUST3808,Chandran Savant,Pune,Koregaon Park,2026-02-05,Regular
CUST3809,Aarav Khatri,Bangalore,Indiranagar,2024-01-20,New
CUST3810,Charvi Mangat,Mumbai,Andheri,2026-03-20,New
CUST3811,Lila Issac,Bangalore,BTM Layout,2026-03-14,Regular
CUST3812,Hemani Koshy,Bangalore,HSR Layout,2024-09-16,Premium
CUST3813,Tara Virk,Pune,Viman Nagar,2026-05-13,Regular
CUST3814,Vanya Soni,Pune,Wakad,2025-11-25,New
CUST3815,Jatin Rege,Bangalore,Jayanagar,2025-07-27,New
CUST3816,Vamakshi Chad,Bangalore,Whitefield,2024-10-28,Premium
CUST3817,Yadavi Badami,Mumbai,Dadar,2023-11-26,Regular
CUST3818,Garima Lala,Mumbai,Andheri,2024-06-05,Regular
CUST3819,Mahika Upadhyay,Bangalore,BTM Layout,2026-03-05,Regular
CUST3820,Urishilla Nair,Pune,Viman Nagar,2026-03-09,New
CUST3821,Ikshita Dasgupta,Pune,Baner,2024-09-20,New
CUST3822,Rishi Karan,Bangalore,Koramangala,2024-01-01,Regular
CUST3823,Agastya Dhawan,Bangalore,Indiranagar,2023-08-14,Regular
CUST3824,Lajita Chakraborty,Mumbai,Thane,2025-08-15,Regular
CUST3825,Saanvi Dewan,Bangalore,Koramangala,2026-04-08,New
CUST3826,Anvi Johal,Bangalore,HSR Layout,2024-01-28,Regular
CUST3827,William Dugar,Mumbai,Thane,2024-05-28,Regular
CUST3828,Chandresh Chopra,Pune,Wakad,2024-07-15,New
CUST3829,Darsh Menon,Bangalore,Indiranagar,2026-05-13,Regular
CUST3830,Neha Bandi,Pune,Aundh,2025-07-11,Regular
CUST3831,Hiral Mutti,Bangalore,Jayanagar,2025-02-23,Regular
CUST3832,Dhriti Tandon,Mumbai,Powai,2025-05-13,Premium
CUST3833,Devansh Om,Mumbai,Dadar,2024-12-25,New
CUST3834,Mugdha Naik,Pune,Wakad,2025-12-09,New
CUST3835,Matthew Memon,Bangalore,Indiranagar,2026-03-12,New
CUST3836,Madhavi Shroff,Bangalore,Indiranagar,2024-11-01,Premium
CUST3837,Omkaar Sarraf,Mumbai,Bandra,2024-06-26,New
CUST3838,Fiyaz Sule,Pune,Hadapsar,2023-10-10,Premium
CUST3839,Rajata Atwal,Pune,Viman Nagar,2025-11-04,New
CUST3840,Yatin Ghosh,Bangalore,Whitefield,2023-09-07,Regular
CUST3841,Zaid Ghose,Mumbai,Powai,2024-02-04,New
CUST3842,Odika Ghose,Bangalore,BTM Layout,2025-11-09,New
CUST3843,Advik Prasad,Pune,Kothrud,2024-04-20,Premium
CUST3844,Avni Jha,Mumbai,Powai,2025-07-08,Premium
CUST3845,Nikita Mittal,Bangalore,Koramangala,2025-06-03,Premium
CUST3846,Dalbir Ahluwalia,Pune,Hadapsar,2025-05-10,Premium
CUST3847,Henry Malhotra,Pune,Baner,2024-11-08,Premium
CUST3848,Diya Manda,Bangalore,Jayanagar,2025-04-14,Premium
CUST3849,Tarak Bahl,Bangalore,Koramangala,2025-01-21,Regular
CUST3850,Gautami Bassi,Bangalore,HSR Layout,2024-09-03,Premium
CUST3851,Urvi Rastogi,Mumbai,Kurla,2023-07-11,Regular
CUST3852,Tara Chanda,Bangalore,BTM Layout,2026-01-20,New
CUST3853,Kevin Mane,Mumbai,Bandra,2025-05-22,Regular
CUST3854,Hemang Bhat,Pune,Viman Nagar,2023-06-11,Regular
CUST3855,Vasana Rout,Mumbai,Bandra,2024-12-23,Regular
CUST3856,Vihaan Bhatti,Bangalore,Jayanagar,2023-09-09,Regular
CUST3857,Chaman Garde,Pune,Kothrud,2025-05-11,New
CUST3858,Jonathan Sathe,Pune,Kothrud,2024-01-25,New
CUST3859,Radha Swaminathan,Pune,Wakad,2025-09-13,Regular
CUST3860,Sanya Dhingra,Bangalore,Indiranagar,2025-02-19,Regular
CUST3861,Advay Sahota,Pune,Baner,2023-10-24,New
CUST3862,Mohammed Gala,Pune,Aundh,2023-09-16,Regular
CUST3863,Sanya Ray,Bangalore,Indiranagar,2024-09-19,New
CUST3864,Naveen Hayre,Pune,Kothrud,2025-02-27,New
CUST3865,Faris Soni,Bangalore,HSR Layout,2026-06-02,New
CUST3866,Baljiwan Rau,Bangalore,Indiranagar,2025-12-22,Regular
CUST3867,Raksha Vohra,Pune,Viman Nagar,2025-01-29,New
CUST3868,Harrison Virk,Mumbai,Andheri,2026-01-29,New
CUST3869,Rohan Kalita,Pune,Aundh,2024-08-14,Premium
CUST3870,Kabir Bora,Pune,Wakad,2024-07-30,New
CUST3871,Waida Hora,Pune,Baner,2024-06-22,New
CUST3872,Advay Dube,Bangalore,BTM Layout,2023-11-09,New
CUST3873,Arjun Varughese,Pune,Aundh,2025-03-25,New
CUST3874,Darika Prakash,Bangalore,Whitefield,2025-03-15,Premium
CUST3875,Aachal Gupta,Pune,Wakad,2024-07-31,New
CUST3876,Aashi Ramakrishnan,Bangalore,HSR Layout,2026-01-18,Premium
CUST3877,Maya Natarajan,Mumbai,Powai,2025-08-27,Regular
CUST3878,Wriddhish Mittal,Pune,Koregaon Park,2024-11-26,Regular
CUST3879,Ronith Bajaj,Mumbai,Dadar,2024-05-16,Regular
CUST3880,Alexander Rout,Pune,Aundh,2025-01-22,New
CUST3881,Sneha Gola,Bangalore,Whitefield,2024-01-30,New
CUST3882,Veer Ramakrishnan,Mumbai,Bandra,2023-11-17,New
CUST3883,Bhavya Balasubramanian,Pune,Koregaon Park,2023-09-15,New
CUST3884,Anjali Borde,Mumbai,Bandra,2025-01-03,Regular
CUST3885,Yashoda Kumer,Mumbai,Bandra,2024-11-21,Premium
CUST3886,Ishaan Kakar,Bangalore,HSR Layout,2025-07-23,Regular
CUST3887,Balveer Reddy,Bangalore,Koramangala,2026-03-28,Regular
CUST3888,Bhavya Raman,Pune,Wakad,2023-07-06,New
CUST3889,Isaiah Vyas,Mumbai,Powai,2024-08-26,New
CUST3890,Kamala Narang,Mumbai,Andheri,2024-07-09,Regular
CUST3891,Omisha Kaur,Pune,Koregaon Park,2025-03-20,Regular
CUST3892,Vihaan Parekh,Pune,Kothrud,2023-06-22,Regular
CUST3893,Frado Chhabra,Bangalore,Indiranagar,2025-08-14,Regular
CUST3894,Harita Kapoor,Pune,Hadapsar,2024-10-27,Regular
CUST3895,Utkarsh Dua,Bangalore,Whitefield,2024-11-29,Regular
CUST3896,Jyoti Bumb,Pune,Baner,2023-06-15,Premium
CUST3897,Udyati Dutta,Bangalore,Whitefield,2025-07-13,Premium
CUST3898,Sai Chopra,Bangalore,Koramangala,2024-12-03,Regular
CUST3899,Dhriti Ram,Pune,Aundh,2025-01-18,Regular
CUST3900,Krishna Upadhyay,Mumbai,Bandra,2025-06-29,Regular
CUST3901,Vincent Chhabra,Bangalore,HSR Layout,2025-06-01,Premium
CUST3902,Ekavir Kakar,Pune,Viman Nagar,2024-02-01,Regular
CUST3903,Jagdish Mangal,Bangalore,Whitefield,2024-11-18,New
CUST3904,Yashica Sama,Mumbai,Bandra,2023-06-15,New
CUST3905,Dalaja Swaminathan,Mumbai,Powai,2026-02-25,Regular
CUST3906,Victor Gade,Mumbai,Thane,2026-03-01,Regular
CUST3907,Kritika Balasubramanian,Mumbai,Borivali,2024-01-11,Regular
CUST3908,Upadhriti Vohra,Mumbai,Bandra,2025-04-23,Premium
CUST3909,Vasana Batta,Bangalore,Indiranagar,2025-11-30,Regular
CUST3910,Tamanna Shan,Bangalore,HSR Layout,2026-04-22,Regular
CUST3911,Keya Patil,Mumbai,Borivali,2025-02-15,Regular
CUST3912,Veer Chandra,Pune,Kothrud,2024-03-19,New
CUST3913,Lohit Lalla,Bangalore,HSR Layout,2024-12-18,Regular
CUST3914,Daksha Ram,Bangalore,Jayanagar,2024-03-31,New
CUST3915,Aadi Chawla,Pune,Wakad,2025-11-06,Regular
CUST3916,Hamsini Arya,Pune,Aundh,2023-06-29,New
CUST3917,Onveer Saha,Bangalore,HSR Layout,2025-07-09,Premium
CUST3918,Anay Sarma,Pune,Koregaon Park,2024-03-24,Premium
CUST3919,Ansh Banik,Mumbai,Kurla,2025-02-13,Premium
CUST3920,Nimrat Tara,Pune,Baner,2026-03-16,Regular
CUST3921,Champak Bhalla,Bangalore,HSR Layout,2025-05-17,New
CUST3922,Utkarsh Datta,Pune,Koregaon Park,2025-10-25,Regular
CUST3923,Chaitanya Konda,Pune,Hadapsar,2023-08-10,Regular
CUST3924,Agastya Basu,Mumbai,Dadar,2023-07-21,New
CUST3925,Qabil Kade,Mumbai,Powai,2024-09-25,New
CUST3926,Faraj Chakrabarti,Pune,Hadapsar,2026-01-26,Regular
CUST3927,Widisha Malhotra,Mumbai,Kurla,2024-04-30,Regular
CUST3928,Timothy Rai,Pune,Koregaon Park,2023-09-29,New
CUST3929,Riya Tailor,Pune,Koregaon Park,2024-11-12,New
CUST3930,Januja D’Alia,Pune,Viman Nagar,2025-04-23,Premium
CUST3931,Siya Balasubramanian,Mumbai,Bandra,2024-09-03,Regular
CUST3932,Urvi Pradhan,Mumbai,Dadar,2024-03-22,New
CUST3933,Vinaya Suri,Bangalore,Jayanagar,2024-10-24,Premium
CUST3934,Jeremiah Sankar,Mumbai,Thane,2025-02-19,Regular
CUST3935,Viraj Dora,Mumbai,Kurla,2025-11-14,Regular
CUST3936,Jacob De,Pune,Baner,2025-10-18,New
CUST3937,Rajata Dasgupta,Pune,Hadapsar,2025-06-23,New
CUST3938,Kashish Chowdhury,Pune,Viman Nagar,2023-09-13,New
CUST3939,Lekha Samra,Mumbai,Kurla,2023-07-12,Regular
CUST3940,Pushti Koshy,Mumbai,Borivali,2024-11-07,Regular
CUST3941,Ladli Agrawal,Mumbai,Borivali,2024-03-07,Regular
CUST3942,Bhanumati Kibe,Bangalore,Indiranagar,2026-03-30,Regular
CUST3943,Lakshit Prasad,Pune,Baner,2024-02-15,Premium
CUST3944,Jai Kamdar,Bangalore,HSR Layout,2024-12-04,Premium
CUST3945,Shravya Ram,Pune,Hadapsar,2026-03-19,New
CUST3946,Pranav Singh,Bangalore,Koramangala,2026-04-29,New
CUST3947,Lakshit Dhar,Pune,Aundh,2026-05-25,Regular
CUST3948,Warjas Gandhi,Bangalore,BTM Layout,2025-12-24,Premium
CUST3949,Jeet Dave,Bangalore,HSR Layout,2025-03-17,Regular
CUST3950,Fitan Lalla,Bangalore,Jayanagar,2025-04-03,Regular
CUST3951,Naksh Bir,Mumbai,Bandra,2024-05-01,New
CUST3952,Anthony Nigam,Mumbai,Dadar,2024-03-02,Regular
CUST3953,Sanya Kar,Mumbai,Andheri,2026-02-22,New
CUST3954,Rachana Rege,Mumbai,Borivali,2024-12-19,Regular
CUST3955,Jagdish Kade,Mumbai,Andheri,2023-10-26,New
CUST3956,Dominic Walia,Pune,Viman Nagar,2023-12-12,New
CUST3957,Turvi Shankar,Pune,Viman Nagar,2024-04-12,New
CUST3958,Zilmil Ben,Mumbai,Bandra,2025-10-01,Regular
CUST3959,Ekta Pillai,Bangalore,Koramangala,2024-05-22,New
CUST3960,Nitesh Vyas,Pune,Viman Nagar,2023-09-17,Regular
CUST3961,Zashil Nagi,Bangalore,HSR Layout,2026-04-26,New
CUST3962,Caleb Reddy,Mumbai,Andheri,2024-07-28,Premium
CUST3963,Jagat Parmar,Pune,Baner,2025-03-08,Regular
CUST3964,Unnati Hayre,Mumbai,Borivali,2025-05-31,New
CUST3965,Riya Thaman,Mumbai,Dadar,2023-06-22,Regular
CUST3966,Irya Vyas,Pune,Hadapsar,2024-05-25,Regular
CUST3967,Christopher Kalla,Mumbai,Thane,2026-03-20,Premium
CUST3968,Ekani Sani,Bangalore,Koramangala,2024-10-15,Regular
CUST3969,Wridesh Pillai,Pune,Koregaon Park,2024-06-07,Regular
CUST3970,Raagini Bal,Mumbai,Thane,2025-10-20,Regular
CUST3971,Rudra Parsa,Pune,Baner,2024-08-29,New
CUST3972,Jatin Hayer,Bangalore,HSR Layout,2025-06-26,New
CUST3973,Dayamai Jaggi,Bangalore,Koramangala,2025-07-29,Premium
CUST3974,Isaiah Bhatt,Pune,Wakad,2023-06-11,Premium
CUST3975,Kamya Mann,Bangalore,Indiranagar,2025-02-28,Regular
CUST3976,Atharv Mall,Pune,Viman Nagar,2023-10-12,Regular
CUST3977,Yahvi Khanna,Bangalore,BTM Layout,2026-03-16,Regular
CUST3978,Ekiya Mall,Mumbai,Thane,2026-02-17,Regular
CUST3979,Vritti Barman,Mumbai,Powai,2026-04-03,Regular
CUST3980,Advik Borde,Mumbai,Andheri,2025-09-06,Premium
CUST3981,Saanvi Kade,Bangalore,HSR Layout,2025-07-05,New
CUST3982,David Sha,Bangalore,BTM Layout,2025-02-23,New
CUST3983,Sudiksha Shankar,Pune,Viman Nagar,2024-03-24,Regular
CUST3984,Tejas Comar,Mumbai,Andheri,2025-10-31,Premium
CUST3985,Jonathan Chand,Pune,Aundh,2026-05-30,Premium
CUST3986,Xavier Vig,Bangalore,Koramangala,2024-01-03,Regular
CUST3987,Riya Keer,Mumbai,Powai,2024-10-25,New
CUST3988,Jasmit Bahl,Mumbai,Bandra,2025-01-25,New
CUST3989,Ekiya Date,Bangalore,Whitefield,2026-01-06,Regular
CUST3990,Chaitanya Naidu,Pune,Wakad,2025-12-27,Regular
CUST3991,Faris Nadig,Mumbai,Powai,2026-04-15,Premium
CUST3992,Bachittar Sundaram,Mumbai,Kurla,2026-04-20,Premium
CUST3993,Aadi Desai,Bangalore,Indiranagar,2024-08-29,Premium
CUST3994,Zinal Sethi,Bangalore,HSR Layout,2024-10-04,New
CUST3995,Abha Purohit,Mumbai,Thane,2024-04-16,Regular
CUST3996,Jagvi Kale,Bangalore,Jayanagar,2025-02-23,New
CUST3997,Vedika Sodhi,Mumbai,Borivali,2024-06-05,Premium
CUST3998,Oeshi Seth,Mumbai,Powai,2025-06-23,New
CUST3999,Hemangini Pingle,Mumbai,Borivali,2023-08-25,Regular
CUST4000,Omaja Nori,Bangalore,Koramangala,2025-09-16,Regular
CUST4001,Oscar Dhar,Bangalore,Koramangala,2024-11-28,Regular
CUST4002,Sanaya Sridhar,Pune,Hadapsar,2025-03-30,Premium
CUST4003,Harinakshi Kaur,Pune,Wakad,2024-05-02,Premium
CUST4004,Charles Bera,Mumbai,Thane,2023-08-14,New
CUST4005,Yashoda Swaminathan,Mumbai,Kurla,2024-02-07,New
CUST4006,Neha Bhakta,Mumbai,Kurla,2026-03-15,Regular
CUST4007,Mahika Bhat,Pune,Baner,2024-06-09,Regular
CUST4008,Upasna Luthra,Bangalore,BTM Layout,2024-11-11,Premium
CUST4009,Gauri Khurana,Mumbai,Andheri,2024-11-27,New
CUST4010,Ayaan Hora,Bangalore,Koramangala,2025-11-02,Premium
CUST4011,Dhriti Ganesan,Mumbai,Kurla,2025-07-16,Regular
CUST4012,Alexander Sridhar,Mumbai,Powai,2025-10-07,New
CUST4013,Abhimanyu Chad,Mumbai,Borivali,2023-11-05,Regular
CUST4014,Sathvik Sridhar,Bangalore,Jayanagar,2026-03-19,Regular
CUST4015,Nathaniel Jha,Mumbai,Thane,2025-11-01,New
CUST4016,Simon Sankaran,Pune,Kothrud,2024-04-21,New
CUST4017,Krish Solanki,Pune,Baner,2025-05-06,Regular
CUST4018,Oviya Mahal,Bangalore,HSR Layout,2023-08-22,New
CUST4019,Vivaan Magar,Mumbai,Kurla,2025-03-13,Regular
CUST4020,Advaith Sankar,Mumbai,Bandra,2024-02-01,New
CUST4021,Aarini Sarma,Pune,Aundh,2025-09-04,Regular
CUST4022,Pahal Sidhu,Mumbai,Powai,2024-01-13,Regular
CUST4023,Kamala Kala,Pune,Wakad,2025-10-10,New
CUST4024,Ojasvi Mahal,Mumbai,Andheri,2025-12-25,New
CUST4025,Balendra Krishna,Bangalore,HSR Layout,2023-08-07,Premium
CUST4026,Manbir Shankar,Bangalore,Indiranagar,2024-05-11,Regular
CUST4027,Ati Batta,Mumbai,Bandra,2023-08-16,Premium
CUST4028,Chandani Subramaniam,Pune,Kothrud,2023-11-25,Regular
CUST4029,Bhavini Bassi,Mumbai,Bandra,2024-09-25,New
CUST4030,Shivani Tailor,Mumbai,Thane,2025-08-23,Regular
CUST4031,Nilima Shukla,Bangalore,Indiranagar,2025-09-05,Premium
CUST4032,Devika Dyal,Mumbai,Powai,2023-12-05,Premium
CUST4033,Isaiah Khatri,Bangalore,HSR Layout,2026-03-17,Premium
CUST4034,Hemangini Morar,Bangalore,BTM Layout,2024-08-27,New
CUST4035,Lopa Misra,Bangalore,Jayanagar,2025-01-03,Regular
CUST4036,Advika Wali,Pune,Baner,2025-12-31,Regular
CUST4037,Sara Wagle,Bangalore,Jayanagar,2026-05-09,Premium
CUST4038,Girish Acharya,Bangalore,Whitefield,2024-04-17,New
CUST4039,Wishi Mody,Mumbai,Bandra,2023-11-25,Regular
CUST4040,Chandran Bedi,Mumbai,Andheri,2025-10-15,Regular
CUST4041,Isha Kurian,Bangalore,HSR Layout,2026-01-19,New
CUST4042,Rajeshri Chakraborty,Bangalore,Koramangala,2025-07-15,Premium
CUST4043,Neelima Pathak,Pune,Hadapsar,2025-09-16,Regular
CUST4044,Utkarsh Modi,Bangalore,Koramangala,2026-03-17,New
CUST4045,Harinakshi Barman,Bangalore,Indiranagar,2023-11-14,Regular
CUST4046,Xavier Saran,Bangalore,Indiranagar,2025-04-20,Regular
CUST4047,Chaman Chakrabarti,Pune,Baner,2023-10-17,New
CUST4048,Omya Vasa,Pune,Hadapsar,2024-01-26,Regular
CUST4049,Ekapad Mukherjee,Pune,Baner,2024-06-18,Premium
CUST4050,Owen Sahni,Pune,Baner,2024-11-03,Premium
CUST4051,Alka Bala,Bangalore,Koramangala,2026-03-11,Regular
CUST4052,Advika Raman,Bangalore,HSR Layout,2024-08-16,Regular
CUST4053,Saksham Sarin,Mumbai,Powai,2026-03-21,Premium
CUST4054,Gayathri Johal,Mumbai,Borivali,2025-07-02,Premium
CUST4055,Advik Sha,Mumbai,Andheri,2024-02-18,Premium
CUST4056,Advika Dugar,Mumbai,Thane,2026-03-11,Regular
CUST4057,Maya Handa,Bangalore,BTM Layout,2026-05-23,New
CUST4058,Kritika Goswami,Mumbai,Thane,2025-07-20,New
CUST4059,Widisha Kaul,Bangalore,Jayanagar,2024-01-24,Regular
CUST4060,Arya Doshi,Bangalore,Whitefield,2026-01-26,Regular
CUST4061,Indrajit Padmanabhan,Pune,Koregaon Park,2024-06-03,Premium
CUST4062,Ira Prabhu,Pune,Koregaon Park,2025-05-03,Regular
CUST4063,Ishaan Ganesh,Bangalore,HSR Layout,2024-08-01,New
CUST4064,Manya Raju,Bangalore,BTM Layout,2026-02-05,Premium
CUST4065,Nitesh Som,Pune,Hadapsar,2023-07-09,Regular
CUST4066,Yasti Srinivasan,Bangalore,Koramangala,2023-10-06,Regular
CUST4067,Januja Parsa,Mumbai,Bandra,2026-05-27,New
CUST4068,Ekiya Gala,Mumbai,Borivali,2025-10-28,Regular
CUST4069,Siddharth Varghese,Pune,Aundh,2023-08-26,Regular
CUST4070,Ranbir Randhawa,Pune,Baner,2024-04-10,Premium
CUST4071,Vamakshi Chauhan,Mumbai,Thane,2024-01-08,Premium
CUST4072,Ishanvi Chada,Bangalore,Jayanagar,2024-02-06,Regular
CUST4073,Yatan Lad,Mumbai,Andheri,2024-12-01,Premium
CUST4074,Bhavika Chana,Pune,Viman Nagar,2024-04-02,New
CUST4075,Upadhriti Pandit,Bangalore,Whitefield,2025-08-10,Regular
CUST4076,Priya Bala,Mumbai,Dadar,2025-08-16,New
CUST4077,Chameli Lalla,Mumbai,Andheri,2024-03-01,New
CUST4078,Vihaan Srivastava,Pune,Aundh,2024-06-23,Regular
CUST4079,Ishita Pal,Bangalore,Jayanagar,2024-01-16,Regular
CUST4080,Ucchal Lala,Mumbai,Bandra,2024-01-29,Premium
CUST4081,Guneet Kale,Mumbai,Bandra,2025-09-22,Regular
CUST4082,Arjun Uppal,Mumbai,Bandra,2025-07-07,Regular
CUST4083,Siya Pau,Mumbai,Kurla,2023-06-05,New
CUST4084,Yasti Aggarwal,Bangalore,HSR Layout,2024-08-11,New
CUST4085,Ishita Sampath,Bangalore,HSR Layout,2024-11-23,Premium
CUST4086,Nathaniel Sood,Pune,Kothrud,2024-11-06,Premium
CUST4087,Qadim Lanka,Bangalore,Indiranagar,2024-11-13,Regular
CUST4088,Tanvi Borra,Pune,Hadapsar,2024-04-02,Premium
CUST4089,Raghav Bajaj,Bangalore,Koramangala,2026-04-11,Regular
CUST4090,Manan Johal,Mumbai,Kurla,2026-03-27,Regular
CUST4091,Zayyan Pillai,Mumbai,Kurla,2023-12-19,Regular
CUST4092,Sanaya Kapoor,Mumbai,Bandra,2024-02-10,New
CUST4093,Madhavi Mandal,Pune,Kothrud,2024-10-22,New
CUST4094,Yashawini Dubey,Bangalore,Indiranagar,2023-10-03,New
CUST4095,Ati Gopal,Bangalore,BTM Layout,2025-12-27,Premium
CUST4096,Qarin Raju,Pune,Viman Nagar,2025-10-19,Regular
CUST4097,Charvi Sharma,Bangalore,Jayanagar,2026-03-13,New
CUST4098,Qabil Ramaswamy,Mumbai,Dadar,2025-02-08,Regular
CUST4099,Dalbir Bhattacharyya,Mumbai,Bandra,2023-07-31,New
CUST4100,Yashvi Narayan,Pune,Baner,2025-05-25,New
CUST4101,Yatin Prakash,Pune,Hadapsar,2025-03-21,Regular
CUST4102,Siya Natt,Mumbai,Kurla,2025-02-27,New
CUST4103,Bhavani Tata,Pune,Baner,2024-06-30,New
CUST4104,Eshana Mitter,Pune,Hadapsar,2024-07-03,New
CUST4105,Varsha Iyer,Bangalore,Koramangala,2024-06-18,New
CUST4106,Aashi Balay,Bangalore,Koramangala,2023-07-26,New
CUST4107,Sudiksha Reddy,Mumbai,Powai,2024-06-26,Premium
CUST4108,Tristan Chandran,Pune,Koregaon Park,2026-01-30,Regular
CUST4109,Suhani Choudhary,Mumbai,Kurla,2025-05-21,New
CUST4110,Bachittar Kade,Pune,Kothrud,2025-08-20,Regular
CUST4111,Amol Jaggi,Mumbai,Andheri,2024-04-07,Regular
CUST4112,Rayaan Dube,Bangalore,Koramangala,2023-12-12,New
CUST4113,Hemangini Nagarajan,Mumbai,Thane,2023-08-22,Premium
CUST4114,Laban Sami,Bangalore,HSR Layout,2023-11-30,Premium
CUST4115,Darika Dash,Pune,Baner,2026-02-18,New
CUST4116,Daniel Sunder,Pune,Hadapsar,2024-12-10,Regular
CUST4117,Maya Arora,Bangalore,Koramangala,2025-03-11,New
CUST4118,Samaksh Wason,Mumbai,Powai,2026-05-14,Regular
CUST4119,Falak Bath,Bangalore,BTM Layout,2025-01-13,Regular
CUST4120,Udarsh Gera,Pune,Viman Nagar,2025-01-03,Regular
CUST4121,Caleb Dube,Pune,Wakad,2026-04-17,Regular
CUST4122,Varsha Arya,Bangalore,Koramangala,2025-06-08,Regular
CUST4123,Falak Mitra,Pune,Wakad,2025-01-02,Premium
CUST4124,Veer Nadkarni,Pune,Wakad,2024-07-03,New
CUST4125,Tripti Kadakia,Pune,Wakad,2024-01-15,New
CUST4126,Parth Pandit,Bangalore,Indiranagar,2024-08-13,New
CUST4127,Yatin Ramaswamy,Mumbai,Bandra,2026-04-08,Premium
CUST4128,Riya Jayaraman,Mumbai,Dadar,2024-10-05,Regular
CUST4129,Frederick Pall,Mumbai,Thane,2024-11-06,Regular
CUST4130,Shravya Hegde,Mumbai,Thane,2025-12-01,Regular
CUST4131,Devika Parekh,Mumbai,Bandra,2025-09-21,New
CUST4132,Abhiram Kata,Pune,Hadapsar,2025-08-21,Premium
CUST4133,Ubika Goel,Bangalore,Whitefield,2026-01-05,Premium
CUST4134,Diya Murty,Pune,Viman Nagar,2024-09-04,Regular
CUST4135,Nisha Banerjee,Bangalore,Whitefield,2023-09-08,New
CUST4136,Indali Dutt,Pune,Hadapsar,2024-02-21,Regular
CUST4137,Amruta Joshi,Mumbai,Thane,2026-01-27,Regular
CUST4138,Upadhriti Char,Mumbai,Kurla,2025-11-15,Regular
CUST4139,Kai Aggarwal,Pune,Viman Nagar,2025-08-14,Regular
CUST4140,Kavya Chada,Pune,Viman Nagar,2023-08-20,Regular
CUST4141,Ekta Agarwal,Bangalore,Koramangala,2025-02-04,Regular
CUST4142,Aadhya Sharaf,Pune,Viman Nagar,2026-03-24,New
CUST4143,Gautami Raja,Mumbai,Powai,2025-01-31,Regular
CUST4144,Andrew Sankar,Bangalore,BTM Layout,2024-11-17,Regular
CUST4145,Zashil Rattan,Pune,Koregaon Park,2024-12-22,New
CUST4146,Onkar Chatterjee,Mumbai,Thane,2025-02-19,Regular
CUST4147,Joshua Yogi,Mumbai,Bandra,2025-04-16,New
CUST4148,Girish Rout,Bangalore,Whitefield,2025-04-16,Regular
CUST4149,Ayushman Mahajan,Mumbai,Andheri,2024-10-28,New
CUST4150,Naksh Pradhan,Bangalore,Koramangala,2024-02-18,Regular
CUST4151,Geetika Goswami,Pune,Kothrud,2025-10-13,Regular
CUST4152,Aashi Narain,Mumbai,Bandra,2023-07-31,Regular
CUST4153,Pavani Golla,Mumbai,Powai,2024-03-09,Regular
CUST4154,Tanish Lall,Bangalore,Indiranagar,2025-11-13,New
CUST4155,Yachana Lalla,Mumbai,Dadar,2025-09-26,Regular
CUST4156,Amruta Arya,Bangalore,Koramangala,2024-05-16,Regular
CUST4157,Ekansh Johal,Bangalore,HSR Layout,2025-05-12,Regular
CUST4158,Janya Chaudhry,Mumbai,Powai,2024-09-30,Premium
CUST4159,Harini Bora,Pune,Wakad,2025-12-03,New
CUST4160,Daksha Garde,Mumbai,Thane,2024-11-11,New
CUST4161,Aryan Aggarwal,Mumbai,Thane,2025-11-22,New
CUST4162,Yachana Kakar,Mumbai,Bandra,2025-06-06,Regular
CUST4163,Chakradhar Sengupta,Bangalore,HSR Layout,2024-10-21,New
CUST4164,Kala Lall,Pune,Baner,2025-09-29,New
CUST4165,Adweta Sodhi,Bangalore,Koramangala,2024-09-18,Premium
CUST4166,Alka Narayanan,Mumbai,Bandra,2023-11-01,Premium
CUST4167,Anamika Mittal,Mumbai,Andheri,2026-04-15,Premium
CUST4168,Patrick Borde,Bangalore,Koramangala,2025-10-30,Regular
CUST4169,Ethan Babu,Pune,Koregaon Park,2026-04-13,Regular
CUST4170,Devansh Andra,Mumbai,Dadar,2026-02-23,Regular
CUST4171,Neelima Maharaj,Mumbai,Kurla,2026-02-10,Regular
CUST4172,Geetika Ratta,Pune,Viman Nagar,2025-08-21,Regular
CUST4173,Adya Sura,Mumbai,Borivali,2023-10-13,New
CUST4174,Owen Kaul,Mumbai,Dadar,2025-08-01,Premium
CUST4175,Anita Purohit,Mumbai,Kurla,2023-09-26,Regular
CUST4176,Ira Bhattacharyya,Pune,Aundh,2025-01-02,Regular
CUST4177,Jasmit Nair,Bangalore,Koramangala,2023-10-18,New
CUST4178,Aayush Krishna,Pune,Aundh,2024-10-09,New
CUST4179,Theodore Dayal,Pune,Baner,2025-05-06,Premium
CUST4180,Bhavna Jhaveri,Bangalore,HSR Layout,2024-10-12,New
CUST4181,Jai Jaggi,Pune,Wakad,2023-09-23,Regular
CUST4182,Hamsini Mittal,Mumbai,Kurla,2025-07-17,Premium
CUST4183,Aishani Rao,Pune,Hadapsar,2025-02-12,Premium
CUST4184,Unnati Sidhu,Mumbai,Kurla,2025-05-11,New
CUST4185,Mitali Nigam,Pune,Baner,2025-08-31,New
CUST4186,Megha Solanki,Mumbai,Dadar,2023-12-31,Regular
CUST4187,Nitesh Sunder,Mumbai,Powai,2025-08-05,Regular
CUST4188,Aayush Chauhan,Pune,Viman Nagar,2024-12-13,Regular
CUST4189,Siya Sura,Pune,Baner,2023-10-23,Premium
CUST4190,Gautami Prabhu,Bangalore,HSR Layout,2023-08-04,Regular
CUST4191,Ganga Sahni,Bangalore,Koramangala,2024-01-10,Regular
CUST4192,Arin Brar,Pune,Viman Nagar,2024-10-05,Regular
CUST4193,Chakradhar Oak,Mumbai,Powai,2025-05-20,Regular
CUST4194,Harshil Pai,Bangalore,HSR Layout,2024-06-14,New
CUST4195,Gunbir Pingle,Mumbai,Kurla,2024-12-19,New
CUST4196,Daniel Ganguly,Pune,Baner,2025-09-06,Regular
CUST4197,Yashawini Minhas,Pune,Hadapsar,2025-06-05,Regular
CUST4198,Charles Vig,Pune,Hadapsar,2024-12-08,New
CUST4199,Nathaniel Ben,Mumbai,Andheri,2026-02-10,New
CUST4200,Chatura Yogi,Bangalore,Indiranagar,2024-08-28,Regular
CUST4201,Jagvi Pau,Mumbai,Bandra,2024-08-06,Regular
CUST4202,Aradhana Sani,Mumbai,Bandra,2026-05-12,Premium
CUST4203,Nirja Nigam,Bangalore,BTM Layout,2026-04-16,Premium
CUST4204,Tarak Bala,Mumbai,Dadar,2025-02-14,Regular
CUST4205,Damyanti Bhalla,Pune,Aundh,2025-11-09,Regular
CUST4206,Warda Gera,Pune,Wakad,2026-02-18,Premium
CUST4207,Sudiksha Zacharia,Mumbai,Thane,2024-09-25,Premium
CUST4208,Forum Subramaniam,Bangalore,Indiranagar,2024-07-17,Regular
CUST4209,Maanav Sanghvi,Pune,Koregaon Park,2025-06-30,New
CUST4210,Aarini Boase,Pune,Hadapsar,2025-11-09,Regular
CUST4211,Pushti Nadig,Bangalore,Jayanagar,2025-05-18,New
CUST4212,Lopa Sachdev,Mumbai,Andheri,2024-05-16,Regular
CUST4213,Udyati Walia,Pune,Koregaon Park,2025-05-11,Premium
CUST4214,Eiravati Ramanathan,Pune,Baner,2024-11-30,New
CUST4215,Xalak Buch,Bangalore,BTM Layout,2024-08-04,Regular
CUST4216,Divya Raghavan,Mumbai,Andheri,2023-08-03,Premium
CUST4217,Umang Dutta,Pune,Baner,2024-05-07,Regular
CUST4218,Krisha Mangat,Pune,Kothrud,2024-10-07,Regular
CUST4219,Daniel Ganesh,Bangalore,Whitefield,2023-06-17,New
CUST4220,Ryan Suresh,Mumbai,Powai,2024-11-27,New
CUST4221,Rajeshri Parmer,Bangalore,HSR Layout,2026-02-05,Regular
CUST4222,Bhavani Lala,Mumbai,Bandra,2025-03-11,New
CUST4223,Samarth Kumar,Mumbai,Bandra,2025-03-19,Regular
CUST4224,Farhan Kunda,Bangalore,BTM Layout,2024-11-07,Regular
CUST4225,Parth Bhatti,Mumbai,Andheri,2024-02-12,Regular
CUST4226,Amruta Sankaran,Bangalore,Indiranagar,2025-02-22,Premium
CUST4227,Jason Nair,Pune,Koregaon Park,2024-04-05,New
CUST4228,Lavanya Gera,Pune,Viman Nagar,2024-01-19,New
CUST4229,Orinder Dayal,Pune,Viman Nagar,2024-01-09,New
CUST4230,Meera Hegde,Pune,Viman Nagar,2026-04-08,Regular
CUST4231,Abha Korpal,Mumbai,Thane,2024-02-16,Regular
CUST4232,Gagan Badami,Pune,Hadapsar,2024-07-18,Premium
CUST4233,Madhavi Yogi,Bangalore,Whitefield,2025-07-16,Regular
CUST4234,Bhavika Bahl,Pune,Aundh,2025-07-31,New
CUST4235,Yashodhara Solanki,Bangalore,Whitefield,2024-08-09,Regular
CUST4236,Urvi D’Alia,Mumbai,Dadar,2024-01-20,New
CUST4237,Darsh Wable,Pune,Viman Nagar,2024-08-20,Premium
CUST4238,Barkha Viswanathan,Bangalore,HSR Layout,2024-07-21,Regular
CUST4239,Hemal Warrior,Bangalore,Indiranagar,2024-01-25,New
CUST4240,Chasmum Manda,Bangalore,Koramangala,2025-01-09,New
CUST4241,Kala Sharma,Mumbai,Thane,2025-01-11,New
CUST4242,Upkaar Upadhyay,Pune,Hadapsar,2024-10-07,Regular
CUST4243,Laban Agrawal,Mumbai,Andheri,2023-11-18,New
CUST4244,Jeremiah Dugar,Mumbai,Andheri,2023-09-30,New
CUST4245,Unni Mistry,Pune,Viman Nagar,2023-09-09,Regular
CUST4246,Ayushman Tailor,Mumbai,Borivali,2025-09-15,New
CUST4247,Krishna Sodhi,Pune,Kothrud,2025-01-03,New
CUST4248,Pahal Khatri,Pune,Viman Nagar,2025-10-05,Regular
CUST4249,Arunima Srinivasan,Mumbai,Kurla,2023-11-18,New
CUST4250,Zilmil Hegde,Bangalore,Indiranagar,2023-10-01,Regular
CUST4251,Bahadurjit Chhabra,Pune,Koregaon Park,2024-08-06,Regular
CUST4252,Aryan Pradhan,Bangalore,Whitefield,2025-01-26,Regular
CUST4253,Warjas Srinivasan,Bangalore,Whitefield,2026-03-20,Premium
CUST4254,Fitan Walla,Mumbai,Dadar,2024-04-26,Regular
CUST4255,Tarak Rai,Mumbai,Thane,2024-11-12,New
CUST4256,Rajata Salvi,Mumbai,Powai,2025-05-13,Regular
CUST4257,Anthony Chakraborty,Bangalore,Jayanagar,2024-04-08,Premium
CUST4258,Nitesh Sood,Bangalore,HSR Layout,2025-03-10,New
CUST4259,Barkha Badami,Bangalore,BTM Layout,2025-11-18,Regular
CUST4260,Garima Hayer,Pune,Wakad,2025-07-14,Premium
CUST4261,Ati Randhawa,Pune,Hadapsar,2024-01-16,Premium
CUST4262,Dayita Pingle,Mumbai,Thane,2024-10-07,New
CUST4263,Krishna Ganesh,Bangalore,Jayanagar,2025-12-06,Regular
CUST4264,Anay Ramaswamy,Mumbai,Powai,2026-02-12,New
CUST4265,Yasti Memon,Pune,Wakad,2023-06-09,Premium
CUST4266,Zinal Bhatti,Mumbai,Dadar,2023-09-16,New
CUST4267,Harinakshi Thakur,Mumbai,Dadar,2025-07-20,Regular
CUST4268,Bhavna Lanka,Mumbai,Borivali,2026-04-12,New
CUST4269,Umang Jhaveri,Bangalore,Whitefield,2025-08-17,Premium
CUST4270,Tejas Luthra,Mumbai,Borivali,2025-08-26,Regular
CUST4271,Netra Bhatt,Mumbai,Powai,2025-01-14,New
CUST4272,Saumya Chad,Bangalore,BTM Layout,2024-08-11,Regular
CUST4273,Prisha Krish,Bangalore,Koramangala,2024-12-22,Regular
CUST4274,Hritik Baria,Mumbai,Borivali,2025-07-31,Premium
CUST4275,Sudiksha Mital,Mumbai,Powai,2025-06-17,New
CUST4276,Inaya Issac,Pune,Kothrud,2025-04-23,Premium
CUST4277,Suhani Merchant,Pune,Kothrud,2026-05-06,Regular
CUST4278,Gautami Karan,Bangalore,Whitefield,2025-12-08,Regular
CUST4279,Chaaya Deep,Bangalore,Indiranagar,2026-02-22,Regular
CUST4280,Arjun Magar,Mumbai,Andheri,2025-03-22,Regular
CUST4281,Gabriel Doctor,Pune,Kothrud,2025-01-31,New
CUST4282,Anay Dhawan,Mumbai,Kurla,2024-09-04,Regular
CUST4283,Dayita Mistry,Pune,Kothrud,2024-12-07,Regular
CUST4284,Reyansh Buch,Mumbai,Powai,2025-01-28,Regular
CUST4285,Dalbir Anand,Pune,Koregaon Park,2024-08-13,New
CUST4286,Finn Bava,Mumbai,Powai,2024-02-19,Regular
CUST4287,Sanya Varughese,Bangalore,Jayanagar,2026-03-11,Premium
CUST4288,Faraj Kar,Bangalore,Indiranagar,2024-02-08,Premium
CUST4289,Vaishnavi Yohannan,Bangalore,Whitefield,2026-01-05,New
CUST4290,Nilima Chana,Bangalore,Indiranagar,2023-07-03,Regular
CUST4291,Abhiram Chauhan,Pune,Baner,2024-12-06,New
CUST4292,Shivani Buch,Mumbai,Powai,2025-09-01,New
CUST4293,Advay Sandhu,Bangalore,Jayanagar,2026-02-02,Regular
CUST4294,Charvi Lalla,Mumbai,Andheri,2026-03-11,Premium
CUST4295,Rehaan Kapadia,Mumbai,Borivali,2025-02-16,Regular
CUST4296,Jackson Kar,Bangalore,HSR Layout,2023-11-01,Regular
CUST4297,Chaman Bhargava,Mumbai,Kurla,2025-12-27,Regular
CUST4298,Girindra Lalla,Bangalore,Indiranagar,2025-02-11,New
CUST4299,Kavya Hora,Mumbai,Borivali,2024-12-03,New
CUST4300,Tanveer Virk,Mumbai,Andheri,2024-01-28,New
CUST4301,Turvi Yohannan,Bangalore,HSR Layout,2023-07-18,Regular
CUST4302,Ekiya Vohra,Mumbai,Kurla,2025-03-16,Premium
CUST4303,Indali Talwar,Mumbai,Andheri,2025-02-09,New
CUST4304,Siddharth Swaminathan,Mumbai,Dadar,2023-06-27,Regular
CUST4305,Shaurya Chada,Bangalore,Jayanagar,2024-06-21,Regular
CUST4306,Qushi Madan,Mumbai,Thane,2024-12-03,Regular
CUST4307,Guneet Choudhury,Mumbai,Thane,2023-06-04,New
CUST4308,Qasim Date,Bangalore,Koramangala,2026-02-19,Premium
CUST4309,Rayaan Dayal,Mumbai,Andheri,2024-07-03,Regular
CUST4310,Anirudh Buch,Bangalore,Whitefield,2025-03-12,Regular
CUST4311,Yuvraj Varghese,Bangalore,BTM Layout,2023-12-23,Regular
CUST4312,Nidhi Guha,Bangalore,BTM Layout,2025-12-17,Premium
CUST4313,Laban Uppal,Mumbai,Andheri,2025-04-17,Regular
CUST4314,Jairaj Arya,Mumbai,Bandra,2024-12-15,Regular
CUST4315,Nidhi Sawhney,Pune,Kothrud,2023-11-10,Premium
CUST4316,Ishanvi Suresh,Bangalore,HSR Layout,2026-04-25,Premium
CUST4317,Zarna Mallick,Pune,Koregaon Park,2025-06-30,New
CUST4318,Bhavini Mallick,Bangalore,Koramangala,2025-10-28,Regular
CUST4319,Upma Oommen,Pune,Aundh,2025-05-25,New
CUST4320,Sanaya Das,Mumbai,Dadar,2025-07-07,Regular
CUST4321,Reyansh Sahni,Pune,Koregaon Park,2024-01-11,Regular
CUST4322,Gunbir Reddy,Bangalore,BTM Layout,2026-04-01,Regular
CUST4323,Omaja Roy,Pune,Hadapsar,2026-05-21,New
CUST4324,Nitesh Sengupta,Pune,Viman Nagar,2026-04-28,Regular
CUST4325,Indali Chopra,Mumbai,Bandra,2023-07-02,New
CUST4326,Nirja Nair,Bangalore,Jayanagar,2024-04-19,Premium
CUST4327,Faris Basu,Mumbai,Dadar,2024-02-19,Regular
CUST4328,Zehaan Narula,Pune,Aundh,2026-03-01,Regular
CUST4329,Vritti Kunda,Bangalore,Indiranagar,2025-07-21,New
CUST4330,Guneet Verma,Pune,Wakad,2025-11-04,Regular
CUST4331,Jason Johal,Pune,Viman Nagar,2023-06-29,New
CUST4332,Advika Chokshi,Pune,Koregaon Park,2024-11-16,Regular
CUST4333,Aayush Kaul,Bangalore,HSR Layout,2023-06-28,Regular
CUST4334,Arya Loyal,Pune,Baner,2024-04-26,Regular
CUST4335,Vrishti Walia,Pune,Aundh,2024-01-25,New
CUST4336,Nimrat Sami,Bangalore,Whitefield,2024-11-10,Premium
CUST4337,Onkar Chahal,Bangalore,HSR Layout,2024-05-05,Premium
CUST4338,Rajata Date,Bangalore,Koramangala,2024-12-10,Regular
CUST4339,Hamsini Mani,Bangalore,Koramangala,2024-07-06,New
CUST4340,Yashawini Bath,Bangalore,Jayanagar,2024-05-20,New
CUST4341,Mekhala Mangal,Bangalore,Jayanagar,2023-06-23,Regular
CUST4342,Rohan Upadhyay,Pune,Kothrud,2025-01-26,Regular
CUST4343,Ekaraj Sen,Mumbai,Dadar,2025-12-31,New
CUST4344,Hamsini Pillai,Bangalore,HSR Layout,2026-02-18,Regular
CUST4345,Abhimanyu Sami,Mumbai,Thane,2025-03-23,Regular
CUST4346,Oeshi Gaba,Pune,Kothrud,2023-10-25,Regular
CUST4347,Caleb Goswami,Mumbai,Bandra,2024-12-09,New
CUST4348,Andrew Vyas,Mumbai,Andheri,2023-10-10,Regular
CUST4349,Radha Hora,Pune,Viman Nagar,2024-07-14,Regular
CUST4350,Avi Brar,Bangalore,Jayanagar,2023-12-17,Premium
CUST4351,Inaya Sura,Bangalore,HSR Layout,2025-05-19,New
CUST4352,Finn Thaker,Mumbai,Bandra,2024-04-07,Regular
CUST4353,Pushti Khare,Bangalore,HSR Layout,2026-05-25,New
CUST4354,Teerth Behl,Pune,Baner,2023-09-23,Regular
CUST4355,Thomas Wali,Bangalore,Indiranagar,2026-04-25,Regular
CUST4356,Nidra Johal,Bangalore,BTM Layout,2023-08-05,Regular
CUST4357,Chatura Agrawal,Pune,Wakad,2026-02-06,Regular
CUST4358,William Sandhu,Mumbai,Dadar,2023-08-05,Regular
CUST4359,Nathaniel Oommen,Mumbai,Thane,2025-10-29,Regular
CUST4360,Nikita Khare,Pune,Baner,2024-10-29,Regular
CUST4361,Mekhala Parmer,Bangalore,Whitefield,2026-05-26,Premium
CUST4362,Rajeshri Ravel,Pune,Aundh,2025-05-08,Regular
CUST4363,Tara Som,Mumbai,Thane,2024-05-02,Regular
CUST4364,Chaman Pal,Pune,Viman Nagar,2025-09-25,Regular
CUST4365,Jeremiah Chawla,Bangalore,Jayanagar,2025-05-22,Regular
CUST4366,Theodore Kari,Pune,Hadapsar,2026-02-15,Regular
CUST4367,Nirja Varma,Bangalore,Whitefield,2025-09-20,Regular
CUST4368,Balveer Talwar,Mumbai,Andheri,2024-12-06,New
CUST4369,Michael Wason,Bangalore,Indiranagar,2025-03-27,New
CUST4370,Barkha Dass,Bangalore,Koramangala,2024-05-01,Regular
CUST4371,Jeremiah Amble,Bangalore,HSR Layout,2023-06-30,Regular
CUST4372,Hiral Sinha,Pune,Aundh,2023-08-22,Premium
CUST4373,Simon Bava,Bangalore,Indiranagar,2025-05-25,New
CUST4374,Yahvi Misra,Pune,Hadapsar,2023-10-25,Premium
CUST4375,Chakradev Dyal,Mumbai,Andheri,2023-07-07,New
CUST4376,Alka Patil,Mumbai,Andheri,2026-03-02,New
CUST4377,Nathaniel Pandit,Bangalore,Koramangala,2023-09-04,Regular
CUST4378,Zaitra Babu,Mumbai,Borivali,2023-09-20,Regular
CUST4379,Simon Andra,Pune,Wakad,2025-03-24,Regular
CUST4380,Champak Pal,Bangalore,HSR Layout,2024-08-09,Regular
CUST4381,Isaac Contractor,Bangalore,BTM Layout,2025-01-18,Regular
CUST4382,Laban Kalita,Pune,Baner,2025-07-06,Regular
CUST4383,Xavier Mishra,Bangalore,Whitefield,2025-04-11,New
CUST4384,Mohammed Dhar,Bangalore,Indiranagar,2023-06-24,Regular
CUST4385,Vasudha Naidu,Bangalore,Indiranagar,2024-02-22,New
CUST4386,Mohammed Joshi,Pune,Hadapsar,2025-08-01,Premium
CUST4387,Gabriel Prakash,Pune,Wakad,2026-05-28,New
CUST4388,Megha Tak,Pune,Koregaon Park,2025-06-12,Regular
CUST4389,Zashil Deshmukh,Mumbai,Borivali,2024-07-03,Regular
CUST4390,Dominic Dara,Pune,Baner,2025-06-30,New
CUST4391,Wakeeta Vyas,Bangalore,Jayanagar,2024-01-01,Regular
CUST4392,Owen Loyal,Mumbai,Bandra,2025-12-09,Premium
CUST4393,Onkar Om,Bangalore,HSR Layout,2026-01-25,Regular
CUST4394,Bhavna Seth,Mumbai,Borivali,2025-03-04,Premium
CUST4395,Hemani More,Pune,Aundh,2026-02-06,New
CUST4396,Rayaan Viswanathan,Mumbai,Dadar,2025-04-23,Regular
CUST4397,Harish Pau,Pune,Viman Nagar,2025-09-30,New
CUST4398,Daniel Viswanathan,Bangalore,Whitefield,2026-04-30,New
CUST4399,Amruta Kohli,Mumbai,Bandra,2026-05-06,New
CUST4400,Nakul Narula,Bangalore,Whitefield,2023-08-03,New
CUST4401,Arjun Kannan,Mumbai,Kurla,2023-09-18,New
CUST4402,Anya Ghosh,Bangalore,Whitefield,2026-01-27,New
CUST4403,Harini Chawla,Pune,Baner,2023-09-12,New
CUST4404,Jagrati Mody,Bangalore,Indiranagar,2025-06-02,Premium
CUST4405,Samuel Bhatti,Bangalore,BTM Layout,2023-10-28,Regular
CUST4406,Nitesh Sabharwal,Bangalore,Koramangala,2023-12-08,Regular
CUST4407,Manbir Kalita,Pune,Viman Nagar,2025-02-01,Regular
CUST4408,Isaac Iyer,Mumbai,Dadar,2025-10-10,New
CUST4409,Daniel Halder,Mumbai,Thane,2023-09-21,New
CUST4410,Vivaan Murty,Mumbai,Kurla,2025-07-01,New
CUST4411,Isaiah Devi,Pune,Viman Nagar,2024-02-29,Premium
CUST4412,Lipika Sahota,Mumbai,Kurla,2023-12-24,Regular
CUST4413,Adya Chadha,Pune,Wakad,2026-01-15,Regular
CUST4414,Qabil Raju,Bangalore,BTM Layout,2023-10-13,Regular
CUST4415,Radha Ben,Pune,Baner,2025-09-27,Premium
CUST4416,Watika Bedi,Mumbai,Borivali,2026-05-08,Regular
CUST4417,Krishna Nayak,Pune,Viman Nagar,2025-12-20,Regular
CUST4418,Nirja Sarraf,Pune,Baner,2023-11-07,Regular
CUST4419,Dalbir Ramachandran,Pune,Koregaon Park,2026-03-11,Regular
CUST4420,Ojasvi Dubey,Pune,Hadapsar,2024-08-21,Regular
CUST4421,Imaran Pingle,Mumbai,Powai,2025-03-21,Regular
CUST4422,Mekhala Choudhry,Pune,Koregaon Park,2023-11-18,Premium
CUST4423,Vihaan Rama,Pune,Aundh,2025-11-17,Regular
CUST4424,Nathaniel Pillay,Pune,Viman Nagar,2025-06-01,Regular
CUST4425,Qasim Lad,Mumbai,Dadar,2026-03-31,Regular
CUST4426,Joshua Chaudhuri,Pune,Viman Nagar,2026-05-23,Regular
CUST4427,Banjeet Wagle,Mumbai,Kurla,2024-07-08,Regular
CUST4428,Ryan Dayal,Pune,Kothrud,2025-09-08,Regular
CUST4429,Idika Om,Bangalore,Indiranagar,2025-09-21,New
CUST4430,Aarush Barad,Pune,Viman Nagar,2024-02-27,Premium
CUST4431,Lohit Varty,Mumbai,Powai,2023-10-23,New
CUST4432,Vedant Garde,Mumbai,Andheri,2025-10-25,New
CUST4433,Kritika Jaggi,Pune,Viman Nagar,2024-01-07,New
CUST4434,Sathvik Barad,Mumbai,Dadar,2023-12-26,Regular
CUST4435,Advik Sagar,Bangalore,BTM Layout,2023-08-29,New
CUST4436,Ansh Virk,Pune,Aundh,2024-12-11,Regular
CUST4437,Ayushman Samra,Pune,Koregaon Park,2025-03-24,New
CUST4438,Girish Basak,Mumbai,Bandra,2026-03-05,New
CUST4439,Balendra Sunder,Mumbai,Powai,2025-09-01,Regular
CUST4440,Rajata Salvi,Pune,Baner,2026-03-07,New
CUST4441,Alexander Suresh,Mumbai,Thane,2025-12-29,Regular
CUST4442,Luke Wali,Bangalore,Koramangala,2025-01-27,New
CUST4443,Benjamin Oza,Bangalore,Indiranagar,2025-07-22,Regular
CUST4444,Isha Pall,Bangalore,Whitefield,2024-10-26,Premium
CUST4445,Anamika Mukherjee,Pune,Kothrud,2025-03-17,Regular
CUST4446,Ekaraj Mitter,Mumbai,Kurla,2024-09-27,Regular
CUST4447,Darsh Hans,Bangalore,Indiranagar,2024-06-14,Regular
CUST4448,Oliver Grover,Mumbai,Powai,2023-10-11,Regular
CUST4449,Chanakya Borra,Bangalore,Koramangala,2023-12-27,New
CUST4450,Aishani Natarajan,Mumbai,Dadar,2023-09-30,Premium
CUST4451,Dalaja Halder,Mumbai,Powai,2025-12-20,New
CUST4452,Ishani Prabhu,Pune,Aundh,2023-06-18,Premium
CUST4453,Alexander Ahuja,Pune,Baner,2024-04-09,Regular
CUST4454,Ayaan Bhagat,Pune,Koregaon Park,2024-06-01,Regular
CUST4455,Falak Ganguly,Pune,Koregaon Park,2025-07-10,Premium
CUST4456,Alexander Venkatesh,Bangalore,HSR Layout,2025-01-24,Regular
CUST4457,Kai Mistry,Mumbai,Andheri,2025-06-22,New
CUST4458,Advay Sinha,Pune,Baner,2025-07-12,New
CUST4459,Ishani Pal,Mumbai,Powai,2024-12-12,Premium
CUST4460,Akshay Mall,Pune,Koregaon Park,2024-03-10,New
CUST4461,Ekavir Narasimhan,Bangalore,HSR Layout,2024-07-26,Regular
CUST4462,Libni Chaudhary,Mumbai,Thane,2025-05-03,Regular
CUST4463,Karan Vasa,Pune,Wakad,2024-11-23,Regular
CUST4464,Gavin Acharya,Bangalore,HSR Layout,2023-10-03,Regular
CUST4465,Lopa Parekh,Bangalore,Whitefield,2026-01-16,New
CUST4466,Yasti Jain,Mumbai,Andheri,2024-04-06,Premium
CUST4467,Eesha Kata,Mumbai,Kurla,2024-03-01,Premium
CUST4468,Ayush Rout,Bangalore,Indiranagar,2025-02-07,Regular
CUST4469,Yashawini Korpal,Mumbai,Dadar,2023-11-01,Premium
CUST4470,Harshil Chokshi,Mumbai,Kurla,2024-05-20,Regular
CUST4471,Peter Kakar,Bangalore,Jayanagar,2024-03-12,Regular
CUST4472,Aradhana Kannan,Pune,Viman Nagar,2025-05-06,Regular
CUST4473,Hamsini Khalsa,Bangalore,Jayanagar,2023-11-28,New
CUST4474,Geetika Ganesh,Bangalore,HSR Layout,2023-10-24,Regular
CUST4475,Ekaja Guha,Bangalore,BTM Layout,2025-09-09,Regular
CUST4476,Yachana Nayar,Mumbai,Bandra,2025-09-08,Premium
CUST4477,Mitali Bhatt,Mumbai,Dadar,2024-01-01,Premium
CUST4478,Dalaja Dugar,Pune,Wakad,2023-12-04,Premium
CUST4479,Girik Chowdhury,Mumbai,Kurla,2023-12-28,Regular
CUST4480,Ekbal Lall,Mumbai,Andheri,2025-05-15,Premium
CUST4481,Jacob Kapoor,Bangalore,Whitefield,2026-03-12,Regular
CUST4482,Frado Dubey,Mumbai,Andheri,2026-05-05,Regular
CUST4483,Hiral Raja,Mumbai,Powai,2023-10-24,Regular
CUST4484,Gavin Dutt,Bangalore,BTM Layout,2024-03-06,New
CUST4485,Sarthak Thakkar,Mumbai,Borivali,2026-03-29,Regular
CUST4486,Varenya Sandal,Mumbai,Kurla,2023-10-20,New
CUST4487,Unnati Seshadri,Mumbai,Andheri,2026-03-08,Regular
CUST4488,Arunima Nagy,Mumbai,Andheri,2026-05-22,Premium
CUST4489,Ishaan Lata,Mumbai,Dadar,2024-05-13,Premium
CUST4490,Abeer Swaminathan,Pune,Kothrud,2024-10-06,New
CUST4491,Samarth Bora,Pune,Baner,2025-03-11,Premium
CUST4492,Pushti Thakur,Bangalore,Whitefield,2024-02-12,Premium
CUST4493,Abhiram Mall,Mumbai,Bandra,2026-04-17,New
CUST4494,Aishani Char,Mumbai,Powai,2023-07-02,Premium
CUST4495,Amol Menon,Pune,Wakad,2026-05-18,Regular
CUST4496,Baghyawati Talwar,Pune,Aundh,2024-05-16,Regular
CUST4497,Sarthak Mangal,Pune,Wakad,2024-12-10,New
CUST4498,Jason Ramesh,Pune,Wakad,2025-08-04,Regular
CUST4499,Deepa Grewal,Mumbai,Borivali,2025-08-23,Regular
CUST4500,Faras Memon,Bangalore,Jayanagar,2024-07-03,New
CUST4501,Upadhriti Varkey,Bangalore,Whitefield,2023-07-14,Premium
CUST4502,Ayaan Mody,Pune,Hadapsar,2025-12-08,Premium
CUST4503,Zaitra Chowdhury,Mumbai,Borivali,2026-05-03,Regular
CUST4504,Orinder Murthy,Bangalore,Indiranagar,2026-01-31,Regular
CUST4505,Qabil Rajagopalan,Pune,Viman Nagar,2023-12-07,Regular
CUST4506,Baljiwan Borah,Bangalore,Koramangala,2023-11-26,New
CUST4507,Noah Savant,Mumbai,Borivali,2023-10-02,Regular
CUST4508,Radhika Andra,Bangalore,HSR Layout,2024-10-30,New
CUST4509,Dhriti Hari,Mumbai,Powai,2025-02-15,New
CUST4510,Fariq Ravel,Mumbai,Borivali,2026-01-09,Regular
CUST4511,Chakradhar Mukherjee,Mumbai,Thane,2024-09-18,Premium
CUST4512,Darpan Tella,Mumbai,Thane,2026-05-25,Premium
CUST4513,Chameli Choudhury,Mumbai,Borivali,2025-09-25,New
CUST4514,Darika Parikh,Mumbai,Andheri,2023-07-21,New
CUST4515,Ojas Devi,Pune,Viman Nagar,2025-01-23,New
CUST4516,Eesha Deol,Bangalore,Indiranagar,2026-01-26,Premium
CUST4517,Nikita Wali,Bangalore,Jayanagar,2025-02-15,Regular
CUST4518,Amara Dayal,Bangalore,BTM Layout,2025-02-09,Regular
CUST4519,Forum Nayar,Pune,Kothrud,2025-12-15,Premium
CUST4520,Utkarsh Manne,Pune,Hadapsar,2025-09-22,Regular
CUST4521,Anvi Sheth,Mumbai,Kurla,2026-03-21,Premium
CUST4522,Gavin Kala,Pune,Koregaon Park,2024-01-24,Premium
CUST4523,Utkarsh Wadhwa,Pune,Viman Nagar,2025-07-02,Regular
CUST4524,Nikita Pandya,Bangalore,Jayanagar,2026-01-01,Regular
CUST4525,Aradhana Naidu,Mumbai,Borivali,2026-03-23,Regular
CUST4526,Ishaan Sankaran,Bangalore,Koramangala,2024-12-08,Regular
CUST4527,Janani Mani,Bangalore,BTM Layout,2023-09-12,Regular
CUST4528,Quincy Hayer,Mumbai,Powai,2025-03-24,New
CUST4529,Oliver Sheth,Bangalore,Whitefield,2025-07-15,Premium
CUST4530,Kritika Sabharwal,Mumbai,Bandra,2023-11-05,Regular
CUST4531,Ekapad Saxena,Mumbai,Bandra,2024-12-03,Regular
CUST4532,Dalbir Ramesh,Bangalore,Koramangala,2024-03-22,Regular
CUST4533,Edhitha Kamdar,Mumbai,Dadar,2023-11-04,Premium
CUST4534,Ranbir Jain,Mumbai,Powai,2025-09-05,New
CUST4535,Bimala Bal,Bangalore,BTM Layout,2024-02-18,New
CUST4536,Thomas Oommen,Mumbai,Dadar,2025-07-18,Regular
CUST4537,Kevin Garde,Pune,Kothrud,2025-02-16,Regular
CUST4538,Ekantika Bora,Pune,Viman Nagar,2026-05-27,Premium
CUST4539,Imaran Gupta,Pune,Viman Nagar,2024-02-03,New
CUST4540,Brinda Sibal,Mumbai,Dadar,2026-04-16,Regular
CUST4541,Zarna Sarna,Pune,Viman Nagar,2023-11-14,New
CUST4542,Chandani Sani,Mumbai,Powai,2024-08-21,Regular
CUST4543,Devika Solanki,Pune,Kothrud,2026-03-30,Regular
CUST4544,Ekaraj Patla,Pune,Viman Nagar,2024-09-17,Regular
CUST4545,Ishanvi Chand,Pune,Wakad,2024-06-29,Premium
CUST4546,Faraj Natarajan,Pune,Wakad,2023-10-25,New
CUST4547,Samar Basu,Mumbai,Kurla,2024-09-08,Regular
CUST4548,Chaaya Mahal,Mumbai,Dadar,2026-03-16,New
CUST4549,Victor Gade,Pune,Aundh,2026-02-19,Regular
CUST4550,Naveen Ahuja,Bangalore,Indiranagar,2024-07-05,Premium
CUST4551,Ganga Sandal,Pune,Viman Nagar,2024-06-22,Premium
CUST4552,Lavanya Yogi,Mumbai,Thane,2026-03-18,Regular
CUST4553,Isaiah Mody,Mumbai,Dadar,2024-05-22,Regular
CUST4554,Omya Viswanathan,Bangalore,Whitefield,2024-09-18,New
CUST4555,Warda Chauhan,Mumbai,Borivali,2025-07-17,Regular
CUST4556,Tanay Wadhwa,Pune,Hadapsar,2026-01-21,New
CUST4557,Chavvi Vora,Bangalore,Whitefield,2025-01-25,Premium
CUST4558,Damyanti Golla,Mumbai,Dadar,2024-08-17,Regular
CUST4559,Frado Pillai,Mumbai,Powai,2024-08-19,Regular
CUST4560,Mahika Karnik,Bangalore,Indiranagar,2025-04-05,Regular
CUST4561,Aarush Sanghvi,Bangalore,BTM Layout,2025-07-06,Premium
CUST4562,Manbir Mander,Bangalore,Koramangala,2023-10-11,New
CUST4563,Udarsh Borra,Pune,Viman Nagar,2024-04-23,Regular
CUST4564,Yochana Agate,Bangalore,Jayanagar,2024-11-28,Regular
CUST4565,Geetika Bansal,Mumbai,Thane,2024-09-14,New
CUST4566,Ikbal Soni,Bangalore,BTM Layout,2024-04-09,New
CUST4567,Nidra Patil,Pune,Wakad,2025-07-05,New
CUST4568,Vyanjana Bassi,Mumbai,Andheri,2025-12-06,Regular
CUST4569,Banjeet Gopal,Bangalore,BTM Layout,2026-04-26,Regular
CUST4570,Reyansh Venkataraman,Mumbai,Powai,2026-01-11,Regular
CUST4571,Zayan Chaudhry,Mumbai,Kurla,2024-11-02,New
CUST4572,Devika Bahl,Pune,Koregaon Park,2024-01-28,Premium
CUST4573,Samaksh Munshi,Bangalore,Jayanagar,2025-08-04,New
CUST4574,Dhruv Ahluwalia,Bangalore,Whitefield,2026-02-15,Regular
CUST4575,Ryan Chada,Bangalore,Whitefield,2024-05-16,New
CUST4576,Frado Viswanathan,Mumbai,Bandra,2026-02-06,New
CUST4577,Aachal Butala,Mumbai,Thane,2025-02-12,Regular
CUST4578,Nisha Desai,Pune,Baner,2024-06-02,Premium
CUST4579,Suhani Sheth,Mumbai,Borivali,2024-12-04,Regular
CUST4580,Gayathri Hayer,Pune,Hadapsar,2025-06-22,New
CUST4581,Chameli Sibal,Pune,Wakad,2024-07-13,Regular
CUST4582,Waida Tank,Bangalore,Indiranagar,2025-01-01,New
CUST4583,Daksha Dhar,Pune,Viman Nagar,2025-07-26,Regular
CUST4584,Adweta Shanker,Pune,Koregaon Park,2024-04-28,Regular
CUST4585,Zansi Chaudhary,Pune,Baner,2025-02-01,New
CUST4586,Idika Vala,Bangalore,HSR Layout,2025-11-21,Regular
CUST4587,Aayush Kalita,Bangalore,Indiranagar,2023-06-06,Premium
CUST4588,Matthew Barad,Mumbai,Andheri,2024-02-02,Regular
CUST4589,Kavya Ratti,Pune,Kothrud,2026-04-20,Premium
CUST4590,Eesha Kumar,Mumbai,Powai,2024-10-07,New
CUST4591,Lakshit Sen,Pune,Baner,2025-09-07,Regular
CUST4592,Aarnav Jani,Pune,Baner,2025-03-08,Premium
CUST4593,Lakshmi Kohli,Bangalore,Indiranagar,2025-08-09,Regular
CUST4594,Qabil Mandal,Mumbai,Bandra,2023-10-30,Regular
CUST4595,Urvashi Mahajan,Mumbai,Thane,2024-01-06,Regular
CUST4596,Liam Prashad,Bangalore,Jayanagar,2024-10-18,Regular
CUST4597,Ishwar Doshi,Bangalore,Jayanagar,2024-12-19,Regular
CUST4598,Bina Chatterjee,Pune,Kothrud,2025-11-28,New
CUST4599,Edhitha Shenoy,Bangalore,BTM Layout,2025-06-25,Regular
CUST4600,Radha Agate,Bangalore,Jayanagar,2026-04-27,Premium
CUST4601,Yoshita Balay,Bangalore,Koramangala,2024-06-19,Premium
CUST4602,Mahika Rajagopal,Bangalore,Koramangala,2025-01-07,New
CUST4603,Sanaya Pau,Bangalore,HSR Layout,2024-10-09,Premium
CUST4604,Kashish Mangal,Pune,Hadapsar,2026-04-26,New
CUST4605,Vasudha Bhatt,Mumbai,Bandra,2025-02-23,Regular
CUST4606,Gunbir Master,Pune,Hadapsar,2025-12-17,Regular
CUST4607,Ubika Natt,Pune,Wakad,2026-02-23,Regular
CUST4608,Shaurya Ben,Pune,Viman Nagar,2025-09-16,Premium
CUST4609,Raksha Barman,Bangalore,Indiranagar,2024-06-15,New
CUST4610,Bimala Ghose,Pune,Kothrud,2023-08-18,Regular
CUST4611,Siddharth Chaudhuri,Pune,Hadapsar,2025-12-17,New
CUST4612,Aishani Ahuja,Mumbai,Dadar,2023-06-21,New
CUST4613,Utkarsh D’Alia,Mumbai,Dadar,2025-05-17,Regular
CUST4614,Darpan Som,Bangalore,Whitefield,2026-04-16,Regular
CUST4615,Netra Kulkarni,Bangalore,Indiranagar,2024-09-06,Premium
CUST4616,Vasana Ganesan,Pune,Baner,2025-11-12,Regular
CUST4617,Damini Jayaraman,Mumbai,Kurla,2024-07-07,Regular
CUST4618,Rachit Mander,Bangalore,Whitefield,2023-08-26,Regular
CUST4619,Ekansh Date,Mumbai,Andheri,2025-04-05,New
CUST4620,Rehaan De,Mumbai,Thane,2026-01-21,Premium
CUST4621,Xalak Loyal,Mumbai,Bandra,2024-07-29,Regular
CUST4622,Andrew Wadhwa,Pune,Wakad,2024-03-20,Regular
CUST4623,Jeevika Sankar,Mumbai,Dadar,2023-07-20,New
CUST4624,Joshua Dutt,Bangalore,HSR Layout,2024-12-14,Regular
CUST4625,Wriddhish Bera,Mumbai,Kurla,2025-10-24,Premium
CUST4626,Xalak Thaman,Mumbai,Borivali,2025-06-16,Regular
CUST4627,Alexander Mukhopadhyay,Pune,Koregaon Park,2026-05-22,New
CUST4628,Kamya Konda,Bangalore,Indiranagar,2023-10-08,Premium
CUST4629,Fiyaz Sant,Mumbai,Andheri,2025-02-23,Regular
CUST4630,Theodore Amble,Mumbai,Powai,2024-06-18,Regular
CUST4631,Bhavani Bedi,Mumbai,Thane,2026-04-13,Premium
CUST4632,Isha Sachdeva,Mumbai,Thane,2025-10-14,New
CUST4633,Edhitha Buch,Pune,Baner,2023-09-26,Regular
CUST4634,Sai Chatterjee,Pune,Baner,2023-09-25,Regular
CUST4635,Zarna Mukherjee,Pune,Baner,2025-06-29,Regular
CUST4636,Isaiah Saran,Pune,Viman Nagar,2024-11-03,Premium
CUST4637,Samaksh Ravel,Bangalore,Indiranagar,2024-03-28,Regular
CUST4638,Oliver Bakshi,Pune,Viman Nagar,2024-06-15,Regular
CUST4639,Lohit Palla,Pune,Viman Nagar,2026-01-14,Regular
CUST4640,Leela Contractor,Bangalore,Koramangala,2025-05-31,Premium
CUST4641,Krishna Nazareth,Pune,Aundh,2024-05-17,Regular
CUST4642,Charita Bera,Mumbai,Kurla,2025-04-03,Regular
CUST4643,Gaurav Bains,Pune,Hadapsar,2025-06-23,New
CUST4644,Dhriti Sankar,Pune,Baner,2024-10-14,Regular
CUST4645,Falak Narayanan,Pune,Aundh,2026-02-26,Regular
CUST4646,Madhavi Dhar,Bangalore,Indiranagar,2024-06-19,New
CUST4647,Yagnesh Saraf,Pune,Baner,2024-12-21,Regular
CUST4648,Unni Sani,Pune,Viman Nagar,2023-11-24,Regular
CUST4649,Jeremiah Mittal,Pune,Koregaon Park,2025-12-18,Premium
CUST4650,Quincy Mody,Bangalore,Koramangala,2025-12-20,Regular
CUST4651,Amruta Lad,Mumbai,Andheri,2024-02-01,New
CUST4652,Udyati Dhar,Mumbai,Andheri,2024-08-15,New
CUST4653,Gaurika Khatri,Bangalore,Indiranagar,2025-02-27,New
CUST4654,Omya Bath,Bangalore,Koramangala,2026-05-06,Premium
CUST4655,Oliver Kumer,Mumbai,Dadar,2025-09-10,Regular
CUST4656,Falguni Gour,Bangalore,Whitefield,2025-01-30,Premium
CUST4657,Zansi Tandon,Pune,Koregaon Park,2025-01-12,Regular
CUST4658,Chanchal Acharya,Bangalore,Jayanagar,2025-10-30,Regular
CUST4659,Gopal Bhatia,Pune,Hadapsar,2023-11-23,Premium
CUST4660,Ekansh Narain,Bangalore,Indiranagar,2025-03-29,New
CUST4661,Diya Lanka,Bangalore,HSR Layout,2023-12-01,New
CUST4662,Pooja Nazareth,Bangalore,Whitefield,2025-08-04,Regular
CUST4663,Aashi Loke,Mumbai,Borivali,2024-07-07,Regular
CUST4664,Saanvi Krishnan,Mumbai,Powai,2024-11-16,Regular
CUST4665,Radhika Sethi,Pune,Baner,2023-07-18,Premium
CUST4666,Maanas Saraf,Bangalore,HSR Layout,2026-03-28,Regular
CUST4667,Vivaan Tandon,Mumbai,Andheri,2024-12-23,New
CUST4668,Aashi Palla,Mumbai,Borivali,2023-07-11,New
CUST4669,Max Manda,Mumbai,Dadar,2025-04-20,Regular
CUST4670,Gayathri Choudhury,Pune,Kothrud,2024-11-11,New
CUST4671,Upma Nagarajan,Mumbai,Dadar,2023-10-03,Regular
CUST4672,Kashvi Palan,Mumbai,Kurla,2025-03-01,Regular
CUST4673,Yasti Deep,Pune,Kothrud,2025-07-02,New
CUST4674,Advaith Karnik,Pune,Kothrud,2026-03-08,Regular
CUST4675,Krish Pandit,Mumbai,Powai,2025-01-08,Regular
CUST4676,Reyansh Borde,Pune,Hadapsar,2025-07-27,Regular
CUST4677,Tejas Manda,Pune,Aundh,2026-03-08,Regular
CUST4678,Tamanna Bains,Pune,Koregaon Park,2025-06-13,Regular
CUST4679,Wakeeta Suresh,Pune,Aundh,2025-04-13,Premium
CUST4680,Vrishti Suri,Bangalore,Indiranagar,2024-03-09,New
CUST4681,Libni Tandon,Mumbai,Borivali,2026-02-16,Premium
CUST4682,Panini Hayre,Bangalore,Jayanagar,2024-10-23,Premium
CUST4683,Sudiksha Sachdev,Pune,Koregaon Park,2025-09-06,Regular
CUST4684,Zilmil Buch,Mumbai,Thane,2025-06-09,Regular
CUST4685,Ansh Prasad,Mumbai,Kurla,2024-03-19,New
CUST4686,Upkaar Behl,Mumbai,Dadar,2025-03-27,Regular
CUST4687,Falguni Wable,Mumbai,Kurla,2025-04-01,New
CUST4688,Gauri Divan,Bangalore,Indiranagar,2026-03-06,Regular
CUST4689,Siddharth Kakar,Mumbai,Borivali,2024-07-05,Regular
CUST4690,Wishi Sood,Bangalore,Indiranagar,2024-05-30,Regular
CUST4691,Chameli Sundaram,Bangalore,HSR Layout,2023-07-17,Regular
CUST4692,Ryan Kamdar,Bangalore,Jayanagar,2023-06-21,New
CUST4693,Inaya Ganesan,Pune,Kothrud,2026-04-07,Regular
CUST4694,Turvi Hayre,Mumbai,Bandra,2024-11-24,Regular
CUST4695,Girish Chaudry,Pune,Viman Nagar,2025-10-12,Regular
CUST4696,Upadhriti Vig,Pune,Wakad,2024-10-10,Regular
CUST4697,Siya Barad,Pune,Koregaon Park,2026-06-01,Premium
CUST4698,Nidra Keer,Mumbai,Bandra,2024-10-07,Regular
CUST4699,Mekhala Gulati,Bangalore,HSR Layout,2025-06-20,New
CUST4700,Aishani Karnik,Bangalore,HSR Layout,2025-01-26,Regular
CUST4701,Upasna Koshy,Mumbai,Andheri,2024-08-07,Regular
CUST4702,Lipika More,Mumbai,Dadar,2023-07-11,Premium
CUST4703,Rachit Dhar,Bangalore,Whitefield,2026-05-03,Regular
CUST4704,Aadi Ben,Bangalore,Whitefield,2024-10-16,Regular
CUST4705,Anirudh Chakrabarti,Pune,Wakad,2025-07-04,New
CUST4706,Indira Rai,Bangalore,Indiranagar,2026-05-25,Premium
CUST4707,Kabir Deshpande,Bangalore,Whitefield,2023-11-13,Regular
CUST4708,Theodore Ganguly,Mumbai,Thane,2024-07-09,Regular
CUST4709,Brinda Bahri,Mumbai,Dadar,2024-11-13,Regular
CUST4710,Aarna Loyal,Pune,Wakad,2024-11-06,Regular
CUST4711,Neelima Bhargava,Mumbai,Andheri,2023-12-10,Regular
CUST4712,Pushti Malhotra,Pune,Wakad,2025-07-01,Regular
CUST4713,Mahika Saini,Pune,Baner,2026-06-01,Regular
CUST4714,Aishani Thakur,Pune,Hadapsar,2023-07-31,New
CUST4715,Jack Chacko,Mumbai,Powai,2023-07-03,New
CUST4716,Hamsini Dixit,Bangalore,HSR Layout,2025-06-28,Regular
CUST4717,Dalaja Krishnan,Pune,Baner,2025-10-06,Regular
CUST4718,Victor Viswanathan,Pune,Baner,2026-02-23,Regular
CUST4719,Jasmit Atwal,Pune,Baner,2025-08-19,New
CUST4720,Nathaniel Chaudhari,Mumbai,Borivali,2023-08-02,Regular
CUST4721,Omisha Wagle,Mumbai,Borivali,2026-04-24,Regular
CUST4722,Ranveer Sura,Mumbai,Borivali,2024-12-13,Regular
CUST4723,Turvi Sekhon,Bangalore,Indiranagar,2026-01-30,New
CUST4724,Victor Chaudhari,Pune,Koregaon Park,2023-06-13,Regular
CUST4725,Ladli Nagi,Mumbai,Bandra,2023-09-17,New
CUST4726,Zinal Khanna,Pune,Wakad,2024-06-30,Regular
CUST4727,Dakshesh Rau,Bangalore,Jayanagar,2025-05-31,Regular
CUST4728,Nathan Mishra,Mumbai,Borivali,2025-10-01,Regular
CUST4729,Ijaya Gala,Bangalore,BTM Layout,2025-12-29,New
CUST4730,Anirudh Rege,Bangalore,BTM Layout,2023-07-26,Regular
CUST4731,Kritika Sani,Mumbai,Bandra,2023-11-07,New
CUST4732,David Pall,Pune,Wakad,2025-12-09,New
CUST4733,Anthony Ramakrishnan,Bangalore,Indiranagar,2024-03-04,New
CUST4734,Sai Agrawal,Mumbai,Kurla,2025-03-20,New
CUST4735,Samarth Chopra,Pune,Koregaon Park,2025-01-19,New
CUST4736,Omisha Agarwal,Mumbai,Thane,2025-05-13,Regular
CUST4737,Libni Deo,Mumbai,Powai,2025-06-16,Regular
CUST4738,Advaith Dhawan,Pune,Wakad,2023-12-17,Regular
CUST4739,Damyanti Pai,Mumbai,Kurla,2025-01-19,Regular
CUST4740,Gayathri Desai,Mumbai,Powai,2024-10-27,Regular
CUST4741,Tanmayi Anne,Bangalore,Whitefield,2025-03-30,Regular
CUST4742,Zaitra Mann,Bangalore,Indiranagar,2026-02-28,Premium
CUST4743,Nicholas Kala,Bangalore,Whitefield,2026-03-17,Regular
CUST4744,Champak Jain,Mumbai,Borivali,2024-04-11,Regular
CUST4745,Siya Anne,Bangalore,Whitefield,2026-02-19,Regular
CUST4746,Hemal Chada,Bangalore,HSR Layout,2025-03-31,Regular
CUST4747,Yoshita Sahni,Pune,Koregaon Park,2024-06-07,Premium
CUST4748,Ekansh Badal,Mumbai,Kurla,2026-04-16,Regular
CUST4749,Chavvi Narula,Bangalore,HSR Layout,2023-07-14,New
CUST4750,Anjali Chaudhuri,Bangalore,Indiranagar,2025-05-02,Regular
CUST4751,Balendra Pal,Pune,Hadapsar,2024-11-26,Premium
CUST4752,Charvi Kar,Pune,Kothrud,2025-04-28,Regular
CUST4753,Aradhana Rattan,Pune,Koregaon Park,2026-01-13,Regular
CUST4754,Hemangini Shenoy,Mumbai,Andheri,2025-11-03,Premium
CUST4755,Vihaan Sandal,Mumbai,Borivali,2023-06-08,Premium
CUST4756,Avi Tripathi,Bangalore,Whitefield,2025-05-02,New
CUST4757,Wakeeta Dave,Mumbai,Dadar,2026-04-19,Regular
CUST4758,Kamala Bhagat,Pune,Hadapsar,2023-12-30,Regular
CUST4759,Lekha Pandya,Mumbai,Dadar,2024-11-29,New
CUST4760,Indrajit Som,Bangalore,Koramangala,2025-11-05,Premium
CUST4761,Harshil Sethi,Mumbai,Borivali,2024-12-16,Regular
CUST4762,Hemangini Iyer,Mumbai,Bandra,2024-02-13,Regular
CUST4763,Maanas Sama,Bangalore,BTM Layout,2024-07-16,Premium
CUST4764,Nathan Manda,Pune,Baner,2023-10-29,New
CUST4765,Neelima Contractor,Bangalore,Indiranagar,2024-04-04,Regular
CUST4766,Onkar Dhingra,Pune,Aundh,2023-12-04,Premium
CUST4767,Chakradhar Kothari,Pune,Kothrud,2024-07-16,Premium
CUST4768,Qushi Bera,Pune,Koregaon Park,2024-05-15,Regular
CUST4769,Elijah Keer,Bangalore,Koramangala,2024-07-20,Regular
CUST4770,Aradhana Krishnan,Bangalore,Whitefield,2023-11-23,Premium
CUST4771,Upasna Kadakia,Pune,Hadapsar,2024-09-09,Regular
CUST4772,Farhan Suri,Pune,Baner,2026-05-16,Premium
CUST4773,Sai Issac,Mumbai,Dadar,2025-03-28,New
CUST4774,Rachita Bajaj,Bangalore,Jayanagar,2025-02-12,Premium
CUST4775,Chakradhar Chand,Bangalore,Koramangala,2024-10-02,Premium
CUST4776,Chandani Misra,Mumbai,Thane,2024-03-05,Premium
CUST4777,Hardik Chowdhury,Bangalore,Koramangala,2024-05-05,New
CUST4778,Liam Verma,Bangalore,Indiranagar,2025-05-18,Regular
CUST4779,Siya Banik,Pune,Wakad,2025-01-27,Regular
CUST4780,Garima Zachariah,Mumbai,Borivali,2025-12-17,New
CUST4781,Abha Chaudhary,Bangalore,HSR Layout,2024-07-18,New
CUST4782,Janaki Mitra,Bangalore,Koramangala,2025-06-23,Regular
CUST4783,Gopal Bhat,Bangalore,Whitefield,2023-12-20,New
CUST4784,Wazir Subramanian,Mumbai,Borivali,2024-08-18,Premium
CUST4785,Aayush Luthra,Pune,Viman Nagar,2024-05-20,Premium
CUST4786,Mekhala Dutt,Pune,Koregaon Park,2024-07-09,Premium
CUST4787,Advay Nayak,Pune,Hadapsar,2026-05-08,New
CUST4788,Eta Arora,Mumbai,Borivali,2024-02-06,Regular
CUST4789,Falak Gera,Pune,Aundh,2024-07-16,New
CUST4790,Tanish Deshpande,Pune,Wakad,2025-05-20,Regular
CUST4791,Nirja Subramanian,Mumbai,Andheri,2025-08-06,Premium
CUST4792,Vasudha Kade,Pune,Baner,2025-04-08,Premium
CUST4793,Prisha Saxena,Bangalore,Indiranagar,2023-08-27,Regular
CUST4794,Ria Karnik,Bangalore,Indiranagar,2023-07-25,Regular
CUST4795,Lohit Sinha,Mumbai,Dadar,2023-10-30,New
CUST4796,Alka Ranganathan,Mumbai,Bandra,2025-12-23,Regular
CUST4797,Rishi Kumer,Mumbai,Bandra,2023-07-27,Premium
CUST4798,Warjas Ahluwalia,Mumbai,Bandra,2023-08-01,New
CUST4799,Qushi Sami,Mumbai,Powai,2025-02-23,Regular
CUST4800,Girindra Garg,Mumbai,Andheri,2026-04-25,Regular
CUST4801,Pavani Nadkarni,Bangalore,Whitefield,2024-02-09,Regular
CUST4802,Mitesh Ganesan,Bangalore,BTM Layout,2024-04-03,Regular
CUST4803,Jatin Balan,Bangalore,Jayanagar,2025-04-06,Premium
CUST4804,Anika Sharma,Pune,Aundh,2023-07-07,Regular
CUST4805,Ranbir Krishnamurthy,Pune,Viman Nagar,2023-12-17,Regular
CUST4806,Zashil Dara,Bangalore,HSR Layout,2023-09-07,Regular
CUST4807,Dakshesh Bains,Bangalore,Whitefield,2026-04-23,New
CUST4808,Lekha Basak,Bangalore,BTM Layout,2025-07-26,Regular
CUST4809,Bachittar Dash,Bangalore,Whitefield,2024-07-21,New
CUST4810,Darpan Pillay,Pune,Baner,2024-03-14,New
CUST4811,Ekbal Venkataraman,Mumbai,Andheri,2025-01-04,Premium
CUST4812,Tarak Mistry,Bangalore,Jayanagar,2024-11-26,Regular
CUST4813,Widisha Pillai,Mumbai,Bandra,2025-03-02,Regular
CUST4814,Matthew Sinha,Mumbai,Powai,2025-05-23,Regular
CUST4815,Gautami Som,Bangalore,BTM Layout,2023-06-23,Premium
CUST4816,Radha Misra,Mumbai,Dadar,2023-09-14,New
CUST4817,Dalaja Dani,Mumbai,Kurla,2026-04-04,Premium
CUST4818,Vaishnavi Gade,Pune,Kothrud,2024-06-22,Regular
CUST4819,Eta Reddy,Mumbai,Dadar,2025-05-31,Premium
CUST4820,Falan Tara,Pune,Baner,2024-03-21,Regular
CUST4821,Bhavani Lata,Mumbai,Borivali,2024-03-29,New
CUST4822,Alexander Subramanian,Pune,Kothrud,2024-10-02,Premium
CUST4823,Neha Bhagat,Mumbai,Borivali,2025-09-08,Regular
CUST4824,Chaaya Seshadri,Mumbai,Dadar,2023-12-13,Regular
CUST4825,Osha Sant,Pune,Baner,2024-12-25,Regular
CUST4826,Samesh Mody,Bangalore,Whitefield,2024-11-05,Regular
CUST4827,Praneel Bahri,Mumbai,Powai,2024-09-13,New
CUST4828,Rajeshri Dugar,Pune,Aundh,2025-12-30,Premium
CUST4829,Balvan Mahajan,Bangalore,Koramangala,2026-03-03,Regular
CUST4830,Ekavir Edwin,Mumbai,Borivali,2026-01-21,Regular
CUST4831,Vrishti Raman,Pune,Wakad,2026-03-30,Regular
CUST4832,Quincy Johal,Mumbai,Borivali,2025-10-29,Premium
CUST4833,Nakul Modi,Bangalore,Indiranagar,2023-08-26,Premium
CUST4834,Samaksh Chaudry,Bangalore,Indiranagar,2026-05-22,New
CUST4835,Vanya Saraf,Mumbai,Kurla,2025-07-28,Premium
CUST4836,Hema Buch,Pune,Baner,2024-10-22,Regular
CUST4837,Elijah Lanka,Pune,Aundh,2023-06-29,Regular
CUST4838,Isaac Jain,Mumbai,Bandra,2025-11-16,Regular
CUST4839,Ekavir Taneja,Bangalore,Indiranagar,2025-07-27,New
CUST4840,Yahvi Sankar,Pune,Baner,2025-03-25,Regular
CUST4841,Naveen Mani,Pune,Wakad,2023-10-03,Premium
CUST4842,Yutika Varkey,Mumbai,Andheri,2023-09-05,Regular
CUST4843,Kavya Lanka,Pune,Hadapsar,2024-07-11,Regular
CUST4844,Anita Kota,Mumbai,Andheri,2023-11-26,Regular
CUST4845,Alka Malhotra,Mumbai,Andheri,2024-08-01,Regular
CUST4846,Jatin Malhotra,Bangalore,HSR Layout,2024-05-24,Regular
CUST4847,Lekha Raval,Mumbai,Dadar,2023-07-06,Regular
CUST4848,Damyanti Tak,Mumbai,Dadar,2025-08-27,New
CUST4849,Mitali Mangal,Pune,Kothrud,2026-01-07,New
CUST4850,Dakshesh Borah,Pune,Kothrud,2024-04-10,Regular
CUST4851,Advika Kalita,Mumbai,Kurla,2023-06-07,Regular
CUST4852,Ati Patil,Mumbai,Borivali,2026-05-17,Regular
CUST4853,Bhanumati Varty,Pune,Baner,2025-12-25,Regular
CUST4854,Maanas Deol,Bangalore,BTM Layout,2024-12-31,New
CUST4855,Reva Sodhi,Bangalore,Indiranagar,2025-04-18,Regular
CUST4856,Ati Amble,Mumbai,Powai,2024-09-29,Regular
CUST4857,Mohammed Sane,Pune,Viman Nagar,2023-12-20,Regular
CUST4858,Atharv Goswami,Mumbai,Andheri,2025-05-08,Regular
CUST4859,Vanya Anne,Pune,Kothrud,2025-04-08,New
CUST4860,Xavier Varty,Pune,Baner,2023-12-24,Regular
CUST4861,Lohit Kothari,Mumbai,Thane,2025-03-29,Regular
CUST4862,Onveer Yadav,Mumbai,Bandra,2024-04-20,New
CUST4863,Upadhriti Raghavan,Mumbai,Dadar,2023-08-03,Premium
CUST4864,Ishita Bhattacharyya,Pune,Baner,2025-02-24,Premium
CUST4865,Yatan Gaba,Mumbai,Bandra,2024-03-12,New
CUST4866,Abha Prakash,Bangalore,BTM Layout,2024-06-19,Premium
CUST4867,Neha Sachar,Mumbai,Kurla,2023-08-31,New
CUST4868,Hema Gara,Bangalore,Jayanagar,2024-09-15,New
CUST4869,Sudiksha Viswanathan,Mumbai,Kurla,2024-01-11,Premium
CUST4870,Faris Dugal,Pune,Baner,2024-05-20,New
CUST4871,Farhan Hora,Bangalore,HSR Layout,2023-08-28,Regular
CUST4872,Aradhana Mane,Pune,Kothrud,2025-12-03,Regular
CUST4873,Zaitra Sarna,Bangalore,HSR Layout,2025-03-26,Regular
CUST4874,Mugdha Sankar,Pune,Baner,2025-08-09,Regular
CUST4875,Bhavya Contractor,Bangalore,Jayanagar,2024-01-12,New
CUST4876,Rayaan Mitra,Mumbai,Borivali,2026-02-03,Regular
CUST4877,Wridesh Kumar,Mumbai,Dadar,2024-01-15,Regular
CUST4878,Advika Dewan,Bangalore,Whitefield,2024-05-18,New
CUST4879,Nandini Mahal,Pune,Kothrud,2023-10-21,Regular
CUST4880,Krishna Dugar,Mumbai,Kurla,2025-09-04,Regular
CUST4881,Leena Sur,Pune,Koregaon Park,2025-02-20,Regular
CUST4882,Tanveer Bassi,Bangalore,BTM Layout,2025-05-16,New
CUST4883,Kevin Shan,Bangalore,BTM Layout,2023-10-07,Regular
CUST4884,Edhitha Bhardwaj,Mumbai,Thane,2024-09-17,New
CUST4885,Urmi Lanka,Mumbai,Andheri,2024-01-21,New
CUST4886,Aishani Iyer,Mumbai,Thane,2023-06-19,Regular
CUST4887,Gautami Sidhu,Bangalore,Jayanagar,2024-10-08,Regular
CUST4888,Omkaar Nazareth,Mumbai,Powai,2025-08-31,Regular
CUST4889,Jalsa Pau,Pune,Viman Nagar,2024-09-25,New
CUST4890,Aarnav Varma,Mumbai,Powai,2025-06-05,Regular
CUST4891,Divya Bera,Mumbai,Powai,2025-01-27,New
CUST4892,Faraj Babu,Pune,Viman Nagar,2023-09-25,New
CUST4893,Adya Boase,Bangalore,Koramangala,2025-06-04,Regular
CUST4894,Isaiah Balasubramanian,Mumbai,Bandra,2025-01-23,New
CUST4895,Yahvi Wadhwa,Bangalore,Koramangala,2025-08-16,New
CUST4896,Kritika Mitra,Pune,Hadapsar,2026-04-08,Regular
CUST4897,Gavin Mammen,Mumbai,Powai,2025-01-12,Premium
CUST4898,Dalaja Andra,Bangalore,BTM Layout,2025-09-10,New
CUST4899,Fiyaz Rana,Bangalore,BTM Layout,2025-11-08,Regular
CUST4900,Yashawini Rajan,Pune,Koregaon Park,2024-04-27,Regular
CUST4901,Vamakshi Randhawa,Pune,Wakad,2026-04-12,Regular
CUST4902,Bahadurjit Barman,Bangalore,Jayanagar,2024-12-03,Premium
CUST4903,Vyanjana Sem,Pune,Kothrud,2024-10-23,Regular
CUST4904,Urishilla Chandra,Bangalore,Koramangala,2025-07-17,Regular
CUST4905,Baljiwan Sahota,Bangalore,Jayanagar,2024-11-08,Regular
CUST4906,Bakhshi Sarraf,Mumbai,Andheri,2024-06-15,New
CUST4907,Yoshita Dora,Bangalore,Whitefield,2025-05-14,Regular
CUST4908,Warjas Behl,Bangalore,Koramangala,2023-08-19,Premium
CUST4909,Niharika Mahal,Mumbai,Andheri,2024-10-22,Regular
CUST4910,Suhani Swamy,Bangalore,Whitefield,2025-01-17,Premium
CUST4911,Anvi Raghavan,Bangalore,BTM Layout,2026-05-08,Regular
CUST4912,Ekanta Shan,Pune,Hadapsar,2024-04-01,Regular
CUST4913,Nisha Iyer,Mumbai,Borivali,2025-07-28,Regular
CUST4914,Raagini Devan,Mumbai,Powai,2024-05-06,Regular
CUST4915,Qarin Walla,Pune,Baner,2025-03-03,Regular
CUST4916,Pushti Patla,Pune,Viman Nagar,2026-03-22,Regular
CUST4917,Bishakha Mohanty,Pune,Hadapsar,2024-07-06,New
CUST4918,Devika Chauhan,Pune,Kothrud,2024-04-30,New
CUST4919,Libni Samra,Mumbai,Dadar,2023-12-22,New
CUST4920,Ucchal Dar,Mumbai,Thane,2025-07-21,Regular
CUST4921,Garima Srinivasan,Bangalore,Whitefield,2025-03-08,New
CUST4922,Oni Saini,Pune,Koregaon Park,2024-05-11,Regular
CUST4923,Ayaan Kara,Pune,Koregaon Park,2024-08-12,Regular
CUST4924,Henry Nadkarni,Bangalore,Jayanagar,2025-08-14,Regular
CUST4925,Madhavi Kumar,Mumbai,Borivali,2024-09-25,Regular
CUST4926,Niharika Narayanan,Bangalore,Whitefield,2025-07-11,Regular
CUST4927,Abeer Tank,Mumbai,Borivali,2024-05-16,New
CUST4928,Siya Sarkar,Mumbai,Powai,2025-04-21,Regular
CUST4929,Tarak Saini,Mumbai,Bandra,2024-04-10,Regular
CUST4930,Falguni Kalita,Bangalore,HSR Layout,2024-11-14,New
CUST4931,Rajata Karpe,Bangalore,Indiranagar,2026-05-25,Regular
CUST4932,Tanish Kara,Mumbai,Thane,2023-12-15,New
CUST4933,Ekavir Sarraf,Bangalore,Koramangala,2025-10-06,Regular
CUST4934,Pahal Kamdar,Bangalore,Whitefield,2024-03-21,New
CUST4935,Nilima Pau,Bangalore,BTM Layout,2024-04-23,Regular
CUST4936,Dominic Om,Mumbai,Kurla,2024-12-21,Regular
CUST4937,Dalbir Jayaraman,Bangalore,HSR Layout,2025-05-13,New
CUST4938,Kavya Toor,Bangalore,BTM Layout,2025-06-06,New
CUST4939,Jackson Dhaliwal,Mumbai,Borivali,2023-07-02,Regular
CUST4940,Zayyan Rajagopal,Pune,Aundh,2025-07-28,Premium
CUST4941,Hredhaan Wason,Bangalore,Jayanagar,2024-03-25,Regular
CUST4942,Rajata Balay,Pune,Kothrud,2024-10-14,Premium
CUST4943,Mekhala Dubey,Pune,Kothrud,2025-04-12,Regular
CUST4944,Ekapad Grover,Pune,Koregaon Park,2023-07-26,Regular
CUST4945,Arin Nadkarni,Pune,Koregaon Park,2026-03-12,Regular
CUST4946,Inaya Gopal,Pune,Aundh,2024-06-23,New
CUST4947,Sachi Lanka,Bangalore,HSR Layout,2024-03-21,Regular
CUST4948,Lila Dixit,Mumbai,Kurla,2025-08-26,New
CUST4949,Yashawini Borde,Bangalore,Whitefield,2024-12-06,Regular
CUST4950,Mohammed Gupta,Mumbai,Dadar,2023-09-03,New
CUST4951,Nathaniel Char,Bangalore,Jayanagar,2023-11-16,Regular
CUST4952,Bimala Mukhopadhyay,Mumbai,Borivali,2023-11-21,Regular
CUST4953,Eshana Vala,Mumbai,Bandra,2023-09-18,Premium
CUST4954,Nisha Bala,Mumbai,Kurla,2024-12-30,Regular
CUST4955,Edhitha Kakar,Mumbai,Bandra,2025-10-06,Premium
CUST4956,Unnati Koshy,Pune,Kothrud,2025-01-20,New
CUST4957,Vihaan Arora,Bangalore,Whitefield,2025-04-09,Regular
CUST4958,Rajeshri Nayar,Bangalore,Indiranagar,2023-12-14,Regular
CUST4959,Damyanti Prashad,Pune,Kothrud,2025-07-12,Regular
CUST4960,Tara More,Mumbai,Thane,2024-12-11,Regular
CUST4961,Matthew Hari,Bangalore,Koramangala,2025-02-01,Regular
CUST4962,Varsha Butala,Pune,Viman Nagar,2025-04-18,Regular
CUST4963,Sneha Dhar,Pune,Viman Nagar,2024-03-15,Regular
CUST4964,Raagini Krishna,Mumbai,Andheri,2024-12-10,Regular
CUST4965,Bishakha Sandal,Pune,Wakad,2026-01-30,Regular
CUST4966,Kabir Purohit,Mumbai,Dadar,2025-02-22,New
CUST4967,Lakshmi Ram,Mumbai,Andheri,2025-01-01,Regular
CUST4968,Chanchal Karnik,Bangalore,HSR Layout,2023-10-22,Regular
CUST4969,Divya Nori,Pune,Aundh,2025-01-30,Premium
CUST4970,Christopher Chaudry,Mumbai,Powai,2024-10-11,Regular
CUST4971,Omaja Mannan,Pune,Wakad,2025-11-26,Regular
CUST4972,Hredhaan Bora,Bangalore,Indiranagar,2023-10-06,Regular
CUST4973,Ekaja Randhawa,Mumbai,Andheri,2023-12-02,Premium
CUST4974,Netra Loyal,Pune,Viman Nagar,2023-08-04,Regular
CUST4975,Nicholas Gour,Pune,Hadapsar,2023-09-22,Regular
CUST4976,Jeevika Baral,Pune,Aundh,2025-10-28,New
CUST4977,Maanas Bahri,Mumbai,Borivali,2024-11-24,Regular
CUST4978,Farhan Karan,Bangalore,Whitefield,2023-12-20,Premium
CUST4979,Yadavi Arya,Pune,Wakad,2024-07-26,Regular
CUST4980,Lekha Mitra,Pune,Koregaon Park,2024-01-19,Regular
CUST4981,Adweta Baral,Bangalore,Jayanagar,2025-11-08,Regular
CUST4982,Varenya Tata,Bangalore,HSR Layout,2023-06-26,Premium
CUST4983,Advik Sethi,Pune,Aundh,2023-11-20,Regular
CUST4984,George Kakar,Mumbai,Dadar,2026-04-01,Regular
CUST4985,Zehaan Nadig,Bangalore,BTM Layout,2024-04-19,Regular
CUST4986,Owen Subramaniam,Bangalore,Jayanagar,2024-09-06,New
CUST4987,Nilima Anne,Mumbai,Kurla,2024-12-15,Regular
CUST4988,Balendra Dhar,Mumbai,Kurla,2026-05-01,Regular
CUST4989,Raksha Malhotra,Bangalore,Koramangala,2023-06-15,Regular
CUST4990,Leena Din,Bangalore,BTM Layout,2026-02-01,Regular
CUST4991,Chakradev Shankar,Mumbai,Thane,2024-04-13,Regular
CUST4992,Sanaya Pathak,Pune,Wakad,2025-09-17,Premium
CUST4993,Vedika Anand,Bangalore,Koramangala,2023-08-10,Regular
CUST4994,Xavier Balasubramanian,Mumbai,Thane,2024-04-13,Regular
CUST4995,Chandresh Ghosh,Pune,Wakad,2025-03-23,Regular
CUST4996,Nathaniel Chakraborty,Pune,Baner,2024-12-04,New
CUST4997,Netra Sandhu,Bangalore,Jayanagar,2024-10-04,New
CUST4998,Radhika Khurana,Bangalore,HSR Layout,2024-08-24,Regular
CUST4999,Yuvraj Kalita,Mumbai,Powai,2025-09-09,New
CUST5000,Yutika Khare,Mumbai,Powai,2025-08-15,Regular
